qubit_id,epoch_number,predicted_t1,predicted_t2,predicted_readout_error,timestamp,run_id
Q0,3,119.39237451872314,0.010121646078017995,0.010121646078017995,2026-08-17T16:08:47.796730+00:00,"Run - Aug 17, 2026 at 21:38:16"
Q1,3,134.31425826850193,0.012139053485425403,0.012139053485425403,2026-08-17T16:08:47.888294+00:00,"Run - Aug 17, 2026 at 21:38:16"
Q2,3,149.23614201828104,0.014156460892832809,0.014156460892832809,2026-08-17T16:08:47.931381+00:00,"Run - Aug 17, 2026 at 21:38:16"
Q3,3,164.15802576806013,0.016173868300240223,0.016173868300240223,2026-08-17T16:08:47.971441+00:00,"Run - Aug 17, 2026 at 21:38:16"
Q4,3,179.07990951783916,0.01819127570764763,0.01819127570764763,2026-08-17T16:08:48.022842+00:00,"Run - Aug 17, 2026 at 21:38:16"
Q5,3,194.0017932676184,0.02020868311505502,0.02020868311505502,2026-08-17T16:08:48.071369+00:00,"Run - Aug 17, 2026 at 21:38:16"
Q6,3,208.92367701739735,0.022226090522462428,0.022226090522462428,2026-08-17T16:08:48.120446+00:00,"Run - Aug 17, 2026 at 21:38:16"
Q7,3,223.84556076717632,0.024243497929869854,0.024243497929869854,2026-08-17T16:08:48.175288+00:00,"Run - Aug 17, 2026 at 21:38:16"
Q8,3,238.7674445169557,0.02626090533727726,0.02626090533727726,2026-08-17T16:08:48.238382+00:00,"Run - Aug 17, 2026 at 21:38:16"
Q9,3,253.68932826673438,0.02827831274468465,0.02827831274468465,2026-08-17T16:08:48.294912+00:00,"Run - Aug 17, 2026 at 21:38:16"
Q10,3,268.6112120165137,0.03029572015209208,0.03029572015209208,2026-08-17T16:08:48.348964+00:00,"Run - Aug 17, 2026 at 21:38:16"
Q11,3,283.5330957662926,0.03231312755949946,0.03231312755949946,2026-08-17T16:08:48.412165+00:00,"Run - Aug 17, 2026 at 21:38:16"
Q12,3,298.45497951607206,0.03433053496690692,0.03433053496690692,2026-08-17T16:08:48.472357+00:00,"Run - Aug 17, 2026 at 21:38:16"
Q13,3,313.37686326585055,0.03634794237431431,0.03634794237431431,2026-08-17T16:08:48.532336+00:00,"Run - Aug 17, 2026 at 21:38:16"
Q14,3,328.29874701563,0.03836534978172167,0.03836534978172167,2026-08-17T16:08:48.586147+00:00,"Run - Aug 17, 2026 at 21:38:16"
Q15,3,343.220630765409,0.040382757189129134,0.040382757189129134,2026-08-17T16:08:48.643323+00:00,"Run - Aug 17, 2026 at 21:38:16"
Q16,3,358.14251451518834,0.0424001645965365,0.0424001645965365,2026-08-17T16:08:48.710313+00:00,"Run - Aug 17, 2026 at 21:38:16"
Q17,3,373.06439826496705,0.044417572003943945,0.044417572003943945,2026-08-17T16:08:48.786771+00:00,"Run - Aug 17, 2026 at 21:38:16"
Q18,3,387.98628201474617,0.046434979411351315,0.046434979411351315,2026-08-17T16:08:48.843699+00:00,"Run - Aug 17, 2026 at 21:38:16"
Q19,3,402.9081657645249,0.048452386818758734,0.048452386818758734,2026-08-17T16:08:48.894191+00:00,"Run - Aug 17, 2026 at 21:38:16"
Q20,3,417.8300495143044,0.050469794226166174,0.050469794226166174,2026-08-17T16:08:48.940341+00:00,"Run - Aug 17, 2026 at 21:38:16"
Q21,3,432.75193326408356,0.052487201633573524,0.052487201633573524,2026-08-17T16:08:48.986289+00:00,"Run - Aug 17, 2026 at 21:38:16"
Q22,3,447.6738170138622,0.05450460904098093,0.05450460904098093,2026-08-17T16:08:49.042386+00:00,"Run - Aug 17, 2026 at 21:38:16"
Q23,3,462.59570076364145,0.05652201644838833,0.05652201644838833,2026-08-17T16:08:49.092509+00:00,"Run - Aug 17, 2026 at 21:38:16"
Q24,3,477.51758451342096,0.05853942385579578,0.05853942385579578,2026-08-17T16:08:49.148085+00:00,"Run - Aug 17, 2026 at 21:38:16"
Q25,3,492.4394682631997,0.06055683126320319,0.06055683126320319,2026-08-17T16:08:49.208620+00:00,"Run - Aug 17, 2026 at 21:38:16"
Q26,3,507.36135201297844,0.06257423867061059,0.06257423867061059,2026-08-17T16:08:49.276272+00:00,"Run - Aug 17, 2026 at 21:38:16"
Q27,3,522.2832357627574,0.06459164607801796,0.06459164607801796,2026-08-17T16:08:49.422005+00:00,"Run - Aug 17, 2026 at 21:38:16"
Q28,3,537.2051195125373,0.06660905348542531,0.06660905348542531,2026-08-17T16:08:49.537506+00:00,"Run - Aug 17, 2026 at 21:38:16"
Q29,3,552.1270032623163,0.06862646089283285,0.06862646089283285,2026-08-17T16:08:49.659281+00:00,"Run - Aug 17, 2026 at 21:38:16"
Q30,3,567.0488870120951,0.07064386830024022,0.07064386830024022,2026-08-17T16:08:49.777875+00:00,"Run - Aug 17, 2026 at 21:38:16"
Q31,3,581.9707707618736,0.07266127570764759,0.07266127570764759,2026-08-17T16:08:49.883618+00:00,"Run - Aug 17, 2026 at 21:38:16"
Q32,3,596.8926545116526,0.074678683115055,0.074678683115055,2026-08-17T16:08:49.995686+00:00,"Run - Aug 17, 2026 at 21:38:16"
Q33,3,611.8145382614322,0.07669609052246235,0.07669609052246235,2026-08-17T16:08:50.122176+00:00,"Run - Aug 17, 2026 at 21:38:16"
Q34,3,626.7364220112112,0.0787134979298699,0.0787134979298699,2026-08-17T16:08:50.226005+00:00,"Run - Aug 17, 2026 at 21:38:16"
Q35,3,641.6583057609898,0.08073090533727728,0.08073090533727728,2026-08-17T16:08:50.328084+00:00,"Run - Aug 17, 2026 at 21:38:16"
Q36,3,656.5801895107687,0.08274831274468461,0.08274831274468461,2026-08-17T16:08:50.448089+00:00,"Run - Aug 17, 2026 at 21:38:16"
Q37,3,671.5020732605486,0.08476572015209205,0.08476572015209205,2026-08-17T16:08:50.568375+00:00,"Run - Aug 17, 2026 at 21:38:16"
Q38,3,686.4239570103274,0.08678312755949937,0.08678312755949937,2026-08-17T16:08:50.680608+00:00,"Run - Aug 17, 2026 at 21:38:16"
Q39,3,701.3458407601067,0.08880053496690686,0.08880053496690686,2026-08-17T16:08:50.792564+00:00,"Run - Aug 17, 2026 at 21:38:16"
Q40,3,716.2677245098857,0.09081794237431427,0.09081794237431427,2026-08-17T16:08:50.918880+00:00,"Run - Aug 17, 2026 at 21:38:16"
Q41,3,731.1896082596655,0.09283534978172168,0.09283534978172168,2026-08-17T16:08:51.041022+00:00,"Run - Aug 17, 2026 at 21:38:16"
Q42,3,746.1114920094441,0.0948527571891291,0.0948527571891291,2026-08-17T16:08:51.164728+00:00,"Run - Aug 17, 2026 at 21:38:16"
Q43,3,761.0333757592228,0.09687016459653662,0.09687016459653662,2026-08-17T16:08:51.330051+00:00,"Run - Aug 17, 2026 at 21:38:16"
Q44,3,775.9552595090016,0.09888757200394392,0.09888757200394392,2026-08-17T16:08:51.463392+00:00,"Run - Aug 17, 2026 at 21:38:16"
Q45,3,790.8771432587804,0.1009049794113513,0.1009049794113513,2026-08-17T16:08:51.595425+00:00,"Run - Aug 17, 2026 at 21:38:16"
Q46,3,805.7990270085601,0.1029223868187587,0.1029223868187587,2026-08-17T16:08:51.918942+00:00,"Run - Aug 17, 2026 at 21:38:16"
Q47,3,820.7209107583383,0.10493979422616612,0.10493979422616612,2026-08-17T16:08:52.047507+00:00,"Run - Aug 17, 2026 at 21:38:16"
Q48,3,835.6427945081185,0.10695720163357342,0.10695720163357342,2026-08-17T16:08:52.173277+00:00,"Run - Aug 17, 2026 at 21:38:16"
Q49,3,850.5646782578972,0.10897460904098091,0.10897460904098091,2026-08-17T16:08:52.315773+00:00,"Run - Aug 17, 2026 at 21:38:16"
Q50,3,865.4865620076768,0.11099201644838833,0.11099201644838833,2026-08-17T16:08:52.435277+00:00,"Run - Aug 17, 2026 at 21:38:16"
Q51,3,880.4084457574553,0.1130094238557958,0.1130094238557958,2026-08-17T16:08:52.560990+00:00,"Run - Aug 17, 2026 at 21:38:16"
Q52,3,895.3303295072341,0.11502683126320325,0.11502683126320325,2026-08-17T16:08:52.680889+00:00,"Run - Aug 17, 2026 at 21:38:16"
Q53,3,910.2522132570128,0.1170442386706106,0.1170442386706106,2026-08-17T16:08:52.801418+00:00,"Run - Aug 17, 2026 at 21:38:16"
Q54,3,925.1740970067915,0.119061646078018,0.119061646078018,2026-08-17T16:08:52.940316+00:00,"Run - Aug 17, 2026 at 21:38:16"
Q55,3,940.0959807565711,0.12107905348542543,0.12107905348542543,2026-08-17T16:08:53.076605+00:00,"Run - Aug 17, 2026 at 21:38:16"
Q56,3,955.0178645063498,0.12309646089283281,0.12309646089283281,2026-08-17T16:08:53.192564+00:00,"Run - Aug 17, 2026 at 21:38:16"
Q57,3,969.9397482561304,0.12511386830024016,0.12511386830024016,2026-08-17T16:08:53.339663+00:00,"Run - Aug 17, 2026 at 21:38:16"
Q58,3,984.8616320059091,0.1271312757076476,0.1271312757076476,2026-08-17T16:08:53.458898+00:00,"Run - Aug 17, 2026 at 21:38:16"
Q59,3,999.7835157556887,0.12914868311505498,0.12914868311505498,2026-08-17T16:08:53.574950+00:00,"Run - Aug 17, 2026 at 21:38:16"
Q60,3,1014.7053995054672,0.13116609052246228,0.13116609052246228,2026-08-17T16:08:53.691880+00:00,"Run - Aug 17, 2026 at 21:38:16"
Q61,3,1029.6272832552459,0.13318349792986994,0.13318349792986994,2026-08-17T16:08:53.803670+00:00,"Run - Aug 17, 2026 at 21:38:16"
Q62,3,1044.5491670050246,0.13520090533727736,0.13520090533727736,2026-08-17T16:08:53.915194+00:00,"Run - Aug 17, 2026 at 21:38:16"
Q63,3,1059.471050754804,0.13721831274468474,0.13721831274468474,2026-08-17T16:08:54.041779+00:00,"Run - Aug 17, 2026 at 21:38:16"
Q64,3,1074.3929345045824,0.13923572015209215,0.13923572015209215,2026-08-17T16:08:54.172530+00:00,"Run - Aug 17, 2026 at 21:38:16"
Q65,3,1089.314818254363,0.1412531275594995,0.1412531275594995,2026-08-17T16:08:54.297309+00:00,"Run - Aug 17, 2026 at 21:38:16"
Q66,3,1104.2367020041418,0.1432705349669068,0.1432705349669068,2026-08-17T16:08:54.421238+00:00,"Run - Aug 17, 2026 at 21:38:16"
Q67,3,1119.1585857539208,0.14528794237431422,0.14528794237431422,2026-08-17T16:08:54.542934+00:00,"Run - Aug 17, 2026 at 21:38:16"
Q68,3,1134.0804695037,0.14730534978172166,0.14730534978172166,2026-08-17T16:08:54.682566+00:00,"Run - Aug 17, 2026 at 21:38:16"
Q69,3,1149.0023532534783,0.14932275718912896,0.14932275718912896,2026-08-17T16:08:54.808061+00:00,"Run - Aug 17, 2026 at 21:38:16"
Q70,3,1163.924237003257,0.15134016459653635,0.15134016459653635,2026-08-17T16:08:54.934310+00:00,"Run - Aug 17, 2026 at 21:38:16"
Q71,3,1178.8461207530356,0.15335757200394406,0.15335757200394406,2026-08-17T16:08:55.055918+00:00,"Run - Aug 17, 2026 at 21:38:16"
Q72,3,1193.7680045028148,0.15537497941135137,0.15537497941135137,2026-08-17T16:08:55.194828+00:00,"Run - Aug 17, 2026 at 21:38:16"
Q73,3,1208.6898882525936,0.1573923868187588,0.1573923868187588,2026-08-17T16:08:55.352065+00:00,"Run - Aug 17, 2026 at 21:38:16"
Q74,3,1223.611772002375,0.1594097942261662,0.1594097942261662,2026-08-17T16:08:55.478682+00:00,"Run - Aug 17, 2026 at 21:38:16"
Q75,3,1238.533655752154,0.16142720163357346,0.16142720163357346,2026-08-17T16:08:55.611864+00:00,"Run - Aug 17, 2026 at 21:38:16"
Q76,3,1253.455539501933,0.163444609040981,0.163444609040981,2026-08-17T16:08:55.748450+00:00,"Run - Aug 17, 2026 at 21:38:16"
Q77,3,1268.3774232517117,0.1654620164483884,0.1654620164483884,2026-08-17T16:08:55.873972+00:00,"Run - Aug 17, 2026 at 21:38:16"
Q78,3,1283.2993070014907,0.16747942385579576,0.16747942385579576,2026-08-17T16:08:56.022908+00:00,"Run - Aug 17, 2026 at 21:38:16"
Q79,3,1298.2211907512688,0.16949683126320317,0.16949683126320317,2026-08-17T16:08:56.146952+00:00,"Run - Aug 17, 2026 at 21:38:16"
Q80,3,1313.1430745010484,0.17151423867061075,0.17151423867061075,2026-08-17T16:08:56.206946+00:00,"Run - Aug 17, 2026 at 21:38:16"
Q81,3,1328.0649582508267,0.1735316460780181,0.1735316460780181,2026-08-17T16:08:56.242690+00:00,"Run - Aug 17, 2026 at 21:38:16"
Q82,3,1342.9868420006055,0.1755490534854255,0.1755490534854255,2026-08-17T16:08:56.281375+00:00,"Run - Aug 17, 2026 at 21:38:16"
Q83,3,1357.9087257503854,0.17756646089283293,0.17756646089283293,2026-08-17T16:08:56.325215+00:00,"Run - Aug 17, 2026 at 21:38:16"
Q84,3,1372.8306095001649,0.17958386830024034,0.17958386830024034,2026-08-17T16:08:56.374851+00:00,"Run - Aug 17, 2026 at 21:38:16"
Q85,3,1387.7524932499434,0.18160127570764767,0.18160127570764767,2026-08-17T16:08:56.436586+00:00,"Run - Aug 17, 2026 at 21:38:16"
Q86,3,1402.674376999723,0.18361868311505494,0.18361868311505494,2026-08-17T16:08:56.483358+00:00,"Run - Aug 17, 2026 at 21:38:16"
Q87,3,1417.596260749502,0.18563609052246235,0.18563609052246235,2026-08-17T16:08:56.541727+00:00,"Run - Aug 17, 2026 at 21:38:16"
Q88,3,1432.5181444992804,0.18765349792986974,0.18765349792986974,2026-08-17T16:08:56.600957+00:00,"Run - Aug 17, 2026 at 21:38:16"
Q89,3,1447.4400282490597,0.18967090533727712,0.18967090533727712,2026-08-17T16:08:56.667422+00:00,"Run - Aug 17, 2026 at 21:38:16"
Q90,3,1462.3619119988382,0.19168831274468456,0.19168831274468456,2026-08-17T16:08:56.719315+00:00,"Run - Aug 17, 2026 at 21:38:16"
Q91,3,1477.2837957486195,0.19370572015209214,0.19370572015209214,2026-08-17T16:08:56.764480+00:00,"Run - Aug 17, 2026 at 21:38:16"
Q92,3,1492.2056794983966,0.1957231275594994,0.1957231275594994,2026-08-17T16:08:56.830460+00:00,"Run - Aug 17, 2026 at 21:38:16"
Q93,3,1507.1275632481772,0.19774053496690683,0.19774053496690683,2026-08-17T16:08:56.882256+00:00,"Run - Aug 17, 2026 at 21:38:16"
Q94,3,1522.0494469979546,0.19975794237431416,0.19975794237431416,2026-08-17T16:08:56.951861+00:00,"Run - Aug 17, 2026 at 21:38:16"
Q95,3,1536.9713307477346,0.2017753497817216,0.2017753497817216,2026-08-17T16:08:57.025868+00:00,"Run - Aug 17, 2026 at 21:38:16"
Q96,3,1551.8932144975136,0.2037927571891293,0.2037927571891293,2026-08-17T16:08:57.086933+00:00,"Run - Aug 17, 2026 at 21:38:16"
Q97,3,1566.8150982472919,0.20581016459653664,0.20581016459653664,2026-08-17T16:08:57.152740+00:00,"Run - Aug 17, 2026 at 21:38:16"
Q98,3,1581.7369819970716,0.20782757200394394,0.20782757200394394,2026-08-17T16:08:57.203372+00:00,"Run - Aug 17, 2026 at 21:38:16"
Q99,3,1596.6588657468499,0.20984497941135136,0.20984497941135136,2026-08-17T16:08:57.293206+00:00,"Run - Aug 17, 2026 at 21:38:16"
Q100,3,1611.5807494966305,0.2118623868187589,0.2118623868187589,2026-08-17T16:08:57.363889+00:00,"Run - Aug 17, 2026 at 21:38:16"
Q101,3,1626.5026332464083,0.21387979422616632,0.21387979422616632,2026-08-17T16:08:57.434827+00:00,"Run - Aug 17, 2026 at 21:38:16"
Q102,3,1641.4245169961882,0.2158972016335737,0.2158972016335737,2026-08-17T16:08:57.487177+00:00,"Run - Aug 17, 2026 at 21:38:16"
Q103,3,1656.3464007459659,0.21791460904098112,0.21791460904098112,2026-08-17T16:08:57.536385+00:00,"Run - Aug 17, 2026 at 21:38:16"
Q104,3,1671.2682844957453,0.21993201644838847,0.21993201644838847,2026-08-17T16:08:57.581272+00:00,"Run - Aug 17, 2026 at 21:38:16"
Q105,3,1686.1901682455264,0.22194942385579572,0.22194942385579572,2026-08-17T16:08:57.623467+00:00,"Run - Aug 17, 2026 at 21:38:16"
Q106,3,1701.1120519953026,0.22396683126320308,0.22396683126320308,2026-08-17T16:08:57.676842+00:00,"Run - Aug 17, 2026 at 21:38:16"
Q107,3,1716.033935745084,0.2259842386706105,0.2259842386706105,2026-08-17T16:08:57.737912+00:00,"Run - Aug 17, 2026 at 21:38:16"
Q108,3,1730.9558194948606,0.22800164607801796,0.22800164607801796,2026-08-17T16:08:57.802587+00:00,"Run - Aug 17, 2026 at 21:38:16"
Q109,3,1745.877703244642,0.23001905348542528,0.23001905348542528,2026-08-17T16:08:57.848559+00:00,"Run - Aug 17, 2026 at 21:38:16"
Q110,3,1760.7995869944198,0.23203646089283275,0.23203646089283275,2026-08-17T16:08:57.894098+00:00,"Run - Aug 17, 2026 at 21:38:16"
Q111,3,1775.7214707441995,0.2340538683002401,0.2340538683002401,2026-08-17T16:08:57.938057+00:00,"Run - Aug 17, 2026 at 21:38:16"
Q112,3,1790.6433544939773,0.23607127570764744,0.23607127570764744,2026-08-17T16:08:57.980746+00:00,"Run - Aug 17, 2026 at 21:38:16"
Q113,3,1805.5652382437568,0.2380886831150549,0.2380886831150549,2026-08-17T16:08:58.038981+00:00,"Run - Aug 17, 2026 at 21:38:16"
Q114,3,1820.4871219935376,0.24010609052246232,0.24010609052246232,2026-08-17T16:08:58.087966+00:00,"Run - Aug 17, 2026 at 21:38:16"
Q115,3,1835.4090057433143,0.24212349792987012,0.24212349792987012,2026-08-17T16:08:58.168568+00:00,"Run - Aug 17, 2026 at 21:38:16"
Q116,3,1850.3308894930956,0.24414090533727753,0.24414090533727753,2026-08-17T16:08:58.232864+00:00,"Run - Aug 17, 2026 at 21:38:16"
Q117,3,1865.252773242872,0.24615831274468475,0.24615831274468475,2026-08-17T16:08:58.296111+00:00,"Run - Aug 17, 2026 at 21:38:16"
Q118,3,1880.1746569926543,0.24817572015209213,0.24817572015209213,2026-08-17T16:08:58.369111+00:00,"Run - Aug 17, 2026 at 21:38:16"
Q119,3,1895.0965407424303,0.2501931275594996,0.2501931275594996,2026-08-17T16:08:58.416330+00:00,"Run - Aug 17, 2026 at 21:38:16"
Q120,3,1910.0184244922118,0.25221053496690715,0.25221053496690715,2026-08-17T16:08:58.472749+00:00,"Run - Aug 17, 2026 at 21:38:16"
Q121,3,1924.940308241988,0.2542279423743145,0.2542279423743145,2026-08-17T16:08:58.517079+00:00,"Run - Aug 17, 2026 at 21:38:16"
Q122,3,1939.8621919917694,0.2562453497817219,0.2562453497817219,2026-08-17T16:08:58.562572+00:00,"Run - Aug 17, 2026 at 21:38:16"
Q123,3,1954.7840757415488,0.25826275718912917,0.25826275718912917,2026-08-17T16:08:58.605487+00:00,"Run - Aug 17, 2026 at 21:38:16"
Q124,3,1969.705959491327,0.26028016459653647,0.26028016459653647,2026-08-17T16:08:58.648877+00:00,"Run - Aug 17, 2026 at 21:38:16"
Q125,3,1984.6278432411066,0.2622975720039439,0.2622975720039439,2026-08-17T16:08:58.699314+00:00,"Run - Aug 17, 2026 at 21:38:16"
Q126,3,1999.5497269908856,0.2643149794113513,0.2643149794113513,2026-08-17T16:08:58.747994+00:00,"Run - Aug 17, 2026 at 21:38:16"
Q127,3,2014.4716107406655,0.2663323868187587,0.2663323868187587,2026-08-17T16:08:58.792820+00:00,"Run - Aug 17, 2026 at 21:38:16"
Q128,3,2029.3934944904415,0.2683497942261661,0.2683497942261661,2026-08-17T16:08:58.841331+00:00,"Run - Aug 17, 2026 at 21:38:16"
Q129,3,2044.3153782402233,0.2703672016335733,0.2703672016335733,2026-08-17T16:08:58.886140+00:00,"Run - Aug 17, 2026 at 21:38:16"
Q130,3,2059.237261989999,0.27238460904098066,0.27238460904098066,2026-08-17T16:08:58.936035+00:00,"Run - Aug 17, 2026 at 21:38:16"
Q131,3,2074.1591457397803,0.2744020164483882,0.2744020164483882,2026-08-17T16:08:58.991670+00:00,"Run - Aug 17, 2026 at 21:38:16"
Q132,3,2089.0810294895605,0.27641942385579565,0.27641942385579565,2026-08-17T16:08:59.040923+00:00,"Run - Aug 17, 2026 at 21:38:16"
Q0,4,119.38295569893558,0.01012352373415726,0.01012352373415726,2026-08-17T16:09:01.685996+00:00,"Run - Aug 17, 2026 at 21:38:16"
Q1,4,134.31065266281487,0.012139777891606732,0.012139777891606732,2026-08-17T16:09:01.698005+00:00,"Run - Aug 17, 2026 at 21:38:16"
Q2,4,149.23212640914957,0.01415727789160673,0.01415727789160673,2026-08-17T16:09:01.707638+00:00,"Run - Aug 17, 2026 at 21:38:16"
Q3,4,164.1449770465959,0.01617655944844298,0.01617655944844298,2026-08-17T16:09:01.717606+00:00,"Run - Aug 17, 2026 at 21:38:16"
Q4,4,179.06565082914943,0.01819423801987155,0.01819423801987155,2026-08-17T16:09:01.730227+00:00,"Run - Aug 17, 2026 at 21:38:16"
Q5,4,193.9863246117031,0.020211916591300106,0.020211916591300106,2026-08-17T16:09:01.739949+00:00,"Run - Aug 17, 2026 at 21:38:16"
Q6,4,208.9069983942566,0.02222959516272868,0.02222959516272868,2026-08-17T16:09:01.752870+00:00,"Run - Aug 17, 2026 at 21:38:16"
Q7,4,223.82767217681,0.024247273734157266,0.024247273734157266,2026-08-17T16:09:01.764923+00:00,"Run - Aug 17, 2026 at 21:38:16"
Q8,4,238.76096888715753,0.026262277891606733,0.026262277891606733,2026-08-17T16:09:01.773942+00:00,"Run - Aug 17, 2026 at 21:38:16"
Q9,4,253.68244263349183,0.028279777891606732,0.028279777891606732,2026-08-17T16:09:01.784774+00:00,"Run - Aug 17, 2026 at 21:38:16"
Q10,4,268.57547066911485,0.030303341005279233,0.030303341005279233,2026-08-17T16:09:01.801187+00:00,"Run - Aug 17, 2026 at 21:38:16"
Q11,4,283.5253901261612,0.032314777891606715,0.032314777891606715,2026-08-17T16:09:01.816810+00:00,"Run - Aug 17, 2026 at 21:38:16"
Q12,4,298.43104108957795,0.034335666591300155,0.034335666591300155,2026-08-17T16:09:01.832021+00:00,"Run - Aug 17, 2026 at 21:38:16"
Q13,4,313.3517148721311,0.03635334516272871,0.03635334516272871,2026-08-17T16:09:01.843496+00:00,"Run - Aug 17, 2026 at 21:38:16"
Q14,4,328.2549659442046,0.03837476957670776,0.03837476957670776,2026-08-17T16:09:01.853561+00:00,"Run - Aug 17, 2026 at 21:38:16"
Q15,4,343.19306243723844,0.040388702305585854,0.040388702305585854,2026-08-17T16:09:01.868692+00:00,"Run - Aug 17, 2026 at 21:38:16"
Q16,4,358.1137362197921,0.042406380877014385,0.042406380877014385,2026-08-17T16:09:01.882442+00:00,"Run - Aug 17, 2026 at 21:38:16"
Q17,4,373.0344100023453,0.044424059448442986,0.044424059448442986,2026-08-17T16:09:01.892196+00:00,"Run - Aug 17, 2026 at 21:38:16"
Q18,4,387.95508378489905,0.04644173801987152,0.04644173801987152,2026-08-17T16:09:01.905282+00:00,"Run - Aug 17, 2026 at 21:38:16"
Q19,4,402.8757575674522,0.048459416591300104,0.048459416591300104,2026-08-17T16:09:01.920088+00:00,"Run - Aug 17, 2026 at 21:38:16"
Q20,4,417.79643135000606,0.05047709516272871,0.05047709516272871,2026-08-17T16:09:01.937136+00:00,"Run - Aug 17, 2026 at 21:38:16"
Q21,4,432.71710513255965,0.05249477373415723,0.05249477373415723,2026-08-17T16:09:01.952509+00:00,"Run - Aug 17, 2026 at 21:38:16"
Q22,4,447.6377789151128,0.05451245230558581,0.05451245230558581,2026-08-17T16:09:01.969372+00:00,"Run - Aug 17, 2026 at 21:38:16"
Q23,4,462.5584526976666,0.05653013087701437,0.05653013087701437,2026-08-17T16:09:01.984038+00:00,"Run - Aug 17, 2026 at 21:38:16"
Q24,4,477.47912648022054,0.05854780944844299,0.05854780944844299,2026-08-17T16:09:01.999479+00:00,"Run - Aug 17, 2026 at 21:38:16"
Q25,4,492.4260225748462,0.060559777891606735,0.060559777891606735,2026-08-17T16:09:02.010499+00:00,"Run - Aug 17, 2026 at 21:38:16"
Q26,4,507.3474963211805,0.06257727789160673,0.06257727789160673,2026-08-17T16:09:02.022411+00:00,"Run - Aug 17, 2026 at 21:38:16"
Q27,4,522.2411478278802,0.06460084516272865,0.06460084516272865,2026-08-17T16:09:02.037837+00:00,"Run - Aug 17, 2026 at 21:38:16"
Q28,4,537.1618216104346,0.06661852373415718,0.06661852373415718,2026-08-17T16:09:02.051636+00:00,"Run - Aug 17, 2026 at 21:38:16"
Q29,4,552.0824953929882,0.06863620230558588,0.06863620230558588,2026-08-17T16:09:02.067999+00:00,"Run - Aug 17, 2026 at 21:38:16"
Q30,4,567.0031691755414,0.07065388087701442,0.07065388087701442,2026-08-17T16:09:02.079470+00:00,"Run - Aug 17, 2026 at 21:38:16"
Q31,4,581.9238429580944,0.07267155944844295,0.07267155944844295,2026-08-17T16:09:02.089329+00:00,"Run - Aug 17, 2026 at 21:38:16"
Q32,4,596.8763387991881,0.07468227789160668,0.07468227789160668,2026-08-17T16:09:02.099347+00:00,"Run - Aug 17, 2026 at 21:38:16"
Q33,4,611.765190523202,0.07670691659130002,0.07670691659130002,2026-08-17T16:09:02.107865+00:00,"Run - Aug 17, 2026 at 21:38:16"
Q34,4,626.6858643057552,0.07872459516272876,0.07872459516272876,2026-08-17T16:09:02.117372+00:00,"Run - Aug 17, 2026 at 21:38:16"
Q35,4,641.6065380883085,0.08074227373415728,0.08074227373415728,2026-08-17T16:09:02.130383+00:00,"Run - Aug 17, 2026 at 21:38:16"
Q36,4,656.5272118708617,0.08275995230558579,0.08275995230558579,2026-08-17T16:09:02.138959+00:00,"Run - Aug 17, 2026 at 21:38:16"
Q37,4,671.4837075308617,0.08476977789160671,0.08476977789160671,2026-08-17T16:09:02.148660+00:00,"Run - Aug 17, 2026 at 21:38:16"
Q38,4,686.3685594359696,0.08679530944844287,0.08679530944844287,2026-08-17T16:09:02.158189+00:00,"Run - Aug 17, 2026 at 21:38:16"
Q39,4,701.2892332185232,0.08881298801987152,0.08881298801987152,2026-08-17T16:09:02.169272+00:00,"Run - Aug 17, 2026 at 21:38:16"
Q40,4,716.2099070010767,0.09083066659130011,0.09083066659130011,2026-08-17T16:09:02.178364+00:00,"Run - Aug 17, 2026 at 21:38:16"
Q41,4,731.1305807836308,0.09284834516272866,0.09284834516272866,2026-08-17T16:09:02.189065+00:00,"Run - Aug 17, 2026 at 21:38:16"
Q42,4,746.0910762625351,0.09485727789160671,0.09485727789160671,2026-08-17T16:09:02.198472+00:00,"Run - Aug 17, 2026 at 21:38:16"
Q43,4,761.0125500088695,0.09687477789160683,0.09687477789160683,2026-08-17T16:09:02.213486+00:00,"Run - Aug 17, 2026 at 21:38:16"
Q44,4,775.851180507377,0.09891048386242209,0.09891048386242209,2026-08-17T16:09:02.222481+00:00,"Run - Aug 17, 2026 at 21:38:16"
Q45,4,790.8132759138437,0.10091905944844294,0.10091905944844294,2026-08-17T16:09:02.235213+00:00,"Run - Aug 17, 2026 at 21:38:16"
Q46,4,805.7339496963976,0.10293673801987153,0.10293673801987153,2026-08-17T16:09:02.245215+00:00,"Run - Aug 17, 2026 at 21:38:16"
Q47,4,820.6984449942072,0.10494477789160671,0.10494477789160671,2026-08-17T16:09:02.255110+00:00,"Run - Aug 17, 2026 at 21:38:16"
Q48,4,835.5752972615052,0.10697209516272856,0.10697209516272856,2026-08-17T16:09:02.265106+00:00,"Run - Aug 17, 2026 at 21:38:16"
Q49,4,850.4959710440583,0.1089897737341572,0.1089897737341572,2026-08-17T16:09:02.274606+00:00,"Run - Aug 17, 2026 at 21:38:16"
Q50,4,865.3704234200125,0.1110176267195649,0.1110176267195649,2026-08-17T16:09:02.284713+00:00,"Run - Aug 17, 2026 at 21:38:16"
Q51,4,880.3373186091654,0.11302513087701442,0.11302513087701442,2026-08-17T16:09:02.295837+00:00,"Run - Aug 17, 2026 at 21:38:16"
Q52,4,895.2579923917186,0.11504280944844303,0.11504280944844303,2026-08-17T16:09:02.304833+00:00,"Run - Aug 17, 2026 at 21:38:16"
Q53,4,910.1786661742719,0.11706048801987158,0.11706048801987158,2026-08-17T16:09:02.317826+00:00,"Run - Aug 17, 2026 at 21:38:16"
Q54,4,925.0993399568249,0.11907816659130012,0.11907816659130012,2026-08-17T16:09:02.327322+00:00,"Run - Aug 17, 2026 at 21:38:16"
Q55,4,940.0200137393791,0.12109584516272873,0.12109584516272873,2026-08-17T16:09:02.336334+00:00,"Run - Aug 17, 2026 at 21:38:16"
Q56,4,954.9406875219321,0.12311352373415725,0.12311352373415725,2026-08-17T16:09:02.344329+00:00,"Run - Aug 17, 2026 at 21:38:16"
Q57,4,969.8613613044872,0.12513120230558578,0.12513120230558578,2026-08-17T16:09:02.353449+00:00,"Run - Aug 17, 2026 at 21:38:16"
Q58,4,984.7820350870406,0.12714888087701437,0.12714888087701437,2026-08-17T16:09:02.361962+00:00,"Run - Aug 17, 2026 at 21:38:16"
Q59,4,999.7027088695943,0.12916655944844294,0.12916655944844294,2026-08-17T16:09:02.370569+00:00,"Run - Aug 17, 2026 at 21:38:16"
Q60,4,1014.6233826521475,0.1311842380198714,0.1311842380198714,2026-08-17T16:09:02.381570+00:00,"Run - Aug 17, 2026 at 21:38:16"
Q61,4,1029.5440564347005,0.13320191659130023,0.13320191659130023,2026-08-17T16:09:02.391145+00:00,"Run - Aug 17, 2026 at 21:38:16"
Q62,4,1044.4647302172539,0.13521959516272877,0.13521959516272877,2026-08-17T16:09:02.401283+00:00,"Run - Aug 17, 2026 at 21:38:16"
Q63,4,1059.3854039998077,0.13723727373415734,0.13723727373415734,2026-08-17T16:09:02.411876+00:00,"Run - Aug 17, 2026 at 21:38:16"
Q64,4,1074.3060777823605,0.13925495230558588,0.13925495230558588,2026-08-17T16:09:02.423998+00:00,"Run - Aug 17, 2026 at 21:38:16"
Q65,4,1089.2267515649157,0.14127263087701444,0.14127263087701444,2026-08-17T16:09:02.437535+00:00,"Run - Aug 17, 2026 at 21:38:16"
Q66,4,1104.1474253474687,0.14329030944844293,0.14329030944844293,2026-08-17T16:09:02.451198+00:00,"Run - Aug 17, 2026 at 21:38:16"
Q67,4,1119.0680991300223,0.14530798801987146,0.14530798801987146,2026-08-17T16:09:02.465366+00:00,"Run - Aug 17, 2026 at 21:38:16"
Q68,4,1133.9887729125755,0.14732566659130006,0.14732566659130006,2026-08-17T16:09:02.480340+00:00,"Run - Aug 17, 2026 at 21:38:16"
Q69,4,1148.9094466951287,0.14934334516272857,0.14934334516272857,2026-08-17T16:09:02.490319+00:00,"Run - Aug 17, 2026 at 21:38:16"
Q70,4,1163.892341159904,0.1513472778916066,0.1513472778916066,2026-08-17T16:09:02.503618+00:00,"Run - Aug 17, 2026 at 21:38:16"
Q71,4,1178.7507942602351,0.15337870230558595,0.15337870230558595,2026-08-17T16:09:02.514239+00:00,"Run - Aug 17, 2026 at 21:38:16"
Q72,4,1193.6714680427885,0.15539638087701443,0.15539638087701443,2026-08-17T16:09:02.525618+00:00,"Run - Aug 17, 2026 at 21:38:16"
Q73,4,1208.592141825342,0.15741405944844306,0.15741405944844306,2026-08-17T16:09:02.536616+00:00,"Run - Aug 17, 2026 at 21:38:16"
Q74,4,1223.5128156078977,0.1594317380198716,0.1594317380198716,2026-08-17T16:09:02.547966+00:00,"Run - Aug 17, 2026 at 21:38:16"
Q75,4,1238.4997098915785,0.16143477789160662,0.16143477789160662,2026-08-17T16:09:02.556972+00:00,"Run - Aug 17, 2026 at 21:38:16"
Q76,4,1253.3541631730045,0.16346709516272867,0.16346709516272867,2026-08-17T16:09:02.568052+00:00,"Run - Aug 17, 2026 at 21:38:16"
Q77,4,1268.2748369555575,0.16548477373415732,0.16548477373415732,2026-08-17T16:09:02.576175+00:00,"Run - Aug 17, 2026 at 21:38:16"
Q78,4,1283.195510738111,0.16750245230558583,0.16750245230558583,2026-08-17T16:09:02.585271+00:00,"Run - Aug 17, 2026 at 21:38:16"
Q79,4,1298.1856048769157,0.1695047778916067,0.1695047778916067,2026-08-17T16:09:02.596188+00:00,"Run - Aug 17, 2026 at 21:38:16"
Q80,4,1313.036858303218,0.17153780944844307,0.17153780944844307,2026-08-17T16:09:02.606728+00:00,"Run - Aug 17, 2026 at 21:38:16"
Q81,4,1328.0285523695852,0.17353977789160682,0.17353977789160682,2026-08-17T16:09:02.616970+00:00,"Run - Aug 17, 2026 at 21:38:16"
Q82,4,1342.878205868324,0.17557316659130023,0.17557316659130023,2026-08-17T16:09:02.626091+00:00,"Run - Aug 17, 2026 at 21:38:16"
Q83,4,1357.7988796508782,0.1775908451627288,0.1775908451627288,2026-08-17T16:09:02.636073+00:00,"Run - Aug 17, 2026 at 21:38:16"
Q84,4,1372.719553433432,0.17960852373415737,0.17960852373415737,2026-08-17T16:09:02.647349+00:00,"Run - Aug 17, 2026 at 21:38:16"
Q85,4,1387.7144473549235,0.1816097778916068,0.1816097778916068,2026-08-17T16:09:02.657710+00:00,"Run - Aug 17, 2026 at 21:38:16"
Q86,4,1402.5609009985394,0.18364388087701436,0.18364388087701436,2026-08-17T16:09:02.671709+00:00,"Run - Aug 17, 2026 at 21:38:16"
Q87,4,1417.4815747810928,0.1856615594484429,0.1856615594484429,2026-08-17T16:09:02.686621+00:00,"Run - Aug 17, 2026 at 21:38:16"
Q88,4,1432.4022485636453,0.18767923801987146,0.18767923801987146,2026-08-17T16:09:02.706674+00:00,"Run - Aug 17, 2026 at 21:38:16"
Q89,4,1447.3229223461997,0.18969691659130003,0.18969691659130003,2026-08-17T16:09:02.724778+00:00,"Run - Aug 17, 2026 at 21:38:16"
Q90,4,1462.2435961287524,0.19171459516272857,0.19171459516272857,2026-08-17T16:09:02.746601+00:00,"Run - Aug 17, 2026 at 21:38:16"
Q91,4,1477.1642699113083,0.1937322737341573,0.1937322737341573,2026-08-17T16:09:02.758472+00:00,"Run - Aug 17, 2026 at 21:38:16"
Q92,4,1492.0849436938595,0.19574995230558576,0.19574995230558576,2026-08-17T16:09:02.771021+00:00,"Run - Aug 17, 2026 at 21:38:16"
Q93,4,1507.0056174764145,0.19776763087701438,0.19776763087701438,2026-08-17T16:09:02.782506+00:00,"Run - Aug 17, 2026 at 21:38:16"
Q94,4,1522.007711071935,0.19976727789160661,0.19976727789160661,2026-08-17T16:09:02.795506+00:00,"Run - Aug 17, 2026 at 21:38:16"
Q95,4,1536.7647452647718,0.20182119814813623,0.20182119814813623,2026-08-17T16:09:02.804517+00:00,"Run - Aug 17, 2026 at 21:38:16"
Q96,4,1551.7676388240748,0.20382066659130033,0.20382066659130033,2026-08-17T16:09:02.815921+00:00,"Run - Aug 17, 2026 at 21:38:16"
Q97,4,1566.7721323109388,0.20581977789160685,0.20581977789160685,2026-08-17T16:09:02.825509+00:00,"Run - Aug 17, 2026 at 21:38:16"
Q98,4,1581.6936060572739,0.20783727789160672,0.20783727789160672,2026-08-17T16:09:02.835619+00:00,"Run - Aug 17, 2026 at 21:38:16"
Q99,4,1596.5296601717341,0.20987370230558583,0.20987370230558583,2026-08-17T16:09:02.847507+00:00,"Run - Aug 17, 2026 at 21:38:16"
Q100,4,1611.4503339542894,0.21189138087701462,0.21189138087701462,2026-08-17T16:09:02.856628+00:00,"Run - Aug 17, 2026 at 21:38:16"
Q101,4,1626.3710077368419,0.21390905944844316,0.21390905944844316,2026-08-17T16:09:02.867142+00:00,"Run - Aug 17, 2026 at 21:38:16"
Q102,4,1641.2916815193955,0.2159267380198717,0.2159267380198717,2026-08-17T16:09:02.878165+00:00,"Run - Aug 17, 2026 at 21:38:16"
Q103,4,1656.212355301948,0.21794441659130026,0.21794441659130026,2026-08-17T16:09:02.887675+00:00,"Run - Aug 17, 2026 at 21:38:16"
Q104,4,1671.133029084502,0.21996209516272883,0.21996209516272883,2026-08-17T16:09:02.897779+00:00,"Run - Aug 17, 2026 at 21:38:16"
Q105,4,1686.0537028670574,0.22197977373415725,0.22197977373415725,2026-08-17T16:09:02.905902+00:00,"Run - Aug 17, 2026 at 21:38:16"
Q106,4,1700.9743766496085,0.2239974523055857,0.2239974523055857,2026-08-17T16:09:02.915916+00:00,"Run - Aug 17, 2026 at 21:38:16"
Q107,4,1715.8950504321638,0.22601513087701428,0.22601513087701428,2026-08-17T16:09:02.925603+00:00,"Run - Aug 17, 2026 at 21:38:16"
Q108,4,1730.815724214715,0.22803280944844295,0.22803280944844295,2026-08-17T16:09:02.935641+00:00,"Run - Aug 17, 2026 at 21:38:16"
Q109,4,1745.7363979972708,0.23005048801987146,0.23005048801987146,2026-08-17T16:09:02.948130+00:00,"Run - Aug 17, 2026 at 21:38:16"
Q110,4,1760.5628525463576,0.2320890552909934,0.2320890552909934,2026-08-17T16:09:02.962750+00:00,"Run - Aug 17, 2026 at 21:38:16"
Q111,4,1775.5777455623777,0.2340858451627286,0.2340858451627286,2026-08-17T16:09:02.974583+00:00,"Run - Aug 17, 2026 at 21:38:16"
Q112,4,1790.4984193449293,0.2361035237341571,0.2361035237341571,2026-08-17T16:09:02.985590+00:00,"Run - Aug 17, 2026 at 21:38:16"
Q113,4,1805.4190931274836,0.2381212023055857,0.2381212023055857,2026-08-17T16:09:02.999726+00:00,"Run - Aug 17, 2026 at 21:38:16"
Q114,4,1820.339766910039,0.24013888087701424,0.24013888087701424,2026-08-17T16:09:03.013759+00:00,"Run - Aug 17, 2026 at 21:38:16"
Q115,4,1835.26044069259,0.2421565594484433,0.2421565594484433,2026-08-17T16:09:03.029294+00:00,"Run - Aug 17, 2026 at 21:38:16"
Q116,4,1850.181114475146,0.24417423801987184,0.24417423801987184,2026-08-17T16:09:03.038225+00:00,"Run - Aug 17, 2026 at 21:38:16"
Q117,4,1865.1017882576966,0.24619191659130021,0.24619191659130021,2026-08-17T16:09:03.051657+00:00,"Run - Aug 17, 2026 at 21:38:16"
Q118,4,1880.0224620402532,0.24820959516272875,0.24820959516272875,2026-08-17T16:09:03.066704+00:00,"Run - Aug 17, 2026 at 21:38:16"
Q119,4,1894.9431358228042,0.2502272737341574,0.2502272737341574,2026-08-17T16:09:03.081195+00:00,"Run - Aug 17, 2026 at 21:38:16"
Q120,4,1909.761590734083,0.2522676267195652,0.2522676267195652,2026-08-17T16:09:03.089396+00:00,"Run - Aug 17, 2026 at 21:38:16"
Q121,4,1924.784483387911,0.25426263087701456,0.25426263087701456,2026-08-17T16:09:03.103529+00:00,"Run - Aug 17, 2026 at 21:38:16"
Q122,4,1939.7051571704658,0.2562803094484431,0.2562803094484431,2026-08-17T16:09:03.114527+00:00,"Run - Aug 17, 2026 at 21:38:16"
Q123,4,1954.6258309530203,0.2582979880198716,0.2582979880198716,2026-08-17T16:09:03.123523+00:00,"Run - Aug 17, 2026 at 21:38:16"
Q124,4,1969.5465047355726,0.2603156665913001,0.2603156665913001,2026-08-17T16:09:03.136089+00:00,"Run - Aug 17, 2026 at 21:38:16"
Q125,4,1984.4671785181272,0.26233334516272866,0.26233334516272866,2026-08-17T16:09:03.149264+00:00,"Run - Aug 17, 2026 at 21:38:16"
Q126,4,1999.3878523006804,0.26435102373415725,0.26435102373415725,2026-08-17T16:09:03.160578+00:00,"Run - Aug 17, 2026 at 21:38:16"
Q127,4,2014.4163447009792,0.2663447778916067,0.2663447778916067,2026-08-17T16:09:03.171107+00:00,"Run - Aug 17, 2026 at 21:38:16"
Q128,4,2029.2291998657854,0.26838638087701433,0.26838638087701433,2026-08-17T16:09:03.196202+00:00,"Run - Aug 17, 2026 at 21:38:16"
Q129,4,2044.1498736483413,0.27040405944844276,0.27040405944844276,2026-08-17T16:09:03.209328+00:00,"Run - Aug 17, 2026 at 21:38:16"
Q130,4,2059.0705474308916,0.2724217380198713,0.2724217380198713,2026-08-17T16:09:03.221564+00:00,"Run - Aug 17, 2026 at 21:38:16"
Q131,4,2073.9912212134473,0.27443941659129995,0.27443941659129995,2026-08-17T16:09:03.237544+00:00,"Run - Aug 17, 2026 at 21:38:16"
Q132,4,2088.800076559352,0.2764819124338505,0.2764819124338505,2026-08-17T16:09:03.252768+00:00,"Run - Aug 17, 2026 at 21:38:16"
Q0,5,119.35621748096065,0.010128846490512586,0.010128846490512586,2026-08-17T16:09:06.091389+00:00,"Run - Aug 17, 2026 at 21:38:16"
Q1,5,134.28023784928993,0.012145919470118973,0.012145919470118973,2026-08-17T16:09:06.101413+00:00,"Run - Aug 17, 2026 at 21:38:16"
Q2,5,149.19824959378306,0.014164195332187936,0.014164195332187936,2026-08-17T16:09:06.109935+00:00,"Run - Aug 17, 2026 at 21:38:16"
Q3,5,164.10793557797018,0.016184191318098798,0.016184191318098798,2026-08-17T16:09:06.119143+00:00,"Run - Aug 17, 2026 at 21:38:16"
Q4,5,179.0251749436401,0.01820263959396087,0.01820263959396087,2026-08-17T16:09:06.127124+00:00,"Run - Aug 17, 2026 at 21:38:16"
Q5,5,193.94241430931012,0.02022108786982292,0.02022108786982292,2026-08-17T16:09:06.135319+00:00,"Run - Aug 17, 2026 at 21:38:16"
Q6,5,208.85965367498002,0.02223953614568499,0.02223953614568499,2026-08-17T16:09:06.143824+00:00,"Run - Aug 17, 2026 at 21:38:16"
Q7,5,223.77689304064984,0.02425798442154707,0.02425798442154707,2026-08-17T16:09:06.153514+00:00,"Run - Aug 17, 2026 at 21:38:16"
Q8,5,238.70632006074155,0.026273850504601733,0.026273850504601733,2026-08-17T16:09:06.161072+00:00,"Run - Aug 17, 2026 at 21:38:16"
Q9,5,253.62433180523433,0.028292126366670698,0.028292126366670698,2026-08-17T16:09:06.170897+00:00,"Run - Aug 17, 2026 at 21:38:16"
Q10,5,268.5148787255919,0.030316256269526907,0.030316256269526907,2026-08-17T16:09:06.183049+00:00,"Run - Aug 17, 2026 at 21:38:16"
Q11,5,283.46035529422045,0.03232867809080861,0.03232867809080861,2026-08-17T16:09:06.191048+00:00,"Run - Aug 17, 2026 at 21:38:16"
Q12,5,298.36308986899974,0.03435022580085745,0.03435022580085745,2026-08-17T16:09:06.200741+00:00,"Run - Aug 17, 2026 at 21:38:16"
Q13,5,313.2803292346693,0.03636867407671951,0.03636867407671951,2026-08-17T16:09:06.207789+00:00,"Run - Aug 17, 2026 at 21:38:16"
Q14,5,328.18074667297924,0.03839073902814755,0.03839073902814755,2026-08-17T16:09:06.217913+00:00,"Run - Aug 17, 2026 at 21:38:16"
Q15,5,343.11480796600944,0.04040557062844364,0.04040557062844364,2026-08-17T16:09:06.226897+00:00,"Run - Aug 17, 2026 at 21:38:16"
Q16,5,358.0320473316795,0.04242401890430567,0.04242401890430567,2026-08-17T16:09:06.236997+00:00,"Run - Aug 17, 2026 at 21:38:16"
Q17,5,372.9492866973491,0.04444246718016777,0.04444246718016777,2026-08-17T16:09:06.247412+00:00,"Run - Aug 17, 2026 at 21:38:16"
Q18,5,387.8665260630192,0.0464609154560298,0.0464609154560298,2026-08-17T16:09:06.257115+00:00,"Run - Aug 17, 2026 at 21:38:16"
Q19,5,402.7837654286887,0.048479363731891885,0.048479363731891885,2026-08-17T16:09:06.267376+00:00,"Run - Aug 17, 2026 at 21:38:16"
Q20,5,417.701004794359,0.050497812007753995,0.050497812007753995,2026-08-17T16:09:06.278497+00:00,"Run - Aug 17, 2026 at 21:38:16"
Q21,5,432.618244160029,0.05251626028361601,0.05251626028361601,2026-08-17T16:09:06.288496+00:00,"Run - Aug 17, 2026 at 21:38:16"
Q22,5,447.5354835256985,0.05453470855947808,0.05453470855947808,2026-08-17T16:09:06.300329+00:00,"Run - Aug 17, 2026 at 21:38:16"
Q23,5,462.4527228913687,0.056553156835340145,0.056553156835340145,2026-08-17T16:09:06.311830+00:00,"Run - Aug 17, 2026 at 21:38:16"
Q24,5,477.36996225703905,0.05857160511120226,0.05857160511120226,2026-08-17T16:09:06.320830+00:00,"Run - Aug 17, 2026 at 21:38:16"
Q25,5,492.31251971712345,0.060584540159774145,0.060584540159774145,2026-08-17T16:09:06.338499+00:00,"Run - Aug 17, 2026 at 21:38:16"
Q26,5,507.2305314616162,0.06260281602184312,0.06260281602184312,2026-08-17T16:09:06.355673+00:00,"Run - Aug 17, 2026 at 21:38:16"
Q27,5,522.1216803540481,0.06462694993878841,0.06462694993878841,2026-08-17T16:09:06.367449+00:00,"Run - Aug 17, 2026 at 21:38:16"
Q28,5,537.0389197197187,0.06664539821465043,0.06664539821465043,2026-08-17T16:09:06.383074+00:00,"Run - Aug 17, 2026 at 21:38:16"
Q29,5,551.9561590853887,0.06866384649051263,0.06866384649051263,2026-08-17T16:09:06.393074+00:00,"Run - Aug 17, 2026 at 21:38:16"
Q30,5,566.8733984510583,0.07068229476637466,0.07068229476637466,2026-08-17T16:09:06.409215+00:00,"Run - Aug 17, 2026 at 21:38:16"
Q31,5,581.7906378167278,0.0727007430422367,0.0727007430422367,2026-08-17T16:09:06.420336+00:00,"Run - Aug 17, 2026 at 21:38:16"
Q32,5,596.7386019285743,0.07471247119425686,0.07471247119425686,2026-08-17T16:09:06.430337+00:00,"Run - Aug 17, 2026 at 21:38:16"
Q33,5,611.6251165480681,0.07673763959396078,0.07673763959396078,2026-08-17T16:09:06.438331+00:00,"Run - Aug 17, 2026 at 21:38:16"
Q34,5,626.5423559137378,0.078756087869823,0.078756087869823,2026-08-17T16:09:06.451357+00:00,"Run - Aug 17, 2026 at 21:38:16"
Q35,5,641.4595952794073,0.08077453614568503,0.08077453614568503,2026-08-17T16:09:06.462902+00:00,"Run - Aug 17, 2026 at 21:38:16"
Q36,5,656.376834645077,0.08279298442154705,0.08279298442154705,2026-08-17T16:09:06.471423+00:00,"Run - Aug 17, 2026 at 21:38:16"
Q37,5,671.32866065104,0.08480385050460172,0.08480385050460172,2026-08-17T16:09:06.480441+00:00,"Run - Aug 17, 2026 at 21:38:16"
Q38,5,686.2113133764177,0.08682988097327113,0.08682988097327113,2026-08-17T16:09:06.488438+00:00,"Run - Aug 17, 2026 at 21:38:16"
Q39,5,701.1285527420877,0.08884832924913327,0.08884832924913327,2026-08-17T16:09:06.498601+00:00,"Run - Aug 17, 2026 at 21:38:16"
Q40,5,716.0457921077576,0.09086677752499533,0.09086677752499533,2026-08-17T16:09:06.506463+00:00,"Run - Aug 17, 2026 at 21:38:16"
Q41,5,730.9630314734279,0.09288522580085737,0.09288522580085737,2026-08-17T16:09:06.516537+00:00,"Run - Aug 17, 2026 at 21:38:16"
Q42,5,745.9187193735056,0.09489522981494652,0.09489522981494652,2026-08-17T16:09:06.524682+00:00,"Run - Aug 17, 2026 at 21:38:16"
Q43,5,760.8367311179984,0.09691350567701561,0.09691350567701561,2026-08-17T16:09:06.533554+00:00,"Run - Aug 17, 2026 at 21:38:16"
Q44,5,775.6747562783826,0.09894935971780275,0.09894935971780275,2026-08-17T16:09:06.541678+00:00,"Run - Aug 17, 2026 at 21:38:16"
Q45,5,790.6319889361065,0.10095901890430566,0.10095901890430566,2026-08-17T16:09:06.550815+00:00,"Run - Aug 17, 2026 at 21:38:16"
Q46,5,805.5492283017767,0.10297746718016773,0.10297746718016773,2026-08-17T16:09:06.559033+00:00,"Run - Aug 17, 2026 at 21:38:16"
Q47,5,820.5087780959698,0.10498660912529136,0.10498660912529136,2026-08-17T16:09:06.569149+00:00,"Run - Aug 17, 2026 at 21:38:16"
Q48,5,835.383707033117,0.10701436373189177,0.10701436373189177,2026-08-17T16:09:06.577024+00:00,"Run - Aug 17, 2026 at 21:38:16"
Q49,5,850.3009463987867,0.10903281200775392,0.10903281200775392,2026-08-17T16:09:06.587146+00:00,"Run - Aug 17, 2026 at 21:38:16"
Q50,5,865.1735581994641,0.11106108385573375,0.11106108385573375,2026-08-17T16:09:06.597414+00:00,"Run - Aug 17, 2026 at 21:38:16"
Q51,5,880.1354251301266,0.11306970855947812,0.11306970855947812,2026-08-17T16:09:06.606516+00:00,"Run - Aug 17, 2026 at 21:38:16"
Q52,5,895.0526644957962,0.11508815683534022,0.11508815683534022,2026-08-17T16:09:06.617419+00:00,"Run - Aug 17, 2026 at 21:38:16"
Q53,5,909.969903861466,0.11710660511120229,0.11710660511120229,2026-08-17T16:09:06.627097+00:00,"Run - Aug 17, 2026 at 21:38:16"
Q54,5,924.8871432271352,0.11912505338706432,0.11912505338706432,2026-08-17T16:09:06.636192+00:00,"Run - Aug 17, 2026 at 21:38:16"
Q55,5,939.804382592806,0.12114350166292642,0.12114350166292642,2026-08-17T16:09:06.647322+00:00,"Run - Aug 17, 2026 at 21:38:16"
Q56,5,954.7216219584753,0.12316194993878844,0.12316194993878844,2026-08-17T16:09:06.656503+00:00,"Run - Aug 17, 2026 at 21:38:16"
Q57,5,969.6388613241467,0.12518039821465046,0.12518039821465046,2026-08-17T16:09:06.666867+00:00,"Run - Aug 17, 2026 at 21:38:16"
Q58,5,984.5561006898166,0.12719884649051255,0.12719884649051255,2026-08-17T16:09:06.674542+00:00,"Run - Aug 17, 2026 at 21:38:16"
Q59,5,999.4733400554866,0.12921729476637464,0.12921729476637464,2026-08-17T16:09:06.719212+00:00,"Run - Aug 17, 2026 at 21:38:16"
Q60,5,1014.3905794211562,0.1312357430422366,0.1312357430422366,2026-08-17T16:09:06.741522+00:00,"Run - Aug 17, 2026 at 21:38:16"
Q61,5,1029.3078187868255,0.13325419131809893,0.13325419131809893,2026-08-17T16:09:06.766113+00:00,"Run - Aug 17, 2026 at 21:38:16"
Q62,5,1044.2250581524954,0.13527263959396094,0.13527263959396094,2026-08-17T16:09:06.790783+00:00,"Run - Aug 17, 2026 at 21:38:16"
Q63,5,1059.1422975181656,0.137291087869823,0.137291087869823,2026-08-17T16:09:06.819544+00:00,"Run - Aug 17, 2026 at 21:38:16"
Q64,5,1074.0595368838349,0.13930953614568506,0.13930953614568506,2026-08-17T16:09:06.841473+00:00,"Run - Aug 17, 2026 at 21:38:16"
Q65,5,1088.9767762495062,0.1413279844215471,0.1413279844215471,2026-08-17T16:09:06.864048+00:00,"Run - Aug 17, 2026 at 21:38:16"
Q66,5,1103.8940156151757,0.1433464326974091,0.1433464326974091,2026-08-17T16:09:06.885519+00:00,"Run - Aug 17, 2026 at 21:38:16"
Q67,5,1118.811254980846,0.1453648809732711,0.1453648809732711,2026-08-17T16:09:06.908775+00:00,"Run - Aug 17, 2026 at 21:38:16"
Q68,5,1133.7284943465154,0.14738332924913325,0.14738332924913325,2026-08-17T16:09:06.930345+00:00,"Run - Aug 17, 2026 at 21:38:16"
Q69,5,1148.645733712185,0.14940177752499523,0.14940177752499523,2026-08-17T16:09:06.954895+00:00,"Run - Aug 17, 2026 at 21:38:16"
Q70,5,1163.6230482193102,0.1514069539528775,0.1514069539528775,2026-08-17T16:09:06.980491+00:00,"Run - Aug 17, 2026 at 21:38:16"
Q71,5,1178.4802124435244,0.1534386740767196,0.1534386740767196,2026-08-17T16:09:07.005310+00:00,"Run - Aug 17, 2026 at 21:38:16"
Q72,5,1193.3974518091943,0.1554571223525816,0.1554571223525816,2026-08-17T16:09:07.029186+00:00,"Run - Aug 17, 2026 at 21:38:16"
Q73,5,1208.3146911748636,0.1574755706284437,0.1574755706284437,2026-08-17T16:09:07.065803+00:00,"Run - Aug 17, 2026 at 21:38:16"
Q74,5,1223.2319305405358,0.15949401890430573,0.15949401890430573,2026-08-17T16:09:07.086617+00:00,"Run - Aug 17, 2026 at 21:38:16"
Q75,5,1238.213106941777,0.16149833326322233,0.16149833326322233,2026-08-17T16:09:07.107621+00:00,"Run - Aug 17, 2026 at 21:38:16"
Q76,5,1253.0664092718757,0.1635309154560298,0.1635309154560298,2026-08-17T16:09:07.127445+00:00,"Run - Aug 17, 2026 at 21:38:16"
Q77,5,1267.9836486375448,0.16554936373189194,0.16554936373189194,2026-08-17T16:09:07.150333+00:00,"Run - Aug 17, 2026 at 21:38:16"
Q78,5,1282.9008880032147,0.16756781200775392,0.16756781200775392,2026-08-17T16:09:07.171742+00:00,"Run - Aug 17, 2026 at 21:38:16"
Q79,5,1297.885153919748,0.16957143671149824,0.16957143671149824,2026-08-17T16:09:07.217517+00:00,"Run - Aug 17, 2026 at 21:38:16"
Q80,5,1312.7353667345544,0.17160470855947818,0.17160470855947818,2026-08-17T16:09:07.246146+00:00,"Run - Aug 17, 2026 at 21:38:16"
Q81,5,1327.721177408734,0.17360798843563632,0.17360798843563632,2026-08-17T16:09:07.270091+00:00,"Run - Aug 17, 2026 at 21:38:16"
Q82,5,1342.5698454658932,0.17564160511120233,0.17564160511120233,2026-08-17T16:09:07.293088+00:00,"Run - Aug 17, 2026 at 21:38:16"
Q83,5,1357.4870848315643,0.17766005338706442,0.17766005338706442,2026-08-17T16:09:07.316207+00:00,"Run - Aug 17, 2026 at 21:38:16"
Q84,5,1372.4043241972342,0.17967850166292648,0.17967850166292648,2026-08-17T16:09:07.340108+00:00,"Run - Aug 17, 2026 at 21:38:16"
Q85,5,1387.3932243867064,0.18168109188391215,0.18168109188391215,2026-08-17T16:09:07.362538+00:00,"Run - Aug 17, 2026 at 21:38:16"
Q86,5,1402.2388029285744,0.18371539821465047,0.18371539821465047,2026-08-17T16:09:07.382040+00:00,"Run - Aug 17, 2026 at 21:38:16"
Q87,5,1417.1560422942443,0.18573384649051253,0.18573384649051253,2026-08-17T16:09:07.403606+00:00,"Run - Aug 17, 2026 at 21:38:16"
Q88,5,1432.073281659913,0.18775229476637456,0.18775229476637456,2026-08-17T16:09:07.424657+00:00,"Run - Aug 17, 2026 at 21:38:16"
Q89,5,1446.9905210255838,0.18977074304223665,0.18977074304223665,2026-08-17T16:09:07.451671+00:00,"Run - Aug 17, 2026 at 21:38:16"
Q90,5,1461.9077603912533,0.19178919131809866,0.19178919131809866,2026-08-17T16:09:07.473251+00:00,"Run - Aug 17, 2026 at 21:38:16"
Q91,5,1476.8249997569249,0.1938076395939609,0.1938076395939609,2026-08-17T16:09:07.495409+00:00,"Run - Aug 17, 2026 at 21:38:16"
Q92,5,1491.7422391225928,0.19582608786982286,0.19582608786982286,2026-08-17T16:09:07.518057+00:00,"Run - Aug 17, 2026 at 21:38:16"
Q93,5,1506.6594784882643,0.197844536145685,0.197844536145685,2026-08-17T16:09:07.540787+00:00,"Run - Aug 17, 2026 at 21:38:16"
Q94,5,1521.6553300871437,0.19984557464253266,0.19984557464253266,2026-08-17T16:09:07.561941+00:00,"Run - Aug 17, 2026 at 21:38:16"
Q95,5,1536.4145726075697,0.20189901489021642,0.20189901489021642,2026-08-17T16:09:07.584370+00:00,"Run - Aug 17, 2026 at 21:38:16"
Q96,5,1551.4111965852737,0.2038998809732714,0.2038998809732714,2026-08-17T16:09:07.607118+00:00,"Run - Aug 17, 2026 at 21:38:16"
Q97,5,1566.4093653206228,0.20590040222873976,0.20590040222873976,2026-08-17T16:09:07.629676+00:00,"Run - Aug 17, 2026 at 21:38:16"
Q98,5,1581.327377065116,0.20791867809080863,0.20791867809080863,2026-08-17T16:09:07.652775+00:00,"Run - Aug 17, 2026 at 21:38:16"
Q99,5,1596.162914682282,0.20995522580085738,0.20995522580085738,2026-08-17T16:09:07.678904+00:00,"Run - Aug 17, 2026 at 21:38:16"
Q100,5,1611.0801540479538,0.2119736740767197,0.2119736740767197,2026-08-17T16:09:07.705391+00:00,"Run - Aug 17, 2026 at 21:38:16"
Q101,5,1625.997393413623,0.2139921223525817,0.2139921223525817,2026-08-17T16:09:07.728891+00:00,"Run - Aug 17, 2026 at 21:38:16"
Q102,5,1640.9146327792928,0.21601057062844378,0.21601057062844378,2026-08-17T16:09:07.754399+00:00,"Run - Aug 17, 2026 at 21:38:16"
Q103,5,1655.8318721449616,0.21802901890430582,0.21802901890430582,2026-08-17T16:09:07.775502+00:00,"Run - Aug 17, 2026 at 21:38:16"
Q104,5,1670.749111510632,0.2200474671801679,0.2200474671801679,2026-08-17T16:09:07.797159+00:00,"Run - Aug 17, 2026 at 21:38:16"
Q105,5,1685.666350876304,0.2220659154560298,0.2220659154560298,2026-08-17T16:09:07.818401+00:00,"Run - Aug 17, 2026 at 21:38:16"
Q106,5,1700.5835902419713,0.2240843637318918,0.2240843637318918,2026-08-17T16:09:07.842389+00:00,"Run - Aug 17, 2026 at 21:38:16"
Q107,5,1715.500829607643,0.22610281200775384,0.22610281200775384,2026-08-17T16:09:07.866678+00:00,"Run - Aug 17, 2026 at 21:38:16"
Q108,5,1730.4180689733107,0.22812126028361604,0.22812126028361604,2026-08-17T16:09:07.892293+00:00,"Run - Aug 17, 2026 at 21:38:16"
Q109,5,1745.3353083389827,0.23013970855947802,0.23013970855947802,2026-08-17T16:09:07.916322+00:00,"Run - Aug 17, 2026 at 21:38:16"
Q110,5,1760.1615774102709,0.2321783252350441,0.2321783252350441,2026-08-17T16:09:07.938256+00:00,"Run - Aug 17, 2026 at 21:38:16"
Q111,5,1775.1697870703226,0.23417660511120214,0.23417660511120214,2026-08-17T16:09:07.961083+00:00,"Run - Aug 17, 2026 at 21:38:16"
Q112,5,1790.0870264359908,0.2361950533870642,0.2361950533870642,2026-08-17T16:09:07.983671+00:00,"Run - Aug 17, 2026 at 21:38:16"
Q113,5,1805.004265801661,0.23821350166292626,0.23821350166292626,2026-08-17T16:09:08.009878+00:00,"Run - Aug 17, 2026 at 21:38:16"
Q114,5,1819.921505167333,0.24023194993878833,0.24023194993878833,2026-08-17T16:09:08.033314+00:00,"Run - Aug 17, 2026 at 21:38:16"
Q115,5,1834.8387445330006,0.24225039821465083,0.24225039821465083,2026-08-17T16:09:08.057761+00:00,"Run - Aug 17, 2026 at 21:38:16"
Q116,5,1849.7559838986729,0.24426884649051284,0.24426884649051284,2026-08-17T16:09:08.082356+00:00,"Run - Aug 17, 2026 at 21:38:16"
Q117,5,1864.6732232643399,0.24628729476637476,0.24628729476637476,2026-08-17T16:09:08.107358+00:00,"Run - Aug 17, 2026 at 21:38:16"
Q118,5,1879.5904626300128,0.24830574304223677,0.24830574304223677,2026-08-17T16:09:08.133499+00:00,"Run - Aug 17, 2026 at 21:38:16"
Q119,5,1894.5077019956802,0.2503241913180989,0.2503241913180989,2026-08-17T16:09:08.159612+00:00,"Run - Aug 17, 2026 at 21:38:16"
Q120,5,1909.3262472787399,0.2523645321315961,0.2523645321315961,2026-08-17T16:09:08.184285+00:00,"Run - Aug 17, 2026 at 21:38:16"
Q121,5,1924.3421807270197,0.25436108786982314,0.25436108786982314,2026-08-17T16:09:08.208300+00:00,"Run - Aug 17, 2026 at 21:38:16"
Q122,5,1939.259420092691,0.25637953614568515,0.25637953614568515,2026-08-17T16:09:08.233439+00:00,"Run - Aug 17, 2026 at 21:38:16"
Q123,5,1954.176659458362,0.25839798442154716,0.25839798442154716,2026-08-17T16:09:08.259170+00:00,"Run - Aug 17, 2026 at 21:38:16"
Q124,5,1969.0938988240305,0.2604164326974091,0.2604164326974091,2026-08-17T16:09:08.285887+00:00,"Run - Aug 17, 2026 at 21:38:16"
Q125,5,1984.0111381897013,0.26243488097327117,0.26243488097327117,2026-08-17T16:09:08.312497+00:00,"Run - Aug 17, 2026 at 21:38:16"
Q126,5,1998.928377555371,0.26445332924913323,0.26445332924913323,2026-08-17T16:09:08.335248+00:00,"Run - Aug 17, 2026 at 21:38:16"
Q127,5,2013.949717655416,0.26644867809080863,0.26644867809080863,2026-08-17T16:09:08.359750+00:00,"Run - Aug 17, 2026 at 21:38:16"
Q128,5,2028.7628562867087,0.26849022580085735,0.26849022580085735,2026-08-17T16:09:08.383344+00:00,"Run - Aug 17, 2026 at 21:38:16"
Q129,5,2043.6800956523812,0.27050867407671925,0.27050867407671925,2026-08-17T16:09:08.407138+00:00,"Run - Aug 17, 2026 at 21:38:16"
Q130,5,2058.5973350180484,0.27252712235258125,0.27252712235258125,2026-08-17T16:09:08.430601+00:00,"Run - Aug 17, 2026 at 21:38:16"
Q131,5,2073.51457438372,0.2745455706284435,0.2745455706284435,2026-08-17T16:09:08.455717+00:00,"Run - Aug 17, 2026 at 21:38:16"
Q132,5,2088.323851120901,0.2765879804074578,0.2765879804074578,2026-08-17T16:09:08.481055+00:00,"Run - Aug 17, 2026 at 21:38:16"
Q0,6,119.3254922763268,0.01013494775376521,0.01013494775376521,2026-08-17T16:09:12.807659+00:00,"Run - Aug 17, 2026 at 21:38:16"
Q1,6,134.24534121216135,0.012152951634051385,0.012152951634051385,2026-08-17T16:09:12.833523+00:00,"Run - Aug 17, 2026 at 21:38:16"
Q2,6,149.159381811621,0.014172118300718047,0.014172118300718047,2026-08-17T16:09:12.861430+00:00,"Run - Aug 17, 2026 at 21:38:16"
Q3,6,164.0653741761181,0.016192947753765216,0.016192947753765216,2026-08-17T16:09:12.887559+00:00,"Run - Aug 17, 2026 at 21:38:16"
Q4,6,178.9786681427153,0.01821228108709855,0.01821228108709855,2026-08-17T16:09:12.919336+00:00,"Run - Aug 17, 2026 at 21:38:16"
Q5,6,193.89196210931252,0.02023161442043187,0.02023161442043187,2026-08-17T16:09:12.948198+00:00,"Run - Aug 17, 2026 at 21:38:16"
Q6,6,208.80525607590968,0.022250947753765196,0.022250947753765196,2026-08-17T16:09:12.974219+00:00,"Run - Aug 17, 2026 at 21:38:16"
Q7,6,223.71855004250676,0.024270281087098545,0.024270281087098545,2026-08-17T16:09:12.997991+00:00,"Run - Aug 17, 2026 at 21:38:16"
Q8,6,238.64362540837834,0.026287118300718053,0.026287118300718053,2026-08-17T16:09:13.021264+00:00,"Run - Aug 17, 2026 at 21:38:16"
Q9,6,253.5576660078376,0.02830628496738472,0.02830628496738472,2026-08-17T16:09:13.045870+00:00,"Run - Aug 17, 2026 at 21:38:16"
Q10,6,268.44515727729953,0.03033111054014572,0.03033111054014572,2026-08-17T16:09:13.069326+00:00,"Run - Aug 17, 2026 at 21:38:16"
Q11,6,283.38574720675666,0.03234461830071803,0.03234461830071803,2026-08-17T16:09:13.095560+00:00,"Run - Aug 17, 2026 at 21:38:16"
Q12,6,298.28501987549294,0.034366947753765247,0.034366947753765247,2026-08-17T16:09:13.122190+00:00,"Run - Aug 17, 2026 at 21:38:16"
Q13,6,313.1983138420897,0.03638628108709858,0.03638628108709858,2026-08-17T16:09:13.146726+00:00,"Run - Aug 17, 2026 at 21:38:16"
Q14,6,328.0953466122389,0.03840911054014566,0.03840911054014566,2026-08-17T16:09:13.170304+00:00,"Run - Aug 17, 2026 at 21:38:16"
Q15,6,343.0249017752843,0.04042494775376523,0.04042494775376523,2026-08-17T16:09:13.224770+00:00,"Run - Aug 17, 2026 at 21:38:16"
Q16,6,357.9381957418817,0.04244428108709852,0.04244428108709852,2026-08-17T16:09:13.254863+00:00,"Run - Aug 17, 2026 at 21:38:16"
Q17,6,372.85148970847854,0.04446361442043189,0.04446361442043189,2026-08-17T16:09:13.281555+00:00,"Run - Aug 17, 2026 at 21:38:16"
Q18,6,387.7647836750759,0.04648294775376518,0.04648294775376518,2026-08-17T16:09:13.306708+00:00,"Run - Aug 17, 2026 at 21:38:16"
Q19,6,402.6780776416726,0.04850228108709853,0.04850228108709853,2026-08-17T16:09:13.335146+00:00,"Run - Aug 17, 2026 at 21:38:16"
Q20,6,417.59137160827015,0.050521614420431904,0.050521614420431904,2026-08-17T16:09:13.360740+00:00,"Run - Aug 17, 2026 at 21:38:16"
Q21,6,432.5046655748674,0.05254094775376519,0.05254094775376519,2026-08-17T16:09:13.384475+00:00,"Run - Aug 17, 2026 at 21:38:16"
Q22,6,447.4179595414642,0.054560281087098525,0.054560281087098525,2026-08-17T16:09:13.411231+00:00,"Run - Aug 17, 2026 at 21:38:16"
Q23,6,462.33125350806165,0.05657961442043185,0.05657961442043185,2026-08-17T16:09:13.436612+00:00,"Run - Aug 17, 2026 at 21:38:16"
Q24,6,477.2445474746592,0.058598947753765236,0.058598947753765236,2026-08-17T16:09:13.460163+00:00,"Run - Aug 17, 2026 at 21:38:16"
Q25,6,492.1823155991904,0.06061295163405138,0.06061295163405138,2026-08-17T16:09:13.484036+00:00,"Run - Aug 17, 2026 at 21:38:16"
Q26,6,507.09635619864963,0.06263211830071805,0.06263211830071805,2026-08-17T16:09:13.513183+00:00,"Run - Aug 17, 2026 at 21:38:16"
Q27,6,521.9844293744501,0.06465694775376517,0.06465694775376517,2026-08-17T16:09:13.536374+00:00,"Run - Aug 17, 2026 at 21:38:16"
Q28,6,536.8977233410479,0.06667628108709846,0.06667628108709846,2026-08-17T16:09:13.564707+00:00,"Run - Aug 17, 2026 at 21:38:16"
Q29,6,551.8110173076451,0.06869561442043191,0.06869561442043191,2026-08-17T16:09:13.589650+00:00,"Run - Aug 17, 2026 at 21:38:16"
Q30,6,566.7243112742419,0.07071494775376522,0.07071494775376522,2026-08-17T16:09:13.616738+00:00,"Run - Aug 17, 2026 at 21:38:16"
Q31,6,581.6376052408388,0.07273428108709852,0.07273428108709852,2026-08-17T16:09:13.641060+00:00,"Run - Aug 17, 2026 at 21:38:16"
Q32,6,596.5805997954067,0.07474711830071802,0.07474711830071802,2026-08-17T16:09:13.665874+00:00,"Run - Aug 17, 2026 at 21:38:16"
Q33,6,611.4641931740337,0.07677294775376513,0.07677294775376513,2026-08-17T16:09:13.695529+00:00,"Run - Aug 17, 2026 at 21:38:16"
Q34,6,626.3774871406305,0.07879228108709861,0.07879228108709861,2026-08-17T16:09:13.722582+00:00,"Run - Aug 17, 2026 at 21:38:16"
Q35,6,641.2907811072272,0.0808116144204319,0.0808116144204319,2026-08-17T16:09:13.745680+00:00,"Run - Aug 17, 2026 at 21:38:16"
Q36,6,656.2040750738244,0.08283094775376519,0.08283094775376519,2026-08-17T16:09:13.773390+00:00,"Run - Aug 17, 2026 at 21:38:16"
Q37,6,671.1508027927047,0.08484295163405138,0.08484295163405138,2026-08-17T16:09:13.798386+00:00,"Run - Aug 17, 2026 at 21:38:16"
Q38,6,686.0306630070194,0.0868696144204318,0.0868696144204318,2026-08-17T16:09:13.821633+00:00,"Run - Aug 17, 2026 at 21:38:16"
Q39,6,700.9439569736165,0.0888889477537652,0.0888889477537652,2026-08-17T16:09:13.844732+00:00,"Run - Aug 17, 2026 at 21:38:16"
Q40,6,715.8572509402139,0.09090828108709854,0.09090828108709854,2026-08-17T16:09:13.870352+00:00,"Run - Aug 17, 2026 at 21:38:16"
Q41,6,730.7705449068113,0.09292761442043183,0.09292761442043183,2026-08-17T16:09:13.895487+00:00,"Run - Aug 17, 2026 at 21:38:16"
Q42,6,745.7210057900028,0.09493878496738467,0.09493878496738467,2026-08-17T16:09:13.923215+00:00,"Run - Aug 17, 2026 at 21:38:16"
Q43,6,760.6350463894619,0.09695795163405146,0.09695795163405146,2026-08-17T16:09:13.949177+00:00,"Run - Aug 17, 2026 at 21:38:16"
Q44,6,775.4717666242831,0.0989941105401457,0.0989941105401457,2026-08-17T16:09:13.974962+00:00,"Run - Aug 17, 2026 at 21:38:16"
Q45,6,790.423720773199,0.10100494775376516,0.10100494775376516,2026-08-17T16:09:13.999093+00:00,"Run - Aug 17, 2026 at 21:38:16"
Q46,6,805.3370147397964,0.10302428108709852,0.10302428108709852,2026-08-17T16:09:14.026275+00:00,"Run - Aug 17, 2026 at 21:38:16"
Q47,6,820.2912087872993,0.10503461830071802,0.10503461830071802,2026-08-17T16:09:14.050378+00:00,"Run - Aug 17, 2026 at 21:38:16"
Q48,6,835.1636026729913,0.10706294775376508,0.10706294775376508,2026-08-17T16:09:14.077820+00:00,"Run - Aug 17, 2026 at 21:38:16"
Q49,6,850.0768966395882,0.10908228108709848,0.10908228108709848,2026-08-17T16:09:14.100214+00:00,"Run - Aug 17, 2026 at 21:38:16"
Q50,6,864.9470506266924,0.11111111054014566,0.11111111054014566,2026-08-17T16:09:14.124305+00:00,"Run - Aug 17, 2026 at 21:38:16"
Q51,6,879.9034845727825,0.11312094775376523,0.11312094775376523,2026-08-17T16:09:14.147856+00:00,"Run - Aug 17, 2026 at 21:38:16"
Q52,6,894.8167785393795,0.11514028108709859,0.11514028108709859,2026-08-17T16:09:14.173220+00:00,"Run - Aug 17, 2026 at 21:38:16"
Q53,6,909.7300725059765,0.1171596144204319,0.1171596144204319,2026-08-17T16:09:14.197779+00:00,"Run - Aug 17, 2026 at 21:38:16"
Q54,6,924.643366472573,0.11917894775376522,0.11917894775376522,2026-08-17T16:09:14.224261+00:00,"Run - Aug 17, 2026 at 21:38:16"
Q55,6,939.556660439171,0.12119828108709858,0.12119828108709858,2026-08-17T16:09:14.250158+00:00,"Run - Aug 17, 2026 at 21:38:16"
Q56,6,954.4699544057676,0.12321761442043187,0.12321761442043187,2026-08-17T16:09:14.275851+00:00,"Run - Aug 17, 2026 at 21:38:16"
Q57,6,969.383248372366,0.12523694775376518,0.12523694775376518,2026-08-17T16:09:14.301645+00:00,"Run - Aug 17, 2026 at 21:38:16"
Q58,6,984.2965423389633,0.12725628108709852,0.12725628108709852,2026-08-17T16:09:14.326172+00:00,"Run - Aug 17, 2026 at 21:38:16"
Q59,6,999.2098363055604,0.12927561442043187,0.12927561442043187,2026-08-17T16:09:14.356201+00:00,"Run - Aug 17, 2026 at 21:38:16"
Q60,6,1014.1231302721575,0.1312949477537651,0.1312949477537651,2026-08-17T16:09:14.379289+00:00,"Run - Aug 17, 2026 at 21:38:16"
Q61,6,1029.036424238754,0.1333142810870987,0.1333142810870987,2026-08-17T16:09:14.402788+00:00,"Run - Aug 17, 2026 at 21:38:16"
Q62,6,1043.9497182053512,0.13533361442043196,0.13533361442043196,2026-08-17T16:09:14.426937+00:00,"Run - Aug 17, 2026 at 21:38:16"
Q63,6,1058.8630121719484,0.13735294775376528,0.13735294775376528,2026-08-17T16:09:14.451931+00:00,"Run - Aug 17, 2026 at 21:38:16"
Q64,6,1073.7763061385451,0.13937228108709862,0.13937228108709862,2026-08-17T16:09:14.477211+00:00,"Run - Aug 17, 2026 at 21:38:16"
Q65,6,1088.6896001051437,0.1413916144204319,0.1413916144204319,2026-08-17T16:09:14.501708+00:00,"Run - Aug 17, 2026 at 21:38:16"
Q66,6,1103.6028940717404,0.14341094775376517,0.14341094775376517,2026-08-17T16:09:14.530763+00:00,"Run - Aug 17, 2026 at 21:38:16"
Q67,6,1118.5161880383378,0.14543028108709846,0.14543028108709846,2026-08-17T16:09:14.554531+00:00,"Run - Aug 17, 2026 at 21:38:16"
Q68,6,1133.4294820049347,0.14744961442043186,0.14744961442043186,2026-08-17T16:09:14.579585+00:00,"Run - Aug 17, 2026 at 21:38:16"
Q69,6,1148.3427759715312,0.14946894775376507,0.14946894775376507,2026-08-17T16:09:14.603895+00:00,"Run - Aug 17, 2026 at 21:38:16"
Q70,6,1163.3141425748688,0.15147545163405132,0.15147545163405132,2026-08-17T16:09:14.628419+00:00,"Run - Aug 17, 2026 at 21:38:16"
Q71,6,1178.1693639047253,0.153507614420432,0.153507614420432,2026-08-17T16:09:14.655123+00:00,"Run - Aug 17, 2026 at 21:38:16"
Q72,6,1193.0826578713227,0.15552694775376527,0.15552694775376527,2026-08-17T16:09:14.679732+00:00,"Run - Aug 17, 2026 at 21:38:16"
Q73,6,1207.9959518379192,0.15754628108709862,0.15754628108709862,2026-08-17T16:09:14.711350+00:00,"Run - Aug 17, 2026 at 21:38:16"
Q74,6,1222.9092458045186,0.1595656144204319,0.1595656144204319,2026-08-17T16:09:14.735672+00:00,"Run - Aug 17, 2026 at 21:38:16"
Q75,6,1237.884345572168,0.16157128496738463,0.16157128496738463,2026-08-17T16:09:14.762273+00:00,"Run - Aug 17, 2026 at 21:38:16"
Q76,6,1252.735833737713,0.16360428108709849,0.16360428108709849,2026-08-17T16:09:14.787251+00:00,"Run - Aug 17, 2026 at 21:38:16"
Q77,6,1267.6491277043092,0.16562361442043194,0.16562361442043194,2026-08-17T16:09:14.811952+00:00,"Run - Aug 17, 2026 at 21:38:16"
Q78,6,1282.5624216709066,0.16764294775376515,0.16764294775376515,2026-08-17T16:09:14.836217+00:00,"Run - Aug 17, 2026 at 21:38:16"
Q79,6,1297.5405079700051,0.16964795163405136,0.16964795163405136,2026-08-17T16:09:14.860004+00:00,"Run - Aug 17, 2026 at 21:38:16"
Q80,6,1312.3890096041005,0.17168161442043195,0.17168161442043195,2026-08-17T16:09:14.888821+00:00,"Run - Aug 17, 2026 at 21:38:16"
Q81,6,1327.368589168924,0.17368628496738484,0.17368628496738484,2026-08-17T16:09:14.917096+00:00,"Run - Aug 17, 2026 at 21:38:16"
Q82,6,1342.2155975372941,0.1757202810870986,0.1757202810870986,2026-08-17T16:09:14.942872+00:00,"Run - Aug 17, 2026 at 21:38:16"
Q83,6,1357.1288915038924,0.177739614420432,0.177739614420432,2026-08-17T16:09:14.970864+00:00,"Run - Aug 17, 2026 at 21:38:16"
Q84,6,1372.0421854704894,0.1797589477537653,0.1797589477537653,2026-08-17T16:09:14.996464+00:00,"Run - Aug 17, 2026 at 21:38:16"
Q85,6,1387.024751566762,0.18176295163405146,0.18176295163405146,2026-08-17T16:09:15.024063+00:00,"Run - Aug 17, 2026 at 21:38:16"
Q86,6,1401.8687734036841,0.1837976144204318,0.1837976144204318,2026-08-17T16:09:15.047427+00:00,"Run - Aug 17, 2026 at 21:38:16"
Q87,6,1416.7820673702813,0.18581694775376517,0.18581694775376517,2026-08-17T16:09:15.071308+00:00,"Run - Aug 17, 2026 at 21:38:16"
Q88,6,1431.6953613368773,0.18783628108709843,0.18783628108709843,2026-08-17T16:09:15.097562+00:00,"Run - Aug 17, 2026 at 21:38:16"
Q89,6,1446.6086553034754,0.18985561442043183,0.18985561442043183,2026-08-17T16:09:15.122333+00:00,"Run - Aug 17, 2026 at 21:38:16"
Q90,6,1461.521949270072,0.1918749477537651,0.1918749477537651,2026-08-17T16:09:15.155204+00:00,"Run - Aug 17, 2026 at 21:38:16"
Q91,6,1476.4352432366709,0.1938942810870986,0.1938942810870986,2026-08-17T16:09:15.212185+00:00,"Run - Aug 17, 2026 at 21:38:16"
Q92,6,1491.348537203266,0.19591361442043181,0.19591361442043181,2026-08-17T16:09:15.243550+00:00,"Run - Aug 17, 2026 at 21:38:16"
Q93,6,1506.2618311698648,0.19793294775376521,0.19793294775376521,2026-08-17T16:09:15.276287+00:00,"Run - Aug 17, 2026 at 21:38:16"
Q94,6,1521.251116961898,0.1999354516340513,0.1999354516340513,2026-08-17T16:09:15.305193+00:00,"Run - Aug 17, 2026 at 21:38:16"
Q95,6,1536.0116806447588,0.20198861054014555,0.20198861054014555,2026-08-17T16:09:15.335238+00:00,"Run - Aug 17, 2026 at 21:38:16"
Q96,6,1551.0017130696558,0.20399094775376542,0.20399094775376542,2026-08-17T16:09:15.371777+00:00,"Run - Aug 17, 2026 at 21:38:16"
Q97,6,1565.9932387602764,0.20599295163405146,0.20599295163405146,2026-08-17T16:09:15.395663+00:00,"Run - Aug 17, 2026 at 21:38:16"
Q98,6,1580.907279359736,0.20801211830071806,0.20801211830071806,2026-08-17T16:09:15.426094+00:00,"Run - Aug 17, 2026 at 21:38:16"
Q99,6,1595.7415949694462,0.21004894775376518,0.21004894775376518,2026-08-17T16:09:15.450132+00:00,"Run - Aug 17, 2026 at 21:38:16"
Q100,6,1610.654888936045,0.21206828108709877,0.21206828108709877,2026-08-17T16:09:15.480142+00:00,"Run - Aug 17, 2026 at 21:38:16"
Q101,6,1625.5681829026414,0.214087614420432,0.214087614420432,2026-08-17T16:09:15.505211+00:00,"Run - Aug 17, 2026 at 21:38:16"
Q102,6,1640.4814768692383,0.21610694775376535,0.21610694775376535,2026-08-17T16:09:15.530174+00:00,"Run - Aug 17, 2026 at 21:38:16"
Q103,6,1655.3947708358346,0.21812628108709867,0.21812628108709867,2026-08-17T16:09:15.553918+00:00,"Run - Aug 17, 2026 at 21:38:16"
Q104,6,1670.3080648024325,0.220145614420432,0.220145614420432,2026-08-17T16:09:15.579975+00:00,"Run - Aug 17, 2026 at 21:38:16"
Q105,6,1685.2213587690317,0.22216494775376516,0.22216494775376516,2026-08-17T16:09:15.605001+00:00,"Run - Aug 17, 2026 at 21:38:16"
Q106,6,1700.1346527356259,0.22418428108709848,0.22418428108709848,2026-08-17T16:09:15.632506+00:00,"Run - Aug 17, 2026 at 21:38:16"
Q107,6,1715.0479467022249,0.22620361442043174,0.22620361442043174,2026-08-17T16:09:15.659616+00:00,"Run - Aug 17, 2026 at 21:38:16"
Q108,6,1729.96124066882,0.22822294775376523,0.22822294775376523,2026-08-17T16:09:15.688641+00:00,"Run - Aug 17, 2026 at 21:38:16"
Q109,6,1744.874534635419,0.23024228108709846,0.23024228108709846,2026-08-17T16:09:15.720120+00:00,"Run - Aug 17, 2026 at 21:38:16"
Q110,6,1759.6998906507806,0.2322811105401457,0.2322811105401457,2026-08-17T16:09:15.746160+00:00,"Run - Aug 17, 2026 at 21:38:16"
Q111,6,1774.7011225686135,0.23428094775376512,0.23428094775376512,2026-08-17T16:09:15.776526+00:00,"Run - Aug 17, 2026 at 21:38:16"
Q112,6,1789.614416535209,0.23630028108709844,0.23630028108709844,2026-08-17T16:09:15.801613+00:00,"Run - Aug 17, 2026 at 21:38:16"
Q113,6,1804.5277105018065,0.23831961442043176,0.23831961442043176,2026-08-17T16:09:15.830255+00:00,"Run - Aug 17, 2026 at 21:38:16"
Q114,6,1819.4410044684055,0.2403389477537651,0.2403389477537651,2026-08-17T16:09:15.855464+00:00,"Run - Aug 17, 2026 at 21:38:16"
Q115,6,1834.3542984350008,0.24235828108709884,0.24235828108709884,2026-08-17T16:09:15.878528+00:00,"Run - Aug 17, 2026 at 21:38:16"
Q116,6,1849.2675924016,0.2443776144204321,0.2443776144204321,2026-08-17T16:09:15.902896+00:00,"Run - Aug 17, 2026 at 21:38:16"
Q117,6,1864.1808863681943,0.24639694775376528,0.24639694775376528,2026-08-17T16:09:15.928477+00:00,"Run - Aug 17, 2026 at 21:38:16"
Q118,6,1879.0941803347946,0.24841628108709857,0.24841628108709857,2026-08-17T16:09:15.955058+00:00,"Run - Aug 17, 2026 at 21:38:16"
Q119,6,1894.0074743013893,0.250435614420432,0.250435614420432,2026-08-17T16:09:15.982900+00:00,"Run - Aug 17, 2026 at 21:38:16"
Q120,6,1908.8253639881298,0.2524761105401459,0.2524761105401459,2026-08-17T16:09:16.018907+00:00,"Run - Aug 17, 2026 at 21:38:16"
Q121,6,1923.8340622345831,0.25447428108709874,0.25447428108709874,2026-08-17T16:09:16.047404+00:00,"Run - Aug 17, 2026 at 21:38:16"
Q122,6,1938.7473562011817,0.256493614420432,0.256493614420432,2026-08-17T16:09:16.070442+00:00,"Run - Aug 17, 2026 at 21:38:16"
Q123,6,1953.6606501677802,0.25851294775376527,0.25851294775376527,2026-08-17T16:09:16.094201+00:00,"Run - Aug 17, 2026 at 21:38:16"
Q124,6,1968.5739441343756,0.2605322810870985,0.2605322810870985,2026-08-17T16:09:16.123296+00:00,"Run - Aug 17, 2026 at 21:38:16"
Q125,6,1983.4872381009739,0.26255161442043184,0.26255161442043184,2026-08-17T16:09:16.147953+00:00,"Run - Aug 17, 2026 at 21:38:16"
Q126,6,1998.400532067571,0.26457094775376516,0.26457094775376516,2026-08-17T16:09:16.170462+00:00,"Run - Aug 17, 2026 at 21:38:16"
Q127,6,2013.4144567440637,0.2665679516340514,0.2665679516340514,2026-08-17T16:09:16.193377+00:00,"Run - Aug 17, 2026 at 21:38:16"
Q128,6,2028.227120000763,0.2686096144204318,0.2686096144204318,2026-08-17T16:09:16.219032+00:00,"Run - Aug 17, 2026 at 21:38:16"
Q129,6,2043.1404139673627,0.270628947753765,0.270628947753765,2026-08-17T16:09:16.244676+00:00,"Run - Aug 17, 2026 at 21:38:16"
Q130,6,2058.053707933957,0.2726482810870983,0.2726482810870983,2026-08-17T16:09:16.269354+00:00,"Run - Aug 17, 2026 at 21:38:16"
Q131,6,2072.967001900556,0.2746676144204318,0.2746676144204318,2026-08-17T16:09:16.301751+00:00,"Run - Aug 17, 2026 at 21:38:16"
Q132,6,2087.7759319929473,0.2767101105401456,0.2767101105401456,2026-08-17T16:09:16.329390+00:00,"Run - Aug 17, 2026 at 21:38:16"
Q0,7,119.2855919357447,0.01014283352948891,0.01014283352948891,2026-08-17T16:09:21.074016+00:00,"Run - Aug 17, 2026 at 21:38:16"
Q1,7,134.20010856041395,0.012162030832991659,0.012162030832991659,2026-08-17T16:09:21.101534+00:00,"Run - Aug 17, 2026 at 21:38:16"
Q2,7,149.1090042143978,0.014182353413636817,0.014182353413636817,2026-08-17T16:09:21.130543+00:00,"Run - Aug 17, 2026 at 21:38:16"
Q3,7,164.01011125390178,0.016204285142392142,0.016204285142392142,2026-08-17T16:09:21.158036+00:00,"Run - Aug 17, 2026 at 21:38:16"
Q4,7,178.91828435995427,0.018224769013359888,0.018224769013359888,2026-08-17T16:09:21.186357+00:00,"Run - Aug 17, 2026 at 21:38:16"
Q5,7,193.82645746600676,0.020245252884327613,0.020245252884327613,2026-08-17T16:09:21.263393+00:00,"Run - Aug 17, 2026 at 21:38:16"
Q6,7,208.73463057205916,0.02226573675529535,0.02226573675529535,2026-08-17T16:09:21.295445+00:00,"Run - Aug 17, 2026 at 21:38:16"
Q7,7,223.6428036781115,0.024286220626263105,0.024286220626263105,2026-08-17T16:09:21.337725+00:00,"Run - Aug 17, 2026 at 21:38:16"
Q8,7,238.56237813830046,0.026304288897507792,0.026304288897507792,2026-08-17T16:09:21.373628+00:00,"Run - Aug 17, 2026 at 21:38:16"
Q9,7,253.47127379228394,0.028324611478152947,0.028324611478152947,2026-08-17T16:09:21.404112+00:00,"Run - Aug 17, 2026 at 21:38:16"
Q10,7,268.35447654627,0.030350410419534568,0.030350410419534568,2026-08-17T16:09:21.431641+00:00,"Run - Aug 17, 2026 at 21:38:16"
Q11,7,283.2890651002514,0.03236525663944326,0.03236525663944326,2026-08-17T16:09:21.461430+00:00,"Run - Aug 17, 2026 at 21:38:16"
Q12,7,298.18366920837394,0.034388639981101844,0.034388639981101844,2026-08-17T16:09:21.489180+00:00,"Run - Aug 17, 2026 at 21:38:16"
Q13,7,313.09184231442595,0.03640912385206959,0.03640912385206959,2026-08-17T16:09:21.525466+00:00,"Run - Aug 17, 2026 at 21:38:16"
Q14,7,327.9842787787546,0.038432991064695804,0.038432991064695804,2026-08-17T16:09:21.559358+00:00,"Run - Aug 17, 2026 at 21:38:16"
Q15,7,342.90818852653115,0.040450091594005054,0.040450091594005054,2026-08-17T16:09:21.585401+00:00,"Run - Aug 17, 2026 at 21:38:16"
Q16,7,357.8163616325838,0.042470575464972765,0.042470575464972765,2026-08-17T16:09:21.608828+00:00,"Run - Aug 17, 2026 at 21:38:16"
Q17,7,372.72453473863584,0.04449105933594053,0.04449105933594053,2026-08-17T16:09:21.637121+00:00,"Run - Aug 17, 2026 at 21:38:16"
Q18,7,387.63270784468847,0.046511543206908236,0.046511543206908236,2026-08-17T16:09:21.660546+00:00,"Run - Aug 17, 2026 at 21:38:16"
Q19,7,402.5408809507404,0.048532027077875996,0.048532027077875996,2026-08-17T16:09:21.687840+00:00,"Run - Aug 17, 2026 at 21:38:16"
Q20,7,417.4490540567932,0.050552510948843776,0.050552510948843776,2026-08-17T16:09:21.715323+00:00,"Run - Aug 17, 2026 at 21:38:16"
Q21,7,432.35722716284573,0.052572994819811474,0.052572994819811474,2026-08-17T16:09:21.739953+00:00,"Run - Aug 17, 2026 at 21:38:16"
Q22,7,447.2654002688978,0.054593478690779206,0.054593478690779206,2026-08-17T16:09:21.765730+00:00,"Run - Aug 17, 2026 at 21:38:16"
Q23,7,462.1735733749506,0.05661396256174695,0.05661396256174695,2026-08-17T16:09:21.794968+00:00,"Run - Aug 17, 2026 at 21:38:16"
Q24,7,477.08174648100334,0.05863444643271474,0.05863444643271474,2026-08-17T16:09:21.820344+00:00,"Run - Aug 17, 2026 at 21:38:16"
Q25,7,492.0136042560242,0.06064977276847553,0.06064977276847553,2026-08-17T16:09:21.849736+00:00,"Run - Aug 17, 2026 at 21:38:16"
Q26,7,506.9224999100076,0.06267009534912069,0.06267009534912069,2026-08-17T16:09:21.879783+00:00,"Run - Aug 17, 2026 at 21:38:16"
Q27,7,521.80626579916,0.0646958980456179,0.0646958980456179,2026-08-17T16:09:21.905589+00:00,"Run - Aug 17, 2026 at 21:38:16"
Q28,7,536.7144389052131,0.0667163819165856,0.0667163819165856,2026-08-17T16:09:21.935516+00:00,"Run - Aug 17, 2026 at 21:38:16"
Q29,7,551.6226120112656,0.06873686578755346,0.06873686578755346,2026-08-17T16:09:22.029922+00:00,"Run - Aug 17, 2026 at 21:38:16"
Q30,7,566.5307851173176,0.07075734965852118,0.07075734965852118,2026-08-17T16:09:22.056434+00:00,"Run - Aug 17, 2026 at 21:38:16"
Q31,7,581.4389582233697,0.07277783352948888,0.07277783352948888,2026-08-17T16:09:22.084387+00:00,"Run - Aug 17, 2026 at 21:38:16"
Q32,7,596.37587383391,0.07479203083299163,0.07479203083299163,2026-08-17T16:09:22.111920+00:00,"Run - Aug 17, 2026 at 21:38:16"
Q33,7,611.2553044354752,0.07681880127142432,0.07681880127142432,2026-08-17T16:09:22.141466+00:00,"Run - Aug 17, 2026 at 21:38:16"
Q34,7,626.1634775415271,0.07883928514239219,0.07883928514239219,2026-08-17T16:09:22.167347+00:00,"Run - Aug 17, 2026 at 21:38:16"
Q35,7,641.0716506475792,0.08085976901335991,0.08085976901335991,2026-08-17T16:09:22.195727+00:00,"Run - Aug 17, 2026 at 21:38:16"
Q36,7,655.9798237536316,0.0828802528843276,0.0828802528843276,2026-08-17T16:09:22.224358+00:00,"Run - Aug 17, 2026 at 21:38:16"
Q37,7,670.920352103829,0.08489364373621745,0.08489364373621745,2026-08-17T16:09:22.260404+00:00,"Run - Aug 17, 2026 at 21:38:16"
Q38,7,685.7961699657372,0.08692122062626303,0.08692122062626303,2026-08-17T16:09:22.284628+00:00,"Run - Aug 17, 2026 at 21:38:16"
Q39,7,700.7043430717895,0.08894170449723084,0.08894170449723084,2026-08-17T16:09:22.315149+00:00,"Run - Aug 17, 2026 at 21:38:16"
Q40,7,715.6125161778423,0.0909621883681986,0.0909621883681986,2026-08-17T16:09:22.347482+00:00,"Run - Aug 17, 2026 at 21:38:16"
Q41,7,730.5206892838949,0.09298267223916629,0.09298267223916629,2026-08-17T16:09:22.387577+00:00,"Run - Aug 17, 2026 at 21:38:16"
Q42,7,745.4648303737482,0.09499525663944323,0.09499525663944323,2026-08-17T16:09:22.433143+00:00,"Run - Aug 17, 2026 at 21:38:16"
Q43,7,760.3737260277314,0.09701557922008852,0.09701557922008852,2026-08-17T16:09:22.460092+00:00,"Run - Aug 17, 2026 at 21:38:16"
Q44,7,775.2077955223879,0.0990523459034055,0.0990523459034055,2026-08-17T16:09:22.484941+00:00,"Run - Aug 17, 2026 at 21:38:16"
Q45,7,790.1533817081037,0.10106460772303724,0.10106460772303724,2026-08-17T16:09:22.510220+00:00,"Run - Aug 17, 2026 at 21:38:16"
Q46,7,805.0615548141562,0.10308509159400502,0.10308509159400502,2026-08-17T16:09:22.538995+00:00,"Run - Aug 17, 2026 at 21:38:16"
Q47,7,820.0093086436658,0.10509686954266904,0.10509686954266904,2026-08-17T16:09:22.571188+00:00,"Run - Aug 17, 2026 at 21:38:16"
Q48,7,834.8779010262616,0.10712605933594041,0.10712605933594041,2026-08-17T16:09:22.603418+00:00,"Run - Aug 17, 2026 at 21:38:16"
Q49,7,849.7860741323138,0.10914654320690821,0.10914654320690821,2026-08-17T16:09:22.627943+00:00,"Run - Aug 17, 2026 at 21:38:16"
Q50,7,864.652498871115,0.1111762168711474,0.1111762168711474,2026-08-17T16:09:22.657194+00:00,"Run - Aug 17, 2026 at 21:38:16"
Q51,7,879.6024203444186,0.11318751094884377,0.11318751094884377,2026-08-17T16:09:22.685476+00:00,"Run - Aug 17, 2026 at 21:38:16"
Q52,7,894.510593450471,0.11520799481981155,0.11520799481981155,2026-08-17T16:09:22.716126+00:00,"Run - Aug 17, 2026 at 21:38:16"
Q53,7,909.4187665565232,0.11722847869077926,0.11722847869077926,2026-08-17T16:09:22.749469+00:00,"Run - Aug 17, 2026 at 21:38:16"
Q54,7,924.326939662575,0.11924896256174698,0.11924896256174698,2026-08-17T16:09:22.778730+00:00,"Run - Aug 17, 2026 at 21:38:16"
Q55,7,939.235112768628,0.12126944643271474,0.12126944643271474,2026-08-17T16:09:22.802795+00:00,"Run - Aug 17, 2026 at 21:38:16"
Q56,7,954.1432858746801,0.12328993030368246,0.12328993030368246,2026-08-17T16:09:22.828281+00:00,"Run - Aug 17, 2026 at 21:38:16"
Q57,7,969.0514589807337,0.12531041417465016,0.12531041417465016,2026-08-17T16:09:22.855132+00:00,"Run - Aug 17, 2026 at 21:38:16"
Q58,7,983.9596320867862,0.12733089804561792,0.12733089804561792,2026-08-17T16:09:22.881208+00:00,"Run - Aug 17, 2026 at 21:38:16"
Q59,7,998.8678051928385,0.12935138191658566,0.12935138191658566,2026-08-17T16:09:22.906776+00:00,"Run - Aug 17, 2026 at 21:38:16"
Q60,7,1013.775978298891,0.1313718657875533,0.1313718657875533,2026-08-17T16:09:22.930627+00:00,"Run - Aug 17, 2026 at 21:38:16"
Q61,7,1028.684151404943,0.13339234965852131,0.13339234965852131,2026-08-17T16:09:22.954427+00:00,"Run - Aug 17, 2026 at 21:38:16"
Q62,7,1043.5923245109952,0.13541283352948896,0.13541283352948896,2026-08-17T16:09:22.980165+00:00,"Run - Aug 17, 2026 at 21:38:16"
Q63,7,1058.5004976170476,0.13743331740045672,0.13743331740045672,2026-08-17T16:09:23.005962+00:00,"Run - Aug 17, 2026 at 21:38:16"
Q64,7,1073.4086707230997,0.13945380127142448,0.13945380127142448,2026-08-17T16:09:23.033591+00:00,"Run - Aug 17, 2026 at 21:38:16"
Q65,7,1088.3168438291534,0.1414742851423922,0.1414742851423922,2026-08-17T16:09:23.058062+00:00,"Run - Aug 17, 2026 at 21:38:16"
Q66,7,1103.2250169352053,0.14349476901335986,0.14349476901335986,2026-08-17T16:09:23.083150+00:00,"Run - Aug 17, 2026 at 21:38:16"
Q67,7,1118.1331900412579,0.1455152528843275,0.1455152528843275,2026-08-17T16:09:23.107236+00:00,"Run - Aug 17, 2026 at 21:38:16"
Q68,7,1133.0413631473102,0.14753573675529535,0.14753573675529535,2026-08-17T16:09:23.132082+00:00,"Run - Aug 17, 2026 at 21:38:16"
Q69,7,1147.949536253362,0.14955622062626295,0.14955622062626295,2026-08-17T16:09:23.157842+00:00,"Run - Aug 17, 2026 at 21:38:16"
Q70,7,1162.9139086852924,0.1515642888975077,0.1515642888975077,2026-08-17T16:09:23.184394+00:00,"Run - Aug 17, 2026 at 21:38:16"
Q71,7,1177.7658824654666,0.15359718836819872,0.15359718836819872,2026-08-17T16:09:23.236558+00:00,"Run - Aug 17, 2026 at 21:38:16"
Q72,7,1192.6740555715194,0.15561767223916637,0.15561767223916637,2026-08-17T16:09:23.278616+00:00,"Run - Aug 17, 2026 at 21:38:16"
Q73,7,1207.5822286775713,0.15763815611013415,0.15763815611013415,2026-08-17T16:09:23.311440+00:00,"Run - Aug 17, 2026 at 21:38:16"
Q74,7,1222.4904017836254,0.15965863998110186,0.15965863998110186,2026-08-17T16:09:23.343918+00:00,"Run - Aug 17, 2026 at 21:38:16"
Q75,7,1237.4583869552127,0.1616659018007335,0.1616659018007335,2026-08-17T16:09:23.374555+00:00,"Run - Aug 17, 2026 at 21:38:16"
Q76,7,1252.3067479957306,0.16369960772303727,0.16369960772303727,2026-08-17T16:09:23.400678+00:00,"Run - Aug 17, 2026 at 21:38:16"
Q77,7,1267.214921101782,0.1657200915940051,0.1657200915940051,2026-08-17T16:09:23.425835+00:00,"Run - Aug 17, 2026 at 21:38:16"
Q78,7,1282.1230942078348,0.1677405754649727,0.1677405754649727,2026-08-17T16:09:23.458833+00:00,"Run - Aug 17, 2026 at 21:38:16"
Q79,7,1297.0939695711465,0.16974719212331418,0.16974719212331418,2026-08-17T16:09:23.483647+00:00,"Run - Aug 17, 2026 at 21:38:16"
Q80,7,1311.9394404199393,0.17178154320690833,0.17178154320690833,2026-08-17T16:09:23.506798+00:00,"Run - Aug 17, 2026 at 21:38:16"
Q81,7,1326.911760879114,0.1737878372846047,0.1737878372846047,2026-08-17T16:09:23.533668+00:00,"Run - Aug 17, 2026 at 21:38:16"
Q82,7,1341.7557866320433,0.1758225109488438,0.1758225109488438,2026-08-17T16:09:23.560695+00:00,"Run - Aug 17, 2026 at 21:38:16"
Q83,7,1356.663959738097,0.1778429948198116,0.1778429948198116,2026-08-17T16:09:23.586868+00:00,"Run - Aug 17, 2026 at 21:38:16"
Q84,7,1371.5721328441489,0.17986347869077934,0.17986347869077934,2026-08-17T16:09:23.612809+00:00,"Run - Aug 17, 2026 at 21:38:16"
Q85,7,1386.5473434950488,0.18186912760718527,0.18186912760718527,2026-08-17T16:09:23.639183+00:00,"Run - Aug 17, 2026 at 21:38:16"
Q86,7,1401.3884790562545,0.18390444643271467,0.18390444643271467,2026-08-17T16:09:23.663828+00:00,"Run - Aug 17, 2026 at 21:38:16"
Q87,7,1416.2966521623068,0.18592493030368243,0.18592493030368243,2026-08-17T16:09:23.688213+00:00,"Run - Aug 17, 2026 at 21:38:16"
Q88,7,1431.204825268358,0.18794541417465008,0.18794541417465008,2026-08-17T16:09:23.716536+00:00,"Run - Aug 17, 2026 at 21:38:16"
Q89,7,1446.1129983744115,0.1899658980456179,0.1899658980456179,2026-08-17T16:09:23.744953+00:00,"Run - Aug 17, 2026 at 21:38:16"
Q90,7,1461.0211714804632,0.19198638191658557,0.19198638191658557,2026-08-17T16:09:23.772569+00:00,"Run - Aug 17, 2026 at 21:38:16"
Q91,7,1475.9293445865173,0.19400686578755347,0.19400686578755347,2026-08-17T16:09:23.799780+00:00,"Run - Aug 17, 2026 at 21:38:16"
Q92,7,1490.8375176925676,0.1960273496585211,0.1960273496585211,2026-08-17T16:09:23.826916+00:00,"Run - Aug 17, 2026 at 21:38:16"
Q93,7,1505.7456907986218,0.19804783352948893,0.19804783352948893,2026-08-17T16:09:23.855967+00:00,"Run - Aug 17, 2026 at 21:38:16"
Q94,7,1520.7274043809027,0.20005203083299158,0.20005203083299158,2026-08-17T16:09:23.886360+00:00,"Run - Aug 17, 2026 at 21:38:16"
Q95,7,1535.487773986565,0.20210524912921182,0.20210524912921182,2026-08-17T16:09:23.912601+00:00,"Run - Aug 17, 2026 at 21:38:16"
Q96,7,1550.4702101167788,0.20410928514239235,0.20410928514239235,2026-08-17T16:09:23.937533+00:00,"Run - Aug 17, 2026 at 21:38:16"
Q97,7,1565.454091342854,0.20611299857492724,0.20611299857492724,2026-08-17T16:09:23.965450+00:00,"Run - Aug 17, 2026 at 21:38:16"
Q98,7,1580.3629869968374,0.2081333211555723,0.2081333211555723,2026-08-17T16:09:23.990470+00:00,"Run - Aug 17, 2026 at 21:38:16"
Q99,7,1595.1947294349347,0.21017073675529532,0.21017073675529532,2026-08-17T16:09:24.018702+00:00,"Run - Aug 17, 2026 at 21:38:16"
Q100,7,1610.1029025409887,0.21219122062626333,0.21219122062626333,2026-08-17T16:09:24.051312+00:00,"Run - Aug 17, 2026 at 21:38:16"
Q101,7,1625.0110756470406,0.21421170449723095,0.21421170449723095,2026-08-17T16:09:24.080256+00:00,"Run - Aug 17, 2026 at 21:38:16"
Q102,7,1639.919248753093,0.21623218836819874,0.21623218836819874,2026-08-17T16:09:24.107655+00:00,"Run - Aug 17, 2026 at 21:38:16"
Q103,7,1654.8274218591444,0.21825267223916645,0.21825267223916645,2026-08-17T16:09:24.133438+00:00,"Run - Aug 17, 2026 at 21:38:16"
Q104,7,1669.7355949651974,0.2202731561101342,0.2202731561101342,2026-08-17T16:09:24.160701+00:00,"Run - Aug 17, 2026 at 21:38:16"
Q105,7,1684.643768071252,0.22229363998110177,0.22229363998110177,2026-08-17T16:09:24.188142+00:00,"Run - Aug 17, 2026 at 21:38:16"
Q106,7,1699.5519411773012,0.2243141238520695,0.2243141238520695,2026-08-17T16:09:24.214908+00:00,"Run - Aug 17, 2026 at 21:38:16"
Q107,7,1714.4601142833558,0.22633460772303715,0.22633460772303715,2026-08-17T16:09:24.243294+00:00,"Run - Aug 17, 2026 at 21:38:16"
Q108,7,1729.3682873894059,0.22835509159400505,0.22835509159400505,2026-08-17T16:09:24.271406+00:00,"Run - Aug 17, 2026 at 21:38:16"
Q109,7,1744.27646049546,0.2303755754649727,0.2303755754649727,2026-08-17T16:09:24.297418+00:00,"Run - Aug 17, 2026 at 21:38:16"
Q110,7,1759.0995323583818,0.2324149265485668,0.2324149265485668,2026-08-17T16:09:24.324483+00:00,"Run - Aug 17, 2026 at 21:38:16"
Q111,7,1774.0928067075652,0.23441654320690816,0.23441654320690816,2026-08-17T16:09:24.351566+00:00,"Run - Aug 17, 2026 at 21:38:16"
Q112,7,1789.0009798136161,0.2364370270778759,0.2364370270778759,2026-08-17T16:09:24.377295+00:00,"Run - Aug 17, 2026 at 21:38:16"
Q113,7,1803.9091529196687,0.23845751094884365,0.23845751094884365,2026-08-17T16:09:24.403106+00:00,"Run - Aug 17, 2026 at 21:38:16"
Q114,7,1818.817326025723,0.24047799481981139,0.24047799481981139,2026-08-17T16:09:24.428688+00:00,"Run - Aug 17, 2026 at 21:38:16"
Q115,7,1833.7254991317736,0.24249847869077953,0.24249847869077953,2026-08-17T16:09:24.454765+00:00,"Run - Aug 17, 2026 at 21:38:16"
Q116,7,1848.6336722378278,0.2445189625617472,0.2445189625617472,2026-08-17T16:09:24.479512+00:00,"Run - Aug 17, 2026 at 21:38:16"
Q117,7,1863.5418453438774,0.2465394464327148,0.2465394464327148,2026-08-17T16:09:24.505019+00:00,"Run - Aug 17, 2026 at 21:38:16"
Q118,7,1878.4500184499332,0.24855993030368248,0.24855993030368248,2026-08-17T16:09:24.532014+00:00,"Run - Aug 17, 2026 at 21:38:16"
Q119,7,1893.358191555983,0.2505804141746503,0.2505804141746503,2026-08-17T16:09:24.558587+00:00,"Run - Aug 17, 2026 at 21:38:16"
Q120,7,1908.1740379395935,0.2526213781614702,0.2526213781614702,2026-08-17T16:09:24.584878+00:00,"Run - Aug 17, 2026 at 21:38:16"
Q121,7,1923.1745377680877,0.25462138191658584,0.25462138191658584,2026-08-17T16:09:24.610212+00:00,"Run - Aug 17, 2026 at 21:38:16"
Q122,7,1938.0827108741414,0.25664186578755355,0.25664186578755355,2026-08-17T16:09:24.636032+00:00,"Run - Aug 17, 2026 at 21:38:16"
Q123,7,1952.990883980195,0.2586623496585213,0.2586623496585213,2026-08-17T16:09:24.665012+00:00,"Run - Aug 17, 2026 at 21:38:16"
Q124,7,1967.8990570862454,0.26068283352948884,0.26068283352948884,2026-08-17T16:09:24.692224+00:00,"Run - Aug 17, 2026 at 21:38:16"
Q125,7,1982.8072301922994,0.2627033174004566,0.2627033174004566,2026-08-17T16:09:24.719104+00:00,"Run - Aug 17, 2026 at 21:38:16"
Q126,7,1997.7154032983517,0.26472380127142436,0.26472380127142436,2026-08-17T16:09:24.746518+00:00,"Run - Aug 17, 2026 at 21:38:16"
Q127,7,2012.7209609623674,0.266722675994282,0.266722675994282,2026-08-17T16:09:24.771437+00:00,"Run - Aug 17, 2026 at 21:38:16"
Q128,7,2027.5317495104543,0.2687647690133598,0.2687647690133598,2026-08-17T16:09:24.799181+00:00,"Run - Aug 17, 2026 at 21:38:16"
Q129,7,2042.4399226165094,0.2707852528843274,0.2707852528843274,2026-08-17T16:09:24.825155+00:00,"Run - Aug 17, 2026 at 21:38:16"
Q130,7,2057.348095722559,0.2728057367552951,0.2728057367552951,2026-08-17T16:09:24.850848+00:00,"Run - Aug 17, 2026 at 21:38:16"
Q131,7,2072.256268828613,0.27482622062626305,0.27482622062626305,2026-08-17T16:09:24.877003+00:00,"Run - Aug 17, 2026 at 21:38:16"
Q132,7,2087.0634446370473,0.2768691200969538,0.2768691200969538,2026-08-17T16:09:24.902821+00:00,"Run - Aug 17, 2026 at 21:38:16"
Q0,8,119.23200148516077,0.010153333842237617,0.010153333842237617,2026-08-17T16:09:30.081356+00:00,"Run - Aug 17, 2026 at 21:38:16"
Q1,8,134.139448354951,0.012174118730005906,0.012174118730005906,2026-08-17T16:09:30.107699+00:00,"Run - Aug 17, 2026 at 21:38:16"
Q2,8,149.04144990938983,0.014195993730005903,0.014195993730005903,2026-08-17T16:09:30.133064+00:00,"Run - Aug 17, 2026 at 21:38:16"
Q3,8,163.93590624355127,0.01621942759223762,0.01621942759223762,2026-08-17T16:09:30.159881+00:00,"Run - Aug 17, 2026 at 21:38:16"
Q4,8,178.8372078296815,0.018241458842237625,0.018241458842237625,2026-08-17T16:09:30.185789+00:00,"Run - Aug 17, 2026 at 21:38:16"
Q5,8,193.7385094158118,0.02026349009223761,0.02026349009223761,2026-08-17T16:09:30.218391+00:00,"Run - Aug 17, 2026 at 21:38:16"
Q6,8,208.639811001942,0.022285521342237605,0.022285521342237605,2026-08-17T16:09:30.247030+00:00,"Run - Aug 17, 2026 at 21:38:16"
Q7,8,223.54111258807217,0.02430755259223762,0.02430755259223762,2026-08-17T16:09:30.273669+00:00,"Run - Aug 17, 2026 at 21:38:16"
Q8,8,238.45345923602213,0.02632724373000591,0.02632724373000591,2026-08-17T16:09:30.300346+00:00,"Run - Aug 17, 2026 at 21:38:16"
Q9,8,253.35546079046057,0.028349118730005906,0.028349118730005906,2026-08-17T16:09:30.325679+00:00,"Run - Aug 17, 2026 at 21:38:16"
Q10,8,268.2325723480265,0.03037629895446935,0.03037629895446935,2026-08-17T16:09:30.351816+00:00,"Run - Aug 17, 2026 at 21:38:16"
Q11,8,283.15946389933794,0.03239286873000589,0.03239286873000589,2026-08-17T16:09:30.377755+00:00,"Run - Aug 17, 2026 at 21:38:16"
Q12,8,298.0476205187236,0.03441770884223765,0.03441770884223765,2026-08-17T16:09:30.407441+00:00,"Run - Aug 17, 2026 at 21:38:16"
Q13,8,312.9489221048533,0.036439740092237646,0.036439740092237646,2026-08-17T16:09:30.432702+00:00,"Run - Aug 17, 2026 at 21:38:16"
Q14,8,327.8349788193136,0.0384650489544693,0.0384650489544693,2026-08-17T16:09:30.459425+00:00,"Run - Aug 17, 2026 at 21:38:16"
Q15,8,342.7515252771141,0.040483802592237626,0.040483802592237626,2026-08-17T16:09:30.487565+00:00,"Run - Aug 17, 2026 at 21:38:16"
Q16,8,357.65282686324457,0.042505833842237606,0.042505833842237606,2026-08-17T16:09:30.512528+00:00,"Run - Aug 17, 2026 at 21:38:16"
Q17,8,372.55412844937445,0.04452786509223763,0.04452786509223763,2026-08-17T16:09:30.541269+00:00,"Run - Aug 17, 2026 at 21:38:16"
Q18,8,387.4554300355049,0.04654989634223759,0.04654989634223759,2026-08-17T16:09:30.568438+00:00,"Run - Aug 17, 2026 at 21:38:16"
Q19,8,402.35673162163465,0.04857192759223761,0.04857192759223761,2026-08-17T16:09:30.591981+00:00,"Run - Aug 17, 2026 at 21:38:16"
Q20,8,417.25803320776515,0.050593958842237635,0.050593958842237635,2026-08-17T16:09:30.618258+00:00,"Run - Aug 17, 2026 at 21:38:16"
Q21,8,432.1593347938955,0.0526159900922376,0.0526159900922376,2026-08-17T16:09:30.644528+00:00,"Run - Aug 17, 2026 at 21:38:16"
Q22,8,447.06063638002536,0.05463802134223759,0.05463802134223759,2026-08-17T16:09:30.673268+00:00,"Run - Aug 17, 2026 at 21:38:16"
Q23,8,461.961937966156,0.056660052592237595,0.056660052592237595,2026-08-17T16:09:30.702613+00:00,"Run - Aug 17, 2026 at 21:38:16"
Q24,8,476.86323955228653,0.05868208384223764,0.05868208384223764,2026-08-17T16:09:30.733573+00:00,"Run - Aug 17, 2026 at 21:38:16"
Q25,8,491.78748566147993,0.060699118730005906,0.060699118730005906,2026-08-17T16:09:30.760871+00:00,"Run - Aug 17, 2026 at 21:38:16"
Q26,8,506.6894872159183,0.06272099373000589,0.06272099373000589,2026-08-17T16:09:30.793355+00:00,"Run - Aug 17, 2026 at 21:38:16"
Q27,8,521.5671443106766,0.06474817759223758,0.06474817759223758,2026-08-17T16:09:30.822924+00:00,"Run - Aug 17, 2026 at 21:38:16"
Q28,8,536.4684458968076,0.06677020884223754,0.06677020884223754,2026-08-17T16:09:30.850815+00:00,"Run - Aug 17, 2026 at 21:38:16"
Q29,8,551.3697474829377,0.06879224009223764,0.06879224009223764,2026-08-17T16:09:30.878472+00:00,"Run - Aug 17, 2026 at 21:38:16"
Q30,8,566.2710490690677,0.07081427134223764,0.07081427134223764,2026-08-17T16:09:30.911719+00:00,"Run - Aug 17, 2026 at 21:38:16"
Q31,8,581.1723506551974,0.0728363025922376,0.0728363025922376,2026-08-17T16:09:30.938891+00:00,"Run - Aug 17, 2026 at 21:38:16"
Q32,8,596.1014965425502,0.07485224373000587,0.07485224373000587,2026-08-17T16:09:30.966574+00:00,"Run - Aug 17, 2026 at 21:38:16"
Q33,8,610.9749538274585,0.07688036509223754,0.07688036509223754,2026-08-17T16:09:30.993683+00:00,"Run - Aug 17, 2026 at 21:38:16"
Q34,8,625.8762554135882,0.07890239634223765,0.07890239634223765,2026-08-17T16:09:31.023711+00:00,"Run - Aug 17, 2026 at 21:38:16"
Q35,8,640.7775569997182,0.08092442759223765,0.08092442759223765,2026-08-17T16:09:31.057670+00:00,"Run - Aug 17, 2026 at 21:38:16"
Q36,8,655.6788585858484,0.0829464588422376,0.0829464588422376,2026-08-17T16:09:31.091439+00:00,"Run - Aug 17, 2026 at 21:38:16"
Q37,8,670.6115043147441,0.08496161873000589,0.08496161873000589,2026-08-17T16:09:31.120554+00:00,"Run - Aug 17, 2026 at 21:38:16"
Q38,8,685.4814617581095,0.08699052134223755,0.08699052134223755,2026-08-17T16:09:31.151110+00:00,"Run - Aug 17, 2026 at 21:38:16"
Q39,8,700.3827633442395,0.08901255259223761,0.08901255259223761,2026-08-17T16:09:31.179828+00:00,"Run - Aug 17, 2026 at 21:38:16"
Q40,8,715.2840649303702,0.09103458384223763,0.09103458384223763,2026-08-17T16:09:31.235245+00:00,"Run - Aug 17, 2026 at 21:38:16"
Q41,8,730.1853665165005,0.09305661509223757,0.09305661509223757,2026-08-17T16:09:31.269797+00:00,"Run - Aug 17, 2026 at 21:38:16"
Q42,8,745.121512086938,0.09507099373000585,0.09507099373000585,2026-08-17T16:09:31.300037+00:00,"Run - Aug 17, 2026 at 21:38:16"
Q43,8,760.0235136413761,0.097092868730006,0.097092868730006,2026-08-17T16:09:31.328510+00:00,"Run - Aug 17, 2026 at 21:38:16"
Q44,8,774.8530273539666,0.09913067395446933,0.09913067395446933,2026-08-17T16:09:31.359584+00:00,"Run - Aug 17, 2026 at 21:38:16"
Q45,8,789.7905728610206,0.10114474009223756,0.10114474009223756,2026-08-17T16:09:31.395485+00:00,"Run - Aug 17, 2026 at 21:38:16"
Q46,8,804.6918744471508,0.10316677134223759,0.10316677134223759,2026-08-17T16:09:31.422610+00:00,"Run - Aug 17, 2026 at 21:38:16"
Q47,8,819.6315198591303,0.10518036873000586,0.10518036873000586,2026-08-17T16:09:31.448512+00:00,"Run - Aug 17, 2026 at 21:38:16"
Q48,8,834.4944776194118,0.10721083384223752,0.10721083384223752,2026-08-17T16:09:31.477767+00:00,"Run - Aug 17, 2026 at 21:38:16"
Q49,8,849.395779205542,0.10923286509223756,0.10923286509223756,2026-08-17T16:09:31.505148+00:00,"Run - Aug 17, 2026 at 21:38:16"
Q50,8,864.2566370608974,0.11126379895446928,0.11126379895446928,2026-08-17T16:09:31.531377+00:00,"Run - Aug 17, 2026 at 21:38:16"
Q51,8,879.1983823778024,0.11327692759223763,0.11327692759223763,2026-08-17T16:09:31.560199+00:00,"Run - Aug 17, 2026 at 21:38:16"
Q52,8,894.0996839639324,0.11529895884223768,0.11529895884223768,2026-08-17T16:09:31.592156+00:00,"Run - Aug 17, 2026 at 21:38:16"
Q53,8,909.0009855500624,0.11732099009223765,0.11732099009223765,2026-08-17T16:09:31.622896+00:00,"Run - Aug 17, 2026 at 21:38:16"
Q54,8,923.9022871361921,0.11934302134223762,0.11934302134223762,2026-08-17T16:09:31.652942+00:00,"Run - Aug 17, 2026 at 21:38:16"
Q55,8,938.8035887223228,0.12136505259223763,0.12136505259223763,2026-08-17T16:09:31.680028+00:00,"Run - Aug 17, 2026 at 21:38:16"
Q56,8,953.7048903084528,0.12338708384223764,0.12338708384223764,2026-08-17T16:09:31.708163+00:00,"Run - Aug 17, 2026 at 21:38:16"
Q57,8,968.6061918945841,0.12540911509223757,0.12540911509223757,2026-08-17T16:09:31.734550+00:00,"Run - Aug 17, 2026 at 21:38:16"
Q58,8,983.5074934807145,0.1274311463422376,0.1274311463422376,2026-08-17T16:09:31.767741+00:00,"Run - Aug 17, 2026 at 21:38:16"
Q59,8,998.4087950668445,0.1294531775922376,0.1294531775922376,2026-08-17T16:09:31.797655+00:00,"Run - Aug 17, 2026 at 21:38:16"
Q60,8,1013.3100966529747,0.13147520884223748,0.13147520884223748,2026-08-17T16:09:31.827453+00:00,"Run - Aug 17, 2026 at 21:38:16"
Q61,8,1028.2113982391045,0.13349724009223773,0.13349724009223773,2026-08-17T16:09:31.854064+00:00,"Run - Aug 17, 2026 at 21:38:16"
Q62,8,1043.1126998252346,0.13551927134223768,0.13551927134223768,2026-08-17T16:09:31.883005+00:00,"Run - Aug 17, 2026 at 21:38:16"
Q63,8,1058.014001411365,0.1375413025922377,0.1375413025922377,2026-08-17T16:09:31.912268+00:00,"Run - Aug 17, 2026 at 21:38:16"
Q64,8,1072.915302997495,0.1395633338422377,0.1395633338422377,2026-08-17T16:09:31.945747+00:00,"Run - Aug 17, 2026 at 21:38:16"
Q65,8,1087.816604583626,0.14158536509223768,0.14158536509223768,2026-08-17T16:09:31.973781+00:00,"Run - Aug 17, 2026 at 21:38:16"
Q66,8,1102.717906169756,0.1436073963422376,0.1436073963422376,2026-08-17T16:09:32.001471+00:00,"Run - Aug 17, 2026 at 21:38:16"
Q67,8,1117.6192077558865,0.14562942759223751,0.14562942759223751,2026-08-17T16:09:32.028426+00:00,"Run - Aug 17, 2026 at 21:38:16"
Q68,8,1132.520509342016,0.1476514588422376,0.1476514588422376,2026-08-17T16:09:32.057231+00:00,"Run - Aug 17, 2026 at 21:38:16"
Q69,8,1147.421810928146,0.14967349009223746,0.14967349009223746,2026-08-17T16:09:32.086658+00:00,"Run - Aug 17, 2026 at 21:38:16"
Q70,8,1162.3775556112205,0.1516834937300058,0.1516834937300058,2026-08-17T16:09:32.131734+00:00,"Run - Aug 17, 2026 at 21:38:16"
Q71,8,1177.2244141004064,0.15371755259223777,0.15371755259223777,2026-08-17T16:09:32.162233+00:00,"Run - Aug 17, 2026 at 21:38:16"
Q72,8,1192.1257156865365,0.15573958384223768,0.15573958384223768,2026-08-17T16:09:32.192708+00:00,"Run - Aug 17, 2026 at 21:38:16"
Q73,8,1207.0270172726664,0.1577616150922377,0.1577616150922377,2026-08-17T16:09:32.221901+00:00,"Run - Aug 17, 2026 at 21:38:16"
Q74,8,1221.9283188587985,0.15978364634223766,0.15978364634223766,2026-08-17T16:09:32.250146+00:00,"Run - Aug 17, 2026 at 21:38:16"
Q75,8,1236.8875633834152,0.1617928687300058,0.1617928687300058,2026-08-17T16:09:32.278665+00:00,"Run - Aug 17, 2026 at 21:38:16"
Q76,8,1251.730922031059,0.16382770884223757,0.16382770884223757,2026-08-17T16:09:32.310877+00:00,"Run - Aug 17, 2026 at 21:38:16"
Q77,8,1266.6322236171884,0.16584974009223769,0.16584974009223769,2026-08-17T16:09:32.350092+00:00,"Run - Aug 17, 2026 at 21:38:16"
Q78,8,1281.5335252033192,0.16787177134223752,0.16787177134223752,2026-08-17T16:09:32.379160+00:00,"Run - Aug 17, 2026 at 21:38:16"
Q79,8,1296.4955696011689,0.16988036873000584,0.16988036873000584,2026-08-17T16:09:32.416405+00:00,"Run - Aug 17, 2026 at 21:38:16"
Q80,8,1311.336128375579,0.17191583384223771,0.17191583384223771,2026-08-17T16:09:32.444424+00:00,"Run - Aug 17, 2026 at 21:38:16"
Q81,8,1326.2995727100465,0.17392411873000604,0.17392411873000604,2026-08-17T16:09:32.471774+00:00,"Run - Aug 17, 2026 at 21:38:16"
Q82,8,1341.1387315478385,0.1759598963422377,0.1759598963422377,2026-08-17T16:09:32.497554+00:00,"Run - Aug 17, 2026 at 21:38:16"
Q83,8,1356.04003313397,0.17798192759223774,0.17798192759223774,2026-08-17T16:09:32.523608+00:00,"Run - Aug 17, 2026 at 21:38:16"
Q84,8,1370.9413347200998,0.18000395884223772,0.18000395884223772,2026-08-17T16:09:32.553858+00:00,"Run - Aug 17, 2026 at 21:38:16"
Q85,8,1385.9075789278013,0.18201161873000596,0.18201161873000596,2026-08-17T16:09:32.586570+00:00,"Run - Aug 17, 2026 at 21:38:16"
Q86,8,1400.743937892361,0.18404802134223755,0.18404802134223755,2026-08-17T16:09:32.620148+00:00,"Run - Aug 17, 2026 at 21:38:16"
Q87,8,1415.645239478491,0.18607005259223758,0.18607005259223758,2026-08-17T16:09:32.652509+00:00,"Run - Aug 17, 2026 at 21:38:16"
Q88,8,1430.5465410646202,0.18809208384223752,0.18809208384223752,2026-08-17T16:09:32.678676+00:00,"Run - Aug 17, 2026 at 21:38:16"
Q89,8,1445.4478426507512,0.19011411509223758,0.19011411509223758,2026-08-17T16:09:32.709615+00:00,"Run - Aug 17, 2026 at 21:38:16"
Q90,8,1460.3491442368809,0.19213614634223752,0.19213614634223752,2026-08-17T16:09:32.736644+00:00,"Run - Aug 17, 2026 at 21:38:16"
Q91,8,1475.2504458230128,0.19415817759223766,0.19415817759223766,2026-08-17T16:09:32.766204+00:00,"Run - Aug 17, 2026 at 21:38:16"
Q92,8,1490.151747409141,0.19618020884223755,0.19618020884223755,2026-08-17T16:09:32.795998+00:00,"Run - Aug 17, 2026 at 21:38:16"
Q93,8,1505.0530489952728,0.19820224009223764,0.19820224009223764,2026-08-17T16:09:32.826729+00:00,"Run - Aug 17, 2026 at 21:38:16"
Q94,8,1520.0255929177495,0.20020849373000582,0.20020849373000582,2026-08-17T16:09:32.861201+00:00,"Run - Aug 17, 2026 at 21:38:16"
Q95,8,1534.7837098628768,0.20226223645446917,0.20226223645446917,2026-08-17T16:09:32.892721+00:00,"Run - Aug 17, 2026 at 21:38:16"
Q96,8,1549.756953753663,0.2042683338422378,0.2042683338422378,2026-08-17T16:09:32.922805+00:00,"Run - Aug 17, 2026 at 21:38:16"
Q97,8,1564.7315975810654,0.20627411873000603,0.20627411873000603,2026-08-17T16:09:32.966203+00:00,"Run - Aug 17, 2026 at 21:38:16"
Q98,8,1579.633599135504,0.2082959937300059,0.2082959937300059,2026-08-17T16:09:33.001243+00:00,"Run - Aug 17, 2026 at 21:38:16"
Q99,8,1594.4608585120527,0.21033442759223758,0.21033442759223758,2026-08-17T16:09:33.028229+00:00,"Run - Aug 17, 2026 at 21:38:16"
Q100,8,1609.3621600981842,0.21235645884223783,0.21235645884223783,2026-08-17T16:09:33.115491+00:00,"Run - Aug 17, 2026 at 21:38:16"
Q101,8,1624.263461684314,0.21437849009223772,0.21437849009223772,2026-08-17T16:09:33.141002+00:00,"Run - Aug 17, 2026 at 21:38:16"
Q102,8,1639.1647632704442,0.21640052134223775,0.21640052134223775,2026-08-17T16:09:33.167822+00:00,"Run - Aug 17, 2026 at 21:38:16"
Q103,8,1654.0660648565731,0.21842255259223772,0.21842255259223772,2026-08-17T16:09:33.221259+00:00,"Run - Aug 17, 2026 at 21:38:16"
Q104,8,1668.9673664427041,0.22044458384223772,0.22044458384223772,2026-08-17T16:09:33.251989+00:00,"Run - Aug 17, 2026 at 21:38:16"
Q105,8,1683.8686680288365,0.22246661509223756,0.22246661509223756,2026-08-17T16:09:33.282171+00:00,"Run - Aug 17, 2026 at 21:38:16"
Q106,8,1698.7699696149639,0.22448864634223759,0.22448864634223759,2026-08-17T16:09:33.310666+00:00,"Run - Aug 17, 2026 at 21:38:16"
Q107,8,1713.6712712010958,0.2265106775922375,0.2265106775922375,2026-08-17T16:09:33.336886+00:00,"Run - Aug 17, 2026 at 21:38:16"
Q108,8,1728.5725727872239,0.22853270884223764,0.22853270884223764,2026-08-17T16:09:33.363461+00:00,"Run - Aug 17, 2026 at 21:38:16"
Q109,8,1743.473874373356,0.23055474009223753,0.23055474009223753,2026-08-17T16:09:33.389739+00:00,"Run - Aug 17, 2026 at 21:38:16"
Q110,8,1758.292734130203,0.2325950489544693,0.2325950489544693,2026-08-17T16:09:33.417142+00:00,"Run - Aug 17, 2026 at 21:38:16"
Q111,8,1773.2764775456164,0.2345988025922375,0.2345988025922375,2026-08-17T16:09:33.441910+00:00,"Run - Aug 17, 2026 at 21:38:16"
Q112,8,1788.1777791317454,0.2366208338422375,0.2366208338422375,2026-08-17T16:09:33.466711+00:00,"Run - Aug 17, 2026 at 21:38:16"
Q113,8,1803.079080717876,0.2386428650922375,0.2386428650922375,2026-08-17T16:09:33.492816+00:00,"Run - Aug 17, 2026 at 21:38:16"
Q114,8,1817.9803823040077,0.24066489634223753,0.24066489634223753,2026-08-17T16:09:33.517752+00:00,"Run - Aug 17, 2026 at 21:38:16"
Q115,8,1832.8816838901362,0.24268692759223792,0.24268692759223792,2026-08-17T16:09:33.545759+00:00,"Run - Aug 17, 2026 at 21:38:16"
Q116,8,1847.7829854762683,0.24470895884223787,0.24470895884223787,2026-08-17T16:09:33.572214+00:00,"Run - Aug 17, 2026 at 21:38:16"
Q117,8,1862.6842870623955,0.2467309900922377,0.2467309900922377,2026-08-17T16:09:33.598085+00:00,"Run - Aug 17, 2026 at 21:38:16"
Q118,8,1877.585588648529,0.24875302134223765,0.24875302134223765,2026-08-17T16:09:33.626901+00:00,"Run - Aug 17, 2026 at 21:38:16"
Q119,8,1892.4868902346568,0.25077505259223776,0.25077505259223776,2026-08-17T16:09:33.654174+00:00,"Run - Aug 17, 2026 at 21:38:16"
Q120,8,1907.2987503084216,0.2528169239544695,0.2528169239544695,2026-08-17T16:09:33.682715+00:00,"Run - Aug 17, 2026 at 21:38:16"
Q121,8,1922.289493406917,0.2548191150922378,0.2548191150922378,2026-08-17T16:09:33.708298+00:00,"Run - Aug 17, 2026 at 21:38:16"
Q122,8,1937.1907949930485,0.25684114634223776,0.25684114634223776,2026-08-17T16:09:33.734456+00:00,"Run - Aug 17, 2026 at 21:38:16"
Q123,8,1952.09209657918,0.25886317759223776,0.25886317759223776,2026-08-17T16:09:33.760124+00:00,"Run - Aug 17, 2026 at 21:38:16"
Q124,8,1966.993398165308,0.2608852088422376,0.2608852088422376,2026-08-17T16:09:33.785520+00:00,"Run - Aug 17, 2026 at 21:38:16"
Q125,8,1981.8946997514397,0.2629072400922376,0.2629072400922376,2026-08-17T16:09:33.815813+00:00,"Run - Aug 17, 2026 at 21:38:16"
Q126,8,1996.79600133757,0.2649292713422376,0.2649292713422376,2026-08-17T16:09:33.841195+00:00,"Run - Aug 17, 2026 at 21:38:16"
Q127,8,2011.7916442142273,0.2669303687300059,0.2669303687300059,2026-08-17T16:09:33.869523+00:00,"Run - Aug 17, 2026 at 21:38:16"
Q128,8,2026.5986045098282,0.26897333384223754,0.26897333384223754,2026-08-17T16:09:33.895915+00:00,"Run - Aug 17, 2026 at 21:38:16"
Q129,8,2041.499906095961,0.27099536509223743,0.27099536509223743,2026-08-17T16:09:33.920838+00:00,"Run - Aug 17, 2026 at 21:38:16"
Q130,8,2056.401207682088,0.2730173963422374,0.2730173963422374,2026-08-17T16:09:33.946677+00:00,"Run - Aug 17, 2026 at 21:38:16"
Q131,8,2071.30250926822,0.27503942759223754,0.27503942759223754,2026-08-17T16:09:33.972389+00:00,"Run - Aug 17, 2026 at 21:38:16"
Q132,8,2086.105969722283,0.2770831739544692,0.2770831739544692,2026-08-17T16:09:33.997918+00:00,"Run - Aug 17, 2026 at 21:38:16"
Q0,9,119.17121419106617,0.010165156186963141,0.010165156186963141,2026-08-17T16:09:38.842521+00:00,"Run - Aug 17, 2026 at 21:38:16"
Q1,9,134.0706864783285,0.012187735472071783,0.012187735472071783,2026-08-17T16:09:38.870706+00:00,"Run - Aug 17, 2026 at 21:38:16"
Q2,9,148.96487845979544,0.014211371835708147,0.014211371835708147,2026-08-17T16:09:38.898358+00:00,"Run - Aug 17, 2026 at 21:38:16"
Q3,9,163.8517538640238,0.01623651982332678,0.01623651982332678,2026-08-17T16:09:38.928217+00:00,"Run - Aug 17, 2026 at 21:38:16"
Q4,9,178.74526708834307,0.018260307702114665,0.018260307702114665,2026-08-17T16:09:38.956505+00:00,"Run - Aug 17, 2026 at 21:38:16"
Q5,9,193.63878031266242,0.02028409558090253,0.02028409558090253,2026-08-17T16:09:38.986058+00:00,"Run - Aug 17, 2026 at 21:38:16"
Q6,9,208.53229353698165,0.0223078834596904,0.0223078834596904,2026-08-17T16:09:39.013665+00:00,"Run - Aug 17, 2026 at 21:38:16"
Q7,9,223.42580676130086,0.024331671338478297,0.024331671338478297,2026-08-17T16:09:39.043373+00:00,"Run - Aug 17, 2026 at 21:38:16"
Q8,9,238.33003034859686,0.026353190017526337,0.026353190017526337,2026-08-17T16:09:39.073224+00:00,"Run - Aug 17, 2026 at 21:38:16"
Q9,9,253.22422233006347,0.028376826381162693,0.028376826381162693,2026-08-17T16:09:39.104867+00:00,"Run - Aug 17, 2026 at 21:38:16"
Q10,9,268.0942785569871,0.03040560720488482,0.03040560720488482,2026-08-17T16:09:39.133192+00:00,"Run - Aug 17, 2026 at 21:38:16"
Q11,9,283.01260629299725,0.032424099108435404,0.032424099108435404,2026-08-17T16:09:39.163057+00:00,"Run - Aug 17, 2026 at 21:38:16"
Q12,9,297.89337288289744,0.03445061073241772,0.03445061073241772,2026-08-17T16:09:39.220262+00:00,"Run - Aug 17, 2026 at 21:38:16"
Q13,9,312.7868861072162,0.03647439861120559,0.03647439861120559,2026-08-17T16:09:39.250331+00:00,"Run - Aug 17, 2026 at 21:38:16"
Q14,9,327.66561642567376,0.03850136478064235,0.03850136478064235,2026-08-17T16:09:39.284194+00:00,"Run - Aug 17, 2026 at 21:38:16"
Q15,9,342.57391255585515,0.040521974368781334,0.040521974368781334,2026-08-17T16:09:39.315071+00:00,"Run - Aug 17, 2026 at 21:38:16"
Q16,9,357.46742578017466,0.04254576224756919,0.04254576224756919,2026-08-17T16:09:39.346932+00:00,"Run - Aug 17, 2026 at 21:38:16"
Q17,9,372.3609390044936,0.0445695501263571,0.0445695501263571,2026-08-17T16:09:39.376340+00:00,"Run - Aug 17, 2026 at 21:38:16"
Q18,9,387.2544522288131,0.04659333800514494,0.04659333800514494,2026-08-17T16:09:39.406465+00:00,"Run - Aug 17, 2026 at 21:38:16"
Q19,9,402.1479654531319,0.04861712588393283,0.04861712588393283,2026-08-17T16:09:39.432234+00:00,"Run - Aug 17, 2026 at 21:38:16"
Q20,9,417.0414786774514,0.050640913762720736,0.050640913762720736,2026-08-17T16:09:39.460940+00:00,"Run - Aug 17, 2026 at 21:38:16"
Q21,9,431.93499190177073,0.052664701641508584,0.052664701641508584,2026-08-17T16:09:39.494617+00:00,"Run - Aug 17, 2026 at 21:38:16"
Q22,9,446.8285051260897,0.054688489520296445,0.054688489520296445,2026-08-17T16:09:39.524201+00:00,"Run - Aug 17, 2026 at 21:38:16"
Q23,9,461.72201835040937,0.05671227739908434,0.05671227739908434,2026-08-17T16:09:39.554412+00:00,"Run - Aug 17, 2026 at 21:38:16"
Q24,9,476.61553157472895,0.05873606527787225,0.05873606527787225,2026-08-17T16:09:39.581741+00:00,"Run - Aug 17, 2026 at 21:38:16"
Q25,9,491.53129403353375,0.06075500819934452,0.06075500819934452,2026-08-17T16:09:39.613219+00:00,"Run - Aug 17, 2026 at 21:38:16"
Q26,9,506.4254860150003,0.06277864456298086,0.06277864456298086,2026-08-17T16:09:39.644693+00:00,"Run - Aug 17, 2026 at 21:38:16"
Q27,9,521.2960712476862,0.06480742891423583,0.06480742891423583,2026-08-17T16:09:39.671390+00:00,"Run - Aug 17, 2026 at 21:38:16"
Q28,9,536.1895844720062,0.06683121679302367,0.06683121679302367,2026-08-17T16:09:39.700536+00:00,"Run - Aug 17, 2026 at 21:38:16"
Q29,9,551.0830976963254,0.06885500467181166,0.06885500467181166,2026-08-17T16:09:39.729278+00:00,"Run - Aug 17, 2026 at 21:38:16"
Q30,9,565.9766109206445,0.07087879255059952,0.07087879255059952,2026-08-17T16:09:39.757810+00:00,"Run - Aug 17, 2026 at 21:38:16"
Q31,9,580.8701241449633,0.07290258042938737,0.07290258042938737,2026-08-17T16:09:39.784857+00:00,"Run - Aug 17, 2026 at 21:38:16"
Q32,9,595.7906379038012,0.07492046274479904,0.07492046274479904,2026-08-17T16:09:39.812478+00:00,"Run - Aug 17, 2026 at 21:38:16"
Q33,9,610.6571505936023,0.07695015618696306,0.07695015618696306,2026-08-17T16:09:39.840459+00:00,"Run - Aug 17, 2026 at 21:38:16"
Q34,9,625.550663817921,0.07897394406575106,0.07897394406575106,2026-08-17T16:09:39.869649+00:00,"Run - Aug 17, 2026 at 21:38:16"
Q35,9,640.44417704224,0.08099773194453895,0.08099773194453895,2026-08-17T16:09:39.897188+00:00,"Run - Aug 17, 2026 at 21:38:16"
Q36,9,655.3376902665593,0.08302151982332676,0.08302151982332676,2026-08-17T16:09:39.925613+00:00,"Run - Aug 17, 2026 at 21:38:16"
Q37,9,670.2615978111361,0.08503864456298087,0.08503864456298087,2026-08-17T16:09:39.952043+00:00,"Run - Aug 17, 2026 at 21:38:16"
Q38,9,685.1247167151985,0.08706909558090248,0.08706909558090248,2026-08-17T16:09:39.986171+00:00,"Run - Aug 17, 2026 at 21:38:16"
Q39,9,700.0182299395176,0.08909288345969041,0.08909288345969041,2026-08-17T16:09:40.018556+00:00,"Run - Aug 17, 2026 at 21:38:16"
Q40,9,714.9117431638373,0.09111667133847831,0.09111667133847831,2026-08-17T16:09:40.046667+00:00,"Run - Aug 17, 2026 at 21:38:16"
Q41,9,729.8052563881566,0.09314045921726614,0.09314045921726614,2026-08-17T16:09:40.074768+00:00,"Run - Aug 17, 2026 at 21:38:16"
Q42,9,744.7325577184708,0.09515682638116263,0.09515682638116263,2026-08-17T16:09:40.101933+00:00,"Run - Aug 17, 2026 at 21:38:16"
Q43,9,759.6267496999371,0.09718046274479915,0.09718046274479915,2026-08-17T16:09:40.131290+00:00,"Run - Aug 17, 2026 at 21:38:16"
Q44,9,774.450650440824,0.0992195465988242,0.0992195465988242,2026-08-17T16:09:40.159952+00:00,"Run - Aug 17, 2026 at 21:38:16"
Q45,9,789.379309285433,0.10123561073241763,0.10123561073241763,2026-08-17T16:09:40.189413+00:00,"Run - Aug 17, 2026 at 21:38:16"
Q46,9,804.2728225097522,0.10325939861120555,0.10325939861120555,2026-08-17T16:09:40.214527+00:00,"Run - Aug 17, 2026 at 21:38:16"
Q47,9,819.2035176258042,0.10527500819934447,0.10527500819934447,2026-08-17T16:09:40.242389+00:00,"Run - Aug 17, 2026 at 21:38:16"
Q48,9,834.0598489583912,0.10730697436878123,0.10730697436878123,2026-08-17T16:09:40.272423+00:00,"Run - Aug 17, 2026 at 21:38:16"
Q49,9,848.9533621827104,0.10933076224756916,0.10933076224756916,2026-08-17T16:09:40.300049+00:00,"Run - Aug 17, 2026 at 21:38:16"
Q50,9,863.8076572438541,0.11136318296246052,0.11136318296246052,2026-08-17T16:09:40.328590+00:00,"Run - Aug 17, 2026 at 21:38:16"
Q51,9,878.740388631349,0.11337833800514496,0.11337833800514496,2026-08-17T16:09:40.355290+00:00,"Run - Aug 17, 2026 at 21:38:16"
Q52,9,893.633901855668,0.1154021258839329,0.1154021258839329,2026-08-17T16:09:40.381336+00:00,"Run - Aug 17, 2026 at 21:38:16"
Q53,9,908.527415079987,0.11742591376272075,0.11742591376272075,2026-08-17T16:09:40.410012+00:00,"Run - Aug 17, 2026 at 21:38:16"
Q54,9,923.4209283043058,0.11944970164150859,0.11944970164150859,2026-08-17T16:09:40.437715+00:00,"Run - Aug 17, 2026 at 21:38:16"
Q55,9,938.3144415286256,0.12147348952029648,0.12147348952029648,2026-08-17T16:09:40.465324+00:00,"Run - Aug 17, 2026 at 21:38:16"
Q56,9,953.2079547529447,0.12349727739908437,0.12349727739908437,2026-08-17T16:09:40.495048+00:00,"Run - Aug 17, 2026 at 21:38:16"
Q57,9,968.101467977265,0.12552106527787218,0.12552106527787218,2026-08-17T16:09:40.527043+00:00,"Run - Aug 17, 2026 at 21:38:16"
Q58,9,982.9949812015844,0.12754485315666006,0.12754485315666006,2026-08-17T16:09:40.556182+00:00,"Run - Aug 17, 2026 at 21:38:16"
Q59,9,997.8884944259034,0.129568641035448,0.129568641035448,2026-08-17T16:09:40.587441+00:00,"Run - Aug 17, 2026 at 21:38:16"
Q60,9,1012.7820076502227,0.13159242891423573,0.13159242891423573,2026-08-17T16:09:40.618223+00:00,"Run - Aug 17, 2026 at 21:38:16"
Q61,9,1027.6755208745417,0.13361621679302385,0.13361621679302385,2026-08-17T16:09:40.646820+00:00,"Run - Aug 17, 2026 at 21:38:16"
Q62,9,1042.5690340988608,0.1356400046718117,0.1356400046718117,2026-08-17T16:09:40.674807+00:00,"Run - Aug 17, 2026 at 21:38:16"
Q63,9,1057.4625473231802,0.1376637925505996,0.1376637925505996,2026-08-17T16:09:40.700363+00:00,"Run - Aug 17, 2026 at 21:38:16"
Q64,9,1072.3560605474993,0.13968758042938745,0.13968758042938745,2026-08-17T16:09:40.728179+00:00,"Run - Aug 17, 2026 at 21:38:16"
Q65,9,1087.2495737718193,0.14171136830817535,0.14171136830817535,2026-08-17T16:09:40.755263+00:00,"Run - Aug 17, 2026 at 21:38:16"
Q66,9,1102.1430869961382,0.14373515618696311,0.14373515618696311,2026-08-17T16:09:40.782332+00:00,"Run - Aug 17, 2026 at 21:38:16"
Q67,9,1117.0366002204578,0.1457589440657509,0.1457589440657509,2026-08-17T16:09:40.811849+00:00,"Run - Aug 17, 2026 at 21:38:16"
Q68,9,1131.9301134447767,0.1477827319445389,0.1477827319445389,2026-08-17T16:09:40.840680+00:00,"Run - Aug 17, 2026 at 21:38:16"
Q69,9,1146.8236266690956,0.14980651982332663,0.14980651982332663,2026-08-17T16:09:40.867643+00:00,"Run - Aug 17, 2026 at 21:38:16"
Q70,9,1161.7699331995427,0.15181864456298078,0.15181864456298078,2026-08-17T16:09:40.893875+00:00,"Run - Aug 17, 2026 at 21:38:16"
Q71,9,1176.6106531177338,0.15385409558090268,0.15385409558090268,2026-08-17T16:09:40.921729+00:00,"Run - Aug 17, 2026 at 21:38:16"
Q72,9,1191.5041663420527,0.15587788345969047,0.15587788345969047,2026-08-17T16:09:40.949888+00:00,"Run - Aug 17, 2026 at 21:38:16"
Q73,9,1206.3976795663718,0.15790167133847838,0.15790167133847838,2026-08-17T16:09:40.974937+00:00,"Run - Aug 17, 2026 at 21:38:16"
Q74,9,1221.291192790693,0.15992545921726622,0.15992545921726622,2026-08-17T16:09:41.002372+00:00,"Run - Aug 17, 2026 at 21:38:16"
Q75,9,1236.2408931068778,0.1619368263811626,0.1619368263811626,2026-08-17T16:09:41.032070+00:00,"Run - Aug 17, 2026 at 21:38:16"
Q76,9,1251.0782192393315,0.16397303497484186,0.16397303497484186,2026-08-17T16:09:41.060802+00:00,"Run - Aug 17, 2026 at 21:38:16"
Q77,9,1265.97173246365,0.1659968228536299,0.1659968228536299,2026-08-17T16:09:41.091929+00:00,"Run - Aug 17, 2026 at 21:38:16"
Q78,9,1280.8652456879697,0.16802061073241759,0.16802061073241759,2026-08-17T16:09:41.116814+00:00,"Run - Aug 17, 2026 at 21:38:16"
Q79,9,1295.8176610327444,0.17003137183570807,0.17003137183570807,2026-08-17T16:09:41.146165+00:00,"Run - Aug 17, 2026 at 21:38:16"
Q80,9,1310.6522721366077,0.17206818648999356,0.17206818648999356,2026-08-17T16:09:41.176507+00:00,"Run - Aug 17, 2026 at 21:38:16"
Q81,9,1325.6060449956783,0.174078644562981,0.174078644562981,2026-08-17T16:09:41.231327+00:00,"Run - Aug 17, 2026 at 21:38:16"
Q82,9,1340.4392985852453,0.17611576224756925,0.17611576224756925,2026-08-17T16:09:41.262533+00:00,"Run - Aug 17, 2026 at 21:38:16"
Q83,9,1355.3328118095658,0.1781395501263572,0.1781395501263572,2026-08-17T16:09:41.296701+00:00,"Run - Aug 17, 2026 at 21:38:16"
Q84,9,1370.2263250338847,0.18016333800514506,0.18016333800514506,2026-08-17T16:09:41.325325+00:00,"Run - Aug 17, 2026 at 21:38:16"
Q85,9,1385.182812921546,0.18217319001752635,0.18217319001752635,2026-08-17T16:09:41.358147+00:00,"Run - Aug 17, 2026 at 21:38:16"
Q86,9,1400.013351482524,0.18421091376272067,0.18421091376272067,2026-08-17T16:09:41.388977+00:00,"Run - Aug 17, 2026 at 21:38:16"
Q87,9,1414.9068647068432,0.18623470164150857,0.18623470164150857,2026-08-17T16:09:41.414247+00:00,"Run - Aug 17, 2026 at 21:38:16"
Q88,9,1429.8003779311614,0.18825848952029636,0.18825848952029636,2026-08-17T16:09:41.442429+00:00,"Run - Aug 17, 2026 at 21:38:16"
Q89,9,1444.6938911554814,0.19028227739908435,0.19028227739908435,2026-08-17T16:09:41.470847+00:00,"Run - Aug 17, 2026 at 21:38:16"
Q90,9,1459.5874043798,0.19230606527787214,0.19230606527787214,2026-08-17T16:09:41.504610+00:00,"Run - Aug 17, 2026 at 21:38:16"
Q91,9,1474.480917604121,0.19432985315666015,0.19432985315666015,2026-08-17T16:09:41.532987+00:00,"Run - Aug 17, 2026 at 21:38:16"
Q92,9,1489.3744308284386,0.19635364103544795,0.19635364103544795,2026-08-17T16:09:41.558869+00:00,"Run - Aug 17, 2026 at 21:38:16"
Q93,9,1504.2679440527593,0.1983774289142359,0.1983774289142359,2026-08-17T16:09:41.586801+00:00,"Run - Aug 17, 2026 at 21:38:16"
Q94,9,1519.2305407547478,0.2003859172902535,0.2003859172902535,2026-08-17T16:09:41.614719+00:00,"Run - Aug 17, 2026 at 21:38:16"
Q95,9,1533.9852082665793,0.20244045568973315,0.20244045568973315,2026-08-17T16:09:41.644334+00:00,"Run - Aug 17, 2026 at 21:38:16"
Q96,9,1548.9484837257166,0.2044487925505997,0.2044487925505997,2026-08-17T16:09:41.676598+00:00,"Run - Aug 17, 2026 at 21:38:16"
Q97,9,1563.9131166991483,0.2064568263811628,0.2064568263811628,2026-08-17T16:09:41.703806+00:00,"Run - Aug 17, 2026 at 21:38:16"
Q98,9,1578.807308680615,0.2084804627447991,0.2084804627447991,2026-08-17T16:09:41.730993+00:00,"Run - Aug 17, 2026 at 21:38:16"
Q99,9,1593.6290233986736,0.21052015618696313,0.21052015618696313,2026-08-17T16:09:41.760096+00:00,"Run - Aug 17, 2026 at 21:38:16"
Q100,9,1608.522536622994,0.21254394406575122,0.21254394406575122,2026-08-17T16:09:41.789697+00:00,"Run - Aug 17, 2026 at 21:38:16"
Q101,9,1623.416049847313,0.21456773194453901,0.21456773194453901,2026-08-17T16:09:41.818588+00:00,"Run - Aug 17, 2026 at 21:38:16"
Q102,9,1638.309563071632,0.21659151982332692,0.21659151982332692,2026-08-17T16:09:41.848085+00:00,"Run - Aug 17, 2026 at 21:38:16"
Q103,9,1653.2030762959503,0.21861530770211474,0.21861530770211474,2026-08-17T16:09:41.876461+00:00,"Run - Aug 17, 2026 at 21:38:16"
Q104,9,1668.0965895202698,0.22063909558090267,0.22063909558090267,2026-08-17T16:09:41.903009+00:00,"Run - Aug 17, 2026 at 21:38:16"
Q105,9,1682.9901027445912,0.22266288345969037,0.22266288345969037,2026-08-17T16:09:41.933477+00:00,"Run - Aug 17, 2026 at 21:38:16"
Q106,9,1697.8836159689076,0.22468667133847825,0.22468667133847825,2026-08-17T16:09:41.960444+00:00,"Run - Aug 17, 2026 at 21:38:16"
Q107,9,1712.7771291932286,0.2267104592172661,0.2267104592172661,2026-08-17T16:09:41.990449+00:00,"Run - Aug 17, 2026 at 21:38:16"
Q108,9,1727.6706424175459,0.22873424709605408,0.22873424709605408,2026-08-17T16:09:42.016994+00:00,"Run - Aug 17, 2026 at 21:38:16"
Q109,9,1742.5641556418668,0.23075803497484185,0.23075803497484185,2026-08-17T16:09:42.045741+00:00,"Run - Aug 17, 2026 at 21:38:16"
Q110,9,1757.3777252741538,0.2327995465988242,0.2327995465988242,2026-08-17T16:09:42.073333+00:00,"Run - Aug 17, 2026 at 21:38:16"
Q111,9,1772.3511820905055,0.2348056107324176,0.2348056107324176,2026-08-17T16:09:42.101980+00:00,"Run - Aug 17, 2026 at 21:38:16"
Q112,9,1787.2446953148235,0.23682939861120544,0.23682939861120544,2026-08-17T16:09:42.131655+00:00,"Run - Aug 17, 2026 at 21:38:16"
Q113,9,1802.138208539143,0.23885318648999335,0.23885318648999335,2026-08-17T16:09:42.161592+00:00,"Run - Aug 17, 2026 at 21:38:16"
Q114,9,1817.0317217634638,0.24087697436878125,0.24087697436878125,2026-08-17T16:09:42.191034+00:00,"Run - Aug 17, 2026 at 21:38:16"
Q115,9,1831.9252349877816,0.24290076224756948,0.24290076224756948,2026-08-17T16:09:42.217457+00:00,"Run - Aug 17, 2026 at 21:38:16"
Q116,9,1846.8187482121027,0.24492455012635736,0.24492455012635736,2026-08-17T16:09:42.250137+00:00,"Run - Aug 17, 2026 at 21:38:16"
Q117,9,1861.7122614364189,0.24694833800514504,0.24694833800514504,2026-08-17T16:09:42.280615+00:00,"Run - Aug 17, 2026 at 21:38:16"
Q118,9,1876.6057746607414,0.24897212588393286,0.24897212588393286,2026-08-17T16:09:42.310473+00:00,"Run - Aug 17, 2026 at 21:38:16"
Q119,9,1891.4992878850583,0.25099591376272085,0.25099591376272085,2026-08-17T16:09:42.340079+00:00,"Run - Aug 17, 2026 at 21:38:16"
Q120,9,1906.3060699458717,0.25303894053821824,0.25303894053821824,2026-08-17T16:09:42.374043+00:00,"Run - Aug 17, 2026 at 21:38:16"
Q121,9,1921.2863143336967,0.2550434895202967,0.2550434895202967,2026-08-17T16:09:42.403512+00:00,"Run - Aug 17, 2026 at 21:38:16"
Q122,9,1936.1798275580172,0.2570672773990845,0.2570672773990845,2026-08-17T16:09:42.434624+00:00,"Run - Aug 17, 2026 at 21:38:16"
Q123,9,1951.0733407823377,0.2590910652778724,0.2590910652778724,2026-08-17T16:09:42.464850+00:00,"Run - Aug 17, 2026 at 21:38:16"
Q124,9,1965.9668540066548,0.26111485315666005,0.26111485315666005,2026-08-17T16:09:42.492666+00:00,"Run - Aug 17, 2026 at 21:38:16"
Q125,9,1980.8603672309755,0.26313864103544793,0.26313864103544793,2026-08-17T16:09:42.523497+00:00,"Run - Aug 17, 2026 at 21:38:16"
Q126,9,1995.7538804552948,0.2651624289142358,0.2651624289142358,2026-08-17T16:09:42.551582+00:00,"Run - Aug 17, 2026 at 21:38:16"
Q127,9,2010.7388761431555,0.2671659172902537,0.2671659172902537,2026-08-17T16:09:42.579436+00:00,"Run - Aug 17, 2026 at 21:38:16"
Q128,9,2025.540906903931,0.26921000467181155,0.26921000467181155,2026-08-17T16:09:42.607213+00:00,"Run - Aug 17, 2026 at 21:38:16"
Q129,9,2040.434420128253,0.2712337925505993,0.2712337925505993,2026-08-17T16:09:42.634928+00:00,"Run - Aug 17, 2026 at 21:38:16"
Q130,9,2055.3279333525693,0.27325758042938714,0.27325758042938714,2026-08-17T16:09:42.666727+00:00,"Run - Aug 17, 2026 at 21:38:16"
Q131,9,2070.22144657689,0.2752813683081752,0.2752813683081752,2026-08-17T16:09:42.695531+00:00,"Run - Aug 17, 2026 at 21:38:16"
Q132,9,2085.020083551932,0.2773262132654907,0.2773262132654907,2026-08-17T16:09:42.724700+00:00,"Run - Aug 17, 2026 at 21:38:16"
Q0,10,119.10893880976897,0.01017721242558342,0.01017721242558342,2026-08-17T16:09:47.888216+00:00,"Run - Aug 17, 2026 at 21:38:16"
Q1,10,134.00026050430642,0.01220162761407122,0.01220162761407122,2026-08-17T16:09:47.913713+00:00,"Run - Aug 17, 2026 at 21:38:16"
Q2,10,148.8864571961601,0.014227068790541812,0.014227068790541812,2026-08-17T16:09:47.938989+00:00,"Run - Aug 17, 2026 at 21:38:16"
Q3,10,163.76555250422345,0.016253977131465775,0.016253977131465775,2026-08-17T16:09:47.965885+00:00,"Run - Aug 17, 2026 at 21:38:16"
Q4,10,178.65109040237502,0.0182795653667599,0.0182795653667599,2026-08-17T16:09:47.989842+00:00,"Run - Aug 17, 2026 at 21:38:16"
Q5,10,193.53662830052664,0.020305153602054007,0.020305153602054007,2026-08-17T16:09:48.018115+00:00,"Run - Aug 17, 2026 at 21:38:16"
Q6,10,208.42216619867813,0.022330741837348112,0.022330741837348112,2026-08-17T16:09:48.043673+00:00,"Run - Aug 17, 2026 at 21:38:16"
Q7,10,223.30770409682964,0.02435633007264225,0.02435633007264225,2026-08-17T16:09:48.069987+00:00,"Run - Aug 17, 2026 at 21:38:16"
Q8,10,238.20363734728213,0.02637971584936535,0.02637971584936535,2026-08-17T16:09:48.100027+00:00,"Run - Aug 17, 2026 at 21:38:16"
Q9,10,253.08983403913552,0.028405157025835927,0.028405157025835927,2026-08-17T16:09:48.125749+00:00,"Run - Aug 17, 2026 at 21:38:16"
Q10,10,267.9526048515795,0.03043559135474269,0.03043559135474269,2026-08-17T16:09:48.152574+00:00,"Run - Aug 17, 2026 at 21:38:16"
Q11,10,282.86222742284286,0.03245603937877709,0.03245603937877709,2026-08-17T16:09:48.174857+00:00,"Run - Aug 17, 2026 at 21:38:16"
Q12,10,297.7353935875876,0.034484271249112866,0.034484271249112866,2026-08-17T16:09:48.204559+00:00,"Run - Aug 17, 2026 at 21:38:16"
Q13,10,312.62093148573865,0.03650985948440697,0.03650985948440697,2026-08-17T16:09:48.231369+00:00,"Run - Aug 17, 2026 at 21:38:16"
Q14,10,327.49212126937744,0.03853853253121325,0.03853853253121325,2026-08-17T16:09:48.254424+00:00,"Run - Aug 17, 2026 at 21:38:16"
Q15,10,342.3920072820422,0.040561035954995196,0.040561035954995196,2026-08-17T16:09:48.280027+00:00,"Run - Aug 17, 2026 at 21:38:16"
Q16,10,357.27754518019395,0.04258662419028929,0.04258662419028929,2026-08-17T16:09:48.307373+00:00,"Run - Aug 17, 2026 at 21:38:16"
Q17,10,372.1630830783452,0.044612212425583435,0.044612212425583435,2026-08-17T16:09:48.333938+00:00,"Run - Aug 17, 2026 at 21:38:16"
Q18,10,387.048620976497,0.04663780066087752,0.04663780066087752,2026-08-17T16:09:48.382084+00:00,"Run - Aug 17, 2026 at 21:38:16"
Q19,10,401.93415887464806,0.048663388896171646,0.048663388896171646,2026-08-17T16:09:48.405803+00:00,"Run - Aug 17, 2026 at 21:38:16"
Q20,10,416.8196967727998,0.0506889771314658,0.0506889771314658,2026-08-17T16:09:48.431043+00:00,"Run - Aug 17, 2026 at 21:38:16"
Q21,10,431.7052346709514,0.05271456536675988,0.05271456536675988,2026-08-17T16:09:48.454186+00:00,"Run - Aug 17, 2026 at 21:38:16"
Q22,10,446.5907725691027,0.054740153602053976,0.054740153602053976,2026-08-17T16:09:48.478196+00:00,"Run - Aug 17, 2026 at 21:38:16"
Q23,10,461.4763104672546,0.056765741837348116,0.056765741837348116,2026-08-17T16:09:48.503075+00:00,"Run - Aug 17, 2026 at 21:38:16"
Q24,10,476.3618483654065,0.05879133007264227,0.05879133007264227,2026-08-17T16:09:48.528689+00:00,"Run - Aug 17, 2026 at 21:38:16"
Q25,10,491.268981108794,0.060812215849365345,0.060812215849365345,2026-08-17T16:09:48.555858+00:00,"Run - Aug 17, 2026 at 21:38:16"
Q26,10,506.15517780064727,0.06283765702583592,0.06283765702583592,2026-08-17T16:09:48.584058+00:00,"Run - Aug 17, 2026 at 21:38:16"
Q27,10,521.0184620598606,0.06486809477852455,0.06486809477852455,2026-08-17T16:09:48.608806+00:00,"Run - Aug 17, 2026 at 21:38:16"
Q28,10,535.903999958013,0.06689368301381864,0.06689368301381864,2026-08-17T16:09:48.634634+00:00,"Run - Aug 17, 2026 at 21:38:16"
Q29,10,550.7895378561643,0.06891927124911286,0.06891927124911286,2026-08-17T16:09:48.658565+00:00,"Run - Aug 17, 2026 at 21:38:16"
Q30,10,565.6750757543157,0.07094485948440696,0.07094485948440696,2026-08-17T16:09:48.686572+00:00,"Run - Aug 17, 2026 at 21:38:16"
Q31,10,580.5606136524668,0.07297044771970104,0.07297044771970104,2026-08-17T16:09:48.714729+00:00,"Run - Aug 17, 2026 at 21:38:16"
Q32,10,595.4723579517687,0.07499030408465944,0.07499030408465944,2026-08-17T16:09:48.740778+00:00,"Run - Aug 17, 2026 at 21:38:16"
Q33,10,610.3316894487702,0.07702162419028923,0.07702162419028923,2026-08-17T16:09:48.767122+00:00,"Run - Aug 17, 2026 at 21:38:16"
Q34,10,625.2172273469214,0.07904721242558346,0.07904721242558346,2026-08-17T16:09:48.790354+00:00,"Run - Aug 17, 2026 at 21:38:16"
Q35,10,640.1027652450726,0.08107280066087759,0.08107280066087759,2026-08-17T16:09:48.814408+00:00,"Run - Aug 17, 2026 at 21:38:16"
Q36,10,654.9883031432242,0.08309838889617163,0.08309838889617163,2026-08-17T16:09:48.839540+00:00,"Run - Aug 17, 2026 at 21:38:16"
Q37,10,669.9033414110374,0.0851175099670124,0.0851175099670124,2026-08-17T16:09:48.868452+00:00,"Run - Aug 17, 2026 at 21:38:16"
Q38,10,684.7593789395279,0.08714956536675984,0.08714956536675984,2026-08-17T16:09:48.893282+00:00,"Run - Aug 17, 2026 at 21:38:16"
Q39,10,699.6449168376794,0.089175153602054,0.089175153602054,2026-08-17T16:09:48.919903+00:00,"Run - Aug 17, 2026 at 21:38:16"
Q40,10,714.5304547358313,0.09120074183734814,0.09120074183734814,2026-08-17T16:09:48.948817+00:00,"Run - Aug 17, 2026 at 21:38:16"
Q41,10,729.4159926339829,0.09322633007264222,0.09322633007264222,2026-08-17T16:09:48.971763+00:00,"Run - Aug 17, 2026 at 21:38:16"
Q42,10,744.3343248703061,0.09524471584936528,0.09524471584936528,2026-08-17T16:09:49.000529+00:00,"Run - Aug 17, 2026 at 21:38:16"
Q43,10,759.2205215621592,0.09727015702583601,0.09727015702583601,2026-08-17T16:09:49.029102+00:00,"Run - Aug 17, 2026 at 21:38:16"
Q44,10,774.0384944028617,0.09931059135474268,0.09931059135474268,2026-08-17T16:09:49.054935+00:00,"Run - Aug 17, 2026 at 21:38:16"
Q45,10,788.9581442265885,0.10132868301381866,0.10132868301381866,2026-08-17T16:09:49.080460+00:00,"Run - Aug 17, 2026 at 21:38:16"
Q46,10,803.8436821247401,0.10335427124911281,0.10335427124911281,2026-08-17T16:09:49.104870+00:00,"Run - Aug 17, 2026 at 21:38:16"
Q47,10,818.7653083295734,0.10537192173171826,0.10537192173171826,2026-08-17T16:09:49.127020+00:00,"Run - Aug 17, 2026 at 21:38:16"
Q48,10,833.6147579210434,0.10740544771970097,0.10740544771970097,2026-08-17T16:09:49.152789+00:00,"Run - Aug 17, 2026 at 21:38:16"
Q49,10,848.500295819195,0.10943103595499515,0.10943103595499515,2026-08-17T16:09:49.181210+00:00,"Run - Aug 17, 2026 at 21:38:16"
Q50,10,863.3477690295585,0.11146500311944853,0.11146500311944853,2026-08-17T16:09:49.231771+00:00,"Run - Aug 17, 2026 at 21:38:16"
Q51,10,878.2713716154981,0.11348221242558343,0.11348221242558343,2026-08-17T16:09:49.260783+00:00,"Run - Aug 17, 2026 at 21:38:16"
Q52,10,893.1569095136495,0.1155078006608776,0.1155078006608776,2026-08-17T16:09:49.287302+00:00,"Run - Aug 17, 2026 at 21:38:16"
Q53,10,908.0424474118008,0.11753338889617171,0.11753338889617171,2026-08-17T16:09:49.317870+00:00,"Run - Aug 17, 2026 at 21:38:16"
Q54,10,922.9279853099517,0.11955897713146578,0.11955897713146578,2026-08-17T16:09:49.346308+00:00,"Run - Aug 17, 2026 at 21:38:16"
Q55,10,937.8135232081039,0.12158456536675988,0.12158456536675988,2026-08-17T16:09:49.371446+00:00,"Run - Aug 17, 2026 at 21:38:16"
Q56,10,952.6990611062553,0.12361015360205405,0.12361015360205405,2026-08-17T16:09:49.397120+00:00,"Run - Aug 17, 2026 at 21:38:16"
Q57,10,967.5845990044079,0.12563574183734807,0.12563574183734807,2026-08-17T16:09:49.423075+00:00,"Run - Aug 17, 2026 at 21:38:16"
Q58,10,982.4701369025594,0.1276613300726422,0.1276613300726422,2026-08-17T16:09:49.445003+00:00,"Run - Aug 17, 2026 at 21:38:16"
Q59,10,997.3556748007109,0.12968691830793636,0.12968691830793636,2026-08-17T16:09:49.469986+00:00,"Run - Aug 17, 2026 at 21:38:16"
Q60,10,1012.2412126988623,0.13171250654323036,0.13171250654323036,2026-08-17T16:09:49.496159+00:00,"Run - Aug 17, 2026 at 21:38:16"
Q61,10,1027.1267505970136,0.13373809477852466,0.13373809477852466,2026-08-17T16:09:49.522496+00:00,"Run - Aug 17, 2026 at 21:38:16"
Q62,10,1042.0122884951652,0.1357636830138188,0.1357636830138188,2026-08-17T16:09:49.548299+00:00,"Run - Aug 17, 2026 at 21:38:16"
Q63,10,1056.8978263933168,0.13778927124911292,0.13778927124911292,2026-08-17T16:09:49.573901+00:00,"Run - Aug 17, 2026 at 21:38:16"
Q64,10,1071.7833642914682,0.139814859484407,0.139814859484407,2026-08-17T16:09:49.607435+00:00,"Run - Aug 17, 2026 at 21:38:16"
Q65,10,1086.6689021896204,0.14184044771970117,0.14184044771970117,2026-08-17T16:09:49.635736+00:00,"Run - Aug 17, 2026 at 21:38:16"
Q66,10,1101.5544400877716,0.14386603595499517,0.14386603595499517,2026-08-17T16:09:49.660806+00:00,"Run - Aug 17, 2026 at 21:38:16"
Q67,10,1116.4399779859236,0.1458916241902892,0.1458916241902892,2026-08-17T16:09:49.688084+00:00,"Run - Aug 17, 2026 at 21:38:16"
Q68,10,1131.3255158840748,0.14791721242558342,0.14791721242558342,2026-08-17T16:09:49.715626+00:00,"Run - Aug 17, 2026 at 21:38:16"
Q69,10,1146.211053782226,0.1499428006608774,0.1499428006608774,2026-08-17T16:09:49.746274+00:00,"Run - Aug 17, 2026 at 21:38:16"
Q70,10,1161.1478322422074,0.1519570687905417,0.1519570687905417,2026-08-17T16:09:49.777017+00:00,"Run - Aug 17, 2026 at 21:38:16"
Q71,10,1175.9821295785284,0.15399397713146595,0.15399397713146595,2026-08-17T16:09:49.808102+00:00,"Run - Aug 17, 2026 at 21:38:16"
Q72,10,1190.8676674766798,0.15601956536675995,0.15601956536675995,2026-08-17T16:09:49.837584+00:00,"Run - Aug 17, 2026 at 21:38:16"
Q73,10,1205.753205374831,0.15804515360205407,0.15804515360205407,2026-08-17T16:09:49.863411+00:00,"Run - Aug 17, 2026 at 21:38:16"
Q74,10,1220.6387432729844,0.1600707418373482,0.1600707418373482,2026-08-17T16:09:49.894071+00:00,"Run - Aug 17, 2026 at 21:38:16"
Q75,10,1235.5788157014763,0.16208427467289466,0.16208427467289466,2026-08-17T16:09:49.920069+00:00,"Run - Aug 17, 2026 at 21:38:16"
Q76,10,1250.4098190692876,0.16412191830793632,0.16412191830793632,2026-08-17T16:09:49.949876+00:00,"Run - Aug 17, 2026 at 21:38:16"
Q77,10,1265.2953569674382,0.16614750654323057,0.16614750654323057,2026-08-17T16:09:49.976243+00:00,"Run - Aug 17, 2026 at 21:38:16"
Q78,10,1280.1808948655905,0.16817309477852452,0.16817309477852452,2026-08-17T16:09:50.000480+00:00,"Run - Aug 17, 2026 at 21:38:16"
Q79,10,1295.1236024688897,0.17018603937877702,0.17018603937877702,2026-08-17T16:09:50.031044+00:00,"Run - Aug 17, 2026 at 21:38:16"
Q80,10,1309.951970661893,0.17222427124911296,0.17222427124911296,2026-08-17T16:09:50.058106+00:00,"Run - Aug 17, 2026 at 21:38:16"
Q81,10,1324.8959958525975,0.1742369217317184,0.1742369217317184,2026-08-17T16:09:50.082826+00:00,"Run - Aug 17, 2026 at 21:38:16"
Q82,10,1339.7230464581953,0.1762754477197011,0.1762754477197011,2026-08-17T16:09:50.108312+00:00,"Run - Aug 17, 2026 at 21:38:16"
Q83,10,1354.6085843563478,0.17830103595499533,0.17830103595499533,2026-08-17T16:09:50.133743+00:00,"Run - Aug 17, 2026 at 21:38:16"
Q84,10,1369.4941222544992,0.18032662419028941,0.18032662419028941,2026-08-17T16:09:50.174371+00:00,"Run - Aug 17, 2026 at 21:38:16"
Q85,10,1384.440782620012,0.18233868643760065,0.18233868643760065,2026-08-17T16:09:50.216443+00:00,"Run - Aug 17, 2026 at 21:38:16"
Q86,10,1399.265198050803,0.1843778006608775,0.1843778006608775,2026-08-17T16:09:50.259526+00:00,"Run - Aug 17, 2026 at 21:38:16"
Q87,10,1414.1507359489544,0.18640338889617164,0.18640338889617164,2026-08-17T16:09:50.300660+00:00,"Run - Aug 17, 2026 at 21:38:16"
Q88,10,1429.0362738471051,0.18842897713146567,0.18842897713146567,2026-08-17T16:09:50.343636+00:00,"Run - Aug 17, 2026 at 21:38:16"
Q89,10,1443.9218117452572,0.1904545653667599,0.1904545653667599,2026-08-17T16:09:50.388688+00:00,"Run - Aug 17, 2026 at 21:38:16"
Q90,10,1458.8073496434083,0.19248015360205392,0.19248015360205392,2026-08-17T16:09:50.430409+00:00,"Run - Aug 17, 2026 at 21:38:16"
Q91,10,1473.6928875415615,0.19450574183734815,0.19450574183734815,2026-08-17T16:09:50.468260+00:00,"Run - Aug 17, 2026 at 21:38:16"
Q92,10,1488.5784254397113,0.1965313300726422,0.1965313300726422,2026-08-17T16:09:50.507049+00:00,"Run - Aug 17, 2026 at 21:38:16"
Q93,10,1503.4639633378642,0.1985569183079364,0.1985569183079364,2026-08-17T16:09:50.541382+00:00,"Run - Aug 17, 2026 at 21:38:16"
Q94,10,1518.416552846695,0.20056765702583582,0.20056765702583582,2026-08-17T16:09:50.575472+00:00,"Run - Aug 17, 2026 at 21:38:16"
Q95,10,1533.1673287297847,0.20262309135474257,0.20262309135474257,2026-08-17T16:09:50.614266+00:00,"Run - Aug 17, 2026 at 21:38:16"
Q96,10,1548.1205770323186,0.2046336830138189,0.2046336830138189,2026-08-17T16:09:50.651327+00:00,"Run - Aug 17, 2026 at 21:38:16"
Q97,10,1563.0751429222557,0.2066439805552478,0.2066439805552478,2026-08-17T16:09:50.687612+00:00,"Run - Aug 17, 2026 at 21:38:16"
Q98,10,1577.9613396141092,0.20866942173171832,0.20866942173171832,2026-08-17T16:09:50.724490+00:00,"Run - Aug 17, 2026 at 21:38:16"
Q99,10,1592.7771907267725,0.21071044771970104,0.21071044771970104,2026-08-17T16:09:50.761108+00:00,"Run - Aug 17, 2026 at 21:38:16"
Q100,10,1607.6627286249252,0.21273603595499538,0.21273603595499538,2026-08-17T16:09:50.797415+00:00,"Run - Aug 17, 2026 at 21:38:16"
Q101,10,1622.548266523076,0.21476162419028944,0.21476162419028944,2026-08-17T16:09:50.831927+00:00,"Run - Aug 17, 2026 at 21:38:16"
Q102,10,1637.4338044212277,0.21678721242558358,0.21678721242558358,2026-08-17T16:09:50.867938+00:00,"Run - Aug 17, 2026 at 21:38:16"
Q103,10,1652.3193423193782,0.2188128006608776,0.2188128006608776,2026-08-17T16:09:50.905760+00:00,"Run - Aug 17, 2026 at 21:38:16"
Q104,10,1667.2048802175298,0.2208383888961718,0.2208383888961718,2026-08-17T16:09:50.940827+00:00,"Run - Aug 17, 2026 at 21:38:16"
Q105,10,1682.0904181156834,0.22286397713146572,0.22286397713146572,2026-08-17T16:09:50.975215+00:00,"Run - Aug 17, 2026 at 21:38:16"
Q106,10,1696.9759560138323,0.22488956536675986,0.22488956536675986,2026-08-17T16:09:51.011264+00:00,"Run - Aug 17, 2026 at 21:38:16"
Q107,10,1711.8614939119852,0.22691515360205394,0.22691515360205394,2026-08-17T16:09:51.048277+00:00,"Run - Aug 17, 2026 at 21:38:16"
Q108,10,1726.747031810135,0.22894074183734817,0.22894074183734817,2026-08-17T16:09:51.083003+00:00,"Run - Aug 17, 2026 at 21:38:16"
Q109,10,1741.6325697082884,0.23096633007264214,0.23096633007264214,2026-08-17T16:09:51.121590+00:00,"Run - Aug 17, 2026 at 21:38:16"
Q110,10,1756.4405152965262,0.2330091207665074,0.2330091207665074,2026-08-17T16:09:51.159786+00:00,"Run - Aug 17, 2026 at 21:38:16"
Q111,10,1771.4036455045916,0.2350175065432304,0.2350175065432304,2026-08-17T16:09:51.197117+00:00,"Run - Aug 17, 2026 at 21:38:16"
Q112,10,1786.2891834027419,0.23704309477852448,0.23704309477852448,2026-08-17T16:09:51.282517+00:00,"Run - Aug 17, 2026 at 21:38:16"
Q113,10,1801.1747213008937,0.23906868301381862,0.23906868301381862,2026-08-17T16:09:51.347540+00:00,"Run - Aug 17, 2026 at 21:38:16"
Q114,10,1816.0602591990466,0.24109427124911273,0.24109427124911273,2026-08-17T16:09:51.392350+00:00,"Run - Aug 17, 2026 at 21:38:16"
Q115,10,1830.9457970971966,0.24311985948440723,0.24311985948440723,2026-08-17T16:09:51.431747+00:00,"Run - Aug 17, 2026 at 21:38:16"
Q116,10,1845.83133499535,0.24514544771970137,0.24514544771970137,2026-08-17T16:09:51.471052+00:00,"Run - Aug 17, 2026 at 21:38:16"
Q117,10,1860.7168728934987,0.2471710359549953,0.2471710359549953,2026-08-17T16:09:51.506151+00:00,"Run - Aug 17, 2026 at 21:38:16"
Q118,10,1875.6024107916535,0.24919662419028932,0.24919662419028932,2026-08-17T16:09:51.540457+00:00,"Run - Aug 17, 2026 at 21:38:16"
Q119,10,1890.4879486898026,0.2512222124255835,0.2512222124255835,2026-08-17T16:09:51.574551+00:00,"Run - Aug 17, 2026 at 21:38:16"
Q120,10,1905.289306341022,0.25326647370768396,0.25326647370768396,2026-08-17T16:09:51.613513+00:00,"Run - Aug 17, 2026 at 21:38:16"
Q121,10,1920.2590244861055,0.2552733888961719,0.2552733888961719,2026-08-17T16:09:51.660842+00:00,"Run - Aug 17, 2026 at 21:38:16"
Q122,10,1935.1445623842583,0.25729897713146593,0.25729897713146593,2026-08-17T16:09:51.697643+00:00,"Run - Aug 17, 2026 at 21:38:16"
Q123,10,1950.0301002824108,0.2593245653667601,0.2593245653667601,2026-08-17T16:09:51.734884+00:00,"Run - Aug 17, 2026 at 21:38:16"
Q124,10,1964.9156381805606,0.261350153602054,0.261350153602054,2026-08-17T16:09:51.776486+00:00,"Run - Aug 17, 2026 at 21:38:16"
Q125,10,1979.8011760787135,0.2633757418373481,0.2633757418373481,2026-08-17T16:09:51.811263+00:00,"Run - Aug 17, 2026 at 21:38:16"
Q126,10,1994.6867139768651,0.26540133007264216,0.26540133007264216,2026-08-17T16:09:51.848233+00:00,"Run - Aug 17, 2026 at 21:38:16"
Q127,10,2009.6610436778656,0.26740721584936544,0.26740721584936544,2026-08-17T16:09:51.885209+00:00,"Run - Aug 17, 2026 at 21:38:16"
Q128,10,2024.457789773166,0.26945250654323044,0.26945250654323044,2026-08-17T16:09:51.924058+00:00,"Run - Aug 17, 2026 at 21:38:16"
Q129,10,2039.34332767132,0.2714780947785244,0.2714780947785244,2026-08-17T16:09:51.957763+00:00,"Run - Aug 17, 2026 at 21:38:16"
Q130,10,2054.228865569469,0.27350368301381844,0.27350368301381844,2026-08-17T16:09:51.992153+00:00,"Run - Aug 17, 2026 at 21:38:16"
Q131,10,2069.1144034676217,0.27552927124911275,0.27552927124911275,2026-08-17T16:09:52.030123+00:00,"Run - Aug 17, 2026 at 21:38:16"
Q132,10,2083.9078555944166,0.27757529723709545,0.27757529723709545,2026-08-17T16:09:52.065706+00:00,"Run - Aug 17, 2026 at 21:38:16"
Q0,11,119.06999782374291,0.01018468347397095,0.01018468347397095,2026-08-17T16:09:57.959583+00:00,"Run - Aug 17, 2026 at 21:38:16"
Q1,11,133.9561715939339,0.012210258228501955,0.012210258228501955,2026-08-17T16:09:58.020282+00:00,"Run - Aug 17, 2026 at 21:38:16"
Q2,11,148.8373667900892,0.014236829657073386,0.014236829657073386,2026-08-17T16:09:58.089338+00:00,"Run - Aug 17, 2026 at 21:38:16"
Q3,11,163.71166349913386,0.016264826331113806,0.016264826331113806,2026-08-17T16:09:58.143020+00:00,"Run - Aug 17, 2026 at 21:38:16"
Q4,11,178.63698249618486,0.018282432597676767,0.018282432597676767,2026-08-17T16:09:58.196408+00:00,"Run - Aug 17, 2026 at 21:38:16"
Q5,11,193.4727739493947,0.02031825490254237,0.02031825490254237,2026-08-17T16:09:58.247373+00:00,"Run - Aug 17, 2026 at 21:38:16"
Q6,11,208.29232456853498,0.02235752904762278,0.02235752904762278,2026-08-17T16:09:58.302946+00:00,"Run - Aug 17, 2026 at 21:38:16"
Q7,11,223.1684666125458,0.024385243333337085,0.024385243333337085,2026-08-17T16:09:58.354626+00:00,"Run - Aug 17, 2026 at 21:38:16"
Q8,11,238.12453796702093,0.026396258228501963,0.026396258228501963,2026-08-17T16:09:58.388070+00:00,"Run - Aug 17, 2026 at 21:38:16"
Q9,11,253.00573316317593,0.028422829657073382,0.028422829657073382,2026-08-17T16:09:58.416710+00:00,"Run - Aug 17, 2026 at 21:38:16"
Q10,11,267.78551446029377,0.03047081143594895,0.03047081143594895,2026-08-17T16:09:58.445113+00:00,"Run - Aug 17, 2026 at 21:38:16"
Q11,11,282.7681235554865,0.03247597251421623,0.03247597251421623,2026-08-17T16:09:58.474413+00:00,"Run - Aug 17, 2026 at 21:38:16"
Q12,11,297.63666052530743,0.034505254902542415,0.034505254902542415,2026-08-17T16:09:58.505430+00:00,"Run - Aug 17, 2026 at 21:38:16"
Q13,11,312.51721575043734,0.036531969188256685,0.036531969188256685,2026-08-17T16:09:58.535615+00:00,"Run - Aug 17, 2026 at 21:38:16"
Q14,11,327.38383280718386,0.03856168014801135,0.03856168014801135,2026-08-17T16:09:58.566215+00:00,"Run - Aug 17, 2026 at 21:38:16"
Q15,11,342.27832620069853,0.04058539775968525,0.04058539775968525,2026-08-17T16:09:58.597283+00:00,"Run - Aug 17, 2026 at 21:38:16"
Q16,11,357.05374500864394,0.042634671904765636,0.042634671904765636,2026-08-17T16:09:58.624238+00:00,"Run - Aug 17, 2026 at 21:38:16"
Q17,11,372.0394366509592,0.04463882633111382,0.04463882633111382,2026-08-17T16:09:58.652089+00:00,"Run - Aug 17, 2026 at 21:38:16"
Q18,11,386.9199918760898,0.04666554061682807,0.04666554061682807,2026-08-17T16:09:58.681483+00:00,"Run - Aug 17, 2026 at 21:38:16"
Q19,11,401.6821711406761,0.0487178147619085,0.0487178147619085,2026-08-17T16:09:58.711689+00:00,"Run - Aug 17, 2026 at 21:38:16"
Q20,11,416.786480283123,0.050696146883391066,0.050696146883391066,2026-08-17T16:09:58.741802+00:00,"Run - Aug 17, 2026 at 21:38:16"
Q21,11,431.4344552286981,0.05277324333333707,0.05277324333333707,2026-08-17T16:09:58.774411+00:00,"Run - Aug 17, 2026 at 21:38:16"
Q22,11,446.55516750649,0.054747861169105294,0.054747861169105294,2026-08-17T16:09:58.807279+00:00,"Run - Aug 17, 2026 at 21:38:16"
Q23,11,461.3227680017416,0.05679911204539951,0.05679911204539951,2026-08-17T16:09:58.841235+00:00,"Run - Aug 17, 2026 at 21:38:16"
Q24,11,476.20332322687227,0.058825826331113835,0.058825826331113835,2026-08-17T16:09:58.874478+00:00,"Run - Aug 17, 2026 at 21:38:16"
Q25,11,491.10485630166033,0.06084797251421625,0.06084797251421625,2026-08-17T16:09:58.905301+00:00,"Run - Aug 17, 2026 at 21:38:16"
Q26,11,506.1141597739078,0.06284657878077919,0.06284657878077919,2026-08-17T16:09:58.935585+00:00,"Run - Aug 17, 2026 at 21:38:16"
Q27,11,520.6913074927631,0.06493952904762276,0.06493952904762276,2026-08-17T16:09:58.965644+00:00,"Run - Aug 17, 2026 at 21:38:16"
Q28,11,535.725544127394,0.06693268347397087,0.06693268347397087,2026-08-17T16:09:58.996011+00:00,"Run - Aug 17, 2026 at 21:38:16"
Q29,11,550.6060993525241,0.06895939775968526,0.06895939775968526,2026-08-17T16:09:59.028248+00:00,"Run - Aug 17, 2026 at 21:38:16"
Q30,11,565.4866545776545,0.07098611204539952,0.07098611204539952,2026-08-17T16:09:59.056981+00:00,"Run - Aug 17, 2026 at 21:38:16"
Q31,11,580.3672098027845,0.07301282633111379,0.07301282633111379,2026-08-17T16:09:59.089641+00:00,"Run - Aug 17, 2026 at 21:38:16"
Q32,11,595.2732226747464,0.07503397251421622,0.07503397251421622,2026-08-17T16:09:59.123528+00:00,"Run - Aug 17, 2026 at 21:38:16"
Q33,11,610.1283202530454,0.0770662549025423,0.0770662549025423,2026-08-17T16:09:59.159189+00:00,"Run - Aug 17, 2026 at 21:38:16"
Q34,11,625.0088754781754,0.0790929691882567,0.0790929691882567,2026-08-17T16:09:59.227511+00:00,"Run - Aug 17, 2026 at 21:38:16"
Q35,11,639.8894307033055,0.081119683473971,0.081119683473971,2026-08-17T16:09:59.264689+00:00,"Run - Aug 17, 2026 at 21:38:16"
Q36,11,654.5765858888606,0.08318895761905135,0.08318895761905135,2026-08-17T16:09:59.303674+00:00,"Run - Aug 17, 2026 at 21:38:16"
Q37,11,669.4813854348284,0.08521038951643951,0.08521038951643951,2026-08-17T16:09:59.342592+00:00,"Run - Aug 17, 2026 at 21:38:16"
Q38,11,684.5310963786973,0.08719982633111376,0.08719982633111376,2026-08-17T16:09:59.380574+00:00,"Run - Aug 17, 2026 at 21:38:16"
Q39,11,699.4116516038274,0.08922654061682808,0.08922654061682808,2026-08-17T16:09:59.421070+00:00,"Run - Aug 17, 2026 at 21:38:16"
Q40,11,714.2922068289583,0.0912532549025424,0.0912532549025424,2026-08-17T16:09:59.451806+00:00,"Run - Aug 17, 2026 at 21:38:16"
Q41,11,729.1727620540886,0.09327996918825664,0.09327996918825664,2026-08-17T16:09:59.482841+00:00,"Run - Aug 17, 2026 at 21:38:16"
Q42,11,744.0851746363,0.09529968679993046,0.09529968679993046,2026-08-17T16:09:59.516654+00:00,"Run - Aug 17, 2026 at 21:38:16"
Q43,11,758.9663698324549,0.09732625822850204,0.09732625822850204,2026-08-17T16:09:59.549353+00:00,"Run - Aug 17, 2026 at 21:38:16"
Q44,11,773.7812904303489,0.09936739443372566,0.09936739443372566,2026-08-17T16:09:59.583196+00:00,"Run - Aug 17, 2026 at 21:38:16"
Q45,11,788.6949829546096,0.10138682633111375,0.10138682633111375,2026-08-17T16:09:59.615660+00:00,"Run - Aug 17, 2026 at 21:38:16"
Q46,11,803.7794141868975,0.10336843259767674,0.10336843259767674,2026-08-17T16:09:59.646341+00:00,"Run - Aug 17, 2026 at 21:38:16"
Q47,11,818.4911506170755,0.10543254394278764,0.10543254394278764,2026-08-17T16:09:59.679436+00:00,"Run - Aug 17, 2026 at 21:38:16"
Q48,11,833.3366486300009,0.10746696918825657,0.10746696918825657,2026-08-17T16:09:59.710347+00:00,"Run - Aug 17, 2026 at 21:38:16"
Q49,11,848.2172038551313,0.1094936834739709,0.1094936834739709,2026-08-17T16:09:59.757806+00:00,"Run - Aug 17, 2026 at 21:38:16"
Q50,11,863.0607819549821,0.11152853729086848,0.11152853729086848,2026-08-17T16:09:59.793608+00:00,"Run - Aug 17, 2026 at 21:38:16"
Q51,11,877.7187165490242,0.11360467190476567,0.11360467190476567,2026-08-17T16:09:59.827851+00:00,"Run - Aug 17, 2026 at 21:38:16"
Q52,11,892.8588695305223,0.11557382633111388,0.11557382633111388,2026-08-17T16:09:59.865153+00:00,"Run - Aug 17, 2026 at 21:38:16"
Q53,11,907.7394247556525,0.11760054061682812,0.11760054061682812,2026-08-17T16:09:59.898069+00:00,"Run - Aug 17, 2026 at 21:38:16"
Q54,11,922.5813257806395,0.11963584959990003,0.11963584959990003,2026-08-17T16:09:59.933482+00:00,"Run - Aug 17, 2026 at 21:38:16"
Q55,11,937.5005352059131,0.12165396918825666,0.12165396918825666,2026-08-17T16:09:59.965437+00:00,"Run - Aug 17, 2026 at 21:38:16"
Q56,11,952.3810904310436,0.12368068347397099,0.12368068347397099,2026-08-17T16:09:59.998400+00:00,"Run - Aug 17, 2026 at 21:38:16"
Q57,11,967.2616456561747,0.12570739775968515,0.12570739775968515,2026-08-17T16:10:00.040332+00:00,"Run - Aug 17, 2026 at 21:38:16"
Q58,11,981.8517108571007,0.1277986719047656,0.1277986719047656,2026-08-17T16:10:00.072879+00:00,"Run - Aug 17, 2026 at 21:38:16"
Q59,11,997.2758811387853,0.12970457545481962,0.12970457545481962,2026-08-17T16:10:00.106087+00:00,"Run - Aug 17, 2026 at 21:38:16"
Q60,11,1011.9033113315658,0.131787540616828,0.131787540616828,2026-08-17T16:10:00.138166+00:00,"Run - Aug 17, 2026 at 21:38:16"
Q61,11,1026.783866556696,0.13381425490254242,0.13381425490254242,2026-08-17T16:10:00.170074+00:00,"Run - Aug 17, 2026 at 21:38:16"
Q62,11,1041.620769225153,0.13585070674275726,0.13585070674275726,2026-08-17T16:10:00.200475+00:00,"Run - Aug 17, 2026 at 21:38:16"
Q63,11,1056.5449770069567,0.13786768347397105,0.13786768347397105,2026-08-17T16:10:00.231172+00:00,"Run - Aug 17, 2026 at 21:38:16"
Q64,11,1071.4255322320869,0.1398943977596853,0.1398943977596853,2026-08-17T16:10:00.260788+00:00,"Run - Aug 17, 2026 at 21:38:16"
Q65,11,1086.306087457218,0.1419211120453996,0.1419211120453996,2026-08-17T16:10:00.289562+00:00,"Run - Aug 17, 2026 at 21:38:16"
Q66,11,1101.1866426823483,0.14394782633111378,0.14394782633111378,2026-08-17T16:10:00.320397+00:00,"Run - Aug 17, 2026 at 21:38:16"
Q67,11,1116.0671979074787,0.145974540616828,0.145974540616828,2026-08-17T16:10:00.359208+00:00,"Run - Aug 17, 2026 at 21:38:16"
Q68,11,1130.9477531326086,0.14800125490254237,0.14800125490254237,2026-08-17T16:10:00.396519+00:00,"Run - Aug 17, 2026 at 21:38:16"
Q69,11,1145.828308357739,0.1500279691882565,0.1500279691882565,2026-08-17T16:10:00.426281+00:00,"Run - Aug 17, 2026 at 21:38:16"
Q70,11,1160.758640128647,0.1520436867999304,0.1520436867999304,2026-08-17T16:10:00.460622+00:00,"Run - Aug 17, 2026 at 21:38:16"
Q71,11,1175.5894188079992,0.1540813977596854,0.1540813977596854,2026-08-17T16:10:00.490770+00:00,"Run - Aug 17, 2026 at 21:38:16"
Q72,11,1190.4699740331291,0.15610811204539957,0.15610811204539957,2026-08-17T16:10:00.523198+00:00,"Run - Aug 17, 2026 at 21:38:16"
Q73,11,1204.993841517262,0.15821438619048003,0.15821438619048003,2026-08-17T16:10:00.554565+00:00,"Run - Aug 17, 2026 at 21:38:16"
Q74,11,1220.5410353140403,0.16009243259767683,0.16009243259767683,2026-08-17T16:10:00.587264+00:00,"Run - Aug 17, 2026 at 21:38:16"
Q75,11,1235.1646161094238,0.16217654394278758,0.16217654394278758,2026-08-17T16:10:00.618892+00:00,"Run - Aug 17, 2026 at 21:38:16"
Q76,11,1249.9921949336524,0.16421496918825662,0.16421496918825662,2026-08-17T16:10:00.649999+00:00,"Run - Aug 17, 2026 at 21:38:16"
Q77,11,1264.4984096933067,0.1663252433333372,0.1663252433333372,2026-08-17T16:10:00.678907+00:00,"Run - Aug 17, 2026 at 21:38:16"
Q78,11,1280.0784097607745,0.16819586116910523,0.16819586116910523,2026-08-17T16:10:00.706398+00:00,"Run - Aug 17, 2026 at 21:38:16"
Q79,11,1294.6893968940437,0.17028282965707328,0.17028282965707328,2026-08-17T16:10:00.736916+00:00,"Run - Aug 17, 2026 at 21:38:16"
Q80,11,1309.1268358253394,0.17240838619048007,0.17240838619048007,2026-08-17T16:10:00.770347+00:00,"Run - Aug 17, 2026 at 21:38:16"
Q81,11,1324.7882568228763,0.17426086449506506,0.17426086449506506,2026-08-17T16:10:00.802504+00:00,"Run - Aug 17, 2026 at 21:38:16"
Q82,11,1339.275526284433,0.1763752549025424,0.1763752549025424,2026-08-17T16:10:00.831663+00:00,"Run - Aug 17, 2026 at 21:38:16"
Q83,11,1353.7552619573723,0.17849152904762292,0.17849152904762292,2026-08-17T16:10:00.862743+00:00,"Run - Aug 17, 2026 at 21:38:16"
Q84,11,1369.0366367346944,0.18042868347397104,0.18042868347397104,2026-08-17T16:10:00.890739+00:00,"Run - Aug 17, 2026 at 21:38:16"
Q85,11,1383.9765680709759,0.182442258228502,0.182442258228502,2026-08-17T16:10:00.922880+00:00,"Run - Aug 17, 2026 at 21:38:16"
Q86,11,1398.7977471849558,0.1844821120453995,0.1844821120453995,2026-08-17T16:10:00.952975+00:00,"Run - Aug 17, 2026 at 21:38:16"
Q87,11,1413.6783024100862,0.1865088263311138,0.1865088263311138,2026-08-17T16:10:00.983990+00:00,"Run - Aug 17, 2026 at 21:38:16"
Q88,11,1428.135972177426,0.18863010047619413,0.18863010047619413,2026-08-17T16:10:01.013355+00:00,"Run - Aug 17, 2026 at 21:38:16"
Q89,11,1443.4394128603465,0.1905622549025424,0.1905622549025424,2026-08-17T16:10:01.042789+00:00,"Run - Aug 17, 2026 at 21:38:16"
Q90,11,1457.8882562654478,0.1926855290476227,0.1926855290476227,2026-08-17T16:10:01.074450+00:00,"Run - Aug 17, 2026 at 21:38:16"
Q91,11,1473.2005233106088,0.19461568347397096,0.19461568347397096,2026-08-17T16:10:01.105385+00:00,"Run - Aug 17, 2026 at 21:38:16"
Q92,11,1488.0186821420766,0.19665642102847145,0.19665642102847145,2026-08-17T16:10:01.137667+00:00,"Run - Aug 17, 2026 at 21:38:16"
Q93,11,1503.3435639360296,0.19858371831196253,0.19858371831196253,2026-08-17T16:10:01.167340+00:00,"Run - Aug 17, 2026 at 21:38:16"
Q94,11,1517.4579602918664,0.20078196094501083,0.20078196094501083,2026-08-17T16:10:01.223991+00:00,"Run - Aug 17, 2026 at 21:38:16"
Q95,11,1532.6569683897294,0.2027371087194398,0.2027371087194398,2026-08-17T16:10:01.258117+00:00,"Run - Aug 17, 2026 at 21:38:16"
Q96,11,1547.60329943626,0.20474925490254256,0.20474925490254256,2026-08-17T16:10:01.298808+00:00,"Run - Aug 17, 2026 at 21:38:16"
Q97,11,1562.5509104248388,0.20676111537135922,0.20676111537135922,2026-08-17T16:10:01.343243+00:00,"Run - Aug 17, 2026 at 21:38:16"
Q98,11,1577.4321056209942,0.20878768679993057,0.20878768679993057,2026-08-17T16:10:01.380410+00:00,"Run - Aug 17, 2026 at 21:38:16"
Q99,11,1592.2449651116501,0.2108293977596852,0.2108293977596852,2026-08-17T16:10:01.423536+00:00,"Run - Aug 17, 2026 at 21:38:16"
Q100,11,1607.1255203367816,0.21285611204539973,0.21285611204539973,2026-08-17T16:10:01.454057+00:00,"Run - Aug 17, 2026 at 21:38:16"
Q101,11,1622.0060755619115,0.21488282633111394,0.21488282633111394,2026-08-17T16:10:01.483588+00:00,"Run - Aug 17, 2026 at 21:38:16"
Q102,11,1636.8866307870417,0.2169095406168282,0.2169095406168282,2026-08-17T16:10:01.514693+00:00,"Run - Aug 17, 2026 at 21:38:16"
Q103,11,1651.7671860121711,0.21893625490254243,0.21893625490254243,2026-08-17T16:10:01.545146+00:00,"Run - Aug 17, 2026 at 21:38:16"
Q104,11,1667.0713436645483,0.2208681468833912,0.2208681468833912,2026-08-17T16:10:01.575171+00:00,"Run - Aug 17, 2026 at 21:38:16"
Q105,11,1681.528296462434,0.2229896834739709,0.2229896834739709,2026-08-17T16:10:01.607372+00:00,"Run - Aug 17, 2026 at 21:38:16"
Q106,11,1695.906528969621,0.2251289576190513,0.2251289576190513,2026-08-17T16:10:01.641401+00:00,"Run - Aug 17, 2026 at 21:38:16"
Q107,11,1711.2894069126935,0.22704311204539945,0.22704311204539945,2026-08-17T16:10:01.673355+00:00,"Run - Aug 17, 2026 at 21:38:16"
Q108,11,1726.169962137822,0.22906982633111386,0.22906982633111386,2026-08-17T16:10:01.707295+00:00,"Run - Aug 17, 2026 at 21:38:16"
Q109,11,1741.0505173629542,0.231096540616828,0.231096540616828,2026-08-17T16:10:01.748280+00:00,"Run - Aug 17, 2026 at 21:38:16"
Q110,11,1755.8556972013114,0.2331399658622971,0.2331399658622971,2026-08-17T16:10:01.789178+00:00,"Run - Aug 17, 2026 at 21:38:16"
Q111,11,1770.8116278132152,0.2351499691882566,0.2351499691882566,2026-08-17T16:10:01.818548+00:00,"Run - Aug 17, 2026 at 21:38:16"
Q112,11,1785.6921830383444,0.23717668347397078,0.23717668347397078,2026-08-17T16:10:01.848032+00:00,"Run - Aug 17, 2026 at 21:38:16"
Q113,11,1801.0304361697008,0.23910086116910523,0.23910086116910523,2026-08-17T16:10:01.884330+00:00,"Run - Aug 17, 2026 at 21:38:16"
Q114,11,1814.9156653217096,0.24135067190476553,0.24135067190476553,2026-08-17T16:10:01.917677+00:00,"Run - Aug 17, 2026 at 21:38:16"
Q115,11,1829.791807365719,0.24337838619048024,0.24337838619048024,2026-08-17T16:10:01.955845+00:00,"Run - Aug 17, 2026 at 21:38:16"
Q116,11,1845.2144039388677,0.2452835406168284,0.2452835406168284,2026-08-17T16:10:01.985902+00:00,"Run - Aug 17, 2026 at 21:38:16"
Q117,11,1859.5440914537398,0.24743381476190857,0.24743381476190857,2026-08-17T16:10:02.015164+00:00,"Run - Aug 17, 2026 at 21:38:16"
Q118,11,1874.9755143891289,0.24933696918825668,0.24933696918825668,2026-08-17T16:10:02.048464+00:00,"Run - Aug 17, 2026 at 21:38:16"
Q119,11,1890.3364978398022,0.2512560040262483,0.2512560040262483,2026-08-17T16:10:02.080278+00:00,"Run - Aug 17, 2026 at 21:38:16"
Q120,11,1904.090742488753,0.25353509715023476,0.25353509715023476,2026-08-17T16:10:02.111220+00:00,"Run - Aug 17, 2026 at 21:38:16"
Q121,11,1919.048659629784,0.25554467190476593,0.25554467190476593,2026-08-17T16:10:02.142315+00:00,"Run - Aug 17, 2026 at 21:38:16"
Q122,11,1933.9248016737959,0.25757238619048006,0.25757238619048006,2026-08-17T16:10:02.173336+00:00,"Run - Aug 17, 2026 at 21:38:16"
Q123,11,1949.2965254895669,0.25948899245704304,0.25948899245704304,2026-08-17T16:10:02.207552+00:00,"Run - Aug 17, 2026 at 21:38:16"
Q124,11,1964.258845739909,0.26149725490254233,0.26149725490254233,2026-08-17T16:10:02.238254+00:00,"Run - Aug 17, 2026 at 21:38:16"
Q125,11,1979.1394009650403,0.2635239691882566,0.2635239691882566,2026-08-17T16:10:02.273422+00:00,"Run - Aug 17, 2026 at 21:38:16"
Q126,11,1994.0199561901711,0.26555068347397087,0.26555068347397087,2026-08-17T16:10:02.304959+00:00,"Run - Aug 17, 2026 at 21:38:16"
Q127,11,2008.9867663094974,0.26755825822850204,0.26755825822850204,2026-08-17T16:10:02.335310+00:00,"Run - Aug 17, 2026 at 21:38:16"
Q128,11,2023.1816539378597,0.2697386719047657,0.2697386719047657,2026-08-17T16:10:02.369031+00:00,"Run - Aug 17, 2026 at 21:38:16"
Q129,11,2038.057795981873,0.27176638619047977,0.27176638619047977,2026-08-17T16:10:02.402371+00:00,"Run - Aug 17, 2026 at 21:38:16"
Q130,11,2053.5421770906905,0.27365754061682784,0.27365754061682784,2026-08-17T16:10:02.440551+00:00,"Run - Aug 17, 2026 at 21:38:16"
Q131,11,2068.4227323158216,0.2756842549025423,0.2756842549025423,2026-08-17T16:10:02.477301+00:00,"Run - Aug 17, 2026 at 21:38:16"
Q132,11,2083.213832791634,0.27773082300515406,0.27773082300515406,2026-08-17T16:10:02.514173+00:00,"Run - Aug 17, 2026 at 21:38:16"
Q0,12,118.98526171184534,0.010200751295900284,0.010200751295900284,2026-08-17T16:10:08.407543+00:00,"Run - Aug 17, 2026 at 21:38:16"
Q1,12,133.85498705316536,0.012229917962566955,0.012229917962566955,2026-08-17T16:10:08.442993+00:00,"Run - Aug 17, 2026 at 21:38:16"
Q2,12,148.7247123944856,0.014259084629233624,0.014259084629233624,2026-08-17T16:10:08.475619+00:00,"Run - Aug 17, 2026 at 21:38:16"
Q3,12,163.59443773580583,0.016288251295900284,0.016288251295900284,2026-08-17T16:10:08.512776+00:00,"Run - Aug 17, 2026 at 21:38:16"
Q4,12,178.5076834109378,0.01830856294394761,0.01830856294394761,2026-08-17T16:10:08.541521+00:00,"Run - Aug 17, 2026 at 21:38:16"
Q5,12,193.33388841844638,0.020346584629233617,0.020346584629233617,2026-08-17T16:10:08.571426+00:00,"Run - Aug 17, 2026 at 21:38:16"
Q6,12,208.1443037261651,0.022387962270284015,0.022387962270284015,2026-08-17T16:10:08.605132+00:00,"Run - Aug 17, 2026 at 21:38:16"
Q7,12,223.00973847473017,0.024418101159172916,0.024418101159172916,2026-08-17T16:10:08.638588+00:00,"Run - Aug 17, 2026 at 21:38:16"
Q8,12,237.94306444240718,0.026434084629233627,0.026434084629233627,2026-08-17T16:10:08.673737+00:00,"Run - Aug 17, 2026 at 21:38:16"
Q9,12,252.81278978372706,0.02846325129590028,0.02846325129590028,2026-08-17T16:10:08.703474+00:00,"Run - Aug 17, 2026 at 21:38:16"
Q10,12,267.60604272042576,0.030508517825839594,0.030508517825839594,2026-08-17T16:10:08.735350+00:00,"Run - Aug 17, 2026 at 21:38:16"
Q11,12,282.5522404663676,0.03252158462923361,0.03252158462923361,2026-08-17T16:10:08.771136+00:00,"Run - Aug 17, 2026 at 21:38:16"
Q12,12,297.4219658076879,0.03455075129590032,0.03455075129590032,2026-08-17T16:10:08.802170+00:00,"Run - Aug 17, 2026 at 21:38:16"
Q13,12,312.2916911490077,0.036579917962566974,0.036579917962566974,2026-08-17T16:10:08.833469+00:00,"Run - Aug 17, 2026 at 21:38:16"
Q14,12,327.1614164903284,0.0386090846292336,0.0386090846292336,2026-08-17T16:10:08.867905+00:00,"Run - Aug 17, 2026 at 21:38:16"
Q15,12,342.0311418316485,0.0406382512959003,0.0406382512959003,2026-08-17T16:10:08.897536+00:00,"Run - Aug 17, 2026 at 21:38:16"
Q16,12,356.7986512118168,0.04268935115917291,0.04268935115917291,2026-08-17T16:10:08.928405+00:00,"Run - Aug 17, 2026 at 21:38:16"
Q17,12,371.770592514289,0.04469658462923363,0.04469658462923363,2026-08-17T16:10:08.958693+00:00,"Run - Aug 17, 2026 at 21:38:16"
Q18,12,386.64031785560945,0.04672575129590027,0.04672575129590027,2026-08-17T16:10:08.989436+00:00,"Run - Aug 17, 2026 at 21:38:16"
Q19,12,401.39495545751174,0.04877976782583957,0.04877976782583957,2026-08-17T16:10:09.021590+00:00,"Run - Aug 17, 2026 at 21:38:16"
Q20,12,416.4822193295564,0.050761896277280956,0.050761896277280956,2026-08-17T16:10:09.052149+00:00,"Run - Aug 17, 2026 at 21:38:16"
Q21,12,431.1258249546424,0.05284004560361735,0.05284004560361735,2026-08-17T16:10:09.084540+00:00,"Run - Aug 17, 2026 at 21:38:16"
Q22,12,446.2290363193835,0.05481856294394757,0.05481856294394757,2026-08-17T16:10:09.117877+00:00,"Run - Aug 17, 2026 at 21:38:16"
Q23,12,460.98894456221046,0.05687158462923361,0.05687158462923361,2026-08-17T16:10:09.151133+00:00,"Run - Aug 17, 2026 at 21:38:16"
Q24,12,475.8586699035308,0.0589007512959003,0.0589007512959003,2026-08-17T16:10:09.183562+00:00,"Run - Aug 17, 2026 at 21:38:16"
Q25,12,490.7283952448509,0.06092991796256697,0.06092991796256697,2026-08-17T16:10:09.240769+00:00,"Run - Aug 17, 2026 at 21:38:16"
Q26,12,505.72267029903855,0.06293189627728092,0.06293189627728092,2026-08-17T16:10:09.277846+00:00,"Run - Aug 17, 2026 at 21:38:16"
Q27,12,520.318433446033,0.06502087893695066,0.06502087893695066,2026-08-17T16:10:09.313835+00:00,"Run - Aug 17, 2026 at 21:38:16"
Q28,12,535.337571268812,0.06701741796256688,0.06701741796256688,2026-08-17T16:10:09.357711+00:00,"Run - Aug 17, 2026 at 21:38:16"
Q29,12,550.2072966101321,0.06904658462923366,0.06904658462923366,2026-08-17T16:10:09.391380+00:00,"Run - Aug 17, 2026 at 21:38:16"
Q30,12,565.077021951452,0.07107575129590028,0.07107575129590028,2026-08-17T16:10:09.425060+00:00,"Run - Aug 17, 2026 at 21:38:16"
Q31,12,579.9467472927721,0.07310491796256695,0.07310491796256695,2026-08-17T16:10:09.455604+00:00,"Run - Aug 17, 2026 at 21:38:16"
Q32,12,594.8164726340916,0.0751340846292336,0.0751340846292336,2026-08-17T16:10:09.489167+00:00,"Run - Aug 17, 2026 at 21:38:16"
Q33,12,609.6861979754127,0.07716325129590024,0.07716325129590024,2026-08-17T16:10:09.525192+00:00,"Run - Aug 17, 2026 at 21:38:16"
Q34,12,624.5559233167326,0.079192417962567,0.079192417962567,2026-08-17T16:10:09.557369+00:00,"Run - Aug 17, 2026 at 21:38:16"
Q35,12,639.4256486580525,0.08122158462923369,0.08122158462923369,2026-08-17T16:10:09.589987+00:00,"Run - Aug 17, 2026 at 21:38:16"
Q36,12,654.1073461831188,0.08329212893695068,0.08329212893695068,2026-08-17T16:10:09.619995+00:00,"Run - Aug 17, 2026 at 21:38:16"
Q37,12,668.9727809316845,0.08532226782583957,0.08532226782583957,2026-08-17T16:10:09.652143+00:00,"Run - Aug 17, 2026 at 21:38:16"
Q38,12,684.0348246820137,0.08730908462923356,0.08730908462923356,2026-08-17T16:10:09.684037+00:00,"Run - Aug 17, 2026 at 21:38:16"
Q39,12,698.9045500233337,0.08933825129590027,0.08933825129590027,2026-08-17T16:10:09.717049+00:00,"Run - Aug 17, 2026 at 21:38:16"
Q40,12,713.7742753646545,0.09136741796256696,0.09136741796256696,2026-08-17T16:10:09.750939+00:00,"Run - Aug 17, 2026 at 21:38:16"
Q41,12,728.6440007059748,0.09339658462923359,0.09339658462923359,2026-08-17T16:10:09.784370+00:00,"Run - Aug 17, 2026 at 21:38:16"
Q42,12,743.513726047295,0.09542575129590024,0.09542575129590024,2026-08-17T16:10:09.818418+00:00,"Run - Aug 17, 2026 at 21:38:16"
Q43,12,758.3834513886147,0.09745491796256704,0.09745491796256704,2026-08-17T16:10:09.874155+00:00,"Run - Aug 17, 2026 at 21:38:16"
Q44,12,773.253176729935,0.09948408462923362,0.09948408462923362,2026-08-17T16:10:09.907315+00:00,"Run - Aug 17, 2026 at 21:38:16"
Q45,12,788.1229020712549,0.10151325129590023,0.10151325129590023,2026-08-17T16:10:09.944083+00:00,"Run - Aug 17, 2026 at 21:38:16"
Q46,12,803.1908401973117,0.10349856294394759,0.10349856294394759,2026-08-17T16:10:09.979491+00:00,"Run - Aug 17, 2026 at 21:38:16"
Q47,12,817.8623527538953,0.10557158462923359,0.10557158462923359,2026-08-17T16:10:10.014212+00:00,"Run - Aug 17, 2026 at 21:38:16"
Q48,12,832.732078095216,0.1076007512959002,0.1076007512959002,2026-08-17T16:10:10.046440+00:00,"Run - Aug 17, 2026 at 21:38:16"
Q49,12,847.6018034365359,0.10962991796256691,0.10962991796256691,2026-08-17T16:10:10.083050+00:00,"Run - Aug 17, 2026 at 21:38:16"
Q50,12,862.4715287778565,0.1116590846292336,0.1116590846292336,2026-08-17T16:10:10.113421+00:00,"Run - Aug 17, 2026 at 21:38:16"
Q51,12,877.0888674115964,0.11374421227028403,0.11374421227028403,2026-08-17T16:10:10.150910+00:00,"Run - Aug 17, 2026 at 21:38:16"
Q52,12,892.2109794604964,0.115717417962567,0.115717417962567,2026-08-17T16:10:10.204409+00:00,"Run - Aug 17, 2026 at 21:38:16"
Q53,12,907.0807048018166,0.11774658462923365,0.11774658462923365,2026-08-17T16:10:10.268556+00:00,"Run - Aug 17, 2026 at 21:38:16"
Q54,12,921.9128496707752,0.11978410725166468,0.11978410725166468,2026-08-17T16:10:10.336653+00:00,"Run - Aug 17, 2026 at 21:38:16"
Q55,12,936.8201554844571,0.12180491796256694,0.12180491796256694,2026-08-17T16:10:10.389506+00:00,"Run - Aug 17, 2026 at 21:38:16"
Q56,12,951.6898808257774,0.12383408462923368,0.12383408462923368,2026-08-17T16:10:10.442136+00:00,"Run - Aug 17, 2026 at 21:38:16"
Q57,12,966.5596061670983,0.12586325129590023,0.12586325129590023,2026-08-17T16:10:10.493799+00:00,"Run - Aug 17, 2026 at 21:38:16"
Q58,12,981.1469106515528,0.1279551844925062,0.1279551844925062,2026-08-17T16:10:10.552583+00:00,"Run - Aug 17, 2026 at 21:38:16"
Q59,12,996.5451506311897,0.12986689627728096,0.12986689627728096,2026-08-17T16:10:10.608293+00:00,"Run - Aug 17, 2026 at 21:38:16"
Q60,12,1011.1687821910587,0.13195075129590017,0.13195075129590017,2026-08-17T16:10:10.656489+00:00,"Run - Aug 17, 2026 at 21:38:16"
Q61,12,1026.0385075323786,0.133979917962567,0.133979917962567,2026-08-17T16:10:10.708304+00:00,"Run - Aug 17, 2026 at 21:38:16"
Q62,12,1040.8657928880443,0.1360185516961092,0.1360185516961092,2026-08-17T16:10:10.743069+00:00,"Run - Aug 17, 2026 at 21:38:16"
Q63,12,1055.7779582150192,0.13803825129590036,0.13803825129590036,2026-08-17T16:10:10.796400+00:00,"Run - Aug 17, 2026 at 21:38:16"
Q64,12,1070.6476835563394,0.14006741796256703,0.14006741796256703,2026-08-17T16:10:10.850304+00:00,"Run - Aug 17, 2026 at 21:38:16"
Q65,12,1085.5174088976603,0.1420965846292337,0.1420965846292337,2026-08-17T16:10:10.880844+00:00,"Run - Aug 17, 2026 at 21:38:16"
Q66,12,1100.3871342389803,0.14412575129590027,0.14412575129590027,2026-08-17T16:10:10.912521+00:00,"Run - Aug 17, 2026 at 21:38:16"
Q67,12,1115.2568595803007,0.14615491796256685,0.14615491796256685,2026-08-17T16:10:10.940779+00:00,"Run - Aug 17, 2026 at 21:38:16"
Q68,12,1130.1265849216206,0.14818408462923363,0.14818408462923363,2026-08-17T16:10:10.967858+00:00,"Run - Aug 17, 2026 at 21:38:16"
Q69,12,1144.9963102629406,0.15021325129590013,0.15021325129590013,2026-08-17T16:10:10.999899+00:00,"Run - Aug 17, 2026 at 21:38:16"
Q70,12,1159.866035604261,0.15224241796256685,0.15224241796256685,2026-08-17T16:10:11.032428+00:00,"Run - Aug 17, 2026 at 21:38:16"
Q71,12,1174.7357609455803,0.15427158462923382,0.15427158462923382,2026-08-17T16:10:11.063497+00:00,"Run - Aug 17, 2026 at 21:38:16"
Q72,12,1189.6054862869,0.15630075129590035,0.15630075129590035,2026-08-17T16:10:11.095324+00:00,"Run - Aug 17, 2026 at 21:38:16"
Q73,12,1204.1284318800283,0.1584072678258397,0.1584072678258397,2026-08-17T16:10:11.129282+00:00,"Run - Aug 17, 2026 at 21:38:16"
Q74,12,1219.646278054895,0.16029189627728102,0.16029189627728102,2026-08-17T16:10:11.164376+00:00,"Run - Aug 17, 2026 at 21:38:16"
Q75,12,1234.2146623108626,0.16238825129590023,0.16238825129590023,2026-08-17T16:10:11.225877+00:00,"Run - Aug 17, 2026 at 21:38:16"
Q76,12,1249.0843876521828,0.16441741796256693,0.16441741796256693,2026-08-17T16:10:11.264722+00:00,"Run - Aug 17, 2026 at 21:38:16"
Q77,12,1263.5901708742904,0.16652782338139524,0.16652782338139524,2026-08-17T16:10:11.304151+00:00,"Run - Aug 17, 2026 at 21:38:16"
Q78,12,1279.1399120345495,0.16840522961061416,0.16840522961061416,2026-08-17T16:10:11.340088+00:00,"Run - Aug 17, 2026 at 21:38:16"
Q79,12,1293.6935636761423,0.17050491796256687,0.17050491796256687,2026-08-17T16:10:11.377337+00:00,"Run - Aug 17, 2026 at 21:38:16"
Q80,12,1308.1864751199857,0.17261824004806192,0.17261824004806192,2026-08-17T16:10:11.412564+00:00,"Run - Aug 17, 2026 at 21:38:16"
Q81,12,1323.7601375192903,0.17449022961061444,0.17449022961061444,2026-08-17T16:10:11.449334+00:00,"Run - Aug 17, 2026 at 21:38:16"
Q82,12,1338.3027397001026,0.17659241796256697,0.17659241796256697,2026-08-17T16:10:11.483642+00:00,"Run - Aug 17, 2026 at 21:38:16"
Q83,12,1352.7827793656816,0.17870865671472858,0.17870865671472858,2026-08-17T16:10:11.518861+00:00,"Run - Aug 17, 2026 at 21:38:16"
Q84,12,1368.0421903827435,0.18065075129590036,0.18065075129590036,2026-08-17T16:10:11.552765+00:00,"Run - Aug 17, 2026 at 21:38:16"
Q85,12,1382.9119157240639,0.182679917962567,0.182679917962567,2026-08-17T16:10:11.585029+00:00,"Run - Aug 17, 2026 at 21:38:16"
Q86,12,1397.7816410653847,0.18470908462923355,0.18470908462923355,2026-08-17T16:10:11.616386+00:00,"Run - Aug 17, 2026 at 21:38:16"
Q87,12,1412.6513664067047,0.18673825129590027,0.18673825129590027,2026-08-17T16:10:11.649993+00:00,"Run - Aug 17, 2026 at 21:38:16"
Q88,12,1427.1099531085065,0.1888593511591728,0.1888593511591728,2026-08-17T16:10:11.682078+00:00,"Run - Aug 17, 2026 at 21:38:16"
Q89,12,1442.3908170893449,0.19079658462923363,0.19079658462923363,2026-08-17T16:10:11.713487+00:00,"Run - Aug 17, 2026 at 21:38:16"
Q90,12,1456.840822605637,0.1929196289369506,0.1929196289369506,2026-08-17T16:10:11.750555+00:00,"Run - Aug 17, 2026 at 21:38:16"
Q91,12,1472.1302677719868,0.194854917962567,0.194854917962567,2026-08-17T16:10:11.785465+00:00,"Run - Aug 17, 2026 at 21:38:16"
Q92,12,1486.939329952802,0.19689771836277578,0.19689771836277578,2026-08-17T16:10:11.819987+00:00,"Run - Aug 17, 2026 at 21:38:16"
Q93,12,1502.2410394582553,0.1988302296106143,0.1988302296106143,2026-08-17T16:10:11.851593+00:00,"Run - Aug 17, 2026 at 21:38:16"
Q94,12,1516.302561599898,0.20104018449250613,0.20104018449250613,2026-08-17T16:10:11.900918+00:00,"Run - Aug 17, 2026 at 21:38:16"
Q95,12,1531.6091691372667,0.2029715846292335,0.2029715846292335,2026-08-17T16:10:11.935382+00:00,"Run - Aug 17, 2026 at 21:38:16"
Q96,12,1546.4788944785873,0.20500075129590045,0.20500075129590045,2026-08-17T16:10:11.973456+00:00,"Run - Aug 17, 2026 at 21:38:16"
Q97,12,1561.3486198199064,0.2070299179625671,0.2070299179625671,2026-08-17T16:10:12.006754+00:00,"Run - Aug 17, 2026 at 21:38:16"
Q98,12,1576.218345161227,0.20905908462923367,0.20905908462923367,2026-08-17T16:10:12.039142+00:00,"Run - Aug 17, 2026 at 21:38:16"
Q99,12,1591.088070502547,0.21108825129590028,0.21108825129590028,2026-08-17T16:10:12.069039+00:00,"Run - Aug 17, 2026 at 21:38:16"
Q100,12,1605.9577958438683,0.21311741796256714,0.21311741796256714,2026-08-17T16:10:12.099505+00:00,"Run - Aug 17, 2026 at 21:38:16"
Q101,12,1620.8275211851878,0.21514658462923378,0.21514658462923378,2026-08-17T16:10:12.130463+00:00,"Run - Aug 17, 2026 at 21:38:16"
Q102,12,1635.697246526508,0.21717575129590042,0.21717575129590042,2026-08-17T16:10:12.163271+00:00,"Run - Aug 17, 2026 at 21:38:16"
Q103,12,1650.566971867827,0.21920491796256703,0.21920491796256703,2026-08-17T16:10:12.195562+00:00,"Run - Aug 17, 2026 at 21:38:16"
Q104,12,1665.8485329023042,0.2211418962772811,0.2211418962772811,2026-08-17T16:10:12.226425+00:00,"Run - Aug 17, 2026 at 21:38:16"
Q105,12,1680.30642255047,0.22326325129590024,0.22326325129590024,2026-08-17T16:10:12.257379+00:00,"Run - Aug 17, 2026 at 21:38:16"
Q106,12,1694.6877785826784,0.22540185115917286,0.22540185115917286,2026-08-17T16:10:12.287694+00:00,"Run - Aug 17, 2026 at 21:38:16"
Q107,12,1710.0458732331092,0.2273215846292336,0.2273215846292336,2026-08-17T16:10:12.319228+00:00,"Run - Aug 17, 2026 at 21:38:16"
Q108,12,1724.9155985744278,0.22935075129590027,0.22935075129590027,2026-08-17T16:10:12.351526+00:00,"Run - Aug 17, 2026 at 21:38:16"
Q109,12,1739.7853239157494,0.2313799179625669,0.2313799179625669,2026-08-17T16:10:12.385548+00:00,"Run - Aug 17, 2026 at 21:38:16"
Q110,12,1754.6550492570689,0.23340908462923363,0.23340908462923363,2026-08-17T16:10:12.419792+00:00,"Run - Aug 17, 2026 at 21:38:16"
Q111,12,1769.5247745983897,0.23543825129590024,0.23543825129590024,2026-08-17T16:10:12.454447+00:00,"Run - Aug 17, 2026 at 21:38:16"
Q112,12,1784.394499939709,0.23746741796256676,0.23746741796256676,2026-08-17T16:10:12.487746+00:00,"Run - Aug 17, 2026 at 21:38:16"
Q113,12,1799.709209356527,0.23939689627728086,0.23939689627728086,2026-08-17T16:10:12.520827+00:00,"Run - Aug 17, 2026 at 21:38:16"
Q114,12,1813.611256571201,0.24164296227028392,0.24164296227028392,2026-08-17T16:10:12.554308+00:00,"Run - Aug 17, 2026 at 21:38:16"
Q115,12,1828.4766913197652,0.24367310115917323,0.24367310115917323,2026-08-17T16:10:12.588390+00:00,"Run - Aug 17, 2026 at 21:38:16"
Q116,12,1843.8734013049918,0.24558408462923387,0.24558408462923387,2026-08-17T16:10:12.626316+00:00,"Run - Aug 17, 2026 at 21:38:16"
Q117,12,1858.207560816894,0.24773337893695077,0.24773337893695077,2026-08-17T16:10:12.659457+00:00,"Run - Aug 17, 2026 at 21:38:16"
Q118,12,1873.612851987632,0.24964241796256698,0.24964241796256698,2026-08-17T16:10:12.695181+00:00,"Run - Aug 17, 2026 at 21:38:16"
Q119,12,1888.9496603260086,0.251566896277281,0.251566896277281,2026-08-17T16:10:12.729419+00:00,"Run - Aug 17, 2026 at 21:38:16"
Q120,12,1902.8038650625915,0.25382379560361745,0.25382379560361745,2026-08-17T16:10:12.773880+00:00,"Run - Aug 17, 2026 at 21:38:16"
Q121,12,1917.6692998111555,0.25585393449250654,0.25585393449250654,2026-08-17T16:10:12.813428+00:00,"Run - Aug 17, 2026 at 21:38:16"
Q122,12,1932.5347345597215,0.25788407338139524,0.25788407338139524,2026-08-17T16:10:12.857279+00:00,"Run - Aug 17, 2026 at 21:38:16"
Q123,12,1947.8819849197203,0.25980619058499815,0.25980619058499815,2026-08-17T16:10:12.887760+00:00,"Run - Aug 17, 2026 at 21:38:16"
Q124,12,1962.8312040355518,0.2618174179625669,0.2618174179625669,2026-08-17T16:10:12.921301+00:00,"Run - Aug 17, 2026 at 21:38:16"
Q125,12,1977.700929376873,0.2638465846292335,0.2638465846292335,2026-08-17T16:10:12.954730+00:00,"Run - Aug 17, 2026 at 21:38:16"
Q126,12,1992.5706547181933,0.2658757512959002,0.2658757512959002,2026-08-17T16:10:12.988938+00:00,"Run - Aug 17, 2026 at 21:38:16"
Q127,12,2007.4403800595146,0.267904917962567,0.267904917962567,2026-08-17T16:10:13.021567+00:00,"Run - Aug 17, 2026 at 21:38:16"
Q128,12,2021.7273430511111,0.2700649067147285,0.2700649067147285,2026-08-17T16:10:13.055757+00:00,"Run - Aug 17, 2026 at 21:38:16"
Q129,12,2036.5927777996778,0.2720950456036172,0.2720950456036172,2026-08-17T16:10:13.094566+00:00,"Run - Aug 17, 2026 at 21:38:16"
Q130,12,2052.0495560834725,0.27399241796256674,0.27399241796256674,2026-08-17T16:10:13.140596+00:00,"Run - Aug 17, 2026 at 21:38:16"
Q131,12,2066.9192814247926,0.2760215846292335,0.2760215846292335,2026-08-17T16:10:13.176079+00:00,"Run - Aug 17, 2026 at 21:38:16"
Q132,12,2081.7890067661156,0.2780507512959001,0.2780507512959001,2026-08-17T16:10:13.240724+00:00,"Run - Aug 17, 2026 at 21:38:16"
Q0,13,118.90517067927198,0.01021579381883819,0.01021579381883819,2026-08-17T16:10:19.661387+00:00,"Run - Aug 17, 2026 at 21:38:16"
Q1,13,133.7646694275304,0.012247280305324681,0.012247280305324681,2026-08-17T16:10:19.697541+00:00,"Run - Aug 17, 2026 at 21:38:16"
Q2,13,148.62416817578904,0.014278766791811174,0.014278766791811174,2026-08-17T16:10:19.734874+00:00,"Run - Aug 17, 2026 at 21:38:16"
Q3,13,163.48366692404767,0.01631025327829765,0.01631025327829765,2026-08-17T16:10:19.770833+00:00,"Run - Aug 17, 2026 at 21:38:16"
Q4,13,178.3855097808799,0.018333124070992347,0.018333124070992347,2026-08-17T16:10:19.806397+00:00,"Run - Aug 17, 2026 at 21:38:16"
Q5,13,193.20266442056501,0.020373226251270624,0.020373226251270624,2026-08-17T16:10:19.838953+00:00,"Run - Aug 17, 2026 at 21:38:16"
Q6,13,208.0044561091033,0.022416593685806143,0.022416593685806143,2026-08-17T16:10:19.876715+00:00,"Run - Aug 17, 2026 at 21:38:16"
Q7,13,222.85978022657312,0.02444902611823859,0.02444902611823859,2026-08-17T16:10:19.912559+00:00,"Run - Aug 17, 2026 at 21:38:16"
Q8,13,237.78116066534105,0.026467685710730094,0.026467685710730094,2026-08-17T16:10:19.948052+00:00,"Run - Aug 17, 2026 at 21:38:16"
Q9,13,252.6406594135993,0.028499172197216562,0.028499172197216562,2026-08-17T16:10:19.994229+00:00,"Run - Aug 17, 2026 at 21:38:16"
Q10,13,267.42575257898295,0.0305463234155359,0.0305463234155359,2026-08-17T16:10:20.027390+00:00,"Run - Aug 17, 2026 at 21:38:16"
Q11,13,282.3596569101167,0.03256214517018953,0.03256214517018953,2026-08-17T16:10:20.063708+00:00,"Run - Aug 17, 2026 at 21:38:16"
Q12,13,297.21915565837537,0.03459363165667606,0.03459363165667606,2026-08-17T16:10:20.099219+00:00,"Run - Aug 17, 2026 at 21:38:16"
Q13,13,312.0786544066336,0.03662511814316254,0.03662511814316254,2026-08-17T16:10:20.131124+00:00,"Run - Aug 17, 2026 at 21:38:16"
Q14,13,326.93815315489275,0.03865660462964898,0.03865660462964898,2026-08-17T16:10:20.166429+00:00,"Run - Aug 17, 2026 at 21:38:16"
Q15,13,341.7976519031512,0.04068809111613551,0.04068809111613551,2026-08-17T16:10:20.201656+00:00,"Run - Aug 17, 2026 at 21:38:16"
Q16,13,356.5576972838025,0.042740918010130476,0.042740918010130476,2026-08-17T16:10:20.236382+00:00,"Run - Aug 17, 2026 at 21:38:16"
Q17,13,371.5166493996685,0.04475106408910847,0.04475106408910847,2026-08-17T16:10:20.266830+00:00,"Run - Aug 17, 2026 at 21:38:16"
Q18,13,386.3761481479274,0.04678255057559493,0.04678255057559493,2026-08-17T16:10:20.300223+00:00,"Run - Aug 17, 2026 at 21:38:16"
Q19,13,401.12366963621173,0.04883821530742777,0.04883821530742777,2026-08-17T16:10:20.335721+00:00,"Run - Aug 17, 2026 at 21:38:16"
Q20,13,416.19482749544557,0.050823934881803166,0.050823934881803166,2026-08-17T16:10:20.372539+00:00,"Run - Aug 17, 2026 at 21:38:16"
Q21,13,430.83431787115194,0.05290308017229264,0.05290308017229264,2026-08-17T16:10:20.406431+00:00,"Run - Aug 17, 2026 at 21:38:16"
Q22,13,445.92099220976604,0.054885286233154466,0.054885286233154466,2026-08-17T16:10:20.442143+00:00,"Run - Aug 17, 2026 at 21:38:16"
Q23,13,460.6736418892203,0.05693998300802737,0.05693998300802737,2026-08-17T16:10:20.476297+00:00,"Run - Aug 17, 2026 at 21:38:16"
Q24,13,475.5331406374791,0.05897146949451387,0.05897146949451387,2026-08-17T16:10:20.508566+00:00,"Run - Aug 17, 2026 at 21:38:16"
Q25,13,490.39263938573765,0.061002955981000376,0.061002955981000376,2026-08-17T16:10:20.539104+00:00,"Run - Aug 17, 2026 at 21:38:16"
Q26,13,505.3733216384078,0.06300798893585718,0.06300798893585718,2026-08-17T16:10:20.571737+00:00,"Run - Aug 17, 2026 at 21:38:16"
Q27,13,519.9662625759712,0.0650976747668872,0.0650976747668872,2026-08-17T16:10:20.604517+00:00,"Run - Aug 17, 2026 at 21:38:16"
Q28,13,534.9711356305139,0.06709741544045975,0.06709741544045975,2026-08-17T16:10:20.634158+00:00,"Run - Aug 17, 2026 at 21:38:16"
Q29,13,549.8306343787724,0.06912890192694633,0.06912890192694633,2026-08-17T16:10:20.665444+00:00,"Run - Aug 17, 2026 at 21:38:16"
Q30,13,564.6901331270308,0.07116038841343279,0.07116038841343279,2026-08-17T16:10:20.696595+00:00,"Run - Aug 17, 2026 at 21:38:16"
Q31,13,579.5496318752892,0.07319187489991927,0.07319187489991927,2026-08-17T16:10:20.729015+00:00,"Run - Aug 17, 2026 at 21:38:16"
Q32,13,594.4091306235472,0.07522336138640573,0.07522336138640573,2026-08-17T16:10:20.761231+00:00,"Run - Aug 17, 2026 at 21:38:16"
Q33,13,609.2686293718067,0.0772548478728922,0.0772548478728922,2026-08-17T16:10:20.794118+00:00,"Run - Aug 17, 2026 at 21:38:16"
Q34,13,624.1281281200648,0.07928633435937879,0.07928633435937879,2026-08-17T16:10:20.824889+00:00,"Run - Aug 17, 2026 at 21:38:16"
Q35,13,638.9876268683233,0.0813178208458653,0.0813178208458653,2026-08-17T16:10:20.857592+00:00,"Run - Aug 17, 2026 at 21:38:16"
Q36,13,653.6641796331996,0.08338956665877913,0.08338956665877913,2026-08-17T16:10:20.888937+00:00,"Run - Aug 17, 2026 at 21:38:16"
Q37,13,668.5195037506701,0.08542199909121154,0.08542199909121154,2026-08-17T16:10:20.920098+00:00,"Run - Aug 17, 2026 at 21:38:16"
Q38,13,683.5661231130997,0.08741228030532462,0.08741228030532462,2026-08-17T16:10:20.956666+00:00,"Run - Aug 17, 2026 at 21:38:16"
Q39,13,698.4256218613581,0.08944376679181114,0.08944376679181114,2026-08-17T16:10:20.993302+00:00,"Run - Aug 17, 2026 at 21:38:16"
Q40,13,713.2851206096173,0.09147525327829766,0.09147525327829766,2026-08-17T16:10:21.031161+00:00,"Run - Aug 17, 2026 at 21:38:16"
Q41,13,728.144619357876,0.09350673976478412,0.09350673976478412,2026-08-17T16:10:21.064283+00:00,"Run - Aug 17, 2026 at 21:38:16"
Q42,13,743.0041181061347,0.09553822625127058,0.09553822625127058,2026-08-17T16:10:21.098151+00:00,"Run - Aug 17, 2026 at 21:38:16"
Q43,13,757.8636168543927,0.09756971273775719,0.09756971273775719,2026-08-17T16:10:21.132600+00:00,"Run - Aug 17, 2026 at 21:38:16"
Q44,13,772.7231156026514,0.09960119922424361,0.09960119922424361,2026-08-17T16:10:21.167971+00:00,"Run - Aug 17, 2026 at 21:38:16"
Q45,13,787.5826143509098,0.10163268571073004,0.10163268571073004,2026-08-17T16:10:21.234049+00:00,"Run - Aug 17, 2026 at 21:38:16"
Q46,13,802.6349687816147,0.1036215024493707,0.1036215024493707,2026-08-17T16:10:21.279527+00:00,"Run - Aug 17, 2026 at 21:38:16"
Q47,13,817.301611847427,0.10569565868370304,0.10569565868370304,2026-08-17T16:10:21.319253+00:00,"Run - Aug 17, 2026 at 21:38:16"
Q48,13,832.1611105956861,0.10772714517018947,0.10772714517018947,2026-08-17T16:10:21.354791+00:00,"Run - Aug 17, 2026 at 21:38:16"
Q49,13,847.0206093439443,0.10975863165667599,0.10975863165667599,2026-08-17T16:10:21.393861+00:00,"Run - Aug 17, 2026 at 21:38:16"
Q50,13,861.8801080922033,0.11179011814316248,0.11179011814316248,2026-08-17T16:10:21.429588+00:00,"Run - Aug 17, 2026 at 21:38:16"
Q51,13,876.4940413952487,0.11387605314526562,0.11387605314526562,2026-08-17T16:10:21.467521+00:00,"Run - Aug 17, 2026 at 21:38:16"
Q52,13,891.5991055887201,0.11585309111613554,0.11585309111613554,2026-08-17T16:10:21.504364+00:00,"Run - Aug 17, 2026 at 21:38:16"
Q53,13,906.4586043369785,0.117884577602622,0.117884577602622,2026-08-17T16:10:21.537721+00:00,"Run - Aug 17, 2026 at 21:38:16"
Q54,13,921.281538301318,0.11992419420823057,0.11992419420823057,2026-08-17T16:10:21.574214+00:00,"Run - Aug 17, 2026 at 21:38:16"
Q55,13,936.177601833496,0.12194755057559493,0.12194755057559493,2026-08-17T16:10:21.608631+00:00,"Run - Aug 17, 2026 at 21:38:16"
Q56,13,951.0371005817547,0.12397903706208147,0.12397903706208147,2026-08-17T16:10:21.639158+00:00,"Run - Aug 17, 2026 at 21:38:16"
Q57,13,965.8965993300142,0.12601052354856787,0.12601052354856787,2026-08-17T16:10:21.670896+00:00,"Run - Aug 17, 2026 at 21:38:16"
Q58,13,980.4813102175383,0.1281030801722926,0.1281030801722926,2026-08-17T16:10:21.706887+00:00,"Run - Aug 17, 2026 at 21:38:16"
Q59,13,995.8550394246995,0.1300202862331545,0.1300202862331545,2026-08-17T16:10:21.741379+00:00,"Run - Aug 17, 2026 at 21:38:16"
Q60,13,1010.4750955747895,0.13210498300802725,0.13210498300802725,2026-08-17T16:10:21.774141+00:00,"Run - Aug 17, 2026 at 21:38:16"
Q61,13,1025.334594323048,0.1341364694945139,0.1341364694945139,2026-08-17T16:10:21.805327+00:00,"Run - Aug 17, 2026 at 21:38:16"
Q62,13,1040.152800112291,0.13617716718120365,0.13617716718120365,2026-08-17T16:10:21.837111+00:00,"Run - Aug 17, 2026 at 21:38:16"
Q63,13,1055.0535918195653,0.13819944246748692,0.13819944246748692,2026-08-17T16:10:21.868922+00:00,"Run - Aug 17, 2026 at 21:38:16"
Q64,13,1069.913090567824,0.1402309289539734,0.1402309289539734,2026-08-17T16:10:21.901845+00:00,"Run - Aug 17, 2026 at 21:38:16"
Q65,13,1084.772589316083,0.1422624154404599,0.1422624154404599,2026-08-17T16:10:21.937096+00:00,"Run - Aug 17, 2026 at 21:38:16"
Q66,13,1099.6320880643418,0.14429390192694627,0.14429390192694627,2026-08-17T16:10:21.969228+00:00,"Run - Aug 17, 2026 at 21:38:16"
Q67,13,1114.4915868126004,0.1463253884134327,0.1463253884134327,2026-08-17T16:10:22.002154+00:00,"Run - Aug 17, 2026 at 21:38:16"
Q68,13,1129.3510855608586,0.1483568748999193,0.1483568748999193,2026-08-17T16:10:22.071723+00:00,"Run - Aug 17, 2026 at 21:38:16"
Q69,13,1144.2105843091172,0.1503883613864056,0.1503883613864056,2026-08-17T16:10:22.104386+00:00,"Run - Aug 17, 2026 at 21:38:16"
Q70,13,1159.070083057376,0.15241984787289214,0.15241984787289214,2026-08-17T16:10:22.137331+00:00,"Run - Aug 17, 2026 at 21:38:16"
Q71,13,1173.9295818056335,0.1544513343593789,0.1544513343593789,2026-08-17T16:10:22.168603+00:00,"Run - Aug 17, 2026 at 21:38:16"
Q72,13,1188.7890805538918,0.15648282084586526,0.15648282084586526,2026-08-17T16:10:22.199582+00:00,"Run - Aug 17, 2026 at 21:38:16"
Q73,13,1203.3111719795852,0.15858956665877927,0.15858956665877927,2026-08-17T16:10:22.232514+00:00,"Run - Aug 17, 2026 at 21:38:16"
Q74,13,1218.8012747821053,0.16048042136828974,0.16048042136828974,2026-08-17T16:10:22.267851+00:00,"Run - Aug 17, 2026 at 21:38:16"
Q75,13,1233.3675767986695,0.16257728030532465,0.16257728030532465,2026-08-17T16:10:22.305921+00:00,"Run - Aug 17, 2026 at 21:38:16"
Q76,13,1248.2270755469283,0.16460876679181116,0.16460876679181116,2026-08-17T16:10:22.341764+00:00,"Run - Aug 17, 2026 at 21:38:16"
Q77,13,1262.7324684494663,0.16671929638850894,0.16671929638850894,2026-08-17T16:10:22.378139+00:00,"Run - Aug 17, 2026 at 21:38:16"
Q78,13,1278.2536042107467,0.1686031240709922,0.1686031240709922,2026-08-17T16:10:22.409869+00:00,"Run - Aug 17, 2026 at 21:38:16"
Q79,13,1292.805571791703,0.17070322625127055,0.17070322625127055,2026-08-17T16:10:22.444422+00:00,"Run - Aug 17, 2026 at 21:38:16"
Q80,13,1307.298440801876,0.1728165936858063,0.1728165936858063,2026-08-17T16:10:22.479400+00:00,"Run - Aug 17, 2026 at 21:38:16"
Q81,13,1322.8428512822275,0.17469515109801953,0.17469515109801953,2026-08-17T16:10:22.516028+00:00,"Run - Aug 17, 2026 at 21:38:16"
Q82,13,1337.3840680364785,0.17679768571073007,0.17679768571073007,2026-08-17T16:10:22.550346+00:00,"Run - Aug 17, 2026 at 21:38:16"
Q83,13,1351.864413154286,0.17891389098310356,0.17891389098310356,2026-08-17T16:10:22.583521+00:00,"Run - Aug 17, 2026 at 21:38:16"
Q84,13,1367.1030655329957,0.18086065868370313,0.18086065868370313,2026-08-17T16:10:22.619272+00:00,"Run - Aug 17, 2026 at 21:38:16"
Q85,13,1381.9625642812548,0.18289214517018956,0.18289214517018956,2026-08-17T16:10:22.650352+00:00,"Run - Aug 17, 2026 at 21:38:16"
Q86,13,1396.822063029514,0.18492363165667597,0.18492363165667597,2026-08-17T16:10:22.683810+00:00,"Run - Aug 17, 2026 at 21:38:16"
Q87,13,1411.6815617777722,0.18695511814316249,0.18695511814316249,2026-08-17T16:10:22.719653+00:00,"Run - Aug 17, 2026 at 21:38:16"
Q88,13,1426.1410337416348,0.1890760531452655,0.1890760531452655,2026-08-17T16:10:22.754585+00:00,"Run - Aug 17, 2026 at 21:38:16"
Q89,13,1441.4005592742894,0.1910180911161355,0.1910180911161355,2026-08-17T16:10:22.790518+00:00,"Run - Aug 17, 2026 at 21:38:16"
Q90,13,1455.8516819765746,0.1931409180101304,0.1931409180101304,2026-08-17T16:10:22.823559+00:00,"Run - Aug 17, 2026 at 21:38:16"
Q91,13,1471.1195567708082,0.1950810640891085,0.1950810640891085,2026-08-17T16:10:22.858450+00:00,"Run - Aug 17, 2026 at 21:38:16"
Q92,13,1485.9200319034403,0.1971258158298522,0.1971258158298522,2026-08-17T16:10:22.891573+00:00,"Run - Aug 17, 2026 at 21:38:16"
Q93,13,1501.1998395681526,0.19906325920612752,0.19906325920612752,2026-08-17T16:10:22.923478+00:00,"Run - Aug 17, 2026 at 21:38:16"
Q94,13,1515.2729784464548,0.2012706477398601,0.2012706477398601,2026-08-17T16:10:22.955564+00:00,"Run - Aug 17, 2026 at 21:38:16"
Q95,13,1530.5575517638417,0.20320701003505431,0.20320701003505431,2026-08-17T16:10:22.988225+00:00,"Run - Aug 17, 2026 at 21:38:16"
Q96,13,1545.4170505121008,0.20523849652154108,0.20523849652154108,2026-08-17T16:10:23.022996+00:00,"Run - Aug 17, 2026 at 21:38:16"
Q97,13,1560.2765492603583,0.20726998300802751,0.20726998300802751,2026-08-17T16:10:23.056321+00:00,"Run - Aug 17, 2026 at 21:38:16"
Q98,13,1575.1360480086173,0.20930146949451392,0.20930146949451392,2026-08-17T16:10:23.090606+00:00,"Run - Aug 17, 2026 at 21:38:16"
Q99,13,1589.9955467568755,0.21133295598100035,0.21133295598100035,2026-08-17T16:10:23.125987+00:00,"Run - Aug 17, 2026 at 21:38:16"
Q100,13,1604.8550455051352,0.21336444246748704,0.21336444246748704,2026-08-17T16:10:23.158359+00:00,"Run - Aug 17, 2026 at 21:38:16"
Q101,13,1619.7145442533933,0.2153959289539735,0.2153959289539735,2026-08-17T16:10:23.190437+00:00,"Run - Aug 17, 2026 at 21:38:16"
Q102,13,1634.5740430016517,0.21742741544045996,0.21742741544045996,2026-08-17T16:10:23.254866+00:00,"Run - Aug 17, 2026 at 21:38:16"
Q103,13,1649.4335417499094,0.21945890192694636,0.21945890192694636,2026-08-17T16:10:23.292147+00:00,"Run - Aug 17, 2026 at 21:38:16"
Q104,13,1664.6937454969152,0.22140069163856008,0.22140069163856008,2026-08-17T16:10:23.333145+00:00,"Run - Aug 17, 2026 at 21:38:16"
Q105,13,1679.152539246429,0.22352187489991923,0.22352187489991923,2026-08-17T16:10:23.372532+00:00,"Run - Aug 17, 2026 at 21:38:16"
Q106,13,1693.5368678560924,0.22565983692904934,0.22565983692904934,2026-08-17T16:10:23.410171+00:00,"Run - Aug 17, 2026 at 21:38:16"
Q107,13,1708.8715367429452,0.2275848478728922,0.2275848478728922,2026-08-17T16:10:23.444223+00:00,"Run - Aug 17, 2026 at 21:38:16"
Q108,13,1723.731035491202,0.22961633435937873,0.22961633435937873,2026-08-17T16:10:23.476387+00:00,"Run - Aug 17, 2026 at 21:38:16"
Q109,13,1738.5905342394622,0.23164782084586522,0.23164782084586522,2026-08-17T16:10:23.510699+00:00,"Run - Aug 17, 2026 at 21:38:16"
Q110,13,1753.4500329877199,0.2336793073323517,0.2336793073323517,2026-08-17T16:10:23.548720+00:00,"Run - Aug 17, 2026 at 21:38:16"
Q111,13,1768.3095317359791,0.2357107938188382,0.2357107938188382,2026-08-17T16:10:23.581464+00:00,"Run - Aug 17, 2026 at 21:38:16"
Q112,13,1783.1690304842368,0.2377422803053245,0.2377422803053245,2026-08-17T16:10:23.616808+00:00,"Run - Aug 17, 2026 at 21:38:16"
Q113,13,1798.461486711358,0.23967677271964094,0.23967677271964094,2026-08-17T16:10:23.650542+00:00,"Run - Aug 17, 2026 at 21:38:16"
Q114,13,1812.379460795853,0.24191929638850873,0.24191929638850873,2026-08-17T16:10:23.687369+00:00,"Run - Aug 17, 2026 at 21:38:16"
Q115,13,1827.234784913322,0.24395172882094163,0.24395172882094163,2026-08-17T16:10:23.719431+00:00,"Run - Aug 17, 2026 at 21:38:16"
Q116,13,1842.607025477273,0.2458682262512709,0.2458682262512709,2026-08-17T16:10:23.755442+00:00,"Run - Aug 17, 2026 at 21:38:16"
Q117,13,1856.9454331482605,0.24801659368580622,0.24801659368580622,2026-08-17T16:10:23.789706+00:00,"Run - Aug 17, 2026 at 21:38:16"
Q118,13,1872.3260229737903,0.24993119922424362,0.24993119922424362,2026-08-17T16:10:23.825207+00:00,"Run - Aug 17, 2026 at 21:38:16"
Q119,13,1887.63998085432,0.25186082677369515,0.25186082677369515,2026-08-17T16:10:23.856216+00:00,"Run - Aug 17, 2026 at 21:38:16"
Q120,13,1901.5114055006718,0.25411389098310355,0.25411389098310355,2026-08-17T16:10:23.888605+00:00,"Run - Aug 17, 2026 at 21:38:16"
Q121,13,1916.366729618141,0.2561463234155362,0.2561463234155362,2026-08-17T16:10:23.921761+00:00,"Run - Aug 17, 2026 at 21:38:16"
Q122,13,1931.2220537356113,0.2581787558479684,0.2581787558479684,2026-08-17T16:10:23.955778+00:00,"Run - Aug 17, 2026 at 21:38:16"
Q123,13,1946.546171420963,0.26010608610012265,0.26010608610012265,2026-08-17T16:10:23.991860+00:00,"Run - Aug 17, 2026 at 21:38:16"
Q124,13,1961.4830154633405,0.26212011814316244,0.26212011814316244,2026-08-17T16:10:24.031622+00:00,"Run - Aug 17, 2026 at 21:38:16"
Q125,13,1976.3425142116002,0.2641516046296489,0.2641516046296489,2026-08-17T16:10:24.076723+00:00,"Run - Aug 17, 2026 at 21:38:16"
Q126,13,1991.2020129598586,0.2661830911161354,0.2661830911161354,2026-08-17T16:10:24.120120+00:00,"Run - Aug 17, 2026 at 21:38:16"
Q127,13,2006.0615117081186,0.26821457760262196,0.26821457760262196,2026-08-17T16:10:24.152188+00:00,"Run - Aug 17, 2026 at 21:38:16"
Q128,13,2020.3539984404295,0.270373350442563,0.270373350442563,2026-08-17T16:10:24.182899+00:00,"Run - Aug 17, 2026 at 21:38:16"
Q129,13,2035.209322557901,0.2724057828749951,0.2724057828749951,2026-08-17T16:10:24.217347+00:00,"Run - Aug 17, 2026 at 21:38:16"
Q130,13,2050.6400079528917,0.2743090370620812,0.2743090370620812,2026-08-17T16:10:24.250948+00:00,"Run - Aug 17, 2026 at 21:38:16"
Q131,13,2065.49950670115,0.2763405235485678,0.2763405235485678,2026-08-17T16:10:24.291193+00:00,"Run - Aug 17, 2026 at 21:38:16"
Q132,13,2080.3590054494116,0.27837201003505424,0.27837201003505424,2026-08-17T16:10:24.328269+00:00,"Run - Aug 17, 2026 at 21:38:16"
Q0,14,118.82025145143162,0.01023155081642504,0.01023155081642504,2026-08-17T16:10:30.855054+00:00,"Run - Aug 17, 2026 at 21:38:16"
Q1,14,133.6689195094654,0.012265498184846096,0.012265498184846096,2026-08-17T16:10:30.893084+00:00,"Run - Aug 17, 2026 at 21:38:16"
Q2,14,148.51758756749936,0.014299445553267155,0.014299445553267155,2026-08-17T16:10:30.927127+00:00,"Run - Aug 17, 2026 at 21:38:16"
Q3,14,163.3662556255333,0.016333392921688197,0.016333392921688197,2026-08-17T16:10:30.962658+00:00,"Run - Aug 17, 2026 at 21:38:16"
Q4,14,178.25615347349418,0.01835895132510145,0.01835895132510145,2026-08-17T16:10:30.997494+00:00,"Run - Aug 17, 2026 at 21:38:16"
Q5,14,193.06359174160133,0.020401287658530304,0.020401287658530304,2026-08-17T16:10:31.035156+00:00,"Run - Aug 17, 2026 at 21:38:16"
Q6,14,207.8560713467497,0.022446803318472784,0.022446803318472784,2026-08-17T16:10:31.069714+00:00,"Run - Aug 17, 2026 at 21:38:16"
Q7,14,222.7006746326998,0.02448167173952543,0.02448167173952543,2026-08-17T16:10:31.106919+00:00,"Run - Aug 17, 2026 at 21:38:16"
Q8,14,237.60959591570335,0.026503129763793466,0.026503129763793466,2026-08-17T16:10:31.143237+00:00,"Run - Aug 17, 2026 at 21:38:16"
Q9,14,252.45826397373693,0.02853707713221451,0.02853707713221451,2026-08-17T16:10:31.181232+00:00,"Run - Aug 17, 2026 at 21:38:16"
Q10,14,267.23448449055047,0.030586277002683338,0.030586277002683338,2026-08-17T16:10:31.250045+00:00,"Run - Aug 17, 2026 at 21:38:16"
Q11,14,282.155600089805,0.03260497186905661,0.03260497186905661,2026-08-17T16:10:31.291488+00:00,"Run - Aug 17, 2026 at 21:38:16"
Q12,14,297.004268147839,0.0346389192374777,0.0346389192374777,2026-08-17T16:10:31.330933+00:00,"Run - Aug 17, 2026 at 21:38:16"
Q13,14,311.85293620587254,0.03667286660589875,0.03667286660589875,2026-08-17T16:10:31.385248+00:00,"Run - Aug 17, 2026 at 21:38:16"
Q14,14,326.70160426390703,0.038706813974319756,0.038706813974319756,2026-08-17T16:10:31.422540+00:00,"Run - Aug 17, 2026 at 21:38:16"
Q15,14,341.5502723219408,0.04074076134274084,0.04074076134274084,2026-08-17T16:10:31.461177+00:00,"Run - Aug 17, 2026 at 21:38:16"
Q16,14,356.30210420625184,0.04279548752899911,0.04279548752899911,2026-08-17T16:10:31.503185+00:00,"Run - Aug 17, 2026 at 21:38:16"
Q17,14,371.2476084380088,0.04480865607958295,0.04480865607958295,2026-08-17T16:10:31.536727+00:00,"Run - Aug 17, 2026 at 21:38:16"
Q18,14,386.09627649604295,0.04684260344800397,0.04684260344800397,2026-08-17T16:10:31.572899+00:00,"Run - Aug 17, 2026 at 21:38:16"
Q19,14,400.8359140641019,0.04890009279215699,0.04890009279215699,2026-08-17T16:10:31.609793+00:00,"Run - Aug 17, 2026 at 21:38:16"
Q20,14,415.8906712565065,0.05088947764089094,0.05088947764089094,2026-08-17T16:10:31.645318+00:00,"Run - Aug 17, 2026 at 21:38:16"
Q21,14,430.5251206360028,0.05296982963426227,0.05296982963426227,2026-08-17T16:10:31.682755+00:00,"Run - Aug 17, 2026 at 21:38:16"
Q22,14,445.5949859793829,0.05495579343036457,0.05495579343036457,2026-08-17T16:10:31.718568+00:00,"Run - Aug 17, 2026 at 21:38:16"
Q23,14,460.33961678621245,0.057012340290109244,0.057012340290109244,2026-08-17T16:10:31.754508+00:00,"Run - Aug 17, 2026 at 21:38:16"
Q24,14,475.1882848442467,0.05904628765853031,0.05904628765853031,2026-08-17T16:10:31.788941+00:00,"Run - Aug 17, 2026 at 21:38:16"
Q25,14,490.0369529022805,0.061080235026951375,0.061080235026951375,2026-08-17T16:10:31.822409+00:00,"Run - Aug 17, 2026 at 21:38:16"
Q26,14,505.0036154251362,0.06308842500931196,0.06308842500931196,2026-08-17T16:10:31.855785+00:00,"Run - Aug 17, 2026 at 21:38:16"
Q27,14,519.5927403517038,0.06517904016057802,0.06517904016057802,2026-08-17T16:10:31.890338+00:00,"Run - Aug 17, 2026 at 21:38:16"
Q28,14,534.5829570763827,0.06718207713221445,0.06718207713221445,2026-08-17T16:10:31.924265+00:00,"Run - Aug 17, 2026 at 21:38:16"
Q29,14,549.4316251344167,0.0692160245006356,0.0692160245006356,2026-08-17T16:10:31.956075+00:00,"Run - Aug 17, 2026 at 21:38:16"
Q30,14,564.2802931924504,0.07124997186905663,0.07124997186905663,2026-08-17T16:10:31.989472+00:00,"Run - Aug 17, 2026 at 21:38:16"
Q31,14,579.1289612504839,0.07328391923747767,0.07328391923747767,2026-08-17T16:10:32.029505+00:00,"Run - Aug 17, 2026 at 21:38:16"
Q32,14,593.9776293085175,0.0753178666058987,0.0753178666058987,2026-08-17T16:10:32.063139+00:00,"Run - Aug 17, 2026 at 21:38:16"
Q33,14,608.8262973665524,0.07735181397431974,0.07735181397431974,2026-08-17T16:10:32.096205+00:00,"Run - Aug 17, 2026 at 21:38:16"
Q34,14,623.6749654245858,0.07938576134274088,0.07938576134274088,2026-08-17T16:10:32.129348+00:00,"Run - Aug 17, 2026 at 21:38:16"
Q35,14,638.5236334826195,0.08141970871116194,0.08141970871116194,2026-08-17T16:10:32.166198+00:00,"Run - Aug 17, 2026 at 21:38:16"
Q36,14,653.194169925255,0.08349285595005174,0.08349285595005174,2026-08-17T16:10:32.225741+00:00,"Run - Aug 17, 2026 at 21:38:16"
Q37,14,668.0387732112057,0.08552772437110435,0.08552772437110435,2026-08-17T16:10:32.266085+00:00,"Run - Aug 17, 2026 at 21:38:16"
Q38,14,683.0696376567219,0.08752155081642499,0.08752155081642499,2026-08-17T16:10:32.301746+00:00,"Run - Aug 17, 2026 at 21:38:16"
Q39,14,697.9183057147557,0.08955549818484607,0.08955549818484607,2026-08-17T16:10:32.341911+00:00,"Run - Aug 17, 2026 at 21:38:16"
Q40,14,712.76697377279,0.09158944555326715,0.09158944555326715,2026-08-17T16:10:32.386744+00:00,"Run - Aug 17, 2026 at 21:38:16"
Q41,14,727.6156418308242,0.09362339292168818,0.09362339292168818,2026-08-17T16:10:32.433004+00:00,"Run - Aug 17, 2026 at 21:38:16"
Q42,14,742.4643098888582,0.09565734029010921,0.09565734029010921,2026-08-17T16:10:32.476996+00:00,"Run - Aug 17, 2026 at 21:38:16"
Q43,14,757.3129779468916,0.09769128765853038,0.09769128765853038,2026-08-17T16:10:32.517949+00:00,"Run - Aug 17, 2026 at 21:38:16"
Q44,14,772.1616460049256,0.09972523502695137,0.09972523502695137,2026-08-17T16:10:32.554590+00:00,"Run - Aug 17, 2026 at 21:38:16"
Q45,14,787.0103140629594,0.10175918239537236,0.10175918239537236,2026-08-17T16:10:32.590392+00:00,"Run - Aug 17, 2026 at 21:38:16"
Q46,14,802.0467626539015,0.10375158290404879,0.10375158290404879,2026-08-17T16:10:32.624000+00:00,"Run - Aug 17, 2026 at 21:38:16"
Q47,14,816.7076501790272,0.10582707713221448,0.10582707713221448,2026-08-17T16:10:32.661140+00:00,"Run - Aug 17, 2026 at 21:38:16"
Q48,14,831.5563182370615,0.1078610245006355,0.1078610245006355,2026-08-17T16:10:32.694146+00:00,"Run - Aug 17, 2026 at 21:38:16"
Q49,14,846.4049862950951,0.10989497186905657,0.10989497186905657,2026-08-17T16:10:32.730452+00:00,"Run - Aug 17, 2026 at 21:38:16"
Q50,14,861.2536543531295,0.11192891923747764,0.11192891923747764,2026-08-17T16:10:32.762010+00:00,"Run - Aug 17, 2026 at 21:38:16"
Q51,14,875.8632192145084,0.11401588226584124,0.11401588226584124,2026-08-17T16:10:32.798068+00:00,"Run - Aug 17, 2026 at 21:38:16"
Q52,14,890.9509904691969,0.11599681397431982,0.11599681397431982,2026-08-17T16:10:32.830079+00:00,"Run - Aug 17, 2026 at 21:38:16"
Q53,14,905.7996585272307,0.11803076134274086,0.11803076134274086,2026-08-17T16:10:32.865656+00:00,"Run - Aug 17, 2026 at 21:38:16"
Q54,14,920.6127240325013,0.12007262487978076,0.12007262487978076,2026-08-17T16:10:32.898722+00:00,"Run - Aug 17, 2026 at 21:38:16"
Q55,14,935.4969946432989,0.12209865607958292,0.12209865607958292,2026-08-17T16:10:32.935680+00:00,"Run - Aug 17, 2026 at 21:38:16"
Q56,14,950.3456627013327,0.12413260344800402,0.12413260344800402,2026-08-17T16:10:32.968064+00:00,"Run - Aug 17, 2026 at 21:38:16"
Q57,14,965.1943307593677,0.126166550816425,0.126166550816425,2026-08-17T16:10:33.001357+00:00,"Run - Aug 17, 2026 at 21:38:16"
Q58,14,979.7754422161601,0.1282599612132096,0.1282599612132096,2026-08-17T16:10:33.038371+00:00,"Run - Aug 17, 2026 at 21:38:16"
Q59,14,995.1248083525992,0.13018263553562778,0.13018263553562778,2026-08-17T16:10:33.076256+00:00,"Run - Aug 17, 2026 at 21:38:16"
Q60,14,1009.740334933469,0.1322683929216881,0.1322683929216881,2026-08-17T16:10:33.110841+00:00,"Run - Aug 17, 2026 at 21:38:16"
Q61,14,1024.5890029915026,0.13430234029010926,0.13430234029010926,2026-08-17T16:10:33.150358+00:00,"Run - Aug 17, 2026 at 21:38:16"
Q62,14,1039.3974647473376,0.13634525645872825,0.13634525645872825,2026-08-17T16:10:33.186658+00:00,"Run - Aug 17, 2026 at 21:38:16"
Q63,14,1054.286339107571,0.13837023502695145,0.13837023502695145,2026-08-17T16:10:33.253942+00:00,"Run - Aug 17, 2026 at 21:38:16"
Q64,14,1069.1350071656045,0.14040418239537247,0.14040418239537247,2026-08-17T16:10:33.298954+00:00,"Run - Aug 17, 2026 at 21:38:16"
Q65,14,1083.983675223639,0.14243812976379353,0.14243812976379353,2026-08-17T16:10:33.335773+00:00,"Run - Aug 17, 2026 at 21:38:16"
Q66,14,1098.8323432816733,0.1444720771322145,0.1444720771322145,2026-08-17T16:10:33.383127+00:00,"Run - Aug 17, 2026 at 21:38:16"
Q67,14,1113.681011339707,0.1465060245006355,0.1465060245006355,2026-08-17T16:10:33.417079+00:00,"Run - Aug 17, 2026 at 21:38:16"
Q68,14,1128.5296793977407,0.14853997186905668,0.14853997186905668,2026-08-17T16:10:33.452159+00:00,"Run - Aug 17, 2026 at 21:38:16"
Q69,14,1143.3783474557747,0.15057391923747754,0.15057391923747754,2026-08-17T16:10:33.486700+00:00,"Run - Aug 17, 2026 at 21:38:16"
Q70,14,1158.2270155138087,0.15260786660589862,0.15260786660589862,2026-08-17T16:10:33.519991+00:00,"Run - Aug 17, 2026 at 21:38:16"
Q71,14,1173.0756835718414,0.15464181397431997,0.15464181397431997,2026-08-17T16:10:33.553717+00:00,"Run - Aug 17, 2026 at 21:38:16"
Q72,14,1187.9243516298754,0.15667576134274086,0.15667576134274086,2026-08-17T16:10:33.588637+00:00,"Run - Aug 17, 2026 at 21:38:16"
Q73,14,1202.4444915054114,0.15878298752899925,0.15878298752899925,2026-08-17T16:10:33.621485+00:00,"Run - Aug 17, 2026 at 21:38:16"
Q74,14,1217.9071687741737,0.1606800039566805,0.1606800039566805,2026-08-17T16:10:33.655498+00:00,"Run - Aug 17, 2026 at 21:38:16"
Q75,14,1232.4703558039791,0.16277760344800396,0.16277760344800396,2026-08-17T16:10:33.691850+00:00,"Run - Aug 17, 2026 at 21:38:16"
Q76,14,1247.319023862013,0.16481155081642504,0.16481155081642504,2026-08-17T16:10:33.726708+00:00,"Run - Aug 17, 2026 at 21:38:16"
Q77,14,1261.8229046492136,0.1669224612132097,0.1669224612132097,2026-08-17T16:10:33.760182+00:00,"Run - Aug 17, 2026 at 21:38:16"
Q78,14,1277.3157982199268,0.16881263553562764,0.16881263553562764,2026-08-17T16:10:33.795090+00:00,"Run - Aug 17, 2026 at 21:38:16"
Q79,14,1291.8650280361137,0.1709133929216881,0.1709133929216881,2026-08-17T16:10:33.830069+00:00,"Run - Aug 17, 2026 at 21:38:16"
Q80,14,1306.3567145070645,0.17302706647636765,0.17302706647636765,2026-08-17T16:10:33.866771+00:00,"Run - Aug 17, 2026 at 21:38:16"
Q81,14,1321.872270304241,0.17491210921983844,0.17491210921983844,2026-08-17T16:10:33.903449+00:00,"Run - Aug 17, 2026 at 21:38:16"
Q82,14,1336.4110322102151,0.17701523502695135,0.17701523502695135,2026-08-17T16:10:33.936682+00:00,"Run - Aug 17, 2026 at 21:38:16"
Q83,14,1350.890524364915,0.17913167173952552,0.17913167173952552,2026-08-17T16:10:33.969458+00:00,"Run - Aug 17, 2026 at 21:38:16"
Q84,14,1366.1083683262832,0.18108312976379354,0.18108312976379354,2026-08-17T16:10:34.004292+00:00,"Run - Aug 17, 2026 at 21:38:16"
Q85,14,1380.9570363843177,0.18311707713221453,0.18311707713221453,2026-08-17T16:10:34.044176+00:00,"Run - Aug 17, 2026 at 21:38:16"
Q86,14,1395.805704442352,0.1851510245006355,0.1851510245006355,2026-08-17T16:10:34.078193+00:00,"Run - Aug 17, 2026 at 21:38:16"
Q87,14,1410.6543725003855,0.18718497186905658,0.18718497186905658,2026-08-17T16:10:34.112408+00:00,"Run - Aug 17, 2026 at 21:38:16"
Q88,14,1425.1135407946658,0.18930601384478846,0.18930601384478846,2026-08-17T16:10:34.150928+00:00,"Run - Aug 17, 2026 at 21:38:16"
Q89,14,1440.3517086164534,0.1912528666058987,0.1912528666058987,2026-08-17T16:10:34.183991+00:00,"Run - Aug 17, 2026 at 21:38:16"
Q90,14,1454.8027473665659,0.19337575068689378,0.19337575068689378,2026-08-17T16:10:34.241105+00:00,"Run - Aug 17, 2026 at 21:38:16"
Q91,14,1470.0490447325228,0.19532076134274087,0.19532076134274087,2026-08-17T16:10:34.272597+00:00,"Run - Aug 17, 2026 at 21:38:16"
Q92,14,1484.8402424279732,0.19736762487978077,0.19736762487978077,2026-08-17T16:10:34.304387+00:00,"Run - Aug 17, 2026 at 21:38:16"
Q93,14,1500.0981586415014,0.19931000395668044,0.19931000395668044,2026-08-17T16:10:34.339978+00:00,"Run - Aug 17, 2026 at 21:38:16"
Q94,14,1514.1811605103674,0.20151522437110425,0.20151522437110425,2026-08-17T16:10:34.376009+00:00,"Run - Aug 17, 2026 at 21:38:16"
Q95,14,1529.4437169646576,0.20345655081642494,0.20345655081642494,2026-08-17T16:10:34.410667+00:00,"Run - Aug 17, 2026 at 21:38:16"
Q96,14,1544.2923850226919,0.20549049818484627,0.20549049818484627,2026-08-17T16:10:34.443777+00:00,"Run - Aug 17, 2026 at 21:38:16"
Q97,14,1559.141053080725,0.20752444555326727,0.20752444555326727,2026-08-17T16:10:34.479026+00:00,"Run - Aug 17, 2026 at 21:38:16"
Q98,14,1573.9897211387593,0.20955839292168824,0.20955839292168824,2026-08-17T16:10:34.516489+00:00,"Run - Aug 17, 2026 at 21:38:16"
Q99,14,1588.8383891967926,0.21159234029010923,0.21159234029010923,2026-08-17T16:10:34.555441+00:00,"Run - Aug 17, 2026 at 21:38:16"
Q100,14,1603.687057254828,0.21362628765853048,0.21362628765853048,2026-08-17T16:10:34.592608+00:00,"Run - Aug 17, 2026 at 21:38:16"
Q101,14,1618.5357253128614,0.2156602350269515,0.2156602350269515,2026-08-17T16:10:34.631248+00:00,"Run - Aug 17, 2026 at 21:38:16"
Q102,14,1633.3843933708952,0.21769418239537255,0.21769418239537255,2026-08-17T16:10:34.672725+00:00,"Run - Aug 17, 2026 at 21:38:16"
Q103,14,1648.2330614289283,0.2197281297637935,0.2197281297637935,2026-08-17T16:10:34.713038+00:00,"Run - Aug 17, 2026 at 21:38:16"
Q104,14,1663.471889617321,0.22167474079878582,0.22167474079878582,2026-08-17T16:10:34.767114+00:00,"Run - Aug 17, 2026 at 21:38:16"
Q105,14,1677.9303975449982,0.22379602450063554,0.22379602450063554,2026-08-17T16:10:34.830494+00:00,"Run - Aug 17, 2026 at 21:38:16"
Q106,14,1692.3163999417686,0.2259336454237359,0.2259336454237359,2026-08-17T16:10:34.873147+00:00,"Run - Aug 17, 2026 at 21:38:16"
Q107,14,1707.6277336610651,0.22786391923747762,0.22786391923747762,2026-08-17T16:10:34.906455+00:00,"Run - Aug 17, 2026 at 21:38:16"
Q108,14,1722.4764017190973,0.22989786660589873,0.22989786660589873,2026-08-17T16:10:34.937547+00:00,"Run - Aug 17, 2026 at 21:38:16"
Q109,14,1737.325069777133,0.23193181397431975,0.23193181397431975,2026-08-17T16:10:34.972504+00:00,"Run - Aug 17, 2026 at 21:38:16"
Q110,14,1752.1737378351659,0.2339657613427408,0.2339657613427408,2026-08-17T16:10:35.006927+00:00,"Run - Aug 17, 2026 at 21:38:16"
Q111,14,1767.0224058932004,0.2359997087111619,0.2359997087111619,2026-08-17T16:10:35.041583+00:00,"Run - Aug 17, 2026 at 21:38:16"
Q112,14,1781.8710739512335,0.23803365607958274,0.23803365607958274,2026-08-17T16:10:35.074681+00:00,"Run - Aug 17, 2026 at 21:38:16"
Q113,14,1797.1413058702651,0.23997316185141718,0.23997316185141718,2026-08-17T16:10:35.108579+00:00,"Run - Aug 17, 2026 at 21:38:16"
Q114,14,1811.0732262293711,0.24221259279215693,0.24221259279215693,2026-08-17T16:10:35.145999+00:00,"Run - Aug 17, 2026 at 21:38:16"
Q115,14,1825.9178295153208,0.24424746121320998,0.24424746121320998,2026-08-17T16:10:35.179893+00:00,"Run - Aug 17, 2026 at 21:38:16"
Q116,14,1841.265746183371,0.2461694455532674,0.2461694455532674,2026-08-17T16:10:35.242131+00:00,"Run - Aug 17, 2026 at 21:38:16"
Q117,14,1855.6070360872197,0.24831719805531496,0.24831719805531496,2026-08-17T16:10:35.279942+00:00,"Run - Aug 17, 2026 at 21:38:16"
Q118,14,1870.963082299439,0.2502373402901093,0.2502373402901093,2026-08-17T16:10:35.325183+00:00,"Run - Aug 17, 2026 at 21:38:16"
Q119,14,1886.2542500388943,0.25217210921983835,0.25217210921983835,2026-08-17T16:10:35.363128+00:00,"Run - Aug 17, 2026 at 21:38:16"
Q120,14,1900.140845945072,0.25442180331847286,0.25442180331847286,2026-08-17T16:10:35.403039+00:00,"Run - Aug 17, 2026 at 21:38:16"
Q121,14,1914.9854492310217,0.2564566717395258,0.2564566717395258,2026-08-17T16:10:35.439032+00:00,"Run - Aug 17, 2026 at 21:38:16"
Q122,14,1929.8300525169718,0.2584915401605781,0.2584915401605781,2026-08-17T16:10:35.472004+00:00,"Run - Aug 17, 2026 at 21:38:16"
Q123,14,1945.1311126979651,0.260424072248202,0.260424072248202,2026-08-17T16:10:35.564512+00:00,"Run - Aug 17, 2026 at 21:38:16"
Q124,14,1960.0550906476412,0.2624410245006355,0.2624410245006355,2026-08-17T16:10:35.630511+00:00,"Run - Aug 17, 2026 at 21:38:16"
Q125,14,1974.903758705676,0.2644749718690565,0.2644749718690565,2026-08-17T16:10:35.680072+00:00,"Run - Aug 17, 2026 at 21:38:16"
Q126,14,1989.75242676371,0.2665089192374776,0.2665089192374776,2026-08-17T16:10:35.714678+00:00,"Run - Aug 17, 2026 at 21:38:16"
Q127,14,2004.6010948217452,0.2685428666058987,0.2685428666058987,2026-08-17T16:10:35.751997+00:00,"Run - Aug 17, 2026 at 21:38:16"
Q128,14,2018.897672232672,0.2707007506868939,0.2707007506868939,2026-08-17T16:10:35.786841+00:00,"Run - Aug 17, 2026 at 21:38:16"
Q129,14,2033.7422755186242,0.27273561910794625,0.27273561910794625,2026-08-17T16:10:35.820936+00:00,"Run - Aug 17, 2026 at 21:38:16"
Q130,14,2049.1470989958443,0.27464470871116164,0.27464470871116164,2026-08-17T16:10:35.854960+00:00,"Run - Aug 17, 2026 at 21:38:16"
Q131,14,2063.995767053878,0.27667865607958286,0.27667865607958286,2026-08-17T16:10:35.907804+00:00,"Run - Aug 17, 2026 at 21:38:16"
Q132,14,2078.8444351119147,0.2787126034480038,0.2787126034480038,2026-08-17T16:10:35.942218+00:00,"Run - Aug 17, 2026 at 21:38:16"
Q0,15,118.73087879234185,0.010247894078466773,0.010247894078466773,2026-08-17T16:10:42.665022+00:00,"Run - Aug 17, 2026 at 21:38:16"
Q1,15,133.56320273615307,0.012285282588978189,0.012285282588978189,2026-08-17T16:10:42.701931+00:00,"Run - Aug 17, 2026 at 21:38:16"
Q2,15,148.4164769341084,0.014319039179379555,0.014319039179379555,2026-08-17T16:10:42.733965+00:00,"Run - Aug 17, 2026 at 21:38:16"
Q3,15,163.2427330074496,0.01635750946308216,0.01635750946308216,2026-08-17T16:10:42.773289+00:00,"Run - Aug 17, 2026 at 21:38:16"
Q4,15,178.12019036164514,0.018385874061279686,0.018385874061279686,2026-08-17T16:10:42.812679+00:00,"Run - Aug 17, 2026 at 21:38:16"
Q5,15,192.92447673954024,0.020429248202711463,0.020429248202711463,2026-08-17T16:10:42.849834+00:00,"Run - Aug 17, 2026 at 21:38:16"
Q6,15,207.69210025819768,0.02247988759097342,0.02247988759097342,2026-08-17T16:10:42.887291+00:00,"Run - Aug 17, 2026 at 21:38:16"
Q7,15,222.53316369044398,0.02451583241379536,0.02451583241379536,2026-08-17T16:10:42.926434+00:00,"Run - Aug 17, 2026 at 21:38:16"
Q8,15,237.42915669929644,0.02654020177077447,0.02654020177077447,2026-08-17T16:10:42.965239+00:00,"Run - Aug 17, 2026 at 21:38:16"
Q9,15,252.26644143766535,0.028576740232312926,0.028576740232312926,2026-08-17T16:10:43.001095+00:00,"Run - Aug 17, 2026 at 21:38:16"
Q10,15,267.0331362640763,0.030628140106103065,0.030628140106103065,2026-08-17T16:10:43.039244+00:00,"Run - Aug 17, 2026 at 21:38:16"
Q11,15,281.9410109144042,0.03264981715538984,0.03264981715538984,2026-08-17T16:10:43.076019+00:00,"Run - Aug 17, 2026 at 21:38:16"
Q12,15,296.7782956527735,0.034686355616928344,0.034686355616928344,2026-08-17T16:10:43.115671+00:00,"Run - Aug 17, 2026 at 21:38:16"
Q13,15,311.6039513250381,0.03672528258897822,0.03672528258897822,2026-08-17T16:10:43.151660+00:00,"Run - Aug 17, 2026 at 21:38:16"
Q14,15,326.45286512951225,0.03875943254000521,0.03875943254000521,2026-08-17T16:10:43.190562+00:00,"Run - Aug 17, 2026 at 21:38:16"
Q15,15,341.29014986788144,0.0407959710015437,0.0407959710015437,2026-08-17T16:10:43.253585+00:00,"Run - Aug 17, 2026 at 21:38:16"
Q16,15,356.01978527735037,0.04285552861661446,0.04285552861661446,2026-08-17T16:10:43.292103+00:00,"Run - Aug 17, 2026 at 21:38:16"
Q17,15,370.9647193446201,0.04486904792462063,0.04486904792462063,2026-08-17T16:10:43.333050+00:00,"Run - Aug 17, 2026 at 21:38:16"
Q18,15,385.78759657040763,0.046908615922311506,0.046908615922311506,2026-08-17T16:10:43.373664+00:00,"Run - Aug 17, 2026 at 21:38:16"
Q19,15,400.51809078309566,0.048968220924306756,0.048968220924306756,2026-08-17T16:10:43.409445+00:00,"Run - Aug 17, 2026 at 21:38:16"
Q20,15,415.6021470383453,0.05095163454680786,0.05095163454680786,2026-08-17T16:10:43.445913+00:00,"Run - Aug 17, 2026 at 21:38:16"
Q21,15,430.18362778692654,0.05304334912943497,0.05304334912943497,2026-08-17T16:10:43.480263+00:00,"Run - Aug 17, 2026 at 21:38:16"
Q22,15,445.2525126658453,0.0550297202151258,0.0550297202151258,2026-08-17T16:10:43.518365+00:00,"Run - Aug 17, 2026 at 21:38:16"
Q23,15,459.988427774836,0.05708827869385137,0.05708827869385137,2026-08-17T16:10:43.557013+00:00,"Run - Aug 17, 2026 at 21:38:16"
Q24,15,474.82571251320553,0.05912481715538986,0.05912481715538986,2026-08-17T16:10:43.592886+00:00,"Run - Aug 17, 2026 at 21:38:16"
Q25,15,489.644699913924,0.06116528258897821,0.06116528258897821,2026-08-17T16:10:43.631087+00:00,"Run - Aug 17, 2026 at 21:38:16"
Q26,15,504.6152509556677,0.06317279713820274,0.06317279713820274,2026-08-17T16:10:43.670289+00:00,"Run - Aug 17, 2026 at 21:38:16"
Q27,15,519.1996475146595,0.06526455036251325,0.06526455036251325,2026-08-17T16:10:43.706703+00:00,"Run - Aug 17, 2026 at 21:38:16"
Q28,15,534.1548870611458,0.06727528258897814,0.06727528258897814,2026-08-17T16:10:43.742329+00:00,"Run - Aug 17, 2026 at 21:38:16"
Q29,15,548.9916161102195,0.06931194925564489,0.06931194925564489,2026-08-17T16:10:43.788065+00:00,"Run - Aug 17, 2026 at 21:38:16"
Q30,15,563.8494209434214,0.07134404792462064,0.07134404792462064,2026-08-17T16:10:43.823899+00:00,"Run - Aug 17, 2026 at 21:38:16"
Q31,15,578.6867056817903,0.07338058638615907,0.07338058638615907,2026-08-17T16:10:43.863301+00:00,"Run - Aug 17, 2026 at 21:38:16"
Q32,15,593.5239904201592,0.07541712484769751,0.07541712484769751,2026-08-17T16:10:43.900160+00:00,"Run - Aug 17, 2026 at 21:38:16"
Q33,15,608.3612751585293,0.07745366330923598,0.07745366330923598,2026-08-17T16:10:43.935518+00:00,"Run - Aug 17, 2026 at 21:38:16"
Q34,15,623.245099410607,0.07948006482040523,0.07948006482040523,2026-08-17T16:10:43.968824+00:00,"Run - Aug 17, 2026 at 21:38:16"
Q35,15,638.0358446352673,0.08152674023231299,0.08152674023231299,2026-08-17T16:10:44.001610+00:00,"Run - Aug 17, 2026 at 21:38:16"
Q36,15,652.6995652355562,0.08360147343943639,0.08360147343943639,2026-08-17T16:10:44.035164+00:00,"Run - Aug 17, 2026 at 21:38:16"
Q37,15,667.5328894267673,0.08563890933687225,0.08563890933687225,2026-08-17T16:10:44.069954+00:00,"Run - Aug 17, 2026 at 21:38:16"
Q38,15,682.5476988503758,0.08763635561692826,0.08763635561692826,2026-08-17T16:10:44.105694+00:00,"Run - Aug 17, 2026 at 21:38:16"
Q39,15,697.384983588745,0.08967289407846676,0.08967289407846676,2026-08-17T16:10:44.141493+00:00,"Run - Aug 17, 2026 at 21:38:16"
Q40,15,712.2222683271146,0.09170943254000524,0.09170943254000524,2026-08-17T16:10:44.175944+00:00,"Run - Aug 17, 2026 at 21:38:16"
Q41,15,727.032364699105,0.09375194925564483,0.09375194925564483,2026-08-17T16:10:44.209533+00:00,"Run - Aug 17, 2026 at 21:38:16"
Q42,15,741.8968378038535,0.09578250946308213,0.09578250946308213,2026-08-17T16:10:44.243430+00:00,"Run - Aug 17, 2026 at 21:38:16"
Q43,15,756.734122542222,0.09781904792462069,0.09781904792462069,2026-08-17T16:10:44.276709+00:00,"Run - Aug 17, 2026 at 21:38:16"
Q44,15,771.5714072805918,0.0998555863861591,0.0998555863861591,2026-08-17T16:10:44.311780+00:00,"Run - Aug 17, 2026 at 21:38:16"
Q45,15,786.4086920189608,0.1018921248476975,0.1018921248476975,2026-08-17T16:10:44.346335+00:00,"Run - Aug 17, 2026 at 21:38:16"
Q46,15,801.428942404779,0.10388818175358736,0.10388818175358736,2026-08-17T16:10:44.389481+00:00,"Run - Aug 17, 2026 at 21:38:16"
Q47,15,816.0832614956993,0.10596520177077447,0.10596520177077447,2026-08-17T16:10:44.424739+00:00,"Run - Aug 17, 2026 at 21:38:16"
Q48,15,830.9826217440757,0.10798801353835383,0.10798801353835383,2026-08-17T16:10:44.458005+00:00,"Run - Aug 17, 2026 at 21:38:16"
Q49,15,845.7578309724379,0.11003827869385134,0.11003827869385134,2026-08-17T16:10:44.492315+00:00,"Run - Aug 17, 2026 at 21:38:16"
Q50,15,860.5951157108077,0.11207481715538982,0.11207481715538982,2026-08-17T16:10:44.527814+00:00,"Run - Aug 17, 2026 at 21:38:16"
Q51,15,875.1994281037183,0.11416301190097486,0.11416301190097486,2026-08-17T16:10:44.559369+00:00,"Run - Aug 17, 2026 at 21:38:16"
Q52,15,890.2696851875456,0.11614789407846683,0.11614789407846683,2026-08-17T16:10:44.594296+00:00,"Run - Aug 17, 2026 at 21:38:16"
Q53,15,905.1069699259149,0.11818443254000524,0.11818443254000524,2026-08-17T16:10:44.638903+00:00,"Run - Aug 17, 2026 at 21:38:16"
Q54,15,919.9782987916237,0.12021341903598255,0.12021341903598255,2026-08-17T16:10:44.679198+00:00,"Run - Aug 17, 2026 at 21:38:16"
Q55,15,934.7465713861372,0.12226528258897819,0.12226528258897819,2026-08-17T16:10:44.714622+00:00,"Run - Aug 17, 2026 at 21:38:16"
Q56,15,949.654253657388,0.12428617127963455,0.12428617127963455,2026-08-17T16:10:44.748225+00:00,"Run - Aug 17, 2026 at 21:38:16"
Q57,15,964.5281718155917,0.12631455199989233,0.12631455199989233,2026-08-17T16:10:44.789524+00:00,"Run - Aug 17, 2026 at 21:38:16"
Q58,15,979.032697442194,0.12842506318302607,0.12842506318302607,2026-08-17T16:10:44.824702+00:00,"Run - Aug 17, 2026 at 21:38:16"
Q59,15,994.3578418467014,0.13035318175358737,0.13035318175358737,2026-08-17T16:10:44.881929+00:00,"Run - Aug 17, 2026 at 21:38:16"
Q60,15,1008.9679630945009,0.13244020177077437,0.13244020177077437,2026-08-17T16:10:44.918742+00:00,"Run - Aug 17, 2026 at 21:38:16"
Q61,15,1023.8052478328697,0.13447674023231293,0.13447674023231293,2026-08-17T16:10:44.959003+00:00,"Run - Aug 17, 2026 at 21:38:16"
Q62,15,1038.6033571998655,0.13652201752481352,0.13652201752481352,2026-08-17T16:10:44.997150+00:00,"Run - Aug 17, 2026 at 21:38:16"
Q63,15,1053.4798173096085,0.13854981715538997,0.13854981715538997,2026-08-17T16:10:45.041095+00:00,"Run - Aug 17, 2026 at 21:38:16"
Q64,15,1068.3569637621488,0.14057745333091665,0.14057745333091665,2026-08-17T16:10:45.090099+00:00,"Run - Aug 17, 2026 at 21:38:16"
Q65,15,1083.1543867863477,0.14262289407846684,0.14262289407846684,2026-08-17T16:10:45.127360+00:00,"Run - Aug 17, 2026 at 21:38:16"
Q66,15,1097.9505909259497,0.14466861592231148,0.14466861592231148,2026-08-17T16:10:45.167909+00:00,"Run - Aug 17, 2026 at 21:38:16"
Q67,15,1112.7873199750236,0.1467052825889781,0.1467052825889781,2026-08-17T16:10:45.234916+00:00,"Run - Aug 17, 2026 at 21:38:16"
Q68,15,1127.666241001455,0.14873250946308222,0.14873250946308222,2026-08-17T16:10:45.279301+00:00,"Run - Aug 17, 2026 at 21:38:16"
Q69,15,1142.503525739825,0.15076904792462048,0.15076904792462048,2026-08-17T16:10:45.322531+00:00,"Run - Aug 17, 2026 at 21:38:16"
Q70,15,1157.3839963407192,0.15279591486937802,0.15279591486937802,2026-08-17T16:10:45.369104+00:00,"Run - Aug 17, 2026 at 21:38:16"
Q71,15,1172.178095216562,0.1548421248476977,0.1548421248476977,2026-08-17T16:10:45.405807+00:00,"Run - Aug 17, 2026 at 21:38:16"
Q72,15,1186.970965220391,0.15688861592231154,0.15688861592231154,2026-08-17T16:10:45.442510+00:00,"Run - Aug 17, 2026 at 21:38:16"
Q73,15,1201.487589886518,0.15899668246276846,0.15899668246276846,2026-08-17T16:10:45.477728+00:00,"Run - Aug 17, 2026 at 21:38:16"
Q74,15,1216.922584320404,0.16089992923845786,0.16089992923845786,2026-08-17T16:10:45.513138+00:00,"Run - Aug 17, 2026 at 21:38:16"
Q75,15,1231.5731901561953,0.16297796615142937,0.16297796615142937,2026-08-17T16:10:45.550313+00:00,"Run - Aug 17, 2026 at 21:38:16"
Q76,15,1246.317881416688,0.16503528258897818,0.16503528258897818,2026-08-17T16:10:45.588530+00:00,"Run - Aug 17, 2026 at 21:38:16"
Q77,15,1260.8186638941802,0.16714693887302476,0.16714693887302476,2026-08-17T16:10:45.622920+00:00,"Run - Aug 17, 2026 at 21:38:16"
Q78,15,1276.3308487233578,0.16903279713820263,0.16903279713820263,2026-08-17T16:10:45.659446+00:00,"Run - Aug 17, 2026 at 21:38:16"
Q79,15,1290.8763731235174,0.17113443254000515,0.17113443254000515,2026-08-17T16:10:45.698574+00:00,"Run - Aug 17, 2026 at 21:38:16"
Q80,15,1305.3169693999262,0.17325963118071713,0.17325963118071713,2026-08-17T16:10:45.740598+00:00,"Run - Aug 17, 2026 at 21:38:16"
Q81,15,1320.803486502524,0.17515121128973993,0.17515121128973993,2026-08-17T16:10:45.781844+00:00,"Run - Aug 17, 2026 at 21:38:16"
Q82,15,1335.4880331253553,0.1772216032819436,0.1772216032819436,2026-08-17T16:10:45.822800+00:00,"Run - Aug 17, 2026 at 21:38:16"
Q83,15,1349.8658022224638,0.17936096061892365,0.17936096061892365,2026-08-17T16:10:45.859430+00:00,"Run - Aug 17, 2026 at 21:38:16"
Q84,15,1365.164822030136,0.18129416738450785,0.18129416738450785,2026-08-17T16:10:45.892919+00:00,"Run - Aug 17, 2026 at 21:38:16"
Q85,15,1379.8484428583508,0.18336528258897822,0.18336528258897822,2026-08-17T16:10:45.928606+00:00,"Run - Aug 17, 2026 at 21:38:16"
Q86,15,1394.8416109349184,0.1853667314870718,0.1853667314870718,2026-08-17T16:10:45.960634+00:00,"Run - Aug 17, 2026 at 21:38:16"
Q87,15,1409.5219009564985,0.18743861592231148,0.18743861592231148,2026-08-17T16:10:45.993722+00:00,"Run - Aug 17, 2026 at 21:38:16"
Q88,15,1424.138887249375,0.18952415700188746,0.18952415700188746,2026-08-17T16:10:46.027822+00:00,"Run - Aug 17, 2026 at 21:38:16"
Q89,15,1439.195359054646,0.19151194925564483,0.19151194925564483,2026-08-17T16:10:46.062330+00:00,"Run - Aug 17, 2026 at 21:38:16"
Q90,15,1453.6990715609384,0.19362301190097478,0.19362301190097478,2026-08-17T16:10:46.098711+00:00,"Run - Aug 17, 2026 at 21:38:16"
Q91,15,1468.9237899839507,0.19557289407846684,0.19557289407846684,2026-08-17T16:10:46.134621+00:00,"Run - Aug 17, 2026 at 21:38:16"
Q92,15,1483.7050779587769,0.19762201752481337,0.19762201752481337,2026-08-17T16:10:46.174214+00:00,"Run - Aug 17, 2026 at 21:38:16"
Q93,15,1498.9411173101917,0.19956933559974127,0.19956933559974127,2026-08-17T16:10:46.214440+00:00,"Run - Aug 17, 2026 at 21:38:16"
Q94,15,1512.97572842674,0.2017855286166143,0.2017855286166143,2026-08-17T16:10:46.250605+00:00,"Run - Aug 17, 2026 at 21:38:16"
Q95,15,1528.2157333490893,0.20373194925564478,0.20373194925564478,2026-08-17T16:10:46.285744+00:00,"Run - Aug 17, 2026 at 21:38:16"
Q96,15,1543.0524623981632,0.2057686159223117,0.2057686159223117,2026-08-17T16:10:46.322169+00:00,"Run - Aug 17, 2026 at 21:38:16"
Q97,15,1558.0639499112144,0.20776583405117455,0.20776583405117455,2026-08-17T16:10:46.357166+00:00,"Run - Aug 17, 2026 at 21:38:16"
Q98,15,1572.7847831525344,0.20982866330923605,0.20982866330923605,2026-08-17T16:10:46.393924+00:00,"Run - Aug 17, 2026 at 21:38:16"
Q99,15,1587.5626495453837,0.2118786159223115,0.2118786159223115,2026-08-17T16:10:46.441753+00:00,"Run - Aug 17, 2026 at 21:38:16"
Q100,15,1602.459352629274,0.2139017402323131,0.2139017402323131,2026-08-17T16:10:46.474977+00:00,"Run - Aug 17, 2026 at 21:38:16"
Q101,15,1617.4175277207773,0.2159109622563028,0.2159109622563028,2026-08-17T16:10:46.509448+00:00,"Run - Aug 17, 2026 at 21:38:16"
Q102,15,1632.1339221060116,0.21797481715539,0.21797481715539,2026-08-17T16:10:46.543340+00:00,"Run - Aug 17, 2026 at 21:38:16"
Q103,15,1646.9712068443805,0.22001135561692833,0.22001135561692833,2026-08-17T16:10:46.578965+00:00,"Run - Aug 17, 2026 at 21:38:16"
Q104,15,1662.1886476072023,0.22196279713820294,0.22196279713820294,2026-08-17T16:10:46.615453+00:00,"Run - Aug 17, 2026 at 21:38:16"
Q105,15,1676.7711055303405,0.22405609046143077,0.22405609046143077,2026-08-17T16:10:46.651970+00:00,"Run - Aug 17, 2026 at 21:38:16"
Q106,15,1691.0322586203106,0.2262219862599492,0.2262219862599492,2026-08-17T16:10:46.692039+00:00,"Run - Aug 17, 2026 at 21:38:16"
Q107,15,1706.256481937975,0.22817194925564485,0.22817194925564485,2026-08-17T16:10:46.729191+00:00,"Run - Aug 17, 2026 at 21:38:16"
Q108,15,1721.1576305362262,0.23019404792462056,0.23019404792462056,2026-08-17T16:10:46.765307+00:00,"Run - Aug 17, 2026 at 21:38:16"
Q109,15,1735.994915274597,0.2322305863861591,0.2322305863861591,2026-08-17T16:10:46.801218+00:00,"Run - Aug 17, 2026 at 21:38:16"
Q110,15,1750.7666690851947,0.23428194925564483,0.23428194925564483,2026-08-17T16:10:46.836000+00:00,"Run - Aug 17, 2026 at 21:38:16"
Q111,15,1765.6694847513356,0.23630366330923605,0.23630366330923605,2026-08-17T16:10:46.875649+00:00,"Run - Aug 17, 2026 at 21:38:16"
Q112,15,1780.6398666970729,0.23831006482040498,0.23831006482040498,2026-08-17T16:10:46.912188+00:00,"Run - Aug 17, 2026 at 21:38:16"
Q113,15,1795.754808759301,0.24028472021512576,0.24028472021512576,2026-08-17T16:10:46.949789+00:00,"Run - Aug 17, 2026 at 21:38:16"
Q114,15,1809.8341687854088,0.2424908236685542,0.2424908236685542,2026-08-17T16:10:46.989413+00:00,"Run - Aug 17, 2026 at 21:38:16"
Q115,15,1824.5321763412082,0.24455890933687258,0.24455890933687258,2026-08-17T16:10:47.024412+00:00,"Run - Aug 17, 2026 at 21:38:16"
Q116,15,1839.787043379639,0.24650194925564511,0.24650194925564511,2026-08-17T16:10:47.057619+00:00,"Run - Aug 17, 2026 at 21:38:16"
Q117,15,1854.1988247236277,0.24863378113174414,0.24863378113174414,2026-08-17T16:10:47.092296+00:00,"Run - Aug 17, 2026 at 21:38:16"
Q118,15,1869.5304779199214,0.25055943254000523,0.25055943254000523,2026-08-17T16:10:47.128166+00:00,"Run - Aug 17, 2026 at 21:38:16"
Q119,15,1884.7283840626042,0.2525153138538424,0.2525153138538424,2026-08-17T16:10:47.162714+00:00,"Run - Aug 17, 2026 at 21:38:16"
Q120,15,1898.6987972972622,0.2547460888240518,0.2547460888240518,2026-08-17T16:10:47.227919+00:00,"Run - Aug 17, 2026 at 21:38:16"
Q121,15,1913.5321214884727,0.256783524721488,0.256783524721488,2026-08-17T16:10:47.269804+00:00,"Run - Aug 17, 2026 at 21:38:16"
Q122,15,1928.5096400272641,0.2587882595659903,0.2587882595659903,2026-08-17T16:10:47.307300+00:00,"Run - Aug 17, 2026 at 21:38:16"
Q123,15,1943.7888268045895,0.2607257267282904,0.2607257267282904,2026-08-17T16:10:47.347496+00:00,"Run - Aug 17, 2026 at 21:38:16"
Q124,15,1958.4808757722278,0.2627952825889781,0.2627952825889781,2026-08-17T16:10:47.383055+00:00,"Run - Aug 17, 2026 at 21:38:16"
Q125,15,1973.391471088506,0.26481520177077433,0.26481520177077433,2026-08-17T16:10:47.420411+00:00,"Run - Aug 17, 2026 at 21:38:16"
Q126,15,1988.377389030542,0.2668180135383539,0.2668180135383539,2026-08-17T16:10:47.457244+00:00,"Run - Aug 17, 2026 at 21:38:16"
Q127,15,2003.0660405652459,0.2688882786938514,0.2688882786938514,2026-08-17T16:10:47.491838+00:00,"Run - Aug 17, 2026 at 21:38:16"
Q128,15,2017.2898574918565,0.27106270810379407,0.27106270810379407,2026-08-17T16:10:47.527253+00:00,"Run - Aug 17, 2026 at 21:38:16"
Q129,15,2032.1987150181592,0.27308301190097456,0.27308301190097456,2026-08-17T16:10:47.562436+00:00,"Run - Aug 17, 2026 at 21:38:16"
Q130,15,2047.730966840103,0.2749631417434819,0.2749631417434819,2026-08-17T16:10:47.601977+00:00,"Run - Aug 17, 2026 at 21:38:16"
Q131,15,2062.41517951872,0.27703443254000515,0.27703443254000515,2026-08-17T16:10:47.650092+00:00,"Run - Aug 17, 2026 at 21:38:16"
Q132,15,2077.2524642570925,0.27907097100154354,0.27907097100154354,2026-08-17T16:10:47.694993+00:00,"Run - Aug 17, 2026 at 21:38:16"
Q0,16,118.63744925778057,0.010264562111652754,0.010264562111652754,2026-08-17T16:10:55.067652+00:00,"Run - Aug 17, 2026 at 21:38:16"
Q1,16,133.47261691934926,0.012301962942552622,0.012301962942552622,2026-08-17T16:10:55.103413+00:00,"Run - Aug 17, 2026 at 21:38:16"
Q2,16,148.30450170824636,0.014340056495257348,0.014340056495257348,2026-08-17T16:10:55.143199+00:00,"Run - Aug 17, 2026 at 21:38:16"
Q3,16,163.1136842085132,0.016382312111652756,0.016382312111652756,2026-08-17T16:10:55.183551+00:00,"Run - Aug 17, 2026 at 21:38:16"
Q4,16,177.978264159188,0.01841359259489534,0.01841359259489534,2026-08-17T16:10:55.250750+00:00,"Run - Aug 17, 2026 at 21:38:16"
Q5,16,192.77150240796993,0.020459507382791325,0.020459507382791325,2026-08-17T16:10:55.293445+00:00,"Run - Aug 17, 2026 at 21:38:16"
Q6,16,207.54409703787542,0.022509574909283347,0.022509574909283347,2026-08-17T16:10:55.349079+00:00,"Run - Aug 17, 2026 at 21:38:16"
Q7,16,222.35809024576943,0.024551176988598128,0.024551176988598128,2026-08-17T16:10:55.392514+00:00,"Run - Aug 17, 2026 at 21:38:16"
Q8,16,237.2495785091904,0.02657669002186739,0.02657669002186739,2026-08-17T16:10:55.431208+00:00,"Run - Aug 17, 2026 at 21:38:16"
Q9,16,252.07555013408106,0.02861581502186738,0.02861581502186738,2026-08-17T16:10:55.465177+00:00,"Run - Aug 17, 2026 at 21:38:16"
Q10,16,266.8127845973143,0.030673674078383513,0.030673674078383513,2026-08-17T16:10:55.500378+00:00,"Run - Aug 17, 2026 at 21:38:16"
Q11,16,281.7274933838633,0.03269406502186738,0.03269406502186738,2026-08-17T16:10:55.538313+00:00,"Run - Aug 17, 2026 at 21:38:16"
Q12,16,296.55320651895147,0.03473333503233802,0.03473333503233802,2026-08-17T16:10:55.572425+00:00,"Run - Aug 17, 2026 at 21:38:16"
Q13,16,311.3564623715039,0.03677714090940141,0.03677714090940141,2026-08-17T16:10:55.608746+00:00,"Run - Aug 17, 2026 at 21:38:16"
Q14,16,326.181016463864,0.038816684201438106,0.038816684201438106,2026-08-17T16:10:55.643036+00:00,"Run - Aug 17, 2026 at 21:38:16"
Q15,16,341.0186240114444,0.04085331211165276,0.04085331211165276,2026-08-17T16:10:55.679382+00:00,"Run - Aug 17, 2026 at 21:38:16"
Q16,16,355.7390775660108,0.042915005786346744,0.042915005786346744,2026-08-17T16:10:55.713993+00:00,"Run - Aug 17, 2026 at 21:38:16"
Q17,16,370.66944731193297,0.04493181211165277,0.04493181211165277,2026-08-17T16:10:55.751510+00:00,"Run - Aug 17, 2026 at 21:38:16"
Q18,16,385.5089369697863,0.04696808503233797,0.04696808503233797,2026-08-17T16:10:55.784088+00:00,"Run - Aug 17, 2026 at 21:38:16"
Q19,16,400.202102525115,0.04903575578634673,0.04903575578634673,2026-08-17T16:10:55.822111+00:00,"Run - Aug 17, 2026 at 21:38:16"
Q20,16,415.26811640431754,0.051023209068285315,0.051023209068285315,2026-08-17T16:10:55.860831+00:00,"Run - Aug 17, 2026 at 21:38:16"
Q21,16,429.8441191645185,0.05311625578634673,0.05311625578634673,2026-08-17T16:10:55.898474+00:00,"Run - Aug 17, 2026 at 21:38:16"
Q22,16,444.91159265898676,0.055103115515580545,0.055103115515580545,2026-08-17T16:10:55.936711+00:00,"Run - Aug 17, 2026 at 21:38:16"
Q23,16,459.6387123454817,0.057163710032337965,0.057163710032337965,2026-08-17T16:10:55.973232+00:00,"Run - Aug 17, 2026 at 21:38:16"
Q24,16,474.447328863643,0.05920656211165276,0.05920656211165276,2026-08-17T16:10:56.014790+00:00,"Run - Aug 17, 2026 at 21:38:16"
Q25,16,489.2732562281282,0.06124564381961602,0.06124564381961602,2026-08-17T16:10:56.050889+00:00,"Run - Aug 17, 2026 at 21:38:16"
Q26,16,504.22916249880956,0.06325647050510996,0.06325647050510996,2026-08-17T16:10:56.085061+00:00,"Run - Aug 17, 2026 at 21:38:16"
Q27,16,518.7890925810632,0.06535367698859806,0.06535367698859806,2026-08-17T16:10:56.116613+00:00,"Run - Aug 17, 2026 at 21:38:16"
Q28,16,533.768487721178,0.06735933503233794,0.06735933503233794,2026-08-17T16:10:56.153198+00:00,"Run - Aug 17, 2026 at 21:38:16"
Q29,16,548.5543800224026,0.06940714090940144,0.06940714090940144,2026-08-17T16:10:56.194052+00:00,"Run - Aug 17, 2026 at 21:38:16"
Q30,16,563.3997987651086,0.07144206211165277,0.07144206211165277,2026-08-17T16:10:56.232387+00:00,"Run - Aug 17, 2026 at 21:38:16"
Q31,16,578.2252104153524,0.07348131211165275,0.07348131211165275,2026-08-17T16:10:56.268405+00:00,"Run - Aug 17, 2026 at 21:38:16"
Q32,16,593.0728975065743,0.07551569002186734,0.07551569002186734,2026-08-17T16:10:56.303661+00:00,"Run - Aug 17, 2026 at 21:38:16"
Q33,16,607.8760337158415,0.07755981211165272,0.07755981211165272,2026-08-17T16:10:56.338866+00:00,"Run - Aug 17, 2026 at 21:38:16"
Q34,16,622.7695941978781,0.07958420150572801,0.07958420150572801,2026-08-17T16:10:56.377251+00:00,"Run - Aug 17, 2026 at 21:38:16"
Q35,16,637.5268570163292,0.0816383121116528,0.0816383121116528,2026-08-17T16:10:56.412255+00:00,"Run - Aug 17, 2026 at 21:38:16"
Q36,16,652.2069032876614,0.08370957490928335,0.08370957490928335,2026-08-17T16:10:56.449342+00:00,"Run - Aug 17, 2026 at 21:38:16"
Q37,16,667.029669062922,0.08574942989881273,0.08574942989881273,2026-08-17T16:10:56.486586+00:00,"Run - Aug 17, 2026 at 21:38:16"
Q38,16,682.0030919670626,0.08775606211165268,0.08775606211165268,2026-08-17T16:10:56.526639+00:00,"Run - Aug 17, 2026 at 21:38:16"
Q39,16,696.8285036173068,0.08979531211165274,0.08979531211165274,2026-08-17T16:10:56.580834+00:00,"Run - Aug 17, 2026 at 21:38:16"
Q40,16,711.6539152675512,0.09183456211165276,0.09183456211165276,2026-08-17T16:10:56.617283+00:00,"Run - Aug 17, 2026 at 21:38:16"
Q41,16,726.5059036979864,0.09386796003233797,0.09386796003233797,2026-08-17T16:10:56.654067+00:00,"Run - Aug 17, 2026 at 21:38:16"
Q42,16,741.3326137554859,0.09590694002186735,0.09590694002186735,2026-08-17T16:10:56.688620+00:00,"Run - Aug 17, 2026 at 21:38:16"
Q43,16,756.1585853803762,0.09794606502186746,0.09794606502186746,2026-08-17T16:10:56.724152+00:00,"Run - Aug 17, 2026 at 21:38:16"
Q44,16,770.9265667317889,0.09999793420143814,0.09999793420143814,2026-08-17T16:10:56.764133+00:00,"Run - Aug 17, 2026 at 21:38:16"
Q45,16,785.7809735187723,0.1020308121116527,0.1020308121116527,2026-08-17T16:10:56.802800+00:00,"Run - Aug 17, 2026 at 21:38:16"
Q46,16,800.7847766752791,0.1040305925948953,0.1040305925948953,2026-08-17T16:10:56.839559+00:00,"Run - Aug 17, 2026 at 21:38:16"
Q47,16,815.4624718799403,0.10610256502186739,0.10610256502186739,2026-08-17T16:10:56.881143+00:00,"Run - Aug 17, 2026 at 21:38:16"
Q48,16,830.3177320917617,0.10813517858504262,0.10813517858504262,2026-08-17T16:10:56.916197+00:00,"Run - Aug 17, 2026 at 21:38:16"
Q49,16,845.0826201197493,0.11018781211165271,0.11018781211165271,2026-08-17T16:10:56.954929+00:00,"Run - Aug 17, 2026 at 21:38:16"
Q50,16,859.8756767853738,0.11223418420143808,0.11223418420143808,2026-08-17T16:10:56.990445+00:00,"Run - Aug 17, 2026 at 21:38:16"
Q51,16,874.506295383416,0.11431667698859813,0.11431667698859813,2026-08-17T16:10:57.030909+00:00,"Run - Aug 17, 2026 at 21:38:16"
Q52,16,889.5588550704817,0.11630556211165281,0.11630556211165281,2026-08-17T16:10:57.070408+00:00,"Run - Aug 17, 2026 at 21:38:16"
Q53,16,904.384266720726,0.11834481211165275,0.11834481211165275,2026-08-17T16:10:57.107425+00:00,"Run - Aug 17, 2026 at 21:38:16"
Q54,16,919.2765126989501,0.12036922186591588,0.12036922186591588,2026-08-17T16:10:57.144673+00:00,"Run - Aug 17, 2026 at 21:38:16"
Q55,16,934.000996205111,0.1224308909094014,0.1224308909094014,2026-08-17T16:10:57.180992+00:00,"Run - Aug 17, 2026 at 21:38:16"
Q56,16,948.8950454499148,0.1244548823827913,0.1244548823827913,2026-08-17T16:10:57.251050+00:00,"Run - Aug 17, 2026 at 21:38:16"
Q57,16,963.7561746844974,0.12648617858504266,0.12648617858504266,2026-08-17T16:10:57.293925+00:00,"Run - Aug 17, 2026 at 21:38:16"
Q58,16,978.2571462007691,0.12859755198859807,0.12859755198859807,2026-08-17T16:10:57.339510+00:00,"Run - Aug 17, 2026 at 21:38:16"
Q59,16,993.5582210254977,0.13053109259489534,0.13053109259489534,2026-08-17T16:10:57.382847+00:00,"Run - Aug 17, 2026 at 21:38:16"
Q60,16,1008.1621482724365,0.13261956211165266,0.13261956211165266,2026-08-17T16:10:57.430134+00:00,"Run - Aug 17, 2026 at 21:38:16"
Q61,16,1022.9875599226805,0.1346588121116528,0.1346588121116528,2026-08-17T16:10:57.470034+00:00,"Run - Aug 17, 2026 at 21:38:16"
Q62,16,1037.7747755858354,0.1367065824718408,0.1367065824718408,2026-08-17T16:10:57.507912+00:00,"Run - Aug 17, 2026 at 21:38:16"
Q63,16,1052.638383223169,0.13873731211165288,0.13873731211165288,2026-08-17T16:10:57.548608+00:00,"Run - Aug 17, 2026 at 21:38:16"
Q64,16,1067.541735597502,0.14075915530347663,0.14075915530347663,2026-08-17T16:10:57.586458+00:00,"Run - Aug 17, 2026 at 21:38:16"
Q65,16,1082.289206523658,0.14281581211165284,0.14281581211165284,2026-08-17T16:10:57.621911+00:00,"Run - Aug 17, 2026 at 21:38:16"
Q66,16,1097.1547805764644,0.14484608503233798,0.14484608503233798,2026-08-17T16:10:57.665155+00:00,"Run - Aug 17, 2026 at 21:38:16"
Q67,16,1111.9807356516037,0.14688521003233793,0.14688521003233793,2026-08-17T16:10:57.718418+00:00,"Run - Aug 17, 2026 at 21:38:16"
Q68,16,1126.7654414743906,0.14893356211165282,0.14893356211165282,2026-08-17T16:10:57.763454+00:00,"Run - Aug 17, 2026 at 21:38:16"
Q69,16,1141.590853124635,0.15097281211165264,0.15097281211165264,2026-08-17T16:10:57.806740+00:00,"Run - Aug 17, 2026 at 21:38:16"
Q70,16,1156.5442615705385,0.15298353321369113,0.15298353321369113,2026-08-17T16:10:57.841782+00:00,"Run - Aug 17, 2026 at 21:38:16"
Q71,16,1171.2416764251223,0.1550513121116529,0.1550513121116529,2026-08-17T16:10:57.879030+00:00,"Run - Aug 17, 2026 at 21:38:16"
Q72,16,1186.110511027298,0.15708083503233808,0.15708083503233808,2026-08-17T16:10:57.912547+00:00,"Run - Aug 17, 2026 at 21:38:16"
Q73,16,1200.5365517889975,0.15920925578634687,0.15920925578634687,2026-08-17T16:10:57.946754+00:00,"Run - Aug 17, 2026 at 21:38:16"
Q74,16,1215.9447303923707,0.16111854639264406,0.16111854639264406,2026-08-17T16:10:57.983735+00:00,"Run - Aug 17, 2026 at 21:38:16"
Q75,16,1230.7244674473727,0.16316782941594254,0.16316782941594254,2026-08-17T16:10:58.019887+00:00,"Run - Aug 17, 2026 at 21:38:16"
Q76,16,1245.3232631219157,0.16525776590940133,0.16525776590940133,2026-08-17T16:10:58.054937+00:00,"Run - Aug 17, 2026 at 21:38:16"
Q77,16,1259.9127384957033,0.16734957490928343,0.16734957490928343,2026-08-17T16:10:58.089331+00:00,"Run - Aug 17, 2026 at 21:38:16"
Q78,16,1275.3507078078878,0.16925211551558045,0.16925211551558045,2026-08-17T16:10:58.124332+00:00,"Run - Aug 17, 2026 at 21:38:16"
Q79,16,1289.8935638764538,0.17135456502186727,0.17135456502186727,2026-08-17T16:10:58.158896+00:00,"Run - Aug 17, 2026 at 21:38:16"
Q80,16,1304.3790191206822,0.17346957490928344,0.17346957490928344,2026-08-17T16:10:58.193466+00:00,"Run - Aug 17, 2026 at 21:38:16"
Q81,16,1319.8882317466773,0.1753562434257953,0.1753562434257953,2026-08-17T16:10:58.230095+00:00,"Run - Aug 17, 2026 at 21:38:16"
Q82,16,1334.4185152198713,0.1774611785850427,0.1774611785850427,2026-08-17T16:10:58.265807+00:00,"Run - Aug 17, 2026 at 21:38:16"
Q83,16,1348.7958991198866,0.17960067698859822,0.17960067698859822,2026-08-17T16:10:58.301086+00:00,"Run - Aug 17, 2026 at 21:38:16"
Q84,16,1364.0715024627013,0.1815391785850428,0.1815391785850428,2026-08-17T16:10:58.336896+00:00,"Run - Aug 17, 2026 at 21:38:16"
Q85,16,1378.7990458978018,0.18360064381961602,0.18360064381961602,2026-08-17T16:10:58.376345+00:00,"Run - Aug 17, 2026 at 21:38:16"
Q86,16,1393.7244897055323,0.18561717858504267,0.18561717858504267,2026-08-17T16:10:58.412465+00:00,"Run - Aug 17, 2026 at 21:38:16"
Q87,16,1408.4998371543854,0.18766771003233795,0.18766771003233795,2026-08-17T16:10:58.446102+00:00,"Run - Aug 17, 2026 at 21:38:16"
Q88,16,1423.007452172796,0.18977791846198797,0.18977791846198797,2026-08-17T16:10:58.482002+00:00,"Run - Aug 17, 2026 at 21:38:16"
Q89,16,1438.0465712132693,0.19176964090940135,0.19176964090940135,2026-08-17T16:10:58.519164+00:00,"Run - Aug 17, 2026 at 21:38:16"
Q90,16,1452.5467499372385,0.19388155198859805,0.19388155198859805,2026-08-17T16:10:58.553256+00:00,"Run - Aug 17, 2026 at 21:38:16"
Q91,16,1467.74990943001,0.1958363121116528,0.1958363121116528,2026-08-17T16:10:58.607456+00:00,"Run - Aug 17, 2026 at 21:38:16"
Q92,16,1482.5207242357994,0.1978878324718407,0.1978878324718407,2026-08-17T16:10:58.643159+00:00,"Run - Aug 17, 2026 at 21:38:16"
Q93,16,1497.7349216337632,0.19984009259489538,0.19984009259489538,2026-08-17T16:10:58.679283+00:00,"Run - Aug 17, 2026 at 21:38:16"
Q94,16,1511.945322572994,0.20201695281949786,0.20201695281949786,2026-08-17T16:10:58.718865+00:00,"Run - Aug 17, 2026 at 21:38:16"
Q95,16,1526.9382364886321,0.20401863799918668,0.20401863799918668,2026-08-17T16:10:58.756406+00:00,"Run - Aug 17, 2026 at 21:38:16"
Q96,16,1541.8206601855377,0.2060452659094016,0.2060452659094016,2026-08-17T16:10:58.794730+00:00,"Run - Aug 17, 2026 at 21:38:16"
Q97,16,1556.8745933341154,0.20803318149525749,0.20803318149525749,2026-08-17T16:10:58.843721+00:00,"Run - Aug 17, 2026 at 21:38:16"
Q98,16,1571.5870247493826,0.21009794002186735,0.21009794002186735,2026-08-17T16:10:58.881561+00:00,"Run - Aug 17, 2026 at 21:38:16"
Q99,16,1586.2952697450803,0.2121633909094013,0.2121633909094013,2026-08-17T16:10:58.921143+00:00,"Run - Aug 17, 2026 at 21:38:16"
Q100,16,1601.2372531311948,0.21417633503233816,0.21417633503233816,2026-08-17T16:10:58.962932+00:00,"Run - Aug 17, 2026 at 21:38:16"
Q101,16,1616.1218940267577,0.21620217858504284,0.21620217858504284,2026-08-17T16:10:59.002461+00:00,"Run - Aug 17, 2026 at 21:38:16"
Q102,16,1630.8294375826952,0.2182680621116529,0.2182680621116529,2026-08-17T16:10:59.047957+00:00,"Run - Aug 17, 2026 at 21:38:16"
Q103,16,1645.6548492329391,0.22030731211165278,0.22030731211165278,2026-08-17T16:10:59.084701+00:00,"Run - Aug 17, 2026 at 21:38:16"
Q104,16,1660.8509130070245,0.22226359259489553,0.22226359259489553,2026-08-17T16:10:59.122673+00:00,"Run - Aug 17, 2026 at 21:38:16"
Q105,16,1675.4278685124184,0.22435817858504267,0.22435817858504267,2026-08-17T16:10:59.164437+00:00,"Run - Aug 17, 2026 at 21:38:16"
Q106,16,1689.6915518054732,0.22652355198859814,0.22652355198859814,2026-08-17T16:10:59.228959+00:00,"Run - Aug 17, 2026 at 21:38:16"
Q107,16,1705.0189386571685,0.228450210032338,0.228450210032338,2026-08-17T16:10:59.273495+00:00,"Run - Aug 17, 2026 at 21:38:16"
Q108,16,1719.781907484159,0.23050356211165277,0.23050356211165277,2026-08-17T16:10:59.319976+00:00,"Run - Aug 17, 2026 at 21:38:16"
Q109,16,1734.6708488074462,0.23252846003233793,0.23252846003233793,2026-08-17T16:10:59.366134+00:00,"Run - Aug 17, 2026 at 21:38:16"
Q110,16,1749.4308504191588,0.2345822071221233,0.2345822071221233,2026-08-17T16:10:59.414293+00:00,"Run - Aug 17, 2026 at 21:38:16"
Q111,16,1764.2581424348937,0.23662131211165277,0.23662131211165277,2026-08-17T16:10:59.465077+00:00,"Run - Aug 17, 2026 at 21:38:16"
Q112,16,1779.2133238623217,0.23863117858504249,0.23863117858504249,2026-08-17T16:10:59.505669+00:00,"Run - Aug 17, 2026 at 21:38:16"
Q113,16,1794.3751547759489,0.2405952405155805,0.2405952405155805,2026-08-17T16:10:59.542693+00:00,"Run - Aug 17, 2026 at 21:38:16"
Q114,16,1808.395886459118,0.24281466846198801,0.24281466846198801,2026-08-17T16:10:59.582453+00:00,"Run - Aug 17, 2026 at 21:38:16"
Q115,16,1823.0855028563565,0.24488467698859845,0.24488467698859845,2026-08-17T16:10:59.620067+00:00,"Run - Aug 17, 2026 at 21:38:16"
Q116,16,1838.3180572491601,0.24683276590940167,0.24683276590940167,2026-08-17T16:10:59.657759+00:00,"Run - Aug 17, 2026 at 21:38:16"
Q117,16,1852.7286030898836,0.24896492698859823,0.24896492698859823,2026-08-17T16:10:59.695913+00:00,"Run - Aug 17, 2026 at 21:38:16"
Q118,16,1868.0360239866045,0.25089606211165283,0.25089606211165283,2026-08-17T16:10:59.733679+00:00,"Run - Aug 17, 2026 at 21:38:16"
Q119,16,1883.2130415060542,0.25285667139264406,0.25285667139264406,2026-08-17T16:10:59.774388+00:00,"Run - Aug 17, 2026 at 21:38:16"
Q120,16,1897.1217002302856,0.2551011740783835,0.2551011740783835,2026-08-17T16:10:59.815839+00:00,"Run - Aug 17, 2026 at 21:38:16"
Q121,16,1912.0148035569441,0.2571254269885984,0.2571254269885984,2026-08-17T16:10:59.855198+00:00,"Run - Aug 17, 2026 at 21:38:16"
Q122,16,1926.9769431625998,0.25913366846198815,0.25913366846198815,2026-08-17T16:10:59.890809+00:00,"Run - Aug 17, 2026 at 21:38:16"
Q123,16,1942.3043469223958,0.2610602218659161,0.2610602218659161,2026-08-17T16:10:59.929499+00:00,"Run - Aug 17, 2026 at 21:38:16"
Q124,16,1957.0601749345326,0.2631153350323379,0.2631153350323379,2026-08-17T16:10:59.966155+00:00,"Run - Aug 17, 2026 at 21:38:16"
Q125,16,1971.8139055383133,0.2651708121116526,0.2651708121116526,2026-08-17T16:11:00.010026+00:00,"Run - Aug 17, 2026 at 21:38:16"
Q126,16,1986.7842345621327,0.2671771785850427,0.2671771785850427,2026-08-17T16:11:00.065867+00:00,"Run - Aug 17, 2026 at 21:38:16"
Q127,16,2001.5402018712243,0.26923256502186743,0.26923256502186743,2026-08-17T16:11:00.107293+00:00,"Run - Aug 17, 2026 at 21:38:16"
Q128,16,2015.6920093725828,0.27142300578634687,0.27142300578634687,2026-08-17T16:11:00.147044+00:00,"Run - Aug 17, 2026 at 21:38:16"
Q129,16,2030.5872044910618,0.2734464269885979,0.2734464269885979,2026-08-17T16:11:00.182677+00:00,"Run - Aug 17, 2026 at 21:38:16"
Q130,16,2046.0902090477914,0.2753331785850425,0.2753331785850425,2026-08-17T16:11:00.219905+00:00,"Run - Aug 17, 2026 at 21:38:16"
Q131,16,2060.766375439777,0.2774063121116527,0.2774063121116527,2026-08-17T16:11:00.255332+00:00,"Run - Aug 17, 2026 at 21:38:16"
Q132,16,2075.5135141843693,0.279462934201438,0.279462934201438,2026-08-17T16:11:00.287728+00:00,"Run - Aug 17, 2026 at 21:38:16"
Q0,17,118.51904292967886,0.010286228634526441,0.010286228634526441,2026-08-17T16:11:07.313184+00:00,"Run - Aug 17, 2026 at 21:38:16"
Q1,17,133.34361569834005,0.012326254478391549,0.012326254478391549,2026-08-17T16:11:07.365784+00:00,"Run - Aug 17, 2026 at 21:38:16"
Q2,17,148.15553522910201,0.014368662179506532,0.014368662179506532,2026-08-17T16:11:07.407868+00:00,"Run - Aug 17, 2026 at 21:38:16"
Q3,17,162.95003140323695,0.016414277415014247,0.016414277415014247,2026-08-17T16:11:07.448412+00:00,"Run - Aug 17, 2026 at 21:38:16"
Q4,17,177.76036089442306,0.018456960341843517,0.018456960341843517,2026-08-17T16:11:07.485960+00:00,"Run - Aug 17, 2026 at 21:38:16"
Q5,17,192.57751467728542,0.020498370362466507,0.020498370362466507,2026-08-17T16:11:07.523861+00:00,"Run - Aug 17, 2026 at 21:38:16"
Q6,17,207.395743761621,0.022539490285086245,0.022539490285086245,2026-08-17T16:11:07.568174+00:00,"Run - Aug 17, 2026 at 21:38:16"
Q7,17,222.19134936798133,0.024585009122331327,0.024585009122331327,2026-08-17T16:11:07.610719+00:00,"Run - Aug 17, 2026 at 21:38:16"
Q8,17,237.01870468428623,0.026624226860236886,0.026624226860236886,2026-08-17T16:11:07.650125+00:00,"Run - Aug 17, 2026 at 21:38:16"
Q9,17,251.82117520313614,0.028668426595711442,0.028668426595711442,2026-08-17T16:11:07.696110+00:00,"Run - Aug 17, 2026 at 21:38:16"
Q10,17,266.6126246720282,0.030715128234317067,0.030715128234317067,2026-08-17T16:11:07.739408+00:00,"Run - Aug 17, 2026 at 21:38:16"
Q11,17,281.44292681896565,0.03275354854693095,0.03275354854693095,2026-08-17T16:11:07.822363+00:00,"Run - Aug 17, 2026 at 21:38:16"
Q12,17,296.25355044170675,0.0347962509961706,0.0347962509961706,2026-08-17T16:11:07.907543+00:00,"Run - Aug 17, 2026 at 21:38:16"
Q13,17,311.05330480522167,0.036841130165148124,0.036841130165148124,2026-08-17T16:11:07.950943+00:00,"Run - Aug 17, 2026 at 21:38:16"
Q14,17,325.85175736985843,0.03888634774651215,0.03888634774651215,2026-08-17T16:11:08.001864+00:00,"Run - Aug 17, 2026 at 21:38:16"
Q15,17,340.67398529747004,0.04092647253696547,0.04092647253696547,2026-08-17T16:11:08.046616+00:00,"Run - Aug 17, 2026 at 21:38:16"
Q16,17,355.4716672465675,0.0429717933152568,0.0429717933152568,2026-08-17T16:11:08.092415+00:00,"Run - Aug 17, 2026 at 21:38:16"
Q17,17,370.2946442798423,0.04501183839062402,0.04501183839062402,2026-08-17T16:11:08.134217+00:00,"Run - Aug 17, 2026 at 21:38:16"
Q18,17,385.11870841259815,0.047051616849829093,0.047051616849829093,2026-08-17T16:11:08.170963+00:00,"Run - Aug 17, 2026 at 21:38:16"
Q19,17,399.9010699726234,0.04910020794940313,0.04910020794940313,2026-08-17T16:11:08.218580+00:00,"Run - Aug 17, 2026 at 21:38:16"
Q20,17,414.7551239041084,0.05113365934027277,0.05113365934027277,2026-08-17T16:11:08.257213+00:00,"Run - Aug 17, 2026 at 21:38:16"
Q21,17,429.5206717899947,0.053185817705500696,0.053185817705500696,2026-08-17T16:11:08.301647+00:00,"Run - Aug 17, 2026 at 21:38:16"
Q22,17,444.36214705985867,0.05522186075226811,0.05522186075226811,2026-08-17T16:11:08.347136+00:00,"Run - Aug 17, 2026 at 21:38:16"
Q23,17,459.173006721674,0.05726442172787787,0.05726442172787787,2026-08-17T16:11:08.397277+00:00,"Run - Aug 17, 2026 at 21:38:16"
Q24,17,473.96695071814503,0.05931061887842889,0.05931061887842889,2026-08-17T16:11:08.441276+00:00,"Run - Aug 17, 2026 at 21:38:16"
Q25,17,488.7777833451759,0.06135313761790525,0.06135313761790525,2026-08-17T16:11:08.483826+00:00,"Run - Aug 17, 2026 at 21:38:16"
Q26,17,503.6060639376852,0.0633919631810773,0.0633919631810773,2026-08-17T16:11:08.520412+00:00,"Run - Aug 17, 2026 at 21:38:16"
Q27,17,518.397939191703,0.06543866765891662,0.06543866765891662,2026-08-17T16:11:08.567546+00:00,"Run - Aug 17, 2026 at 21:38:16"
Q28,17,533.2462503024025,0.06747314882167157,0.06747314882167157,2026-08-17T16:11:08.607567+00:00,"Run - Aug 17, 2026 at 21:38:16"
Q29,17,547.9990790594787,0.06952825672989102,0.06952825672989102,2026-08-17T16:11:08.650319+00:00,"Run - Aug 17, 2026 at 21:38:16"
Q30,17,562.9696139582809,0.07153615512502474,0.07153615512502474,2026-08-17T16:11:08.692373+00:00,"Run - Aug 17, 2026 at 21:38:16"
Q31,17,577.6392571564471,0.07360939936623376,0.07360939936623376,2026-08-17T16:11:08.797045+00:00,"Run - Aug 17, 2026 at 21:38:16"
Q32,17,592.4713187851726,0.0756473290347358,0.0756473290347358,2026-08-17T16:11:08.850561+00:00,"Run - Aug 17, 2026 at 21:38:16"
Q33,17,607.4333164827548,0.07765695538955014,0.07765695538955014,2026-08-17T16:11:08.899683+00:00,"Run - Aug 17, 2026 at 21:38:16"
Q34,17,622.1367322951694,0.07972294999459985,0.07972294999459985,2026-08-17T16:11:08.942939+00:00,"Run - Aug 17, 2026 at 21:38:16"
Q35,17,636.8805751211914,0.08178013107355088,0.08178013107355088,2026-08-17T16:11:09.017115+00:00,"Run - Aug 17, 2026 at 21:38:16"
Q36,17,651.7141823252715,0.08381771441080471,0.08381771441080471,2026-08-17T16:11:09.068377+00:00,"Run - Aug 17, 2026 at 21:38:16"
Q37,17,666.5256978247463,0.0858601339127846,0.0858601339127846,2026-08-17T16:11:09.118652+00:00,"Run - Aug 17, 2026 at 21:38:16"
Q38,17,681.3115635947502,0.08790817985403857,0.08790817985403857,2026-08-17T16:11:09.159377+00:00,"Run - Aug 17, 2026 at 21:38:16"
Q39,17,696.1218930859361,0.0899508627808679,0.0899508627808679,2026-08-17T16:11:09.244392+00:00,"Run - Aug 17, 2026 at 21:38:16"
Q40,17,710.9322225771224,0.09199354570769717,0.09199354570769717,2026-08-17T16:11:09.291838+00:00,"Run - Aug 17, 2026 at 21:38:16"
Q41,17,725.7684806343485,0.09403051928885348,0.09403051928885348,2026-08-17T16:11:09.357428+00:00,"Run - Aug 17, 2026 at 21:38:16"
Q42,17,740.5800768643203,0.09607293879083337,0.09607293879083337,2026-08-17T16:11:09.426926+00:00,"Run - Aug 17, 2026 at 21:38:16"
Q43,17,755.390952672234,0.09811549976644322,0.09811549976644322,2026-08-17T16:11:09.475310+00:00,"Run - Aug 17, 2026 at 21:38:16"
Q44,17,770.1452526035846,0.10017049408797561,0.10017049408797561,2026-08-17T16:11:09.517011+00:00,"Run - Aug 17, 2026 at 21:38:16"
Q45,17,784.9838700330525,0.10220696034184346,0.10220696034184346,2026-08-17T16:11:09.563299+00:00,"Run - Aug 17, 2026 at 21:38:16"
Q46,17,799.7941995242386,0.10424964326867274,0.10424964326867274,2026-08-17T16:11:09.602999+00:00,"Run - Aug 17, 2026 at 21:38:16"
Q47,17,814.6344559038926,0.10628574366888219,0.10628574366888219,2026-08-17T16:11:09.647303+00:00,"Run - Aug 17, 2026 at 21:38:16"
Q48,17,829.6813949376816,0.10827602485516118,0.10827602485516118,2026-08-17T16:11:09.689827+00:00,"Run - Aug 17, 2026 at 21:38:16"
Q49,17,844.2251879977971,0.11037769204916058,0.11037769204916058,2026-08-17T16:11:09.730497+00:00,"Run - Aug 17, 2026 at 21:38:16"
Q50,17,859.0344909028274,0.11242056264518388,0.11242056264518388,2026-08-17T16:11:09.769283+00:00,"Run - Aug 17, 2026 at 21:38:16"
Q51,17,873.8458469801693,0.11446305790281912,0.11446305790281912,2026-08-17T16:11:09.810351+00:00,"Run - Aug 17, 2026 at 21:38:16"
Q52,17,888.6561764713548,0.11650574082964844,0.11650574082964844,2026-08-17T16:11:09.876652+00:00,"Run - Aug 17, 2026 at 21:38:16"
Q53,17,903.466505962541,0.11854842375647764,0.11854842375647764,2026-08-17T16:11:09.927279+00:00,"Run - Aug 17, 2026 at 21:38:16"
Q54,17,918.3750371640733,0.12056929145801441,0.12056929145801441,2026-08-17T16:11:09.976746+00:00,"Run - Aug 17, 2026 at 21:38:16"
Q55,17,933.0539026852999,0.12264118355915928,0.12264118355915928,2026-08-17T16:11:10.030741+00:00,"Run - Aug 17, 2026 at 21:38:16"
Q56,17,947.9648969306475,0.12466148770016265,0.12466148770016265,2026-08-17T16:11:10.081496+00:00,"Run - Aug 17, 2026 at 21:38:16"
Q57,17,962.7763715983042,0.1267039032427117,0.1267039032427117,2026-08-17T16:11:10.176727+00:00,"Run - Aug 17, 2026 at 21:38:16"
Q58,17,977.5181534184721,0.12876183839062394,0.12876183839062394,2026-08-17T16:11:10.265253+00:00,"Run - Aug 17, 2026 at 21:38:16"
Q59,17,992.3284829096573,0.13080452131745327,0.13080452131745327,2026-08-17T16:11:10.310153+00:00,"Run - Aug 17, 2026 at 21:38:16"
Q60,17,1007.1388124008442,0.13284720424428248,0.13284720424428248,2026-08-17T16:11:10.348775+00:00,"Run - Aug 17, 2026 at 21:38:16"
Q61,17,1021.9491418920301,0.13488988717111183,0.13488988717111183,2026-08-17T16:11:10.388279+00:00,"Run - Aug 17, 2026 at 21:38:16"
Q62,17,1036.7594713832157,0.13693257009794116,0.13693257009794116,2026-08-17T16:11:10.429226+00:00,"Run - Aug 17, 2026 at 21:38:16"
Q63,17,1051.5698008744025,0.13897525302477046,0.13897525302477046,2026-08-17T16:11:10.469656+00:00,"Run - Aug 17, 2026 at 21:38:16"
Q64,17,1066.4561700964068,0.14100095369972046,0.14100095369972046,2026-08-17T16:11:10.511157+00:00,"Run - Aug 17, 2026 at 21:38:16"
Q65,17,1081.190459856775,0.14306061887842897,0.14306061887842897,2026-08-17T16:11:10.552503+00:00,"Run - Aug 17, 2026 at 21:38:16"
Q66,17,1096.0399721797287,0.14509454367909738,0.14509454367909738,2026-08-17T16:11:10.592173+00:00,"Run - Aug 17, 2026 at 21:38:16"
Q67,17,1110.8508318415443,0.14713710465470706,0.14713710465470706,2026-08-17T16:11:10.630209+00:00,"Run - Aug 17, 2026 at 21:38:16"
Q68,17,1125.621448330333,0.14918866765891675,0.14918866765891675,2026-08-17T16:11:10.669986+00:00,"Run - Aug 17, 2026 at 21:38:16"
Q69,17,1140.4317778215193,0.15123135058574583,0.15123135058574583,2026-08-17T16:11:10.705367+00:00,"Run - Aug 17, 2026 at 21:38:16"
Q70,17,1155.3669822352995,0.15324620044139314,0.15324620044139314,2026-08-17T16:11:10.748740+00:00,"Run - Aug 17, 2026 at 21:38:16"
Q71,17,1170.05243680389,0.15531671643940465,0.15531671643940465,2026-08-17T16:11:10.820407+00:00,"Run - Aug 17, 2026 at 21:38:16"
Q72,17,1184.9051301506192,0.15734990953275604,0.15734990953275604,2026-08-17T16:11:10.857708+00:00,"Run - Aug 17, 2026 at 21:38:16"
Q73,17,1199.630319041637,0.15941167136403742,0.15941167136403742,2026-08-17T16:11:10.898070+00:00,"Run - Aug 17, 2026 at 21:38:16"
Q74,17,1214.4401199503245,0.16145447624208614,0.16145447624208614,2026-08-17T16:11:10.941146+00:00,"Run - Aug 17, 2026 at 21:38:16"
Q75,17,1229.4704810332912,0.16344795283383357,0.16344795283383357,2026-08-17T16:11:10.979802+00:00,"Run - Aug 17, 2026 at 21:38:16"
Q76,17,1244.0597217676957,0.16554008599818362,0.16554008599818362,2026-08-17T16:11:11.017779+00:00,"Run - Aug 17, 2026 at 21:38:16"
Q77,17,1259.0045677055593,0.16755259310257248,0.16755259310257248,2026-08-17T16:11:11.051449+00:00,"Run - Aug 17, 2026 at 21:38:16"
Q78,17,1273.7702881215112,0.16960527538641434,0.16960527538641434,2026-08-17T16:11:11.093877+00:00,"Run - Aug 17, 2026 at 21:38:16"
Q79,17,1288.5824817571618,0.17164769488839426,0.17164769488839426,2026-08-17T16:11:11.130977+00:00,"Run - Aug 17, 2026 at 21:38:16"
Q80,17,1303.3920074451414,0.17369039733763408,0.17369039733763408,2026-08-17T16:11:11.168855+00:00,"Run - Aug 17, 2026 at 21:38:16"
Q81,17,1318.2513687641958,0.17572222944516053,0.17572222944516053,2026-08-17T16:11:11.210642+00:00,"Run - Aug 17, 2026 at 21:38:16"
Q82,17,1333.1084016433426,0.17775421570235914,0.17775421570235914,2026-08-17T16:11:11.277968+00:00,"Run - Aug 17, 2026 at 21:38:16"
Q83,17,1347.7763906981245,0.17982891156135583,0.17982891156135583,2026-08-17T16:11:11.327784+00:00,"Run - Aug 17, 2026 at 21:38:16"
Q84,17,1362.6837685643372,0.1818497569012484,0.1818497569012484,2026-08-17T16:11:11.368012+00:00,"Run - Aug 17, 2026 at 21:38:16"
Q85,17,1377.3986168700171,0.18391411322766135,0.18391411322766135,2026-08-17T16:11:11.413930+00:00,"Run - Aug 17, 2026 at 21:38:16"
Q86,17,1392.30653870997,0.1859346349500288,0.1859346349500288,2026-08-17T16:11:11.454168+00:00,"Run - Aug 17, 2026 at 21:38:16"
Q87,17,1407.068025077848,0.18798832416690225,0.18798832416690225,2026-08-17T16:11:11.492764+00:00,"Run - Aug 17, 2026 at 21:38:16"
Q88,17,1421.9293088556024,0.19001951299880923,0.19001951299880923,2026-08-17T16:11:11.536301+00:00,"Run - Aug 17, 2026 at 21:38:16"
Q89,17,1436.5871335806057,0.19209654941281776,0.19209654941281776,2026-08-17T16:11:11.574433+00:00,"Run - Aug 17, 2026 at 21:38:16"
Q90,17,1451.4486971364263,0.1941276920491605,0.1941276920491605,2026-08-17T16:11:11.614457+00:00,"Run - Aug 17, 2026 at 21:38:16"
Q91,17,1466.2590266276143,0.1961703749759899,0.1961703749759899,2026-08-17T16:11:11.653733+00:00,"Run - Aug 17, 2026 at 21:38:16"
Q92,17,1481.0693561187984,0.1982130579028191,0.1982130579028191,2026-08-17T16:11:11.694300+00:00,"Run - Aug 17, 2026 at 21:38:16"
Q93,17,1496.2541813589676,0.20017139902746375,0.20017139902746375,2026-08-17T16:11:11.733549+00:00,"Run - Aug 17, 2026 at 21:38:16"
Q94,17,1510.799646485265,0.20227393676223349,0.20227393676223349,2026-08-17T16:11:11.774105+00:00,"Run - Aug 17, 2026 at 21:38:16"
Q95,17,1525.3897889412808,0.2043658148662669,0.2043658148662669,2026-08-17T16:11:11.819498+00:00,"Run - Aug 17, 2026 at 21:38:16"
Q96,17,1540.2557399414045,0.20639618355915948,0.20639618355915948,2026-08-17T16:11:11.861820+00:00,"Run - Aug 17, 2026 at 21:38:16"
Q97,17,1555.289017235843,0.20838878413072623,0.20838878413072623,2026-08-17T16:11:11.904363+00:00,"Run - Aug 17, 2026 at 21:38:16"
Q98,17,1570.38217416255,0.21036774333011213,0.21036774333011213,2026-08-17T16:11:11.948135+00:00,"Run - Aug 17, 2026 at 21:38:16"
Q99,17,1584.6851426674602,0.21252459819330546,0.21252459819330546,2026-08-17T16:11:11.989150+00:00,"Run - Aug 17, 2026 at 21:38:16"
Q100,17,1599.6092006814465,0.21454161684982925,0.21454161684982925,2026-08-17T16:11:12.030684+00:00,"Run - Aug 17, 2026 at 21:38:16"
Q101,17,1614.4773148022114,0.21657122031588263,0.21657122031588263,2026-08-17T16:11:12.072644+00:00,"Run - Aug 17, 2026 at 21:38:16"
Q102,17,1629.1726510306596,0.2186398871711119,0.2186398871711119,2026-08-17T16:11:12.116524+00:00,"Run - Aug 17, 2026 at 21:38:16"
Q103,17,1643.9829805218455,0.2206825700979411,0.2206825700979411,2026-08-17T16:11:12.160208+00:00,"Run - Aug 17, 2026 at 21:38:16"
Q104,17,1658.7933100130315,0.2227252530247705,0.2227252530247705,2026-08-17T16:11:12.197155+00:00,"Run - Aug 17, 2026 at 21:38:16"
Q105,17,1673.722855093477,0.22474097641344346,0.22474097641344346,2026-08-17T16:11:12.235687+00:00,"Run - Aug 17, 2026 at 21:38:16"
Q106,17,1688.4139689954031,0.22681061887842893,0.22681061887842893,2026-08-17T16:11:12.274137+00:00,"Run - Aug 17, 2026 at 21:38:16"
Q107,17,1703.285218314153,0.22883954367909742,0.22883954367909742,2026-08-17T16:11:12.353028+00:00,"Run - Aug 17, 2026 at 21:38:16"
Q108,17,1718.4647926448424,0.23079883805185397,0.23079883805185397,2026-08-17T16:11:12.429851+00:00,"Run - Aug 17, 2026 at 21:38:16"
Q109,17,1732.9069376377827,0.23292466563031683,0.23292466563031683,2026-08-17T16:11:12.617235+00:00,"Run - Aug 17, 2026 at 21:38:16"
Q110,17,1747.6534524572307,0.23498149205937574,0.23498149205937574,2026-08-17T16:11:12.688164+00:00,"Run - Aug 17, 2026 at 21:38:16"
Q111,17,1762.5283026507234,0.23700983377710064,0.23700983377710064,2026-08-17T16:11:12.733917+00:00,"Run - Aug 17, 2026 at 21:38:16"
Q112,17,1777.8475603150791,0.2389374882697952,0.2389374882697952,2026-08-17T16:11:12.776358+00:00,"Run - Aug 17, 2026 at 21:38:16"
Q113,17,1792.6628374557877,0.24097905092192592,0.24097905092192592,2026-08-17T16:11:12.833864+00:00,"Run - Aug 17, 2026 at 21:38:16"
Q114,17,1807.0253207488208,0.2431229276329556,0.2431229276329556,2026-08-17T16:11:12.878017+00:00,"Run - Aug 17, 2026 at 21:38:16"
Q115,17,1821.7069344160793,0.2451947652198926,0.2451947652198926,2026-08-17T16:11:12.918238+00:00,"Run - Aug 17, 2026 at 21:38:16"
Q116,17,1836.4517581151138,0.24725228112013514,0.24725228112013514,2026-08-17T16:11:12.966021+00:00,"Run - Aug 17, 2026 at 21:38:16"
Q117,17,1851.3934415926144,0.24926519963075933,0.24926519963075933,2026-08-17T16:11:13.005039+00:00,"Run - Aug 17, 2026 at 21:38:16"
Q118,17,1866.1379228896378,0.25132281400038015,0.25132281400038015,2026-08-17T16:11:13.043969+00:00,"Run - Aug 17, 2026 at 21:38:16"
Q119,17,1880.881160841169,0.2533806957542813,0.2533806957542813,2026-08-17T16:11:13.080826+00:00,"Run - Aug 17, 2026 at 21:38:16"
Q120,17,1895.6887738623564,0.25542366481968287,0.25542366481968287,2026-08-17T16:11:13.115987+00:00,"Run - Aug 17, 2026 at 21:38:16"
Q121,17,1910.568911363195,0.2574508627808682,0.2574508627808682,2026-08-17T16:11:13.153200+00:00,"Run - Aug 17, 2026 at 21:38:16"
Q122,17,1925.5164013313479,0.25946243982807765,0.25946243982807765,2026-08-17T16:11:13.188897+00:00,"Run - Aug 17, 2026 at 21:38:16"
Q123,17,1940.3971889617949,0.2614891695067952,0.2614891695067952,2026-08-17T16:11:13.253905+00:00,"Run - Aug 17, 2026 at 21:38:16"
Q124,17,1955.1399646967457,0.2635472272489138,0.2635472272489138,2026-08-17T16:11:13.321519+00:00,"Run - Aug 17, 2026 at 21:38:16"
Q125,17,1969.8102293279396,0.26562159448818484,0.26562159448818484,2026-08-17T16:11:13.413078+00:00,"Run - Aug 17, 2026 at 21:38:16"
Q126,17,1984.7619416226137,0.26763219592563864,0.26763219592563864,2026-08-17T16:11:13.459455+00:00,"Run - Aug 17, 2026 at 21:38:16"
Q127,17,1999.5045205370654,0.2696906217176627,0.2696906217176627,2026-08-17T16:11:13.500326+00:00,"Run - Aug 17, 2026 at 21:38:16"
Q128,17,2014.1693690193376,0.2717659396567204,0.2717659396567204,2026-08-17T16:11:13.535087+00:00,"Run - Aug 17, 2026 at 21:38:16"
Q129,17,2029.0515472926838,0.2737923261955018,0.2737923261955018,2026-08-17T16:11:13.571222+00:00,"Run - Aug 17, 2026 at 21:38:16"
Q130,17,2044.0074819138765,0.2758019520231994,0.2758019520231994,2026-08-17T16:11:13.609361+00:00,"Run - Aug 17, 2026 at 21:38:16"
Q131,17,2058.672206275054,0.2778776920491605,0.2778776920491605,2026-08-17T16:11:13.646328+00:00,"Run - Aug 17, 2026 at 21:38:16"
Q132,17,2073.925406891855,0.2798196888711566,0.2798196888711566,2026-08-17T16:11:13.685785+00:00,"Run - Aug 17, 2026 at 21:38:16"
Q0,18,118.43097358970859,0.01030165777712618,0.01030165777712618,2026-08-17T16:11:20.978256+00:00,"Run - Aug 17, 2026 at 21:38:16"
Q1,18,133.23019396288777,0.012346798987033402,0.012346798987033402,2026-08-17T16:11:21.022529+00:00,"Run - Aug 17, 2026 at 21:38:16"
Q2,18,148.0447399078304,0.01438927147579722,0.01438927147579722,2026-08-17T16:11:21.060836+00:00,"Run - Aug 17, 2026 at 21:38:16"
Q3,18,162.82843856692364,0.016437372062840468,0.016437372062840468,2026-08-17T16:11:21.101230+00:00,"Run - Aug 17, 2026 at 21:38:16"
Q4,18,177.62759355932872,0.018482610158078568,0.018482610158078568,2026-08-17T16:11:21.144519+00:00,"Run - Aug 17, 2026 at 21:38:16"
Q5,18,192.4334103602749,0.020526605654401002,0.020526605654401002,2026-08-17T16:11:21.188094+00:00,"Run - Aug 17, 2026 at 21:38:16"
Q6,18,207.21865152848045,0.022574600607854416,0.022574600607854416,2026-08-17T16:11:21.261635+00:00,"Run - Aug 17, 2026 at 21:38:16"
Q7,18,222.02505853654392,0.024618324443792854,0.024618324443792854,2026-08-17T16:11:21.303943+00:00,"Run - Aug 17, 2026 at 21:38:16"
Q8,18,236.8408339772793,0.026660179854605417,0.026660179854605417,2026-08-17T16:11:21.356097+00:00,"Run - Aug 17, 2026 at 21:38:16"
Q9,18,251.63231711573718,0.028706898643997253,0.028706898643997253,2026-08-17T16:11:21.401527+00:00,"Run - Aug 17, 2026 at 21:38:16"
Q10,18,266.4130416101885,0.030756059767397977,0.030756059767397977,2026-08-17T16:11:21.445549+00:00,"Run - Aug 17, 2026 at 21:38:16"
Q11,18,281.2316937189223,0.032797136739235344,0.032797136739235344,2026-08-17T16:11:21.485684+00:00,"Run - Aug 17, 2026 at 21:38:16"
Q12,18,296.000166635051,0.03484881939724629,0.03484881939724629,2026-08-17T16:11:21.522805+00:00,"Run - Aug 17, 2026 at 21:38:16"
Q13,18,310.8307659117635,0.036887558035353415,0.036887558035353415,2026-08-17T16:11:21.566138+00:00,"Run - Aug 17, 2026 at 21:38:16"
Q14,18,325.6075283430593,0.03893748833882652,0.03893748833882652,2026-08-17T16:11:21.602863+00:00,"Run - Aug 17, 2026 at 21:38:16"
Q15,18,340.4182984757846,0.04098022920569761,0.04098022920569761,2026-08-17T16:11:21.641496+00:00,"Run - Aug 17, 2026 at 21:38:16"
Q16,18,355.1679086047555,0.043035896423020914,0.043035896423020914,2026-08-17T16:11:21.682231+00:00,"Run - Aug 17, 2026 at 21:38:16"
Q17,18,370.0166084605948,0.04507070539617381,0.04507070539617381,2026-08-17T16:11:21.725828+00:00,"Run - Aug 17, 2026 at 21:38:16"
Q18,18,384.78885800169365,0.04712167654010339,0.04712167654010339,2026-08-17T16:11:21.765372+00:00,"Run - Aug 17, 2026 at 21:38:16"
Q19,18,399.5591536539106,0.049173039280163755,0.049173039280163755,2026-08-17T16:11:21.805818+00:00,"Run - Aug 17, 2026 at 21:38:16"
Q20,18,414.44286241826296,0.05120034013273569,0.05120034013273569,2026-08-17T16:11:21.846965+00:00,"Run - Aug 17, 2026 at 21:38:16"
Q21,18,429.1533170200147,0.05326446785159232,0.05326446785159232,2026-08-17T16:11:21.888007+00:00,"Run - Aug 17, 2026 at 21:38:16"
Q22,18,443.98131891278837,0.05530358130200813,0.05530358130200813,2026-08-17T16:11:21.927952+00:00,"Run - Aug 17, 2026 at 21:38:16"
Q23,18,458.77943414056233,0.057349057492484326,0.057349057492484326,2026-08-17T16:11:21.969153+00:00,"Run - Aug 17, 2026 at 21:38:16"
Q24,18,473.6106934074304,0.05938737206284048,0.05938737206284048,2026-08-17T16:11:22.016514+00:00,"Run - Aug 17, 2026 at 21:38:16"
Q25,18,488.3591252936035,0.061443518242272954,0.061443518242272954,2026-08-17T16:11:22.054525+00:00,"Run - Aug 17, 2026 at 21:38:16"
Q26,18,503.2270182428094,0.06347392245352107,0.06347392245352107,2026-08-17T16:11:22.099768+00:00,"Run - Aug 17, 2026 at 21:38:16"
Q27,18,518.0081583846454,0.0655230863485547,0.0655230863485547,2026-08-17T16:11:22.143347+00:00,"Run - Aug 17, 2026 at 21:38:16"
Q28,18,532.7885044731871,0.06757245775071154,0.06757245775071154,2026-08-17T16:11:22.181304+00:00,"Run - Aug 17, 2026 at 21:38:16"
Q29,18,547.6064683694561,0.06961356253903099,0.06961356253903099,2026-08-17T16:11:22.225360+00:00,"Run - Aug 17, 2026 at 21:38:16"
Q30,18,562.5429599812369,0.07162896697023166,0.07162896697023166,2026-08-17T16:11:22.269356+00:00,"Run - Aug 17, 2026 at 21:38:16"
Q31,18,577.2047783542655,0.07370403872950712,0.07370403872950712,2026-08-17T16:11:22.308564+00:00,"Run - Aug 17, 2026 at 21:38:16"
Q32,18,592.0251480523636,0.0757446367392353,0.0757446367392353,2026-08-17T16:11:22.356759+00:00,"Run - Aug 17, 2026 at 21:38:16"
Q33,18,606.9723601033936,0.07775760532369692,0.07775760532369692,2026-08-17T16:11:22.402573+00:00,"Run - Aug 17, 2026 at 21:38:16"
Q34,18,621.6019169088036,0.07983988270523674,0.07983988270523674,2026-08-17T16:11:22.447449+00:00,"Run - Aug 17, 2026 at 21:38:16"
Q35,18,636.4013983238857,0.08188499111045956,0.08188499111045956,2026-08-17T16:11:22.486377+00:00,"Run - Aug 17, 2026 at 21:38:16"
Q36,18,651.1549321016211,0.08394024796867483,0.08394024796867483,2026-08-17T16:11:22.546137+00:00,"Run - Aug 17, 2026 at 21:38:16"
Q37,18,666.0235895603266,0.08597023197733057,0.08597023197733057,2026-08-17T16:11:22.611489+00:00,"Run - Aug 17, 2026 at 21:38:16"
Q38,18,680.7988633011014,0.08802070539617374,0.08802070539617374,2026-08-17T16:11:22.658337+00:00,"Run - Aug 17, 2026 at 21:38:16"
Q39,18,695.5980182935064,0.09006594349141188,0.09006594349141188,2026-08-17T16:11:22.700183+00:00,"Run - Aug 17, 2026 at 21:38:16"
Q40,18,710.3971732859115,0.09211118158664999,0.09211118158664999,2026-08-17T16:11:22.739670+00:00,"Run - Aug 17, 2026 at 21:38:16"
Q41,18,725.1455082404907,0.09416762892105575,0.09416762892105575,2026-08-17T16:11:22.779116+00:00,"Run - Aug 17, 2026 at 21:38:16"
Q42,18,740.0220310682897,0.09619582721542579,0.09619582721542579,2026-08-17T16:11:22.818975+00:00,"Run - Aug 17, 2026 at 21:38:16"
Q43,18,754.8217193698814,0.09824094626304496,0.09824094626304496,2026-08-17T16:11:22.864300+00:00,"Run - Aug 17, 2026 at 21:38:16"
Q44,18,769.5661788395898,0.10029820262454082,0.10029820262454082,2026-08-17T16:11:22.908478+00:00,"Run - Aug 17, 2026 at 21:38:16"
Q45,18,784.3929482479367,0.10233737206284041,0.10233737206284041,2026-08-17T16:11:22.948412+00:00,"Run - Aug 17, 2026 at 21:38:16"
Q46,18,799.1921032403417,0.10438261015807851,0.10438261015807851,2026-08-17T16:11:23.002574+00:00,"Run - Aug 17, 2026 at 21:38:16"
Q47,18,814.0204725762513,0.10642142245352107,0.10642142245352107,2026-08-17T16:11:23.040613+00:00,"Run - Aug 17, 2026 at 21:38:16"
Q48,18,829.0506035507209,0.10841550646869817,0.10841550646869817,2026-08-17T16:11:23.077327+00:00,"Run - Aug 17, 2026 at 21:38:16"
Q49,18,843.5895682175573,0.11051832444379285,0.11051832444379285,2026-08-17T16:11:23.117885+00:00,"Run - Aug 17, 2026 at 21:38:16"
Q50,18,858.3877210663338,0.11256374573991082,0.11256374573991082,2026-08-17T16:11:23.160287+00:00,"Run - Aug 17, 2026 at 21:38:16"
Q51,18,873.1878782023675,0.11460880063426904,0.11460880063426904,2026-08-17T16:11:23.227801+00:00,"Run - Aug 17, 2026 at 21:38:16"
Q52,18,887.9870331947717,0.11665403872950719,0.11665403872950719,2026-08-17T16:11:23.274029+00:00,"Run - Aug 17, 2026 at 21:38:16"
Q53,18,902.7861881871771,0.11869927682474521,0.11869927682474521,2026-08-17T16:11:23.320119+00:00,"Run - Aug 17, 2026 at 21:38:16"
Q54,18,917.5848304389593,0.12074464460999858,0.12074464460999858,2026-08-17T16:11:23.360924+00:00,"Run - Aug 17, 2026 at 21:38:16"
Q55,18,932.3844981719873,0.12278975301522145,0.12278975301522145,2026-08-17T16:11:23.407462+00:00,"Run - Aug 17, 2026 at 21:38:16"
Q56,18,947.2824371358957,0.12481302610524857,0.12481302610524857,2026-08-17T16:11:23.451802+00:00,"Run - Aug 17, 2026 at 21:38:16"
Q57,18,962.0497237404111,0.1268653401327356,0.1268653401327356,2026-08-17T16:11:23.488929+00:00,"Run - Aug 17, 2026 at 21:38:16"
Q58,18,976.7819631492031,0.12892546730093563,0.12892546730093563,2026-08-17T16:11:23.532995+00:00,"Run - Aug 17, 2026 at 21:38:16"
Q59,18,991.5811181416072,0.1309707053961738,0.1309707053961738,2026-08-17T16:11:23.575242+00:00,"Run - Aug 17, 2026 at 21:38:16"
Q60,18,1006.3802731340134,0.13301594349141185,0.13301594349141185,2026-08-17T16:11:23.621437+00:00,"Run - Aug 17, 2026 at 21:38:16"
Q61,18,1021.179428126418,0.13506118158665,0.13506118158665,2026-08-17T16:11:23.663349+00:00,"Run - Aug 17, 2026 at 21:38:16"
Q62,18,1035.9785831188228,0.13710641968188814,0.13710641968188814,2026-08-17T16:11:23.708327+00:00,"Run - Aug 17, 2026 at 21:38:16"
Q63,18,1050.7777381112285,0.13915165777712632,0.13915165777712632,2026-08-17T16:11:23.754256+00:00,"Run - Aug 17, 2026 at 21:38:16"
Q64,18,1065.53917292816,0.14120531489356877,0.14120531489356877,2026-08-17T16:11:23.796191+00:00,"Run - Aug 17, 2026 at 21:38:16"
Q65,18,1080.3760480960389,0.14324213396760246,0.14324213396760246,2026-08-17T16:11:23.837798+00:00,"Run - Aug 17, 2026 at 21:38:16"
Q66,18,1095.098388934835,0.1453045336829605,0.1453045336829605,2026-08-17T16:11:23.882354+00:00,"Run - Aug 17, 2026 at 21:38:16"
Q67,18,1109.896504162609,0.14735000987343666,0.14735000987343666,2026-08-17T16:11:23.921237+00:00,"Run - Aug 17, 2026 at 21:38:16"
Q68,18,1124.773513073254,0.1493778482533167,0.1493778482533167,2026-08-17T16:11:23.964024+00:00,"Run - Aug 17, 2026 at 21:38:16"
Q69,18,1139.5726680656592,0.15142308634855461,0.15142308634855461,2026-08-17T16:11:24.002752+00:00,"Run - Aug 17, 2026 at 21:38:16"
Q70,18,1154.372431458804,0.15346829385567778,0.15346829385567778,2026-08-17T16:11:24.047530+00:00,"Run - Aug 17, 2026 at 21:38:16"
Q71,18,1169.1709780504677,0.1555135625390311,0.1555135625390311,2026-08-17T16:11:24.090783+00:00,"Run - Aug 17, 2026 at 21:38:16"
Q72,18,1183.8870803014768,0.1575773908258178,0.1575773908258178,2026-08-17T16:11:24.133919+00:00,"Run - Aug 17, 2026 at 21:38:16"
Q73,18,1198.7692880352774,0.15960403872950724,0.15960403872950724,2026-08-17T16:11:24.176346+00:00,"Run - Aug 17, 2026 at 21:38:16"
Q74,18,1213.5684430276847,0.16164927682474528,0.16164927682474528,2026-08-17T16:11:24.223838+00:00,"Run - Aug 17, 2026 at 21:38:16"
Q75,18,1228.411036646376,0.16368488547686966,0.16368488547686966,2026-08-17T16:11:24.268260+00:00,"Run - Aug 17, 2026 at 21:38:16"
Q76,18,1242.9928095878681,0.16577875356587804,0.16577875356587804,2026-08-17T16:11:24.311684+00:00,"Run - Aug 17, 2026 at 21:38:16"
Q77,18,1257.9217209422602,0.16779489145349574,0.16779489145349574,2026-08-17T16:11:24.351237+00:00,"Run - Aug 17, 2026 at 21:38:16"
Q78,18,1272.67577166812,0.16985024796867468,0.16985024796867468,2026-08-17T16:11:24.393326+00:00,"Run - Aug 17, 2026 at 21:38:16"
Q79,18,1287.6104982272107,0.17186523197733047,0.17186523197733047,2026-08-17T16:11:24.437650+00:00,"Run - Aug 17, 2026 at 21:38:16"
Q80,18,1302.2720021236673,0.17394120034962732,0.17394120034962732,2026-08-17T16:11:24.475183+00:00,"Run - Aug 17, 2026 at 21:38:16"
Q81,18,1317.1174642073174,0.17597620312126028,0.17597620312126028,2026-08-17T16:11:24.514317+00:00,"Run - Aug 17, 2026 at 21:38:16"
Q82,18,1332.1006343453198,0.17797993086715336,0.17797993086715336,2026-08-17T16:11:24.556589+00:00,"Run - Aug 17, 2026 at 21:38:16"
Q83,18,1346.7608379593303,0.1800564196818882,0.1800564196818882,2026-08-17T16:11:24.598422+00:00,"Run - Aug 17, 2026 at 21:38:16"
Q84,18,1361.6547306511661,0.18208034013273572,0.18208034013273572,2026-08-17T16:11:24.638970+00:00,"Run - Aug 17, 2026 at 21:38:16"
Q85,18,1376.4086280367655,0.1841359462630449,0.1841359462630449,2026-08-17T16:11:24.677516+00:00,"Run - Aug 17, 2026 at 21:38:16"
Q86,18,1391.255101533445,0.18617034013273562,0.18617034013273562,2026-08-17T16:11:24.718097+00:00,"Run - Aug 17, 2026 at 21:38:16"
Q87,18,1405.8588087180838,0.1882595336829605,0.1882595336829605,2026-08-17T16:11:24.755760+00:00,"Run - Aug 17, 2026 at 21:38:16"
Q88,18,1420.8554724157232,0.19026034013273557,0.19026034013273557,2026-08-17T16:11:24.794847+00:00,"Run - Aug 17, 2026 at 21:38:16"
Q89,18,1435.5557679137598,0.19232784825331664,0.19232784825331664,2026-08-17T16:11:24.837486+00:00,"Run - Aug 17, 2026 at 21:38:16"
Q90,18,1450.354922906165,0.19437308634855466,0.19437308634855466,2026-08-17T16:11:24.875071+00:00,"Run - Aug 17, 2026 at 21:38:16"
Q91,18,1465.1540778985718,0.1964183244437929,0.1964183244437929,2026-08-17T16:11:24.912376+00:00,"Run - Aug 17, 2026 at 21:38:16"
Q92,18,1479.953232890975,0.1984635625390309,0.1984635625390309,2026-08-17T16:11:24.954642+00:00,"Run - Aug 17, 2026 at 21:38:16"
Q93,18,1495.1179670669112,0.20042646697023167,0.20042646697023167,2026-08-17T16:11:25.010562+00:00,"Run - Aug 17, 2026 at 21:38:16"
Q94,18,1509.4998951878126,0.20256584597840294,0.20256584597840294,2026-08-17T16:11:25.046540+00:00,"Run - Aug 17, 2026 at 21:38:16"
Q95,18,1524.2958846836916,0.20461141691025506,0.20461141691025506,2026-08-17T16:11:25.082515+00:00,"Run - Aug 17, 2026 at 21:38:16"
Q96,18,1539.1498528605962,0.20664451491998356,0.20664451491998356,2026-08-17T16:11:25.121594+00:00,"Run - Aug 17, 2026 at 21:38:16"
Q97,18,1554.1130211888496,0.20865296195198788,0.20865296195198788,2026-08-17T16:11:25.162417+00:00,"Run - Aug 17, 2026 at 21:38:16"
Q98,18,1569.188269630216,0.2106359935513884,0.2106359935513884,2026-08-17T16:11:25.230289+00:00,"Run - Aug 17, 2026 at 21:38:16"
Q99,18,1583.5473178378109,0.2127802292056975,0.2127802292056975,2026-08-17T16:11:25.313816+00:00,"Run - Aug 17, 2026 at 21:38:16"
Q100,18,1598.2343066791432,0.21485072415915113,0.21485072415915113,2026-08-17T16:11:25.387010+00:00,"Run - Aug 17, 2026 at 21:38:16"
Q101,18,1613.2578831505318,0.2168453401327358,0.2168453401327358,2026-08-17T16:11:25.431594+00:00,"Run - Aug 17, 2026 at 21:38:16"
Q102,18,1627.9447828150262,0.21891594349141202,0.21891594349141202,2026-08-17T16:11:25.477568+00:00,"Run - Aug 17, 2026 at 21:38:16"
Q103,18,1642.743937807431,0.22096118158665,0.22096118158665,2026-08-17T16:11:25.521671+00:00,"Run - Aug 17, 2026 at 21:38:16"
Q104,18,1657.543092799836,0.22300641968188822,0.22300641968188822,2026-08-17T16:11:25.558886+00:00,"Run - Aug 17, 2026 at 21:38:16"
Q105,18,1672.4586249150896,0.22502534013273565,0.22502534013273565,2026-08-17T16:11:25.598421+00:00,"Run - Aug 17, 2026 at 21:38:16"
Q106,18,1687.1414027846456,0.2270968958723643,0.2270968958723643,2026-08-17T16:11:25.636878+00:00,"Run - Aug 17, 2026 at 21:38:16"
Q107,18,1701.82111327356,0.22916905749248437,0.22916905749248437,2026-08-17T16:11:25.674704+00:00,"Run - Aug 17, 2026 at 21:38:16"
Q108,18,1717.1596354206406,0.231092538398803,0.231092538398803,2026-08-17T16:11:25.712727+00:00,"Run - Aug 17, 2026 at 21:38:16"
Q109,18,1731.4173437291067,0.23326000987343662,0.23326000987343662,2026-08-17T16:11:25.749865+00:00,"Run - Aug 17, 2026 at 21:38:16"
Q110,18,1746.1526461345697,0.23531941186370847,0.23531941186370847,2026-08-17T16:11:25.789157+00:00,"Run - Aug 17, 2026 at 21:38:16"
Q111,18,1761.1983714175037,0.23730922470202,0.23730922470202,2026-08-17T16:11:25.829204+00:00,"Run - Aug 17, 2026 at 21:38:16"
Q112,18,1776.494337245622,0.23924217313536475,0.23924217313536475,2026-08-17T16:11:25.868569+00:00,"Run - Aug 17, 2026 at 21:38:16"
Q113,18,1791.1100643544996,0.24132881456286456,0.24132881456286456,2026-08-17T16:11:25.908913+00:00,"Run - Aug 17, 2026 at 21:38:16"
Q114,18,1805.6602938853407,0.24343034013273557,0.24343034013273557,2026-08-17T16:11:25.947098+00:00,"Run - Aug 17, 2026 at 21:38:16"
Q115,18,1820.3337977162923,0.2455040387295074,0.2455040387295074,2026-08-17T16:11:25.992438+00:00,"Run - Aug 17, 2026 at 21:38:16"
Q116,18,1835.1329527086973,0.2475492768247455,0.2475492768247455,2026-08-17T16:11:26.041024+00:00,"Run - Aug 17, 2026 at 21:38:16"
Q117,18,1849.9963880811192,0.24957993898773445,0.24957993898773445,2026-08-17T16:11:26.093143+00:00,"Run - Aug 17, 2026 at 21:38:16"
Q118,18,1864.731262693508,0.2516397530152214,0.2516397530152214,2026-08-17T16:11:26.138241+00:00,"Run - Aug 17, 2026 at 21:38:16"
Q119,18,1879.2673219590968,0.25374446785159244,0.25374446785159244,2026-08-17T16:11:26.181655+00:00,"Run - Aug 17, 2026 at 21:38:16"
Q120,18,1894.2614267641325,0.25574534548168365,0.25574534548168365,2026-08-17T16:11:26.217431+00:00,"Run - Aug 17, 2026 at 21:38:16"
Q121,18,1909.1287276707226,0.257775467300936,0.257775467300936,2026-08-17T16:11:26.254913+00:00,"Run - Aug 17, 2026 at 21:38:16"
Q122,18,1924.0617774144519,0.25979034013273566,0.25979034013273566,2026-08-17T16:11:26.296857+00:00,"Run - Aug 17, 2026 at 21:38:16"
Q123,18,1938.7258821180003,0.2618660731814274,0.2618660731814274,2026-08-17T16:11:26.335757+00:00,"Run - Aug 17, 2026 at 21:38:16"
Q124,18,1953.4575344647874,0.2639266771677813,0.2639266771677813,2026-08-17T16:11:26.372932+00:00,"Run - Aug 17, 2026 at 21:38:16"
Q125,18,1968.3253476403431,0.26595641968188793,0.26595641968188793,2026-08-17T16:11:26.412984+00:00,"Run - Aug 17, 2026 at 21:38:16"
Q126,18,1983.26251917901,0.2679703401327357,0.2679703401327357,2026-08-17T16:11:26.451662+00:00,"Run - Aug 17, 2026 at 21:38:16"
Q127,18,1997.9955367036503,0.27003094626304497,0.27003094626304497,2026-08-17T16:11:26.493515+00:00,"Run - Aug 17, 2026 at 21:38:16"
Q128,18,2012.7228126175569,0.27209213396760257,0.27209213396760257,2026-08-17T16:11:26.537708+00:00,"Run - Aug 17, 2026 at 21:38:16"
Q129,18,2027.5219676099632,0.2741373720628403,0.2741373720628403,2026-08-17T16:11:26.578322+00:00,"Run - Aug 17, 2026 at 21:38:16"
Q130,18,2042.4632609435653,0.2761503401327355,0.2761503401327355,2026-08-17T16:11:26.618072+00:00,"Run - Aug 17, 2026 at 21:38:16"
Q131,18,2057.1202775947713,0.2782278482533166,0.2782278482533166,2026-08-17T16:11:26.654567+00:00,"Run - Aug 17, 2026 at 21:38:16"
Q132,18,2072.351759162181,0.28017479753193186,0.28017479753193186,2026-08-17T16:11:26.696269+00:00,"Run - Aug 17, 2026 at 21:38:16"
Q0,19,118.33502485582478,0.01031804139884704,0.01031804139884704,2026-08-17T16:11:33.806021+00:00,"Run - Aug 17, 2026 at 21:38:16"
Q1,19,133.13556964735542,0.012363931993072064,0.012363931993072064,2026-08-17T16:11:33.843559+00:00,"Run - Aug 17, 2026 at 21:38:16"
Q2,19,147.93410860129944,0.014409747087345132,0.014409747087345132,2026-08-17T16:11:33.884064+00:00,"Run - Aug 17, 2026 at 21:38:16"
Q3,19,162.71250928267543,0.01645937546246501,0.01645937546246501,2026-08-17T16:11:33.930344+00:00,"Run - Aug 17, 2026 at 21:38:16"
Q4,19,177.50101103048107,0.018507049881069663,0.018507049881069663,2026-08-17T16:11:33.972643+00:00,"Run - Aug 17, 2026 at 21:38:16"
Q5,19,192.30251842533286,0.020552319795485503,0.020552319795485503,2026-08-17T16:11:34.013423+00:00,"Run - Aug 17, 2026 at 21:38:16"
Q6,19,207.04287138451747,0.022609199674528787,0.022609199674528787,2026-08-17T16:11:34.053938+00:00,"Run - Aug 17, 2026 at 21:38:16"
Q7,19,221.85901554493623,0.02465149649794552,0.02465149649794552,2026-08-17T16:11:34.093758+00:00,"Run - Aug 17, 2026 at 21:38:16"
Q8,19,236.64732107803667,0.026698923428012812,0.026698923428012812,2026-08-17T16:11:34.144707+00:00,"Run - Aug 17, 2026 at 21:38:16"
Q9,19,251.44375756340787,0.028745220135354462,0.028745220135354462,2026-08-17T16:11:34.184873+00:00,"Run - Aug 17, 2026 at 21:38:16"
Q10,19,266.21375644715295,0.030796842627978424,0.030796842627978424,2026-08-17T16:11:34.226082+00:00,"Run - Aug 17, 2026 at 21:38:16"
Q11,19,281.03030556595377,0.032838680495222795,0.032838680495222795,2026-08-17T16:11:34.264875+00:00,"Run - Aug 17, 2026 at 21:38:16"
Q12,19,295.7489264202904,0.03490052959816579,0.03490052959816579,2026-08-17T16:11:34.306159+00:00,"Run - Aug 17, 2026 at 21:38:16"
Q13,19,310.5661462468258,0.03694232082608438,0.03694232082608438,2026-08-17T16:11:34.355937+00:00,"Run - Aug 17, 2026 at 21:38:16"
Q14,19,325.37468348775917,0.03898623322040488,0.03898623322040488,2026-08-17T16:11:34.398330+00:00,"Run - Aug 17, 2026 at 21:38:16"
Q15,19,340.1745302563427,0.041031468485720826,0.041031468485720826,2026-08-17T16:11:34.436875+00:00,"Run - Aug 17, 2026 at 21:38:16"
Q16,19,354.9026297768345,0.043091799361377574,0.043091799361377574,2026-08-17T16:11:34.478332+00:00,"Run - Aug 17, 2026 at 21:38:16"
Q17,19,369.72664185877835,0.04513187377415766,0.04513187377415766,2026-08-17T16:11:34.519678+00:00,"Run - Aug 17, 2026 at 21:38:16"
Q18,19,384.47488527854443,0.04718805972547595,0.04718805972547595,2026-08-17T16:11:34.560740+00:00,"Run - Aug 17, 2026 at 21:38:16"
Q19,19,399.27406931168696,0.049233748093338914,0.049233748093338914,2026-08-17T16:11:34.604246+00:00,"Run - Aug 17, 2026 at 21:38:16"
Q20,19,414.0892865655852,0.0512755033398066,0.0512755033398066,2026-08-17T16:11:34.645788+00:00,"Run - Aug 17, 2026 at 21:38:16"
Q21,19,428.7891557793683,0.05334209320473634,0.05334209320473634,2026-08-17T16:11:34.691608+00:00,"Run - Aug 17, 2026 at 21:38:16"
Q22,19,443.6038386262425,0.05538425052839829,0.05538425052839829,2026-08-17T16:11:34.735732+00:00,"Run - Aug 17, 2026 at 21:38:16"
Q23,19,458.4356701289847,0.05742291017341161,0.05742291017341161,2026-08-17T16:11:34.776327+00:00,"Run - Aug 17, 2026 at 21:38:16"
Q24,19,473.27104598659315,0.0594605382531627,0.0594605382531627,2026-08-17T16:11:34.816932+00:00,"Run - Aug 17, 2026 at 21:38:16"
Q25,19,488.0100042352886,0.061518867079585114,0.061518867079585114,2026-08-17T16:11:34.862402+00:00,"Run - Aug 17, 2026 at 21:38:16"
Q26,19,502.8311560993019,0.0635595505298598,0.0635595505298598,2026-08-17T16:11:34.903834+00:00,"Run - Aug 17, 2026 at 21:38:16"
Q27,19,517.6190308542829,0.06560731045143381,0.06560731045143381,2026-08-17T16:11:34.942966+00:00,"Run - Aug 17, 2026 at 21:38:16"
Q28,19,532.406681490321,0.06765527311108327,0.06765527311108327,2026-08-17T16:11:34.978979+00:00,"Run - Aug 17, 2026 at 21:38:16"
Q29,19,547.1582506785933,0.06971071581745174,0.06971071581745174,2026-08-17T16:11:35.017550+00:00,"Run - Aug 17, 2026 at 21:38:16"
Q30,19,562.1171758951918,0.07172154268656016,0.07172154268656016,2026-08-17T16:11:35.061239+00:00,"Run - Aug 17, 2026 at 21:38:16"
Q31,19,576.7710339161521,0.07379847324213155,0.07379847324213155,2026-08-17T16:11:35.103530+00:00,"Run - Aug 17, 2026 at 21:38:16"
Q32,19,591.6198065969003,0.07583307108764924,0.07583307108764924,2026-08-17T16:11:35.155382+00:00,"Run - Aug 17, 2026 at 21:38:16"
Q33,19,606.4510907684632,0.07787120422400129,0.07787120422400129,2026-08-17T16:11:35.199914+00:00,"Run - Aug 17, 2026 at 21:38:16"
Q34,19,621.0929707821001,0.07995095877048992,0.07995095877048992,2026-08-17T16:11:35.278261+00:00,"Run - Aug 17, 2026 at 21:38:16"
Q35,19,636.0306252094243,0.08196626333598533,0.08196626333598533,2026-08-17T16:11:35.330501+00:00,"Run - Aug 17, 2026 at 21:38:16"
Q36,19,650.6447741481185,0.08405186892255359,0.08405186892255359,2026-08-17T16:11:35.383081+00:00,"Run - Aug 17, 2026 at 21:38:16"
Q37,19,665.5223643826419,0.08608010385628469,0.08608010385628469,2026-08-17T16:11:35.429468+00:00,"Run - Aug 17, 2026 at 21:38:16"
Q38,19,680.3100704558715,0.08812798011362775,0.08812798011362775,2026-08-17T16:11:35.470978+00:00,"Run - Aug 17, 2026 at 21:38:16"
Q39,19,695.098572203677,0.09017565453223243,0.09017565453223243,2026-08-17T16:11:35.510752+00:00,"Run - Aug 17, 2026 at 21:38:16"
Q40,19,709.8630408053584,0.09222858952120133,0.09222858952120133,2026-08-17T16:11:35.552195+00:00,"Run - Aug 17, 2026 at 21:38:16"
Q41,19,724.5761687085686,0.09429293824233555,0.09429293824233555,2026-08-17T16:11:35.592490+00:00,"Run - Aug 17, 2026 at 21:38:16"
Q42,19,739.4900078540207,0.09631298282080417,0.09631298282080417,2026-08-17T16:11:35.633440+00:00,"Run - Aug 17, 2026 at 21:38:16"
Q43,19,754.1510049250456,0.09838868158252101,0.09838868158252101,2026-08-17T16:11:35.674292+00:00,"Run - Aug 17, 2026 at 21:38:16"
Q44,19,769.0141087224828,0.10041995415063747,0.10041995415063747,2026-08-17T16:11:35.728347+00:00,"Run - Aug 17, 2026 at 21:38:16"
Q45,19,783.7503752704647,0.10247908791047489,0.10247908791047489,2026-08-17T16:11:35.775806+00:00,"Run - Aug 17, 2026 at 21:38:16"
Q46,19,798.5103440173025,0.10453306941107168,0.10453306941107168,2026-08-17T16:11:35.821521+00:00,"Run - Aug 17, 2026 at 21:38:16"
Q47,19,813.4075811037968,0.1065568480423312,0.1065568480423312,2026-08-17T16:11:35.864748+00:00,"Run - Aug 17, 2026 at 21:38:16"
Q48,19,828.421186316862,0.1085546742897135,0.1085546742897135,2026-08-17T16:11:35.909328+00:00,"Run - Aug 17, 2026 at 21:38:16"
Q49,19,842.8119465339425,0.11069033479454592,0.11069033479454592,2026-08-17T16:11:35.957988+00:00,"Run - Aug 17, 2026 at 21:38:16"
Q50,19,857.742069622069,0.11270667543833982,0.11270667543833982,2026-08-17T16:11:36.001783+00:00,"Run - Aug 17, 2026 at 21:38:16"
Q51,19,872.5605931773447,0.11474774755548825,0.11474774755548825,2026-08-17T16:11:36.042472+00:00,"Run - Aug 17, 2026 at 21:38:16"
Q52,19,887.3490949251492,0.11679542197409298,0.11679542197409298,2026-08-17T16:11:36.083844+00:00,"Run - Aug 17, 2026 at 21:38:16"
Q53,19,902.1070507564333,0.11884986859096877,0.11884986859096877,2026-08-17T16:11:36.123888+00:00,"Run - Aug 17, 2026 at 21:38:16"
Q54,19,916.9255976043385,0.12089089748527061,0.12089089748527061,2026-08-17T16:11:36.164683+00:00,"Run - Aug 17, 2026 at 21:38:16"
Q55,19,931.683052287368,0.12294544998631764,0.12294544998631764,2026-08-17T16:11:36.207043+00:00,"Run - Aug 17, 2026 at 21:38:16"
Q56,19,946.4718987336805,0.12499301056877268,0.12499301056877268,2026-08-17T16:11:36.261860+00:00,"Run - Aug 17, 2026 at 21:38:16"
Q57,19,961.2272782757441,0.1270480614793414,0.1270480614793414,2026-08-17T16:11:36.309909+00:00,"Run - Aug 17, 2026 at 21:38:16"
Q58,19,975.9799689679809,0.12910376188141964,0.12910376188141964,2026-08-17T16:11:36.360696+00:00,"Run - Aug 17, 2026 at 21:38:16"
Q59,19,990.7349324778008,0.1311588833645601,0.1311588833645601,2026-08-17T16:11:36.401812+00:00,"Run - Aug 17, 2026 at 21:38:16"
Q60,19,1005.5554920753451,0.13319943674768417,0.13319943674768417,2026-08-17T16:11:36.447765+00:00,"Run - Aug 17, 2026 at 21:38:16"
Q61,19,1020.3424998623364,0.13524746000349822,0.13524746000349822,2026-08-17T16:11:36.492301+00:00,"Run - Aug 17, 2026 at 21:38:16"
Q62,19,1035.2341124032057,0.13727216616013949,0.13727216616013949,2026-08-17T16:11:36.536579+00:00,"Run - Aug 17, 2026 at 21:38:16"
Q63,19,1050.0226141510116,0.13931984057874422,0.13931984057874422,2026-08-17T16:11:36.581314+00:00,"Run - Aug 17, 2026 at 21:38:16"
Q64,19,1064.7742729367267,0.1413757382273624,0.1413757382273624,2026-08-17T16:11:36.620357+00:00,"Run - Aug 17, 2026 at 21:38:16"
Q65,19,1079.4539733057243,0.14344772057386254,0.14344772057386254,2026-08-17T16:11:36.670187+00:00,"Run - Aug 17, 2026 at 21:38:16"
Q66,19,1094.2395697062727,0.14549605496906517,0.14549605496906517,2026-08-17T16:11:36.713008+00:00,"Run - Aug 17, 2026 at 21:38:16"
Q67,19,1109.100577780233,0.14752753332397756,0.14752753332397756,2026-08-17T16:11:36.751072+00:00,"Run - Aug 17, 2026 at 21:38:16"
Q68,19,1123.8134937196853,0.14959213917851363,0.14959213917851363,2026-08-17T16:11:36.791053+00:00,"Run - Aug 17, 2026 at 21:38:16"
Q69,19,1138.7150630039114,0.15161451975375936,0.15161451975375936,2026-08-17T16:11:36.831297+00:00,"Run - Aug 17, 2026 at 21:38:16"
Q70,19,1153.5427206375366,0.1536535316322131,0.1536535316322131,2026-08-17T16:11:36.869823+00:00,"Run - Aug 17, 2026 at 21:38:16"
Q71,19,1168.2125777322558,0.15572769256163788,0.15572769256163788,2026-08-17T16:11:36.909854+00:00,"Run - Aug 17, 2026 at 21:38:16"
Q72,19,1182.8783996560048,0.1578028551795612,0.1578028551795612,2026-08-17T16:11:36.947563+00:00,"Run - Aug 17, 2026 at 21:38:16"
Q73,19,1197.9076316290661,0.15979658476479067,0.15979658476479067,2026-08-17T16:11:36.985081+00:00,"Run - Aug 17, 2026 at 21:38:16"
Q74,19,1212.6550668312482,0.16185347324213162,0.16185347324213162,2026-08-17T16:11:37.028214+00:00,"Run - Aug 17, 2026 at 21:38:16"
Q75,19,1227.4030373059002,0.1639103800823174,0.1639103800823174,2026-08-17T16:11:37.064368+00:00,"Run - Aug 17, 2026 at 21:38:16"
Q76,19,1242.1032386437798,0.165977701581711,0.165977701581711,2026-08-17T16:11:37.102463+00:00,"Run - Aug 17, 2026 at 21:38:16"
Q77,19,1256.8914649976773,0.16802550219902193,0.16802550219902193,2026-08-17T16:11:37.143396+00:00,"Run - Aug 17, 2026 at 21:38:16"
Q78,19,1271.7629255814502,0.17005451006816358,0.17005451006816358,2026-08-17T16:11:37.202775+00:00,"Run - Aug 17, 2026 at 21:38:16"
Q79,19,1286.6402746114927,0.17208242943767993,0.17208242943767993,2026-08-17T16:11:37.274803+00:00,"Run - Aug 17, 2026 at 21:38:16"
Q80,19,1301.3819703485992,0.17414041228849728,0.17414041228849728,2026-08-17T16:11:37.318237+00:00,"Run - Aug 17, 2026 at 21:38:16"
Q81,19,1316.0832132515538,0.17620791814135794,0.17620791814135794,2026-08-17T16:11:37.362703+00:00,"Run - Aug 17, 2026 at 21:38:16"
Q82,19,1331.1398673103085,0.17819513057365435,0.17819513057365435,2026-08-17T16:11:37.406767+00:00,"Run - Aug 17, 2026 at 21:38:16"
Q83,19,1345.8382244937936,0.180263068380473,0.180263068380473,2026-08-17T16:11:37.455300+00:00,"Run - Aug 17, 2026 at 21:38:16"
Q84,19,1360.5822898292793,0.18232079615256655,0.18232079615256655,2026-08-17T16:11:37.495270+00:00,"Run - Aug 17, 2026 at 21:38:16"
Q85,19,1375.4179819955318,0.1843579828208042,0.1843579828208042,2026-08-17T16:11:37.535325+00:00,"Run - Aug 17, 2026 at 21:38:16"
Q86,19,1390.2527018172798,0.18639506520515334,0.18639506520515334,2026-08-17T16:11:37.575306+00:00,"Run - Aug 17, 2026 at 21:38:16"
Q87,19,1404.708347280957,0.1885177108882666,0.1885177108882666,2026-08-17T16:11:37.617520+00:00,"Run - Aug 17, 2026 at 21:38:16"
Q88,19,1419.6401902491193,0.19053317775841114,0.19053317775841114,2026-08-17T16:11:37.658754+00:00,"Run - Aug 17, 2026 at 21:38:16"
Q89,19,1434.5236595939568,0.19255937546246496,0.19255937546246496,2026-08-17T16:11:37.704182+00:00,"Run - Aug 17, 2026 at 21:38:16"
Q90,19,1449.3121613417622,0.19460704988106955,0.19460704988106955,2026-08-17T16:11:37.760195+00:00,"Run - Aug 17, 2026 at 21:38:16"
Q91,19,1464.0023167174738,0.19667696687499447,0.19667696687499447,2026-08-17T16:11:37.802112+00:00,"Run - Aug 17, 2026 at 21:38:16"
Q92,19,1478.7397412590883,0.1987361809337308,0.1987361809337308,2026-08-17T16:11:37.843846+00:00,"Run - Aug 17, 2026 at 21:38:16"
Q93,19,1493.8814208629033,0.2007041569072437,0.2007041569072437,2026-08-17T16:11:37.887179+00:00,"Run - Aug 17, 2026 at 21:38:16"
Q94,19,1508.364635561644,0.20282081985733214,0.20282081985733214,2026-08-17T16:11:37.944577+00:00,"Run - Aug 17, 2026 at 21:38:16"
Q95,19,1523.252575813789,0.20484564699106433,0.20484564699106433,2026-08-17T16:11:37.991950+00:00,"Run - Aug 17, 2026 at 21:38:16"
Q96,19,1538.0431718285968,0.2068930963926978,0.2068930963926978,2026-08-17T16:11:38.035578+00:00,"Run - Aug 17, 2026 at 21:38:16"
Q97,19,1552.9400115612418,0.20891660797923978,0.20891660797923978,2026-08-17T16:11:38.077815+00:00,"Run - Aug 17, 2026 at 21:38:16"
Q98,19,1567.8916597243433,0.210927625178359,0.210927625178359,2026-08-17T16:11:38.123254+00:00,"Run - Aug 17, 2026 at 21:38:16"
Q99,19,1582.2487957680328,0.21307234372442835,0.21307234372442835,2026-08-17T16:11:38.163275+00:00,"Run - Aug 17, 2026 at 21:38:16"
Q100,19,1596.977752881912,0.2151331708004752,0.2151331708004752,2026-08-17T16:11:38.204680+00:00,"Run - Aug 17, 2026 at 21:38:16"
Q101,19,1611.932456080906,0.21714361486246578,0.21714361486246578,2026-08-17T16:11:38.243694+00:00,"Run - Aug 17, 2026 at 21:38:16"
Q102,19,1626.7190882643333,0.21919161277701543,0.21919161277701543,2026-08-17T16:11:38.283211+00:00,"Run - Aug 17, 2026 at 21:38:16"
Q103,19,1641.3412318825651,0.22127702289944381,0.22127702289944381,2026-08-17T16:11:38.325032+00:00,"Run - Aug 17, 2026 at 21:38:16"
Q104,19,1656.3511858110405,0.2232744917415349,0.2232744917415349,2026-08-17T16:11:38.368817+00:00,"Run - Aug 17, 2026 at 21:38:16"
Q105,19,1671.2533582369774,0.22529646055399055,0.22529646055399055,2026-08-17T16:11:38.409102+00:00,"Run - Aug 17, 2026 at 21:38:16"
Q106,19,1685.6989681431394,0.2274216741189338,0.2274216741189338,2026-08-17T16:11:38.454158+00:00,"Run - Aug 17, 2026 at 21:38:16"
Q107,19,1700.483025580445,0.2294701475446612,0.2294701475446612,2026-08-17T16:11:38.492706+00:00,"Run - Aug 17, 2026 at 21:38:16"
Q108,19,1715.8572498652702,0.2313857287330717,0.2313857287330717,2026-08-17T16:11:38.535442+00:00,"Run - Aug 17, 2026 at 21:38:16"
Q109,19,1730.1749966576108,0.23353962634723333,0.23353962634723333,2026-08-17T16:11:38.572782+00:00,"Run - Aug 17, 2026 at 21:38:16"
Q110,19,1744.9011307623566,0.235601135267964,0.235601135267964,2026-08-17T16:11:38.612060+00:00,"Run - Aug 17, 2026 at 21:38:16"
Q111,19,1759.6930568820035,0.23764859989585177,0.23764859989585177,2026-08-17T16:11:38.651034+00:00,"Run - Aug 17, 2026 at 21:38:16"
Q112,19,1775.1441235765622,0.23954630219669015,0.23954630219669015,2026-08-17T16:11:38.691584+00:00,"Run - Aug 17, 2026 at 21:38:16"
Q113,19,1789.6327703246818,0.241661892212824,0.241661892212824,2026-08-17T16:11:38.728904+00:00,"Run - Aug 17, 2026 at 21:38:16"
Q114,19,1804.2978264913613,0.24373730251970352,0.24373730251970352,2026-08-17T16:11:38.773842+00:00,"Run - Aug 17, 2026 at 21:38:16"
Q115,19,1819.086311858397,0.24578492884558942,0.24578492884558942,2026-08-17T16:11:38.818389+00:00,"Run - Aug 17, 2026 at 21:38:16"
Q116,19,1833.7510989808757,0.24786068254445742,0.24786068254445742,2026-08-17T16:11:38.863429+00:00,"Run - Aug 17, 2026 at 21:38:16"
Q117,19,1848.4777214213473,0.2499225253719993,0.2499225253719993,2026-08-17T16:11:38.904071+00:00,"Run - Aug 17, 2026 at 21:38:16"
Q118,19,1863.3902102803202,0.2519419336019999,0.2519419336019999,2026-08-17T16:11:38.948927+00:00,"Run - Aug 17, 2026 at 21:38:16"
Q119,19,1877.7319742863315,0.25409090240181403,0.25409090240181403,2026-08-17T16:11:38.992871+00:00,"Run - Aug 17, 2026 at 21:38:16"
Q120,19,1892.9647643836338,0.2560374842779476,0.2560374842779476,2026-08-17T16:11:39.036359+00:00,"Run - Aug 17, 2026 at 21:38:16"
Q121,19,1907.4961381517946,0.25814379032042284,0.25814379032042284,2026-08-17T16:11:39.077033+00:00,"Run - Aug 17, 2026 at 21:38:16"
Q122,19,1922.4807557887466,0.26014721951362846,0.26014721951362846,2026-08-17T16:11:39.116982+00:00,"Run - Aug 17, 2026 at 21:38:16"
Q123,19,1937.3315903547807,0.26218043236899186,0.26218043236899186,2026-08-17T16:11:39.161055+00:00,"Run - Aug 17, 2026 at 21:38:16"
Q124,19,1951.8569289616162,0.2642880603385567,0.2642880603385567,2026-08-17T16:11:39.279782+00:00,"Run - Aug 17, 2026 at 21:38:16"
Q125,19,1966.8440435162804,0.2662906829712351,0.2662906829712351,2026-08-17T16:11:39.331677+00:00,"Run - Aug 17, 2026 at 21:38:16"
Q126,19,1981.632812875957,0.26833838230432605,0.26833838230432605,2026-08-17T16:11:39.390816+00:00,"Run - Aug 17, 2026 at 21:38:16"
Q127,19,1996.489314873037,0.2703708015307035,0.2703708015307035,2026-08-17T16:11:39.439561+00:00,"Run - Aug 17, 2026 at 21:38:16"
Q128,19,2011.2752277583743,0.27241867778804657,0.27241867778804657,2026-08-17T16:11:39.490406+00:00,"Run - Aug 17, 2026 at 21:38:16"
Q129,19,2025.8557002038006,0.27451341304421023,0.27451341304421023,2026-08-17T16:11:39.539162+00:00,"Run - Aug 17, 2026 at 21:38:16"
Q130,19,2040.9910640523651,0.2764825070656183,0.2764825070656183,2026-08-17T16:11:39.581705+00:00,"Run - Aug 17, 2026 at 21:38:16"
Q131,19,2055.5711104628836,0.2785775430095733,0.2785775430095733,2026-08-17T16:11:39.621438+00:00,"Run - Aug 17, 2026 at 21:38:16"
Q132,19,2070.781383696961,0.280529330677058,0.280529330677058,2026-08-17T16:11:39.664318+00:00,"Run - Aug 17, 2026 at 21:38:16"
Q0,20,118.25515529051977,0.01033179282234272,0.01033179282234272,2026-08-17T16:11:46.703973+00:00,"Run - Aug 17, 2026 at 21:38:16"
Q1,20,133.0276655272368,0.012383079719076807,0.012383079719076807,2026-08-17T16:11:46.743520+00:00,"Run - Aug 17, 2026 at 21:38:16"
Q2,20,147.81879112290068,0.014430655339212263,0.014430655339212263,2026-08-17T16:11:46.786452+00:00,"Run - Aug 17, 2026 at 21:38:16"
Q3,20,162.58043079023471,0.016483842263208086,0.016483842263208086,2026-08-17T16:11:46.827156+00:00,"Run - Aug 17, 2026 at 21:38:16"
Q4,20,177.35682423027558,0.018534296808662636,0.018534296808662636,2026-08-17T16:11:46.875379+00:00,"Run - Aug 17, 2026 at 21:38:16"
Q5,20,192.14592773447518,0.020582401497750844,0.020582401497750844,2026-08-17T16:11:46.924816+00:00,"Run - Aug 17, 2026 at 21:38:16"
Q6,20,206.86144609794047,0.022644668445957666,0.022644668445957666,2026-08-17T16:11:46.967232+00:00,"Run - Aug 17, 2026 at 21:38:16"
Q7,20,221.67133315874614,0.024688464846847155,0.024688464846847155,2026-08-17T16:11:47.016182+00:00,"Run - Aug 17, 2026 at 21:38:16"
Q8,20,236.45487597730988,0.02673726413862981,0.02673726413862981,2026-08-17T16:11:47.060125+00:00,"Run - Aug 17, 2026 at 21:38:16"
Q9,20,251.2138845462654,0.028791510922547694,0.028791510922547694,2026-08-17T16:11:47.101363+00:00,"Run - Aug 17, 2026 at 21:38:16"
Q10,20,265.988520579675,0.030842439473924767,0.030842439473924767,2026-08-17T16:11:47.143440+00:00,"Run - Aug 17, 2026 at 21:38:16"
Q11,20,280.81973233301403,0.03288172232521868,0.03288172232521868,2026-08-17T16:11:47.185059+00:00,"Run - Aug 17, 2026 at 21:38:16"
Q12,20,295.51878055346646,0.03494802273028973,0.03494802273028973,2026-08-17T16:11:47.251604+00:00,"Run - Aug 17, 2026 at 21:38:16"
Q13,20,310.3034103322088,0.03699654316752831,0.03699654316752831,2026-08-17T16:11:47.297032+00:00,"Run - Aug 17, 2026 at 21:38:16"
Q14,20,325.1096714512871,0.03904122598119478,0.03904122598119478,2026-08-17T16:11:47.360552+00:00,"Run - Aug 17, 2026 at 21:38:16"
Q15,20,339.8858823979571,0.041091619289445755,0.041091619289445755,2026-08-17T16:11:47.410480+00:00,"Run - Aug 17, 2026 at 21:38:16"
Q16,20,354.57894998741153,0.04315964516616119,0.04315964516616119,2026-08-17T16:11:47.455699+00:00,"Run - Aug 17, 2026 at 21:38:16"
Q17,20,369.51117162204014,0.045177479048083086,0.045177479048083086,2026-08-17T16:11:47.496312+00:00,"Run - Aug 17, 2026 at 21:38:16"
Q18,20,384.1368605716441,0.047259463495746924,0.047259463495746924,2026-08-17T16:11:47.537457+00:00,"Run - Aug 17, 2026 at 21:38:16"
Q19,20,398.9359289845401,0.04930542737446626,0.04930542737446626,2026-08-17T16:11:47.577029+00:00,"Run - Aug 17, 2026 at 21:38:16"
Q20,20,413.7104733326918,0.05135599223598955,0.05135599223598955,2026-08-17T16:11:47.617409+00:00,"Run - Aug 17, 2026 at 21:38:16"
Q21,20,428.42715975569774,0.053419287020350016,0.053419287020350016,2026-08-17T16:11:47.660553+00:00,"Run - Aug 17, 2026 at 21:38:16"
Q22,20,443.2286303906854,0.05546446349574692,0.05546446349574692,2026-08-17T16:11:47.699593+00:00,"Run - Aug 17, 2026 at 21:38:16"
Q23,20,458.01649792776493,0.057512662550649,0.057512662550649,2026-08-17T16:11:47.741888+00:00,"Run - Aug 17, 2026 at 21:38:16"
Q24,20,472.94723584782133,0.05953014202087848,0.05953014202087848,2026-08-17T16:11:47.785641+00:00,"Run - Aug 17, 2026 at 21:38:16"
Q25,20,487.5960576936446,0.061607930020115956,0.061607930020115956,2026-08-17T16:11:47.835863+00:00,"Run - Aug 17, 2026 at 21:38:16"
Q26,20,502.4209704687917,0.06364787698816209,0.06364787698816209,2026-08-17T16:11:47.880853+00:00,"Run - Aug 17, 2026 at 21:38:16"
Q27,20,517.1795886846307,0.06570210121048345,0.06570210121048345,2026-08-17T16:11:47.921107+00:00,"Run - Aug 17, 2026 at 21:38:16"
Q28,20,531.9365257975431,0.06775696748622681,0.06775696748622681,2026-08-17T16:11:47.962649+00:00,"Run - Aug 17, 2026 at 21:38:16"
Q29,20,546.7126130944279,0.06980719761012694,0.06980719761012694,2026-08-17T16:11:48.009742+00:00,"Run - Aug 17, 2026 at 21:38:16"
Q30,20,561.7111966427753,0.0718096961070273,0.0718096961070273,2026-08-17T16:11:48.056496+00:00,"Run - Aug 17, 2026 at 21:38:16"
Q31,20,576.2424573232262,0.0739133264587162,0.0739133264587162,2026-08-17T16:11:48.102282+00:00,"Run - Aug 17, 2026 at 21:38:16"
Q32,20,591.1356611195567,0.07593836298781996,0.07593836298781996,2026-08-17T16:11:48.142439+00:00,"Run - Aug 17, 2026 at 21:38:16"
Q33,20,606.0138977369805,0.0779665244277084,0.0779665244277084,2026-08-17T16:11:48.187592+00:00,"Run - Aug 17, 2026 at 21:38:16"
Q34,20,620.5245908276081,0.08007496004324827,0.08007496004324827,2026-08-17T16:11:48.230449+00:00,"Run - Aug 17, 2026 at 21:38:16"
Q35,20,635.5091249594885,0.08208011904869385,0.08208011904869385,2026-08-17T16:11:48.272715+00:00,"Run - Aug 17, 2026 at 21:38:16"
Q36,20,650.0713533100844,0.08417727702925465,0.08417727702925465,2026-08-17T16:11:48.315777+00:00,"Run - Aug 17, 2026 at 21:38:16"
Q37,20,665.0885673032003,0.0861751446665281,0.0861751446665281,2026-08-17T16:11:48.355494+00:00,"Run - Aug 17, 2026 at 21:38:16"
Q38,20,679.7542011916632,0.08824975135411713,0.08824975135411713,2026-08-17T16:11:48.398178+00:00,"Run - Aug 17, 2026 at 21:38:16"
Q39,20,694.530594631704,0.0903002058995717,0.0903002058995717,2026-08-17T16:11:48.440424+00:00,"Run - Aug 17, 2026 at 21:38:16"
Q40,20,709.306988071745,0.09235066044502628,0.09235066044502628,2026-08-17T16:11:48.482921+00:00,"Run - Aug 17, 2026 at 21:38:16"
Q41,20,723.9374665490833,0.09443332204631427,0.09443332204631427,2026-08-17T16:11:48.528451+00:00,"Run - Aug 17, 2026 at 21:38:16"
Q42,20,738.8851160313233,0.09644600399976681,0.09644600399976681,2026-08-17T16:11:48.571621+00:00,"Run - Aug 17, 2026 at 21:38:16"
Q43,20,753.5369026281464,0.09852384597144465,0.09852384597144465,2026-08-17T16:11:48.612021+00:00,"Run - Aug 17, 2026 at 21:38:16"
Q44,20,768.3862026166906,0.10055827143574025,0.10055827143574025,2026-08-17T16:11:48.651953+00:00,"Run - Aug 17, 2026 at 21:38:16"
Q45,20,783.1115480205403,0.1026199248828541,0.1026199248828541,2026-08-17T16:11:48.689991+00:00,"Run - Aug 17, 2026 at 21:38:16"
Q46,20,797.8335641756535,0.10468238837558409,0.10468238837558409,2026-08-17T16:11:48.731150+00:00,"Run - Aug 17, 2026 at 21:38:16"
Q47,20,812.7157306293152,0.10670960385613316,0.10670960385613316,2026-08-17T16:11:48.773139+00:00,"Run - Aug 17, 2026 at 21:38:16"
Q48,20,827.6558639289929,0.10872381839158039,0.10872381839158039,2026-08-17T16:11:48.813614+00:00,"Run - Aug 17, 2026 at 21:38:16"
Q49,20,842.2661095155091,0.11081105217437431,0.11081105217437431,2026-08-17T16:11:48.857738+00:00,"Run - Aug 17, 2026 at 21:38:16"
Q50,20,857.013125947753,0.11286795790223249,0.11286795790223249,2026-08-17T16:11:48.897747+00:00,"Run - Aug 17, 2026 at 21:38:16"
Q51,20,871.87533262984,0.11489948608338225,0.11489948608338225,2026-08-17T16:11:48.942328+00:00,"Run - Aug 17, 2026 at 21:38:16"
Q52,20,886.7117960376909,0.11693660131907717,0.11693660131907717,2026-08-17T16:11:48.982122+00:00,"Run - Aug 17, 2026 at 21:38:16"
Q53,20,901.5193539816987,0.11898014202087846,0.11898014202087846,2026-08-17T16:11:49.026079+00:00,"Run - Aug 17, 2026 at 21:38:16"
Q54,20,916.0838380943467,0.12107762742360212,0.12107762742360212,2026-08-17T16:11:49.069636+00:00,"Run - Aug 17, 2026 at 21:38:16"
Q55,20,930.9528896723567,0.1231074786268445,0.1231074786268445,2026-08-17T16:11:49.109014+00:00,"Run - Aug 17, 2026 at 21:38:16"
Q56,20,945.698789092949,0.12516466748073604,0.12516466748073604,2026-08-17T16:11:49.153150+00:00,"Run - Aug 17, 2026 at 21:38:16"
Q57,20,960.4109186023207,0.12722942607866586,0.12722942607866586,2026-08-17T16:11:49.198235+00:00,"Run - Aug 17, 2026 at 21:38:16"
Q58,20,975.3444814819679,0.12924498131023093,0.12924498131023093,2026-08-17T16:11:49.273100+00:00,"Run - Aug 17, 2026 at 21:38:16"
Q59,20,989.9591943494875,0.13133139065421448,0.13133139065421448,2026-08-17T16:11:49.340969+00:00,"Run - Aug 17, 2026 at 21:38:16"
Q60,20,1004.7355495137716,0.1333818567010359,0.1333818567010359,2026-08-17T16:11:49.389820+00:00,"Run - Aug 17, 2026 at 21:38:16"
Q61,20,1019.5781101806199,0.13541757502648785,0.13541757502648785,2026-08-17T16:11:49.452810+00:00,"Run - Aug 17, 2026 at 21:38:16"
Q62,20,1034.5244940922123,0.13743014202087853,0.13743014202087853,2026-08-17T16:11:49.499540+00:00,"Run - Aug 17, 2026 at 21:38:16"
Q63,20,1049.1988780992374,0.1395033379642433,0.1395033379642433,2026-08-17T16:11:49.545234+00:00,"Run - Aug 17, 2026 at 21:38:16"
Q64,20,1063.8326928519712,0.14158560384986327,0.14158560384986327,2026-08-17T16:11:49.586616+00:00,"Run - Aug 17, 2026 at 21:38:16"
Q65,20,1078.5744898305236,0.14364381589480113,0.14364381589480113,2026-08-17T16:11:49.631755+00:00,"Run - Aug 17, 2026 at 21:38:16"
Q66,20,1093.2743148441784,0.1457113679383455,0.1457113679383455,2026-08-17T16:11:49.670307+00:00,"Run - Aug 17, 2026 at 21:38:16"
Q67,20,1108.1205682638056,0.1477462217851917,0.1477462217851917,2026-08-17T16:11:49.713207+00:00,"Run - Aug 17, 2026 at 21:38:16"
Q68,20,1122.9350169768281,0.14978822033739966,0.14978822033739966,2026-08-17T16:11:49.756880+00:00,"Run - Aug 17, 2026 at 21:38:16"
Q69,20,1138.122527894344,0.15174661307873974,0.15174661307873974,2026-08-17T16:11:49.797906+00:00,"Run - Aug 17, 2026 at 21:38:16"
Q70,20,1152.750596243581,0.15383035185136226,0.15383035185136226,2026-08-17T16:11:49.842569+00:00,"Run - Aug 17, 2026 at 21:38:16"
Q71,20,1167.2598172754736,0.1559406067010361,0.1559406067010361,2026-08-17T16:11:49.886741+00:00,"Run - Aug 17, 2026 at 21:38:16"
Q72,20,1181.8365991064143,0.15803574087133024,0.15803574087133024,2026-08-17T16:11:49.927591+00:00,"Run - Aug 17, 2026 at 21:38:16"
Q73,20,1196.9279715930904,0.16001566044502635,0.16001566044502635,2026-08-17T16:11:49.971558+00:00,"Run - Aug 17, 2026 at 21:38:16"
Q74,20,1211.6226481192323,0.16208438569325903,0.16208438569325903,2026-08-17T16:11:50.018489+00:00,"Run - Aug 17, 2026 at 21:38:16"
Q75,20,1226.5213048100825,0.16410752657591102,0.16410752657591102,2026-08-17T16:11:50.068466+00:00,"Run - Aug 17, 2026 at 21:38:16"
Q76,20,1241.0074011429506,0.16622297712797665,0.16622297712797665,2026-08-17T16:11:50.118425+00:00,"Run - Aug 17, 2026 at 21:38:16"
Q77,20,1255.7825269725165,0.1682737822767123,0.1682737822767123,2026-08-17T16:11:50.162154+00:00,"Run - Aug 17, 2026 at 21:38:16"
Q78,20,1270.6812022620272,0.17029674021349947,0.17029674021349947,2026-08-17T16:11:50.207776+00:00,"Run - Aug 17, 2026 at 21:38:16"
Q79,20,1285.5452296422732,0.17232778567431487,0.17232778567431487,2026-08-17T16:11:50.254839+00:00,"Run - Aug 17, 2026 at 21:38:16"
Q80,20,1300.4461087537684,0.17434994441376864,0.17434994441376864,2026-08-17T16:11:50.295483+00:00,"Run - Aug 17, 2026 at 21:38:16"
Q81,20,1314.9209903372882,0.17646841603854072,0.17646841603854072,2026-08-17T16:11:50.337532+00:00,"Run - Aug 17, 2026 at 21:38:16"
Q82,20,1330.1344028041729,0.17842040067322804,0.17842040067322804,2026-08-17T16:11:50.380825+00:00,"Run - Aug 17, 2026 at 21:38:16"
Q83,20,1344.914360599172,0.18047011464529542,0.18047011464529542,2026-08-17T16:11:50.425953+00:00,"Run - Aug 17, 2026 at 21:38:16"
Q84,20,1359.4694125221101,0.18257045793762552,0.18257045793762552,2026-08-17T16:11:50.470349+00:00,"Run - Aug 17, 2026 at 21:38:16"
Q85,20,1374.473749816587,0.18456969012107358,0.18456969012107358,2026-08-17T16:11:50.513580+00:00,"Run - Aug 17, 2026 at 21:38:16"
Q86,20,1389.0197863541703,0.18667176430543161,0.18667176430543161,2026-08-17T16:11:50.551678+00:00,"Run - Aug 17, 2026 at 21:38:16"
Q87,20,1403.6556268178656,0.18875383143523547,0.18875383143523547,2026-08-17T16:11:50.594835+00:00,"Run - Aug 17, 2026 at 21:38:16"
Q88,20,1418.528051515457,0.19078287167684502,0.19078287167684502,2026-08-17T16:11:50.632732+00:00,"Run - Aug 17, 2026 at 21:38:16"
Q89,20,1433.445352452616,0.19280149240684175,0.19280149240684175,2026-08-17T16:11:50.674278+00:00,"Run - Aug 17, 2026 at 21:38:16"
Q90,20,1448.0289675515794,0.19489529478416798,0.19489529478416798,2026-08-17T16:11:50.715374+00:00,"Run - Aug 17, 2026 at 21:38:16"
Q91,20,1462.8069422865522,0.19694557932545279,0.19694557932545279,2026-08-17T16:11:50.753904+00:00,"Run - Aug 17, 2026 at 21:38:16"
Q92,20,1477.5334193659974,0.19900731124649057,0.19900731124649057,2026-08-17T16:11:50.793567+00:00,"Run - Aug 17, 2026 at 21:38:16"
Q93,20,1492.6549638925926,0.2009798786751509,0.2009798786751509,2026-08-17T16:11:50.831419+00:00,"Run - Aug 17, 2026 at 21:38:16"
Q94,20,1506.9812582062702,0.20313186974175315,0.20313186974175315,2026-08-17T16:11:50.869025+00:00,"Run - Aug 17, 2026 at 21:38:16"
Q95,20,1521.8533406417528,0.2051603371679005,0.2051603371679005,2026-08-17T16:11:50.911266+00:00,"Run - Aug 17, 2026 at 21:38:16"
Q96,20,1536.988356731931,0.20713014202087862,0.20713014202087862,2026-08-17T16:11:50.953477+00:00,"Run - Aug 17, 2026 at 21:38:16"
Q97,20,1551.6672899119826,0.20920295585914708,0.20920295585914708,2026-08-17T16:11:50.994266+00:00,"Run - Aug 17, 2026 at 21:38:16"
Q98,20,1566.7583405698772,0.21118245854219433,0.21118245854219433,2026-08-17T16:11:51.037185+00:00,"Run - Aug 17, 2026 at 21:38:16"
Q99,20,1580.957953396172,0.21336287942830862,0.21336287942830862,2026-08-17T16:11:51.076792+00:00,"Run - Aug 17, 2026 at 21:38:16"
Q100,20,1595.5684782120252,0.21545036750085983,0.21545036750085983,2026-08-17T16:11:51.119908+00:00,"Run - Aug 17, 2026 at 21:38:16"
Q101,20,1610.6149730749419,0.21744025804048156,0.21744025804048156,2026-08-17T16:11:51.161546+00:00,"Run - Aug 17, 2026 at 21:38:16"
Q102,20,1625.3337071258413,0.21950347660235006,0.21950347660235006,2026-08-17T16:11:51.230494+00:00,"Run - Aug 17, 2026 at 21:38:16"
Q103,20,1640.0033556177516,0.2215783613493465,0.2215783613493465,2026-08-17T16:11:51.277409+00:00,"Run - Aug 17, 2026 at 21:38:16"
Q104,20,1654.9411935656099,0.22359218747126405,0.22359218747126405,2026-08-17T16:11:51.323988+00:00,"Run - Aug 17, 2026 at 21:38:16"
Q105,20,1669.8836489280257,0.22560508451174446,0.22560508451174446,2026-08-17T16:11:51.434024+00:00,"Run - Aug 17, 2026 at 21:38:16"
Q106,20,1684.3230324948765,0.22773155497844166,0.22773155497844166,2026-08-17T16:11:51.477894+00:00,"Run - Aug 17, 2026 at 21:38:16"
Q107,20,1698.9823270533916,0.2298083220463143,0.2298083220463143,2026-08-17T16:11:51.518385+00:00,"Run - Aug 17, 2026 at 21:38:16"
Q108,20,1714.3888588224122,0.23171680544026596,0.23171680544026596,2026-08-17T16:11:51.558114+00:00,"Run - Aug 17, 2026 at 21:38:16"
Q109,20,1728.9889277707684,0.2338065353228593,0.2338065353228593,2026-08-17T16:11:51.602362+00:00,"Run - Aug 17, 2026 at 21:38:16"
Q110,20,1743.3599164323043,0.23594860550317842,0.23594860550317842,2026-08-17T16:11:51.641221+00:00,"Run - Aug 17, 2026 at 21:38:16"
Q111,20,1758.0802458016944,0.23801231387030644,0.23801231387030644,2026-08-17T16:11:51.685162+00:00,"Run - Aug 17, 2026 at 21:38:16"
Q112,20,1773.6223153349792,0.23988963859789303,0.23988963859789303,2026-08-17T16:11:51.727169+00:00,"Run - Aug 17, 2026 at 21:38:16"
Q113,20,1788.0439144102575,0.24202025433565524,0.24202025433565524,2026-08-17T16:11:51.769372+00:00,"Run - Aug 17, 2026 at 21:38:16"
Q114,20,1802.9989742854466,0.24403009776214468,0.24403009776214468,2026-08-17T16:11:51.814744+00:00,"Run - Aug 17, 2026 at 21:38:16"
Q115,20,1817.5967027412664,0.24612108761489787,0.24612108761489787,2026-08-17T16:11:51.860735+00:00,"Run - Aug 17, 2026 at 21:38:16"
Q116,20,1832.1285403663094,0.2482267994324788,0.2482267994324788,2026-08-17T16:11:51.902361+00:00,"Run - Aug 17, 2026 at 21:38:16"
Q117,20,1846.9681137326113,0.25026328422025296,0.25026328422025296,2026-08-17T16:11:51.941854+00:00,"Run - Aug 17, 2026 at 21:38:16"
Q118,20,1861.8656763949293,0.25228611499048087,0.25228611499048087,2026-08-17T16:11:51.980386+00:00,"Run - Aug 17, 2026 at 21:38:16"
Q119,20,1876.0788369114125,0.2544640597476228,0.2544640597476228,2026-08-17T16:11:52.020710+00:00,"Run - Aug 17, 2026 at 21:38:16"
Q120,20,1891.4789012973945,0.2563729670339194,0.2563729670339194,2026-08-17T16:11:52.058503+00:00,"Run - Aug 17, 2026 at 21:38:16"
Q121,20,1905.8778560147896,0.25850934290063177,0.25850934290063177,2026-08-17T16:11:52.101373+00:00,"Run - Aug 17, 2026 at 21:38:16"
Q122,20,1921.0337652471205,0.26047357850092995,0.26047357850092995,2026-08-17T16:11:52.143413+00:00,"Run - Aug 17, 2026 at 21:38:16"
Q123,20,1935.5515934189118,0.2625825137872388,0.2625825137872388,2026-08-17T16:11:52.184698+00:00,"Run - Aug 17, 2026 at 21:38:16"
Q124,20,1950.1341111717265,0.2646771913676213,0.2646771913676213,2026-08-17T16:11:52.228571+00:00,"Run - Aug 17, 2026 at 21:38:16"
Q125,20,1965.3636494062725,0.2666246905163183,0.2666246905163183,2026-08-17T16:11:52.272527+00:00,"Run - Aug 17, 2026 at 21:38:16"
Q126,20,1980.1442695283695,0.26867461272956955,0.26867461272956955,2026-08-17T16:11:52.313556+00:00,"Run - Aug 17, 2026 at 21:38:16"
Q127,20,1994.7894781617106,0.27075505840158787,0.27075505840158787,2026-08-17T16:11:52.357315+00:00,"Run - Aug 17, 2026 at 21:38:16"
Q128,20,2009.6296107953349,0.2727906604450264,0.2727906604450264,2026-08-17T16:11:52.403730+00:00,"Run - Aug 17, 2026 at 21:38:16"
Q129,20,2024.2697638874117,0.2748718516152395,0.2748718516152395,2026-08-17T16:11:52.449775+00:00,"Run - Aug 17, 2026 at 21:38:16"
Q130,20,2039.3858176033043,0.27684537566732476,0.27684537566732476,2026-08-17T16:11:52.494661+00:00,"Run - Aug 17, 2026 at 21:38:16"
Q131,20,2053.8225174192285,0.2789730103013925,0.2789730103013925,2026-08-17T16:11:52.540078+00:00,"Run - Aug 17, 2026 at 21:38:16"
Q132,20,2069.0106055625733,0.28092987097643435,0.28092987097643435,2026-08-17T16:11:52.581516+00:00,"Run - Aug 17, 2026 at 21:38:16"
Q0,21,118.1406284559851,0.01035113576913531,0.01035113576913531,2026-08-17T16:11:58.922599+00:00,"Run - Aug 17, 2026 at 21:38:16"
Q1,21,132.90738252571361,0.012404084936558887,0.012404084936558887,2026-08-17T16:11:58.966379+00:00,"Run - Aug 17, 2026 at 21:38:16"
Q2,21,147.67507424221563,0.014456690230074424,0.014456690230074424,2026-08-17T16:11:59.012568+00:00,"Run - Aug 17, 2026 at 21:38:16"
Q3,21,162.42256729200463,0.016513139666870336,0.016513139666870336,2026-08-17T16:11:59.056991+00:00,"Run - Aug 17, 2026 at 21:38:16"
Q4,21,177.18448625288474,0.01856691744464812,0.01856691744464812,2026-08-17T16:11:59.097405+00:00,"Run - Aug 17, 2026 at 21:38:16"
Q5,21,191.96505857689476,0.020617216431535593,0.020617216431535593,2026-08-17T16:11:59.139195+00:00,"Run - Aug 17, 2026 at 21:38:16"
Q6,21,206.67474295047336,0.022680971691731285,0.022680971691731285,2026-08-17T16:11:59.183219+00:00,"Run - Aug 17, 2026 at 21:38:16"
Q7,21,221.45589777479864,0.024730992859761877,0.024730992859761877,2026-08-17T16:11:59.254757+00:00,"Run - Aug 17, 2026 at 21:38:16"
Q8,21,236.22480723912335,0.026783152167282685,0.026783152167282685,2026-08-17T16:11:59.302997+00:00,"Run - Aug 17, 2026 at 21:38:16"
Q9,21,250.98616997554518,0.028837217668841536,0.028837217668841536,2026-08-17T16:11:59.357709+00:00,"Run - Aug 17, 2026 at 21:38:16"
Q10,21,265.72992826711624,0.030894879161793308,0.030894879161793308,2026-08-17T16:11:59.411195+00:00,"Run - Aug 17, 2026 at 21:38:16"
Q11,21,280.5454473565545,0.032937733505280696,0.032937733505280696,2026-08-17T16:11:59.455219+00:00,"Run - Aug 17, 2026 at 21:38:16"
Q12,21,295.2511110581848,0.03500291810307818,0.03500291810307818,2026-08-17T16:11:59.524560+00:00,"Run - Aug 17, 2026 at 21:38:16"
Q13,21,310.00171215033635,0.03705889166220567,0.03705889166220567,2026-08-17T16:11:59.571740+00:00,"Run - Aug 17, 2026 at 21:38:16"
Q14,21,324.7928350640532,0.03910702596890176,0.03910702596890176,2026-08-17T16:11:59.610544+00:00,"Run - Aug 17, 2026 at 21:38:16"
Q15,21,339.5545755869706,0.041160743870302725,0.041160743870302725,2026-08-17T16:11:59.651685+00:00,"Run - Aug 17, 2026 at 21:38:16"
Q16,21,354.2582967092107,0.043226726707041405,0.043226726707041405,2026-08-17T16:11:59.693648+00:00,"Run - Aug 17, 2026 at 21:38:16"
Q17,21,369.14930468953213,0.04525358452319256,0.04525358452319256,2026-08-17T16:11:59.732097+00:00,"Run - Aug 17, 2026 at 21:38:16"
Q18,21,383.78909704937786,0.04733277129596967,0.04733277129596967,2026-08-17T16:11:59.783207+00:00,"Run - Aug 17, 2026 at 21:38:16"
Q19,21,398.5741633820017,0.049381935977384134,0.049381935977384134,2026-08-17T16:11:59.831080+00:00,"Run - Aug 17, 2026 at 21:38:16"
Q20,21,413.3352506290976,0.051435599397540235,0.051435599397540235,2026-08-17T16:11:59.877193+00:00,"Run - Aug 17, 2026 at 21:38:16"
Q21,21,428.0397656827178,0.05350170985335936,0.05350170985335936,2026-08-17T16:11:59.923032+00:00,"Run - Aug 17, 2026 at 21:38:16"
Q22,21,442.82718085472004,0.055550104629303,0.055550104629303,2026-08-17T16:11:59.969924+00:00,"Run - Aug 17, 2026 at 21:38:16"
Q23,21,457.6012952198788,0.05760145481631837,0.05760145481631837,2026-08-17T16:12:00.013544+00:00,"Run - Aug 17, 2026 at 21:38:16"
Q24,21,472.48401844684366,0.05962952165214806,0.05962952165214806,2026-08-17T16:12:00.059966+00:00,"Run - Aug 17, 2026 at 21:38:16"
Q25,21,487.1691213413982,0.06169964629957617,0.06169964629957617,2026-08-17T16:12:00.101330+00:00,"Run - Aug 17, 2026 at 21:38:16"
Q26,21,501.93056082636167,0.06375352917571424,0.06375352917571424,2026-08-17T16:12:00.138722+00:00,"Run - Aug 17, 2026 at 21:38:16"
Q27,21,516.6750995680221,0.0658109928597618,0.0658109928597618,2026-08-17T16:12:00.182115+00:00,"Run - Aug 17, 2026 at 21:38:16"
Q28,21,531.452986337067,0.06786144186443889,0.06786144186443889,2026-08-17T16:12:00.222394+00:00,"Run - Aug 17, 2026 at 21:38:16"
Q29,21,546.1796141855041,0.06992264267274653,0.06992264267274653,2026-08-17T16:12:00.261974+00:00,"Run - Aug 17, 2026 at 21:38:16"
Q30,21,561.1587856967284,0.071929530091938,0.071929530091938,2026-08-17T16:12:00.304319+00:00,"Run - Aug 17, 2026 at 21:38:16"
Q31,21,575.7189399266668,0.07402699285976186,0.07402699285976186,2026-08-17T16:12:00.345897+00:00,"Run - Aug 17, 2026 at 21:38:16"
Q32,21,590.5571528241506,0.07606422659760194,0.07606422659760194,2026-08-17T16:12:00.391394+00:00,"Run - Aug 17, 2026 at 21:38:16"
Q33,21,605.4186517806941,0.07809620667215954,0.07809620667215954,2026-08-17T16:12:00.439934+00:00,"Run - Aug 17, 2026 at 21:38:16"
Q34,21,619.9616243398832,0.08019770125352653,0.08019770125352653,2026-08-17T16:12:00.486897+00:00,"Run - Aug 17, 2026 at 21:38:16"
Q35,21,634.8862091483821,0.08221616585712309,0.08221616585712309,2026-08-17T16:12:00.527027+00:00,"Run - Aug 17, 2026 at 21:38:16"
Q36,21,649.4815243138888,0.08430618897317722,0.08430618897317722,2026-08-17T16:12:00.577024+00:00,"Run - Aug 17, 2026 at 21:38:16"
Q37,21,664.4361101901362,0.08631796868344992,0.08631796868344992,2026-08-17T16:12:00.624443+00:00,"Run - Aug 17, 2026 at 21:38:16"
Q38,21,679.0897309228068,0.08839536188909251,0.08839536188909251,2026-08-17T16:12:00.669238+00:00,"Run - Aug 17, 2026 at 21:38:16"
Q39,21,693.851649883687,0.09044913966687032,0.09044913966687032,2026-08-17T16:12:00.713047+00:00,"Run - Aug 17, 2026 at 21:38:16"
Q40,21,708.613568844567,0.09250291744464811,0.09250291744464811,2026-08-17T16:12:00.753897+00:00,"Run - Aug 17, 2026 at 21:38:16"
Q41,21,723.2804989032038,0.09457765521207996,0.09457765521207996,2026-08-17T16:12:00.797085+00:00,"Run - Aug 17, 2026 at 21:38:16"
Q42,21,738.1621847107239,0.09660503114261663,0.09660503114261663,2026-08-17T16:12:00.842042+00:00,"Run - Aug 17, 2026 at 21:38:16"
Q43,21,752.8022658693467,0.09868558773714609,0.09868558773714609,2026-08-17T16:12:00.883596+00:00,"Run - Aug 17, 2026 at 21:38:16"
Q44,21,767.6354712332078,0.10072369263556846,0.10072369263556846,2026-08-17T16:12:00.927453+00:00,"Run - Aug 17, 2026 at 21:38:16"
Q45,21,782.3474765587009,0.1027884204505242,0.1027884204505242,2026-08-17T16:12:00.970024+00:00,"Run - Aug 17, 2026 at 21:38:16"
Q46,21,797.0562266187629,0.10485394031008245,0.10485394031008245,2026-08-17T16:12:01.010774+00:00,"Run - Aug 17, 2026 at 21:38:16"
Q47,21,811.9215680818502,0.1068849954466193,0.1068849954466193,2026-08-17T16:12:01.056595+00:00,"Run - Aug 17, 2026 at 21:38:16"
Q48,21,826.8981057547713,0.1088912516385624,0.1088912516385624,2026-08-17T16:12:01.099344+00:00,"Run - Aug 17, 2026 at 21:38:16"
Q49,21,841.4430515206978,0.1109930782466773,0.1109930782466773,2026-08-17T16:12:01.137846+00:00,"Run - Aug 17, 2026 at 21:38:16"
Q50,21,856.1762462961764,0.11305316384724975,0.11305316384724975,2026-08-17T16:12:01.182770+00:00,"Run - Aug 17, 2026 at 21:38:16"
Q51,21,871.0795179156428,0.11507568227054643,0.11507568227054643,2026-08-17T16:12:01.255497+00:00,"Run - Aug 17, 2026 at 21:38:16"
Q52,21,885.8427255786847,0.11712917074372012,0.11712917074372012,2026-08-17T16:12:01.302169+00:00,"Run - Aug 17, 2026 at 21:38:16"
Q53,21,900.6351164989993,0.1191761883188147,0.1191761883188147,2026-08-17T16:12:01.355337+00:00,"Run - Aug 17, 2026 at 21:38:16"
Q54,21,915.2502104676478,0.12126253158098366,0.12126253158098366,2026-08-17T16:12:01.402273+00:00,"Run - Aug 17, 2026 at 21:38:16"
Q55,21,930.0423532577674,0.12330958411131482,0.12330958411131482,2026-08-17T16:12:01.451545+00:00,"Run - Aug 17, 2026 at 21:38:16"
Q56,21,944.7744558440755,0.12536994654623104,0.12536994654623104,2026-08-17T16:12:01.494814+00:00,"Run - Aug 17, 2026 at 21:38:16"
Q57,21,959.4735389616349,0.12743771050865124,0.12743771050865124,2026-08-17T16:12:01.560309+00:00,"Run - Aug 17, 2026 at 21:38:16"
Q58,21,974.4534150956014,0.1294430553812429,0.1294430553812429,2026-08-17T16:12:01.603582+00:00,"Run - Aug 17, 2026 at 21:38:16"
Q59,21,989.0582226727462,0.1315317667398046,0.1315317667398046,2026-08-17T16:12:01.643579+00:00,"Run - Aug 17, 2026 at 21:38:16"
Q60,21,1003.7548475335739,0.13360008711719087,0.13360008711719087,2026-08-17T16:12:01.686050+00:00,"Run - Aug 17, 2026 at 21:38:16"
Q61,21,1018.5814633384435,0.13563945614652168,0.13563945614652168,2026-08-17T16:12:01.730329+00:00,"Run - Aug 17, 2026 at 21:38:16"
Q62,21,1033.5095952048407,0.13765618831881474,0.13765618831881474,2026-08-17T16:12:01.776217+00:00,"Run - Aug 17, 2026 at 21:38:16"
Q63,21,1048.1717716089943,0.13973220213010476,0.13973220213010476,2026-08-17T16:12:01.826656+00:00,"Run - Aug 17, 2026 at 21:38:16"
Q64,21,1062.899058399399,0.14179370515532908,0.14179370515532908,2026-08-17T16:12:01.870494+00:00,"Run - Aug 17, 2026 at 21:38:16"
Q65,21,1077.5223716074877,0.14387844721776133,0.14387844721776133,2026-08-17T16:12:01.920770+00:00,"Run - Aug 17, 2026 at 21:38:16"
Q66,21,1092.2815143476555,0.14593285563984382,0.14593285563984382,2026-08-17T16:12:01.965739+00:00,"Run - Aug 17, 2026 at 21:38:16"
Q67,21,1107.1127171313053,0.14797115717898235,0.14797115717898235,2026-08-17T16:12:02.012200+00:00,"Run - Aug 17, 2026 at 21:38:16"
Q68,21,1121.8387787201727,0.15003297600607987,0.15003297600607987,2026-08-17T16:12:02.059339+00:00,"Run - Aug 17, 2026 at 21:38:16"
Q69,21,1137.077698761194,0.15197998422156267,0.15197998422156267,2026-08-17T16:12:02.107890+00:00,"Run - Aug 17, 2026 at 21:38:16"
Q70,21,1151.7330946067295,0.154057680979017,0.154057680979017,2026-08-17T16:12:02.165740+00:00,"Run - Aug 17, 2026 at 21:38:16"
Q71,21,1166.1202529151462,0.15619530933941328,0.15619530933941328,2026-08-17T16:12:02.218826+00:00,"Run - Aug 17, 2026 at 21:38:16"
Q72,21,1180.7649444885942,0.15827535361876227,0.15827535361876227,2026-08-17T16:12:02.279888+00:00,"Run - Aug 17, 2026 at 21:38:16"
Q73,21,1195.7568945536077,0.16027758411131485,0.16027758411131485,2026-08-17T16:12:02.328640+00:00,"Run - Aug 17, 2026 at 21:38:16"
Q74,21,1210.5188135144895,0.1623313618890926,0.1623313618890926,2026-08-17T16:12:02.378806+00:00,"Run - Aug 17, 2026 at 21:38:16"
Q75,21,1225.401255052224,0.1643582107521301,0.1643582107521301,2026-08-17T16:12:02.423550+00:00,"Run - Aug 17, 2026 at 21:38:16"
Q76,21,1239.8803042399315,0.1664753179585943,0.1664753179585943,2026-08-17T16:12:02.471866+00:00,"Run - Aug 17, 2026 at 21:38:16"
Q77,21,1254.6419600466327,0.16852921632624693,0.16852921632624693,2026-08-17T16:12:02.512976+00:00,"Run - Aug 17, 2026 at 21:38:16"
Q78,21,1269.5244197697239,0.17055588630888327,0.17055588630888327,2026-08-17T16:12:02.556747+00:00,"Run - Aug 17, 2026 at 21:38:16"
Q79,21,1284.2882191187384,0.17260943989106364,0.17260943989106364,2026-08-17T16:12:02.600690+00:00,"Run - Aug 17, 2026 at 21:38:16"
Q80,21,1299.257616108344,0.17461635263803535,0.17461635263803535,2026-08-17T16:12:02.645332+00:00,"Run - Aug 17, 2026 at 21:38:16"
Q81,21,1313.7256997633554,0.17673641378225693,0.17673641378225693,2026-08-17T16:12:02.692313+00:00,"Run - Aug 17, 2026 at 21:38:16"
Q82,21,1328.9159025043239,0.17869368764728455,0.17869368764728455,2026-08-17T16:12:02.739994+00:00,"Run - Aug 17, 2026 at 21:38:16"
Q83,21,1343.5935953324,0.18076638377380014,0.18076638377380014,2026-08-17T16:12:02.787532+00:00,"Run - Aug 17, 2026 at 21:38:16"
Q84,21,1358.1390914765575,0.18286894165963402,0.18286894165963402,2026-08-17T16:12:02.835491+00:00,"Run - Aug 17, 2026 at 21:38:16"
Q85,21,1373.1238888728863,0.18487263535011658,0.18487263535011658,2026-08-17T16:12:02.894146+00:00,"Run - Aug 17, 2026 at 21:38:16"
Q86,21,1387.7521864021564,0.18695635430988358,0.18695635430988358,2026-08-17T16:12:02.938777+00:00,"Run - Aug 17, 2026 at 21:38:16"
Q87,21,1402.3776520733395,0.18904081994791402,0.18904081994791402,2026-08-17T16:12:02.980644+00:00,"Run - Aug 17, 2026 at 21:38:16"
Q88,21,1417.1408755480797,0.19109441287131534,0.19109441287131534,2026-08-17T16:12:03.024156+00:00,"Run - Aug 17, 2026 at 21:38:16"
Q89,21,1432.040570728364,0.19311706425175654,0.19311706425175654,2026-08-17T16:12:03.067845+00:00,"Run - Aug 17, 2026 at 21:38:16"
Q90,21,1446.7095168885694,0.19519180633353692,0.19519180633353692,2026-08-17T16:12:03.112457+00:00,"Run - Aug 17, 2026 at 21:38:16"
Q91,21,1461.3774604272267,0.1972668381277318,0.1972668381277318,2026-08-17T16:12:03.154296+00:00,"Run - Aug 17, 2026 at 21:38:16"
Q92,21,1476.0905722799685,0.19933164267274656,0.19933164267274656,2026-08-17T16:12:03.202069+00:00,"Run - Aug 17, 2026 at 21:38:16"
Q93,21,1491.1899723032573,0.20130926415854777,0.20130926415854777,2026-08-17T16:12:03.270432+00:00,"Run - Aug 17, 2026 at 21:38:16"
Q94,21,1505.6112210665465,0.20344001295873132,0.20344001295873132,2026-08-17T16:12:03.315330+00:00,"Run - Aug 17, 2026 at 21:38:16"
Q95,21,1520.467678887922,0.20547206999763093,0.20547206999763093,2026-08-17T16:12:03.367192+00:00,"Run - Aug 17, 2026 at 21:38:16"
Q96,21,1535.4798480935754,0.20746952165214821,0.20746952165214821,2026-08-17T16:12:03.413811+00:00,"Run - Aug 17, 2026 at 21:38:16"
Q97,21,1550.1464725780213,0.20954516184956623,0.20954516184956623,2026-08-17T16:12:03.457773+00:00,"Run - Aug 17, 2026 at 21:38:16"
Q98,21,1565.216056374136,0.21152956447299023,0.21152956447299023,2026-08-17T16:12:03.499930+00:00,"Run - Aug 17, 2026 at 21:38:16"
Q99,21,1579.4140120682425,0.21371042045052419,0.21371042045052419,2026-08-17T16:12:03.572015+00:00,"Run - Aug 17, 2026 at 21:38:16"
Q100,21,1594.1190328233706,0.21577676632319115,0.21577676632319115,2026-08-17T16:12:03.613424+00:00,"Run - Aug 17, 2026 at 21:38:16"
Q101,21,1609.0397665042753,0.2177949684268711,0.2177949684268711,2026-08-17T16:12:03.658600+00:00,"Run - Aug 17, 2026 at 21:38:16"
Q102,21,1623.8525444191307,0.21983713966687052,0.21983713966687052,2026-08-17T16:12:03.703205+00:00,"Run - Aug 17, 2026 at 21:38:16"
Q103,21,1638.402853518481,0.22193889166220565,0.22193889166220565,2026-08-17T16:12:03.748558+00:00,"Run - Aug 17, 2026 at 21:38:16"
Q104,21,1653.3226293314494,0.2239568549814139,0.2239568549814139,2026-08-17T16:12:03.798153+00:00,"Run - Aug 17, 2026 at 21:38:16"
Q105,21,1668.2469199497625,0.22597390986543928,0.22597390986543928,2026-08-17T16:12:03.843897+00:00,"Run - Aug 17, 2026 at 21:38:16"
Q106,21,1682.7904603178006,0.22807703852349342,0.22807703852349342,2026-08-17T16:12:03.888723+00:00,"Run - Aug 17, 2026 at 21:38:16"
Q107,21,1697.4388588816962,0.23015632187874663,0.23015632187874663,2026-08-17T16:12:03.932942+00:00,"Run - Aug 17, 2026 at 21:38:16"
Q108,21,1712.7047946383498,0.23209648143999356,0.23209648143999356,2026-08-17T16:12:03.977279+00:00,"Run - Aug 17, 2026 at 21:38:16"
Q109,21,1727.4083784631603,0.23416301930470174,0.23416301930470174,2026-08-17T16:12:04.023914+00:00,"Run - Aug 17, 2026 at 21:38:16"
Q110,21,1741.774877927787,0.23630615459212495,0.23630615459212495,2026-08-17T16:12:04.071536+00:00,"Run - Aug 17, 2026 at 21:38:16"
Q111,21,1756.4829549734277,0.23837266943998342,0.23837266943998342,2026-08-17T16:12:04.117823+00:00,"Run - Aug 17, 2026 at 21:38:16"
Q112,21,1771.877511395332,0.24028325163856232,0.24028325163856232,2026-08-17T16:12:04.166427+00:00,"Run - Aug 17, 2026 at 21:38:16"
Q113,21,1786.41049649294,0.2423888778949911,0.2423888778949911,2026-08-17T16:12:04.216224+00:00,"Run - Aug 17, 2026 at 21:38:16"
Q114,21,1801.229135341469,0.24442947837694173,0.24442947837694173,2026-08-17T16:12:04.266563+00:00,"Run - Aug 17, 2026 at 21:38:16"
Q115,21,1815.816359651111,0.24652289067741148,0.24652289067741148,2026-08-17T16:12:04.311139+00:00,"Run - Aug 17, 2026 at 21:38:16"
Q116,21,1830.460062414456,0.2486034997674408,0.2486034997674408,2026-08-17T16:12:04.351877+00:00,"Run - Aug 17, 2026 at 21:38:16"
Q117,21,1845.1628522594392,0.250670816247092,0.250670816247092,2026-08-17T16:12:04.401685+00:00,"Run - Aug 17, 2026 at 21:38:16"
Q118,21,1860.0432477932127,0.25269758411131493,0.25269758411131493,2026-08-17T16:12:04.448324+00:00,"Run - Aug 17, 2026 at 21:38:16"
Q119,21,1874.3782840230444,0.2548481542978039,0.2548481542978039,2026-08-17T16:12:04.491638+00:00,"Run - Aug 17, 2026 at 21:38:16"
Q120,21,1889.6261806701925,0.25679139499823245,0.25679139499823245,2026-08-17T16:12:04.535829+00:00,"Run - Aug 17, 2026 at 21:38:16"
Q121,21,1904.0190484355967,0.2589291847345735,0.2589291847345735,2026-08-17T16:12:04.584493+00:00,"Run - Aug 17, 2026 at 21:38:16"
Q122,21,1919.278812271335,0.26087012818992633,0.26087012818992633,2026-08-17T16:12:04.626804+00:00,"Run - Aug 17, 2026 at 21:38:16"
Q123,21,1933.78888814599,0.26298086491431727,0.26298086491431727,2026-08-17T16:12:04.678223+00:00,"Run - Aug 17, 2026 at 21:38:16"
Q124,21,1948.3622160554232,0.2650776607706913,0.2650776607706913,2026-08-17T16:12:04.720668+00:00,"Run - Aug 17, 2026 at 21:38:16"
Q125,21,1963.56818621366,0.267030548827195,0.267030548827195,2026-08-17T16:12:04.768460+00:00,"Run - Aug 17, 2026 at 21:38:16"
Q126,21,1978.2045463019642,0.2691130041228682,0.2691130041228682,2026-08-17T16:12:04.813009+00:00,"Run - Aug 17, 2026 at 21:38:16"
Q127,21,1992.8381956740716,0.2711961065577306,0.2711961065577306,2026-08-17T16:12:04.860102+00:00,"Run - Aug 17, 2026 at 21:38:16"
Q128,21,2007.6624374020107,0.27323536188909275,0.27323536188909275,2026-08-17T16:12:04.911024+00:00,"Run - Aug 17, 2026 at 21:38:16"
Q129,21,2022.291143578215,0.2753191932555233,0.2753191932555233,2026-08-17T16:12:04.965777+00:00,"Run - Aug 17, 2026 at 21:38:16"
Q130,21,2037.3851748088168,0.2772977501064511,0.2772977501064511,2026-08-17T16:12:05.012839+00:00,"Run - Aug 17, 2026 at 21:38:16"
Q131,21,2051.814948892783,0.2794269928597618,0.2794269928597618,2026-08-17T16:12:05.066393+00:00,"Run - Aug 17, 2026 at 21:38:16"
Q132,21,2066.9794137857825,0.2813892566309138,0.2813892566309138,2026-08-17T16:12:05.116767+00:00,"Run - Aug 17, 2026 at 21:38:16"
Q0,22,118.01990147501914,0.010370806082635195,0.010370806082635195,2026-08-17T16:12:13.715876+00:00,"Run - Aug 17, 2026 at 21:38:16"
Q1,22,132.80077291389745,0.012422348732995392,0.012422348732995392,2026-08-17T16:12:13.764560+00:00,"Run - Aug 17, 2026 at 21:38:16"
Q2,22,147.55172114341528,0.014478630104313913,0.014478630104313913,2026-08-17T16:12:13.816089+00:00,"Run - Aug 17, 2026 at 21:38:16"
Q3,22,162.2717116951421,0.01654055890454851,0.01654055890454851,2026-08-17T16:12:13.863664+00:00,"Run - Aug 17, 2026 at 21:38:16"
Q4,22,177.04219374431375,0.01859371383068186,0.01859371383068186,2026-08-17T16:12:13.911298+00:00,"Run - Aug 17, 2026 at 21:38:16"
Q5,22,191.81658570880663,0.020645472037957795,0.020645472037957795,2026-08-17T16:12:13.966304+00:00,"Run - Aug 17, 2026 at 21:38:16"
Q6,22,206.53576615210878,0.02270757172018738,0.02270757172018738,2026-08-17T16:12:14.008718+00:00,"Run - Aug 17, 2026 at 21:38:16"
Q7,22,221.22202583269117,0.02477651591417402,0.02477651591417402,2026-08-17T16:12:14.054297+00:00,"Run - Aug 17, 2026 at 21:38:16"
Q8,22,236.0201087922481,0.026823457327070685,0.026823457327070685,2026-08-17T16:12:14.105631+00:00,"Run - Aug 17, 2026 at 21:38:16"
Q9,22,250.72078562836788,0.028889996705664996,0.028889996705664996,2026-08-17T16:12:14.150641+00:00,"Run - Aug 17, 2026 at 21:38:16"
Q10,22,265.45771385103023,0.03094946809719193,0.03094946809719193,2026-08-17T16:12:14.200877+00:00,"Run - Aug 17, 2026 at 21:38:16"
Q11,22,280.24792005691035,0.03299789263261635,0.03299789263261635,2026-08-17T16:12:14.246236+00:00,"Run - Aug 17, 2026 at 21:38:16"
Q12,22,294.9484048461404,0.03506465484251213,0.03506465484251213,2026-08-17T16:12:14.288444+00:00,"Run - Aug 17, 2026 at 21:38:16"
Q13,22,309.6940197567183,0.037121911806074784,0.037121911806074784,2026-08-17T16:12:14.335889+00:00,"Run - Aug 17, 2026 at 21:38:16"
Q14,22,324.4490830827525,0.039177852651376084,0.039177852651376084,2026-08-17T16:12:14.383962+00:00,"Run - Aug 17, 2026 at 21:38:16"
Q15,22,339.24846041592,0.04122465495271832,0.04122465495271832,2026-08-17T16:12:14.430482+00:00,"Run - Aug 17, 2026 at 21:38:16"
Q16,22,353.94078311595104,0.04329278354878999,0.04329278354878999,2026-08-17T16:12:14.475012+00:00,"Run - Aug 17, 2026 at 21:38:16"
Q17,22,368.75695668053197,0.04533557297622578,0.04533557297622578,2026-08-17T16:12:14.517647+00:00,"Run - Aug 17, 2026 at 21:38:16"
Q18,22,383.3837177017671,0.04741782090611644,0.04741782090611644,2026-08-17T16:12:14.565205+00:00,"Run - Aug 17, 2026 at 21:38:16"
Q19,22,398.1525945659376,0.0494706993988045,0.0494706993988045,2026-08-17T16:12:14.607357+00:00,"Run - Aug 17, 2026 at 21:38:16"
Q20,22,412.97669958186043,0.05151145609797809,0.05151145609797809,2026-08-17T16:12:14.654861+00:00,"Run - Aug 17, 2026 at 21:38:16"
Q21,22,427.7514579882429,0.05356283770024249,0.05356283770024249,2026-08-17T16:12:14.704314+00:00,"Run - Aug 17, 2026 at 21:38:16"
Q22,22,442.5282777901882,0.055613658676709116,0.055613658676709116,2026-08-17T16:12:14.747245+00:00,"Run - Aug 17, 2026 at 21:38:16"
Q23,22,457.14614400187384,0.05769862989385767,0.05769862989385767,2026-08-17T16:12:14.791039+00:00,"Run - Aug 17, 2026 at 21:38:16"
Q24,22,471.98183873630114,0.05973681581976921,0.05973681581976921,2026-08-17T16:12:14.834354+00:00,"Run - Aug 17, 2026 at 21:38:16"
Q25,22,486.714905766779,0.061796924088717266,0.061796924088717266,2026-08-17T16:12:14.876457+00:00,"Run - Aug 17, 2026 at 21:38:16"
Q26,22,501.44695099945886,0.0638572254697365,0.0638572254697365,2026-08-17T16:12:14.922814+00:00,"Run - Aug 17, 2026 at 21:38:16"
Q27,22,516.1279192320475,0.06592868982721745,0.06592868982721745,2026-08-17T16:12:14.964690+00:00,"Run - Aug 17, 2026 at 21:38:16"
Q28,22,530.9236661335483,0.06797549352565077,0.06797549352565077,2026-08-17T16:12:15.003758+00:00,"Run - Aug 17, 2026 at 21:38:16"
Q29,22,545.74062130524,0.0700173877709582,0.0700173877709582,2026-08-17T16:12:15.045525+00:00,"Run - Aug 17, 2026 at 21:38:16"
Q30,22,560.5602437568971,0.07205899798912893,0.07205899798912893,2026-08-17T16:12:15.086825+00:00,"Run - Aug 17, 2026 at 21:38:16"
Q31,22,575.1641176020022,0.07414718060467416,0.07414718060467416,2026-08-17T16:12:15.132228+00:00,"Run - Aug 17, 2026 at 21:38:16"
Q32,22,589.9299659808435,0.07620033152727843,0.07620033152727843,2026-08-17T16:12:15.176084+00:00,"Run - Aug 17, 2026 at 21:38:16"
Q33,22,604.812225769932,0.0782279808375514,0.0782279808375514,2026-08-17T16:12:15.250567+00:00,"Run - Aug 17, 2026 at 21:38:16"
Q34,22,619.4038004596794,0.08031920957727885,0.08031920957727885,2026-08-17T16:12:15.298656+00:00,"Run - Aug 17, 2026 at 21:38:16"
Q35,22,634.4327044199856,0.08231508815197809,0.08231508815197809,2026-08-17T16:12:15.349282+00:00,"Run - Aug 17, 2026 at 21:38:16"
Q36,22,648.7942729411322,0.08445616428599338,0.08445616428599338,2026-08-17T16:12:15.404933+00:00,"Run - Aug 17, 2026 at 21:38:16"
Q37,22,663.8122896133431,0.0864544889057032,0.0864544889057032,2026-08-17T16:12:15.461492+00:00,"Run - Aug 17, 2026 at 21:38:16"
Q38,22,678.3905881402121,0.08854834985056964,0.08854834985056964,2026-08-17T16:12:15.508133+00:00,"Run - Aug 17, 2026 at 21:38:16"
Q39,22,693.115505614876,0.0906103551819975,0.0906103551819975,2026-08-17T16:12:15.554312+00:00,"Run - Aug 17, 2026 at 21:38:16"
Q40,22,707.8617383110362,0.09266774648634533,0.09266774648634533,2026-08-17T16:12:15.601725+00:00,"Run - Aug 17, 2026 at 21:38:16"
Q41,22,722.5615701030947,0.09473537231341148,0.09473537231341148,2026-08-17T16:12:15.649286+00:00,"Run - Aug 17, 2026 at 21:38:16"
Q42,22,737.3784429967884,0.09677720553870585,0.09677720553870585,2026-08-17T16:12:15.694415+00:00,"Run - Aug 17, 2026 at 21:38:16"
Q43,22,752.0539139658578,0.09885008891401963,0.09885008891401963,2026-08-17T16:12:15.758164+00:00,"Run - Aug 17, 2026 at 21:38:16"
Q44,22,766.8459838070997,0.10089743779979803,0.10089743779979803,2026-08-17T16:12:15.803376+00:00,"Run - Aug 17, 2026 at 21:38:16"
Q45,22,781.6184745084606,0.10294898575812297,0.10294898575812297,2026-08-17T16:12:15.850585+00:00,"Run - Aug 17, 2026 at 21:38:16"
Q46,22,796.4660496901646,0.10498408670753812,0.10498408670753812,2026-08-17T16:12:15.901138+00:00,"Run - Aug 17, 2026 at 21:38:16"
Q47,22,811.0604865972124,0.10707499670566499,0.10707499670566499,2026-08-17T16:12:15.945211+00:00,"Run - Aug 17, 2026 at 21:38:16"
Q48,22,826.0166723812388,0.10908589950213107,0.10908589950213107,2026-08-17T16:12:15.991586+00:00,"Run - Aug 17, 2026 at 21:38:16"
Q49,22,840.6047893341798,0.11117828615160452,0.11117828615160452,2026-08-17T16:12:16.039223+00:00,"Run - Aug 17, 2026 at 21:38:16"
Q50,22,855.3234359319357,0.11324174329144397,0.11324174329144397,2026-08-17T16:12:16.090235+00:00,"Run - Aug 17, 2026 at 21:38:16"
Q51,22,870.1811297889799,0.11527449287749389,0.11527449287749389,2026-08-17T16:12:16.133351+00:00,"Run - Aug 17, 2026 at 21:38:16"
Q52,22,885.2391551175722,0.11726274509298672,0.11726274509298672,2026-08-17T16:12:16.179054+00:00,"Run - Aug 17, 2026 at 21:38:16"
Q53,22,899.705085789405,0.11938231048834132,0.11938231048834132,2026-08-17T16:12:16.224991+00:00,"Run - Aug 17, 2026 at 21:38:16"
Q54,22,914.5991527392399,0.1214068589687982,0.1214068589687982,2026-08-17T16:12:16.269154+00:00,"Run - Aug 17, 2026 at 21:38:16"
Q55,22,929.0552287534387,0.1235286160515628,0.1235286160515628,2026-08-17T16:12:16.315130+00:00,"Run - Aug 17, 2026 at 21:38:16"
Q56,22,944.0732447321328,0.12552553432761956,0.12552553432761956,2026-08-17T16:12:16.357915+00:00,"Run - Aug 17, 2026 at 21:38:16"
Q57,22,958.4570561065161,0.1276635223098267,0.1276635223098267,2026-08-17T16:12:16.401425+00:00,"Run - Aug 17, 2026 at 21:38:16"
Q58,22,973.5402764194642,0.1296460128054275,0.1296460128054275,2026-08-17T16:12:16.442506+00:00,"Run - Aug 17, 2026 at 21:38:16"
Q59,22,988.0090445536366,0.1317650990576941,0.1317650990576941,2026-08-17T16:12:16.485127+00:00,"Run - Aug 17, 2026 at 21:38:16"
Q60,22,1002.6914025867021,0.13383671681818063,0.13383671681818063,2026-08-17T16:12:16.532676+00:00,"Run - Aug 17, 2026 at 21:38:16"
Q61,22,1017.5647560323094,0.13586580510818697,0.13586580510818697,2026-08-17T16:12:16.575998+00:00,"Run - Aug 17, 2026 at 21:38:16"
Q62,22,1032.4097579513661,0.13790116364585617,0.13790116364585617,2026-08-17T16:12:16.621063+00:00,"Run - Aug 17, 2026 at 21:38:16"
Q63,22,1047.0584164072504,0.13998030759168337,0.13998030759168337,2026-08-17T16:12:16.666522+00:00,"Run - Aug 17, 2026 at 21:38:16"
Q64,22,1061.9373208170277,0.1420080953402441,0.1420080953402441,2026-08-17T16:12:16.708138+00:00,"Run - Aug 17, 2026 at 21:38:16"
Q65,22,1076.3814099181143,0.14413293865569524,0.14413293865569524,2026-08-17T16:12:16.756256+00:00,"Run - Aug 17, 2026 at 21:38:16"
Q66,22,1091.1249267461862,0.14619094689468898,0.14619094689468898,2026-08-17T16:12:16.798309+00:00,"Run - Aug 17, 2026 at 21:38:16"
Q67,22,1105.9389370950557,0.14823319840036797,0.14823319840036797,2026-08-17T16:12:16.841378+00:00,"Run - Aug 17, 2026 at 21:38:16"
Q68,22,1120.6859608423795,0.15029043240138532,0.15029043240138532,2026-08-17T16:12:16.888738+00:00,"Run - Aug 17, 2026 at 21:38:16"
Q69,22,1135.8629561148934,0.15225139876810956,0.15225139876810956,2026-08-17T16:12:16.930204+00:00,"Run - Aug 17, 2026 at 21:38:16"
Q70,22,1150.5049814156077,0.15433218907431492,0.15433218907431492,2026-08-17T16:12:16.977521+00:00,"Run - Aug 17, 2026 at 21:38:16"
Q71,22,1164.957671396616,0.15645522670992876,0.15645522670992876,2026-08-17T16:12:17.026809+00:00,"Run - Aug 17, 2026 at 21:38:16"
Q72,22,1179.5539132488404,0.15854623658770506,0.15854623658770506,2026-08-17T16:12:17.072811+00:00,"Run - Aug 17, 2026 at 21:38:16"
Q73,22,1194.4874172843215,0.16056165952982368,0.16056165952982368,2026-08-17T16:12:17.118707+00:00,"Run - Aug 17, 2026 at 21:38:16"
Q74,22,1209.2336499804835,0.16261905083417147,0.16261905083417147,2026-08-17T16:12:17.164051+00:00,"Run - Aug 17, 2026 at 21:38:16"
Q75,22,1224.292286545645,0.16460644920000525,0.16460644920000525,2026-08-17T16:12:17.240148+00:00,"Run - Aug 17, 2026 at 21:38:16"
Q76,22,1239.0411489293356,0.16666310649884195,0.16666310649884195,2026-08-17T16:12:17.295659+00:00,"Run - Aug 17, 2026 at 21:38:16"
Q77,22,1253.3132727260868,0.16882695191399638,0.16882695191399638,2026-08-17T16:12:17.352477+00:00,"Run - Aug 17, 2026 at 21:38:16"
Q78,22,1268.1774257331056,0.17085782472309713,0.17085782472309713,2026-08-17T16:12:17.431144+00:00,"Run - Aug 17, 2026 at 21:38:16"
Q79,22,1282.9254979393972,0.17291499670566488,0.17291499670566488,2026-08-17T16:12:17.495941+00:00,"Run - Aug 17, 2026 at 21:38:16"
Q80,22,1297.9560857861757,0.17490820384988517,0.17490820384988517,2026-08-17T16:12:17.557633+00:00,"Run - Aug 17, 2026 at 21:38:16"
Q81,22,1312.750516683963,0.17695498466944795,0.17695498466944795,2026-08-17T16:12:17.603616+00:00,"Run - Aug 17, 2026 at 21:38:16"
Q82,22,1327.5835411178796,0.17899269048713023,0.17899269048713023,2026-08-17T16:12:17.651712+00:00,"Run - Aug 17, 2026 at 21:38:16"
Q83,22,1342.2910427722263,0.18105875867275503,0.18105875867275503,2026-08-17T16:12:17.703451+00:00,"Run - Aug 17, 2026 at 21:38:16"
Q84,22,1356.697041635499,0.18319277017491856,0.18319277017491856,2026-08-17T16:12:17.787427+00:00,"Run - Aug 17, 2026 at 21:38:16"
Q85,22,1371.7473154015593,0.18518174128561676,0.18518174128561676,2026-08-17T16:12:17.832405+00:00,"Run - Aug 17, 2026 at 21:38:16"
Q86,22,1386.2768236620097,0.18728784776755397,0.18728784776755397,2026-08-17T16:12:17.879864+00:00,"Run - Aug 17, 2026 at 21:38:16"
Q87,22,1400.9344166837743,0.18936517104013606,0.18936517104013606,2026-08-17T16:12:17.922038+00:00,"Run - Aug 17, 2026 at 21:38:16"
Q88,22,1415.8629255043354,0.1913816069703623,0.1913816069703623,2026-08-17T16:12:17.970094+00:00,"Run - Aug 17, 2026 at 21:38:16"
Q89,22,1430.5180920757193,0.1934594118411253,0.1934594118411253,2026-08-17T16:12:18.019984+00:00,"Run - Aug 17, 2026 at 21:38:16"
Q90,22,1445.1733731190457,0.19553731170373656,0.19553731170373656,2026-08-17T16:12:18.067887+00:00,"Run - Aug 17, 2026 at 21:38:16"
Q91,22,1459.9192255195853,0.19759476574197954,0.19759476574197954,2026-08-17T16:12:18.115421+00:00,"Run - Aug 17, 2026 at 21:38:16"
Q92,22,1474.5261599490564,0.1996836733399199,0.1996836733399199,2026-08-17T16:12:18.166005+00:00,"Run - Aug 17, 2026 at 21:38:16"
Q93,22,1489.7462572219833,0.2016342488225085,0.2016342488225085,2026-08-17T16:12:18.215093+00:00,"Run - Aug 17, 2026 at 21:38:16"
Q94,22,1504.5909698833882,0.2036694385641933,0.2036694385641933,2026-08-17T16:12:18.267839+00:00,"Run - Aug 17, 2026 at 21:38:16"
Q95,22,1518.8542218992566,0.20583539572295895,0.20583539572295895,2026-08-17T16:12:18.315097+00:00,"Run - Aug 17, 2026 at 21:38:16"
Q96,22,1533.8452646174776,0.2078376853849867,0.2078376853849867,2026-08-17T16:12:18.363132+00:00,"Run - Aug 17, 2026 at 21:38:16"
Q97,22,1548.4982744562567,0.20991646383898263,0.20991646383898263,2026-08-17T16:12:18.411227+00:00,"Run - Aug 17, 2026 at 21:38:16"
Q98,22,1563.6435042299215,0.21188373716668882,0.21188373716668882,2026-08-17T16:12:18.457077+00:00,"Run - Aug 17, 2026 at 21:38:16"
Q99,22,1577.7895544737726,0.21407645061718752,0.21407645061718752,2026-08-17T16:12:18.506818+00:00,"Run - Aug 17, 2026 at 21:38:16"
Q100,22,1592.5332875079291,0.21613428535688986,0.21613428535688986,2026-08-17T16:12:18.554158+00:00,"Run - Aug 17, 2026 at 21:38:16"
Q101,22,1607.5371689454012,0.21813365225672318,0.21813365225672318,2026-08-17T16:12:18.603285+00:00,"Run - Aug 17, 2026 at 21:38:16"
Q102,22,1622.1281654729685,0.22022600735591077,0.22022600735591077,2026-08-17T16:12:18.650642+00:00,"Run - Aug 17, 2026 at 21:38:16"
Q103,22,1636.6673885219802,0.22233032996004296,0.22233032996004296,2026-08-17T16:12:18.694283+00:00,"Run - Aug 17, 2026 at 21:38:16"
Q104,22,1651.5680463995313,0.22435268538100753,0.22435268538100753,2026-08-17T16:12:18.742020+00:00,"Run - Aug 17, 2026 at 21:38:16"
Q105,22,1666.4731209344843,0.22637415211538017,0.22637415211538017,2026-08-17T16:12:18.788153+00:00,"Run - Aug 17, 2026 at 21:38:16"
Q106,22,1681.1141385923067,0.2284554212050116,0.2284554212050116,2026-08-17T16:12:18.837523+00:00,"Run - Aug 17, 2026 at 21:38:16"
Q107,22,1695.8035140681102,0.23052543219937494,0.23052543219937494,2026-08-17T16:12:18.886055+00:00,"Run - Aug 17, 2026 at 21:38:16"
Q108,22,1711.1531271633958,0.23244667404841707,0.23244667404841707,2026-08-17T16:12:18.935968+00:00,"Run - Aug 17, 2026 at 21:38:16"
Q109,22,1725.5693608527008,0.23457828091465863,0.23457828091465863,2026-08-17T16:12:18.979637+00:00,"Run - Aug 17, 2026 at 21:38:16"
Q110,22,1740.150694898889,0.2366728561140367,0.2366728561140367,2026-08-17T16:12:19.035125+00:00,"Run - Aug 17, 2026 at 21:38:16"
Q111,22,1754.8445830232988,0.23874248691521405,0.23874248691521405,2026-08-17T16:12:19.080492+00:00,"Run - Aug 17, 2026 at 21:38:16"
Q112,22,1769.987448554854,0.2407102473282179,0.2407102473282179,2026-08-17T16:12:19.123164+00:00,"Run - Aug 17, 2026 at 21:38:16"
Q113,22,1784.6809631595577,0.24277963566048258,0.24277963566048258,2026-08-17T16:12:19.168163+00:00,"Run - Aug 17, 2026 at 21:38:16"
Q114,22,1799.3114437536296,0.24486286044184996,0.24486286044184996,2026-08-17T16:12:19.239088+00:00,"Run - Aug 17, 2026 at 21:38:16"
Q115,22,1813.944857962631,0.24694589240594886,0.24694589240594886,2026-08-17T16:12:19.288116+00:00,"Run - Aug 17, 2026 at 21:38:16"
Q116,22,1829.2175174979443,0.24888409134125847,0.24888409134125847,2026-08-17T16:12:19.340099+00:00,"Run - Aug 17, 2026 at 21:38:16"
Q117,22,1843.323635186427,0.25108662063911574,0.25108662063911574,2026-08-17T16:12:19.389780+00:00,"Run - Aug 17, 2026 at 21:38:16"
Q118,22,1858.5418584526703,0.2530368587952566,0.2530368587952566,2026-08-17T16:12:19.434887+00:00,"Run - Aug 17, 2026 at 21:38:16"
Q119,22,1872.874251939814,0.25518806876030026,0.25518806876030026,2026-08-17T16:12:19.597975+00:00,"Run - Aug 17, 2026 at 21:38:16"
Q120,22,1887.6181642861332,0.2572456049626779,0.2572456049626779,2026-08-17T16:12:19.668544+00:00,"Run - Aug 17, 2026 at 21:38:16"
Q121,22,1902.5476865888695,0.259261620346548,0.259261620346548,2026-08-17T16:12:19.712753+00:00,"Run - Aug 17, 2026 at 21:38:16"
Q122,22,1917.2366234952408,0.26133219178063927,0.26133219178063927,2026-08-17T16:12:19.767882+00:00,"Run - Aug 17, 2026 at 21:38:16"
Q123,22,1931.7364879548766,0.26344530379363035,0.26344530379363035,2026-08-17T16:12:19.814361+00:00,"Run - Aug 17, 2026 at 21:38:16"
Q124,22,1946.2982294050564,0.26554477800095283,0.26554477800095283,2026-08-17T16:12:19.857120+00:00,"Run - Aug 17, 2026 at 21:38:16"
Q125,22,1961.5416638998122,0.2674892536394327,0.2674892536394327,2026-08-17T16:12:19.901894+00:00,"Run - Aug 17, 2026 at 21:38:16"
Q126,22,1976.1642982607082,0.2695747389923067,0.2695747389923067,2026-08-17T16:12:19.948867+00:00,"Run - Aug 17, 2026 at 21:38:16"
Q127,22,1990.723014952675,0.2716749967056651,0.2716749967056651,2026-08-17T16:12:19.992233+00:00,"Run - Aug 17, 2026 at 21:38:16"
Q128,22,2005.5302155731324,0.27371818126895425,0.27371818126895425,2026-08-17T16:12:20.037487+00:00,"Run - Aug 17, 2026 at 21:38:16"
Q129,22,2020.4031147624016,0.2757465824650496,0.2757465824650496,2026-08-17T16:12:20.091874+00:00,"Run - Aug 17, 2026 at 21:38:16"
Q130,22,2035.2811423271755,0.2777741644110291,0.2777741644110291,2026-08-17T16:12:20.137639+00:00,"Run - Aug 17, 2026 at 21:38:16"
Q131,22,2049.900005325638,0.2798606326802032,0.2798606326802032,2026-08-17T16:12:20.182586+00:00,"Run - Aug 17, 2026 at 21:38:16"
Q132,22,2064.976364404734,0.28184298211993153,0.28184298211993153,2026-08-17T16:12:20.226429+00:00,"Run - Aug 17, 2026 at 21:38:16"
Q0,23,117.89335515201262,0.01039125790629574,0.01039125790629574,2026-08-17T16:12:28.278825+00:00,"Run - Aug 17, 2026 at 21:38:16"
Q1,23,132.66168127943396,0.012445872347656982,0.012445872347656982,2026-08-17T16:12:28.320791+00:00,"Run - Aug 17, 2026 at 21:38:16"
Q2,23,147.42450120756592,0.01450106378828202,0.01450106378828202,2026-08-17T16:12:28.365901+00:00,"Run - Aug 17, 2026 at 21:38:16"
Q3,23,162.102120126285,0.016571266662167444,0.016571266662167444,2026-08-17T16:12:28.419392+00:00,"Run - Aug 17, 2026 at 21:38:16"
Q4,23,176.9502221108451,0.01861079563391167,0.01861079563391167,2026-08-17T16:12:28.465458+00:00,"Run - Aug 17, 2026 at 21:38:16"
Q5,23,191.60296877462432,0.020685879261781705,0.020685879261781705,2026-08-17T16:12:28.511111+00:00,"Run - Aug 17, 2026 at 21:38:16"
Q6,23,206.33208876004252,0.022746554592151955,0.022746554592151955,2026-08-17T16:12:28.555790+00:00,"Run - Aug 17, 2026 at 21:38:16"
Q7,23,220.9912786145055,0.024821352246056236,0.024821352246056236,2026-08-17T16:12:28.600308+00:00,"Run - Aug 17, 2026 at 21:38:16"
Q8,23,235.76549855603182,0.02687342720936026,0.02687342720936026,2026-08-17T16:12:28.649429+00:00,"Run - Aug 17, 2026 at 21:38:16"
Q9,23,250.45121738339475,0.028943444473516402,0.028943444473516402,2026-08-17T16:12:28.694968+00:00,"Run - Aug 17, 2026 at 21:38:16"
Q10,23,265.17241629120355,0.03100654413330872,0.03100654413330872,2026-08-17T16:12:28.739518+00:00,"Run - Aug 17, 2026 at 21:38:16"
Q11,23,279.9457596081191,0.033058831976490066,0.033058831976490066,2026-08-17T16:12:28.781527+00:00,"Run - Aug 17, 2026 at 21:38:16"
Q12,23,294.66806881641844,0.03512155478830983,0.03512155478830983,2026-08-17T16:12:28.827697+00:00,"Run - Aug 17, 2026 at 21:38:16"
Q13,23,309.36089956888503,0.03719010464897922,0.03719010464897922,2026-08-17T16:12:28.874112+00:00,"Run - Aug 17, 2026 at 21:38:16"
Q14,23,324.10995161634065,0.039247660542041235,0.039247660542041235,2026-08-17T16:12:28.923390+00:00,"Run - Aug 17, 2026 at 21:38:16"
Q15,23,338.8822587190262,0.0413003440344622,0.0413003440344622,2026-08-17T16:12:28.969786+00:00,"Run - Aug 17, 2026 at 21:38:16"
Q16,23,353.6039630179425,0.043362702032752,0.043362702032752,2026-08-17T16:12:29.016799+00:00,"Run - Aug 17, 2026 at 21:38:16"
Q17,23,368.3585593364995,0.04541868933406525,0.04541868933406525,2026-08-17T16:12:29.066330+00:00,"Run - Aug 17, 2026 at 21:38:16"
Q18,23,383.1623718683731,0.04746457991657397,0.04746457991657397,2026-08-17T16:12:29.112024+00:00,"Run - Aug 17, 2026 at 21:38:16"
Q19,23,397.7741023157007,0.04955023669446833,0.04955023669446833,2026-08-17T16:12:29.159708+00:00,"Run - Aug 17, 2026 at 21:38:16"
Q20,23,412.6093966390907,0.05158851577939098,0.05158851577939098,2026-08-17T16:12:29.204894+00:00,"Run - Aug 17, 2026 at 21:38:16"
Q21,23,427.315708521186,0.05365511222449365,0.05365511222449365,2026-08-17T16:12:29.293877+00:00,"Run - Aug 17, 2026 at 21:38:16"
Q22,23,442.3116435133522,0.05565969733060663,0.05565969733060663,2026-08-17T16:12:29.343693+00:00,"Run - Aug 17, 2026 at 21:38:16"
Q23,23,456.7111427649222,0.05779118994494589,0.05779118994494589,2026-08-17T16:12:29.404585+00:00,"Run - Aug 17, 2026 at 21:38:16"
Q24,23,471.47192375218475,0.05984565041498009,0.05984565041498009,2026-08-17T16:12:29.458089+00:00,"Run - Aug 17, 2026 at 21:38:16"
Q25,23,486.430853064623,0.061858101230512705,0.061858101230512705,2026-08-17T16:12:29.509160+00:00,"Run - Aug 17, 2026 at 21:38:16"
Q26,23,501.1873736246771,0.06391295596149707,0.06391295596149707,2026-08-17T16:12:29.556355+00:00,"Run - Aug 17, 2026 at 21:38:16"
Q27,23,515.5721929878862,0.06604812284780177,0.06604812284780177,2026-08-17T16:12:29.605419+00:00,"Run - Aug 17, 2026 at 21:38:16"
Q28,23,530.6310801577127,0.06803882932543645,0.06803882932543645,2026-08-17T16:12:29.654809+00:00,"Run - Aug 17, 2026 at 21:38:16"
Q29,23,545.252325528519,0.07012278728989016,0.07012278728989016,2026-08-17T16:12:29.696283+00:00,"Run - Aug 17, 2026 at 21:38:16"
Q30,23,559.9526159541995,0.07219033934669387,0.07219033934669387,2026-08-17T16:12:29.748744+00:00,"Run - Aug 17, 2026 at 21:38:16"
Q31,23,574.5613257018018,0.07427774747505637,0.07427774747505637,2026-08-17T16:12:29.795864+00:00,"Run - Aug 17, 2026 at 21:38:16"
Q32,23,589.5121600532791,0.0762912891384593,0.0762912891384593,2026-08-17T16:12:29.839736+00:00,"Run - Aug 17, 2026 at 21:38:16"
Q33,23,604.1751762344471,0.07836640302212772,0.07836640302212772,2026-08-17T16:12:29.923593+00:00,"Run - Aug 17, 2026 at 21:38:16"
Q34,23,618.8128591792837,0.08044771474148578,0.08044771474148578,2026-08-17T16:12:29.975090+00:00,"Run - Aug 17, 2026 at 21:38:16"
Q35,23,633.7025951397994,0.08247418903895141,0.08247418903895141,2026-08-17T16:12:30.028045+00:00,"Run - Aug 17, 2026 at 21:38:16"
Q36,23,648.1773389170924,0.08459069169044041,0.08459069169044041,2026-08-17T16:12:30.073986+00:00,"Run - Aug 17, 2026 at 21:38:16"
Q37,23,663.0925662173556,0.08661167088206442,0.08661167088206442,2026-08-17T16:12:30.120158+00:00,"Run - Aug 17, 2026 at 21:38:16"
Q38,23,677.6794244750166,0.08870389184337961,0.08870389184337961,2026-08-17T16:12:30.164669+00:00,"Run - Aug 17, 2026 at 21:38:16"
Q39,23,692.3679542369217,0.09077400808865034,0.09077400808865034,2026-08-17T16:12:30.213403+00:00,"Run - Aug 17, 2026 at 21:38:16"
Q40,23,707.1200820743244,0.09283032259328775,0.09283032259328775,2026-08-17T16:12:30.258062+00:00,"Run - Aug 17, 2026 at 21:38:16"
Q41,23,721.8738607521309,0.09488615581609468,0.09488615581609468,2026-08-17T16:12:30.319658+00:00,"Run - Aug 17, 2026 at 21:38:16"
Q42,23,736.7432823860239,0.09691669080917624,0.09691669080917624,2026-08-17T16:12:30.363662+00:00,"Run - Aug 17, 2026 at 21:38:16"
Q43,23,751.2436432974187,0.09902821557105496,0.09902821557105496,2026-08-17T16:12:30.409735+00:00,"Run - Aug 17, 2026 at 21:38:16"
Q44,23,766.0188105978798,0.101079450650753,0.101079450650753,2026-08-17T16:12:30.454678+00:00,"Run - Aug 17, 2026 at 21:38:16"
Q45,23,780.7989089542266,0.103129514220985,0.103129514220985,2026-08-17T16:12:30.500941+00:00,"Run - Aug 17, 2026 at 21:38:16"
Q46,23,795.7306180202347,0.10514614509434336,0.10514614509434336,2026-08-17T16:12:30.542077+00:00,"Run - Aug 17, 2026 at 21:38:16"
Q47,23,810.2110484306548,0.10726241855262189,0.10726241855262189,2026-08-17T16:12:30.584908+00:00,"Run - Aug 17, 2026 at 21:38:16"
Q48,23,825.1218377491261,0.10928347699771725,0.10928347699771725,2026-08-17T16:12:30.631375+00:00,"Run - Aug 17, 2026 at 21:38:16"
Q49,23,840.0354547082384,0.11130421880733074,0.11130421880733074,2026-08-17T16:12:30.682324+00:00,"Run - Aug 17, 2026 at 21:38:16"
Q50,23,854.4270626511145,0.11343997904083108,0.11343997904083108,2026-08-17T16:12:30.725135+00:00,"Run - Aug 17, 2026 at 21:38:16"
Q51,23,869.4029129557694,0.11544665752973567,0.11544665752973567,2026-08-17T16:12:30.769956+00:00,"Run - Aug 17, 2026 at 21:38:16"
Q52,23,884.6316209669292,0.117397344528833,0.117397344528833,2026-08-17T16:12:30.815521+00:00,"Run - Aug 17, 2026 at 21:38:16"
Q53,23,898.927596933827,0.11955455948328754,0.11955455948328754,2026-08-17T16:12:30.856820+00:00,"Run - Aug 17, 2026 at 21:38:16"
Q54,23,914.1772541899863,0.12150042063175671,0.12150042063175671,2026-08-17T16:12:30.903039+00:00,"Run - Aug 17, 2026 at 21:38:16"
Q55,23,928.052460851516,0.12375113433605263,0.12375113433605263,2026-08-17T16:12:30.953332+00:00,"Run - Aug 17, 2026 at 21:38:16"
Q56,23,942.9894091384468,0.12576622005400268,0.12576622005400268,2026-08-17T16:12:30.997968+00:00,"Run - Aug 17, 2026 at 21:38:16"
Q57,23,957.4542866003513,0.12788629467584398,0.12788629467584398,2026-08-17T16:12:31.044108+00:00,"Run - Aug 17, 2026 at 21:38:16"
Q58,23,972.6970215667903,0.12983339579362724,0.12983339579362724,2026-08-17T16:12:31.087051+00:00,"Run - Aug 17, 2026 at 21:38:16"
Q59,23,987.1321069136487,0.13196016633570878,0.13196016633570878,2026-08-17T16:12:31.135118+00:00,"Run - Aug 17, 2026 at 21:38:16"
Q60,23,1001.642306537647,0.1340701658967861,0.1340701658967861,2026-08-17T16:12:31.184024+00:00,"Run - Aug 17, 2026 at 21:38:16"
Q61,23,1017.0344274769066,0.13598375668016077,0.13598375668016077,2026-08-17T16:12:31.261433+00:00,"Run - Aug 17, 2026 at 21:38:16"
Q62,23,1031.4900547467823,0.13810610189008016,0.13810610189008016,2026-08-17T16:12:31.325429+00:00,"Run - Aug 17, 2026 at 21:38:16"
Q63,23,1045.9279011866738,0.1402322593832365,0.1402322593832365,2026-08-17T16:12:31.378733+00:00,"Run - Aug 17, 2026 at 21:38:16"
Q64,23,1061.0868281562732,0.14219763289290324,0.14219763289290324,2026-08-17T16:12:31.431226+00:00,"Run - Aug 17, 2026 at 21:38:16"
Q65,23,1075.2226459174997,0.14439143021184384,0.14439143021184384,2026-08-17T16:12:31.487188+00:00,"Run - Aug 17, 2026 at 21:38:16"
Q66,23,1090.0867490869869,0.1464226065840574,0.1464226065840574,2026-08-17T16:12:31.531107+00:00,"Run - Aug 17, 2026 at 21:38:16"
Q67,23,1104.8511490803246,0.14847604887221222,0.14847604887221222,2026-08-17T16:12:31.582847+00:00,"Run - Aug 17, 2026 at 21:38:16"
Q68,23,1119.6877966440402,0.15051332174460816,0.15051332174460816,2026-08-17T16:12:31.631100+00:00,"Run - Aug 17, 2026 at 21:38:16"
Q69,23,1134.7716175147107,0.15249523315160884,0.15249523315160884,2026-08-17T16:12:31.675991+00:00,"Run - Aug 17, 2026 at 21:38:16"
Q70,23,1149.4020712540876,0.15457871595135086,0.15457871595135086,2026-08-17T16:12:31.719850+00:00,"Run - Aug 17, 2026 at 21:38:16"
Q71,23,1163.737144015489,0.1567281755780715,0.1567281755780715,2026-08-17T16:12:31.765583+00:00,"Run - Aug 17, 2026 at 21:38:16"
Q72,23,1178.4329764910758,0.15879700170157346,0.15879700170157346,2026-08-17T16:12:31.811483+00:00,"Run - Aug 17, 2026 at 21:38:16"
Q73,23,1193.161022422017,0.16085854323567056,0.16085854323567056,2026-08-17T16:12:31.857034+00:00,"Run - Aug 17, 2026 at 21:38:16"
Q74,23,1208.6079939049534,0.1627591027783462,0.1627591027783462,2026-08-17T16:12:31.906057+00:00,"Run - Aug 17, 2026 at 21:38:16"
Q75,23,1223.1562238983036,0.16486086472037703,0.16486086472037703,2026-08-17T16:12:31.972839+00:00,"Run - Aug 17, 2026 at 21:38:16"
Q76,23,1238.466446490938,0.16679149205283092,0.16679149205283092,2026-08-17T16:12:32.019405+00:00,"Run - Aug 17, 2026 at 21:38:16"
Q77,23,1252.1206297144627,0.1690942285178476,0.1690942285178476,2026-08-17T16:12:32.070225+00:00,"Run - Aug 17, 2026 at 21:38:16"
Q78,23,1267.6812405373958,0.1709690086456441,0.1709690086456441,2026-08-17T16:12:32.121887+00:00,"Run - Aug 17, 2026 at 21:38:16"
Q79,23,1281.5812295092367,0.17321646110581326,0.17321646110581326,2026-08-17T16:12:32.164032+00:00,"Run - Aug 17, 2026 at 21:38:16"
Q80,23,1296.7533688007145,0.1751780075691957,0.1751780075691957,2026-08-17T16:12:32.208111+00:00,"Run - Aug 17, 2026 at 21:38:16"
Q81,23,1312.1068372642544,0.17709939936605315,0.17709939936605315,2026-08-17T16:12:32.256700+00:00,"Run - Aug 17, 2026 at 21:38:16"
Q82,23,1326.1839313214602,0.17930686353022612,0.17930686353022612,2026-08-17T16:12:32.300006+00:00,"Run - Aug 17, 2026 at 21:38:16"
Q83,23,1341.3337571819227,0.1812733667702024,0.1812733667702024,2026-08-17T16:12:32.344734+00:00,"Run - Aug 17, 2026 at 21:38:16"
Q84,23,1355.317172775361,0.1835026867642844,0.1835026867642844,2026-08-17T16:12:32.387334+00:00,"Run - Aug 17, 2026 at 21:38:16"
Q85,23,1370.7693108412352,0.18540107174508627,0.18540107174508627,2026-08-17T16:12:32.432595+00:00,"Run - Aug 17, 2026 at 21:38:16"
Q86,23,1384.8215269735688,0.18761488980468344,0.18761488980468344,2026-08-17T16:12:32.479358+00:00,"Run - Aug 17, 2026 at 21:38:16"
Q87,23,1399.8166794209171,0.18961636655662728,0.18961636655662728,2026-08-17T16:12:32.522416+00:00,"Run - Aug 17, 2026 at 21:38:16"
Q88,23,1414.3746904641334,0.19171622859892137,0.19171622859892137,2026-08-17T16:12:32.565870+00:00,"Run - Aug 17, 2026 at 21:38:16"
Q89,23,1429.239423564456,0.19374689595430902,0.19374689595430902,2026-08-17T16:12:32.616305+00:00,"Run - Aug 17, 2026 at 21:38:16"
Q90,23,1443.6135303399788,0.19588826340779925,0.19588826340779925,2026-08-17T16:12:32.667985+00:00,"Run - Aug 17, 2026 at 21:38:16"
Q91,23,1458.388452159151,0.19793921377965312,0.19793921377965312,2026-08-17T16:12:32.714512+00:00,"Run - Aug 17, 2026 at 21:38:16"
Q92,23,1473.264472287059,0.19996806418039695,0.19996806418039695,2026-08-17T16:12:32.770911+00:00,"Run - Aug 17, 2026 at 21:38:16"
Q93,23,1488.7406810223708,0.20186095060459375,0.20186095060459375,2026-08-17T16:12:32.820352+00:00,"Run - Aug 17, 2026 at 21:38:16"
Q94,23,1503.8455119670562,0.20383669403768634,0.20383669403768634,2026-08-17T16:12:32.867546+00:00,"Run - Aug 17, 2026 at 21:38:16"
Q95,23,1517.1683530648143,0.20621517865873912,0.20621517865873912,2026-08-17T16:12:32.913767+00:00,"Run - Aug 17, 2026 at 21:38:16"
Q96,23,1532.472191607357,0.20814690835893931,0.20814690835893931,2026-08-17T16:12:32.967786+00:00,"Run - Aug 17, 2026 at 21:38:16"
Q97,23,1546.872500010546,0.21028279064054978,0.21028279064054978,2026-08-17T16:12:33.028834+00:00,"Run - Aug 17, 2026 at 21:38:16"
Q98,23,1562.57423150058,0.21212412831145575,0.21212412831145575,2026-08-17T16:12:33.077402+00:00,"Run - Aug 17, 2026 at 21:38:16"
Q99,23,1576.0878098965031,0.21446007880453635,0.21446007880453635,2026-08-17T16:12:33.123894+00:00,"Run - Aug 17, 2026 at 21:38:16"
Q100,23,1591.015566641308,0.21647651231301995,0.21647651231301995,2026-08-17T16:12:33.171068+00:00,"Run - Aug 17, 2026 at 21:38:16"
Q101,23,1605.8483541620296,0.2185145069642958,0.2185145069642958,2026-08-17T16:12:33.256201+00:00,"Run - Aug 17, 2026 at 21:38:16"
Q102,23,1620.4271805433673,0.22060968429541558,0.22060968429541558,2026-08-17T16:12:33.308027+00:00,"Run - Aug 17, 2026 at 21:38:16"
Q103,23,1635.2113662518996,0.22265875339776242,0.22265875339776242,2026-08-17T16:12:33.356675+00:00,"Run - Aug 17, 2026 at 21:38:16"
Q104,23,1650.7151076315624,0.2245451082150815,0.2245451082150815,2026-08-17T16:12:33.402903+00:00,"Run - Aug 17, 2026 at 21:38:16"
Q105,23,1664.6721081246249,0.22678070295962055,0.22678070295962055,2026-08-17T16:12:33.451852+00:00,"Run - Aug 17, 2026 at 21:38:16"
Q106,23,1679.3522663927306,0.2288532222039934,0.2288532222039934,2026-08-17T16:12:33.499665+00:00,"Run - Aug 17, 2026 at 21:38:16"
Q107,23,1694.239525095461,0.23087859276231332,0.23087859276231332,2026-08-17T16:12:33.549749+00:00,"Run - Aug 17, 2026 at 21:38:16"
Q108,23,1709.3476536431185,0.23285437935616646,0.23285437935616646,2026-08-17T16:12:33.601777+00:00,"Run - Aug 17, 2026 at 21:38:16"
Q109,23,1724.5587965508228,0.2348058121665404,0.2348058121665404,2026-08-17T16:12:33.655071+00:00,"Run - Aug 17, 2026 at 21:38:16"
Q110,23,1738.4899260613988,0.23704816123798322,0.23704816123798322,2026-08-17T16:12:33.698087+00:00,"Run - Aug 17, 2026 at 21:38:16"
Q111,23,1752.9502604359598,0.2391705625509474,0.2391705625509474,2026-08-17T16:12:33.739432+00:00,"Run - Aug 17, 2026 at 21:38:16"
Q112,23,1768.123287316016,0.24113149363001407,0.24113149363001407,2026-08-17T16:12:33.784841+00:00,"Run - Aug 17, 2026 at 21:38:16"
Q113,23,1783.3115197187315,0.2430898598299342,0.2430898598299342,2026-08-17T16:12:33.828632+00:00,"Run - Aug 17, 2026 at 21:38:16"
Q114,23,1798.0325607757038,0.24515121105484847,0.24515121105484847,2026-08-17T16:12:33.872172+00:00,"Run - Aug 17, 2026 at 21:38:16"
Q115,23,1812.0402624590386,0.2473764866848146,0.2473764866848146,2026-08-17T16:12:33.909287+00:00,"Run - Aug 17, 2026 at 21:38:16"
Q116,23,1827.1140050254996,0.2493597013865003,0.2493597013865003,2026-08-17T16:12:33.947711+00:00,"Run - Aug 17, 2026 at 21:38:16"
Q117,23,1841.39051249317,0.2515237951683396,0.2515237951683396,2026-08-17T16:12:33.992182+00:00,"Run - Aug 17, 2026 at 21:38:16"
Q118,23,1856.4090089958868,0.2535193262642879,0.2535193262642879,2026-08-17T16:12:34.031537+00:00,"Run - Aug 17, 2026 at 21:38:16"
Q119,23,1871.3254042961282,0.25553919409879927,0.25553919409879927,2026-08-17T16:12:34.073418+00:00,"Run - Aug 17, 2026 at 21:38:16"
Q120,23,1885.9327064655888,0.257626894889703,0.257626894889703,2026-08-17T16:12:34.113257+00:00,"Run - Aug 17, 2026 at 21:38:16"
Q121,23,1900.5475840491586,0.2597142204139116,0.2597142204139116,2026-08-17T16:12:34.151962+00:00,"Run - Aug 17, 2026 at 21:38:16"
Q122,23,1915.2222669714536,0.2617880775621712,0.2617880775621712,2026-08-17T16:12:34.190670+00:00,"Run - Aug 17, 2026 at 21:38:16"
Q123,23,1930.6248182146046,0.26369762416744424,0.26369762416744424,2026-08-17T16:12:34.231158+00:00,"Run - Aug 17, 2026 at 21:38:16"
Q124,23,1944.7501373701587,0.2658952371991288,0.2658952371991288,2026-08-17T16:12:34.269700+00:00,"Run - Aug 17, 2026 at 21:38:16"
Q125,23,1960.147353150344,0.26780406397163153,0.26780406397163153,2026-08-17T16:12:34.310122+00:00,"Run - Aug 17, 2026 at 21:38:16"
Q126,23,1974.08926777636,0.2700446131310372,0.2700446131310372,2026-08-17T16:12:34.353116+00:00,"Run - Aug 17, 2026 at 21:38:16"
Q127,23,1988.9479309405353,0.27207693787220105,0.27207693787220105,2026-08-17T16:12:34.394835+00:00,"Run - Aug 17, 2026 at 21:38:16"
Q128,23,2003.7397884547015,0.2741235639049501,0.2741235639049501,2026-08-17T16:12:34.432106+00:00,"Run - Aug 17, 2026 at 21:38:16"
Q129,23,2018.2816626283225,0.27622716206180675,0.27622716206180675,2026-08-17T16:12:34.472628+00:00,"Run - Aug 17, 2026 at 21:38:16"
Q130,23,2033.0787090752094,0.27827326818514936,0.27827326818514936,2026-08-17T16:12:34.510152+00:00,"Run - Aug 17, 2026 at 21:38:16"
Q131,23,2047.6843547848648,0.2803627903209368,0.2803627903209368,2026-08-17T16:12:34.550242+00:00,"Run - Aug 17, 2026 at 21:38:16"
Q132,23,2062.737762615992,0.2823504089215219,0.2823504089215219,2026-08-17T16:12:34.593779+00:00,"Run - Aug 17, 2026 at 21:38:16"
Q0,24,117.82587144632875,0.01040103123082938,0.01040103123082938,2026-08-17T16:12:41.834691+00:00,"Run - Aug 17, 2026 at 21:38:16"
Q1,24,132.54059406044058,0.012465318481767788,0.012465318481767788,2026-08-17T16:12:41.854444+00:00,"Run - Aug 17, 2026 at 21:38:16"
Q2,24,147.29384060448888,0.014522902316598025,0.014522902316598025,2026-08-17T16:12:41.874792+00:00,"Run - Aug 17, 2026 at 21:38:16"
Q3,24,161.96960598993738,0.016593919755633065,0.016593919755633065,2026-08-17T16:12:41.895523+00:00,"Run - Aug 17, 2026 at 21:38:16"
Q4,24,176.80324398240884,0.018636687707132626,0.018636687707132626,2026-08-17T16:12:41.915313+00:00,"Run - Aug 17, 2026 at 21:38:16"
Q5,24,191.43973459153472,0.020715432392911994,0.020715432392911994,2026-08-17T16:12:41.935395+00:00,"Run - Aug 17, 2026 at 21:38:16"
Q6,24,206.11193127194076,0.022788168551354,0.022788168551354,2026-08-17T16:12:41.958101+00:00,"Run - Aug 17, 2026 at 21:38:16"
Q7,24,220.83831984572805,0.02484984130667706,0.02484984130667706,2026-08-17T16:12:41.979990+00:00,"Run - Aug 17, 2026 at 21:38:16"
Q8,24,235.55809595427186,0.026913133166403803,0.026913133166403803,2026-08-17T16:12:42.000218+00:00,"Run - Aug 17, 2026 at 21:38:16"
Q9,24,250.23181154707757,0.02898596257089002,0.02898596257089002,2026-08-17T16:12:42.020161+00:00,"Run - Aug 17, 2026 at 21:38:16"
Q10,24,264.9562759094576,0.031049035446216133,0.031049035446216133,2026-08-17T16:12:42.049104+00:00,"Run - Aug 17, 2026 at 21:38:16"
Q11,24,279.6997826241457,0.0331074878342184,0.0331074878342184,2026-08-17T16:12:42.069411+00:00,"Run - Aug 17, 2026 at 21:38:16"
Q12,24,294.4809532977095,0.03515905684672774,0.03515905684672774,2026-08-17T16:12:42.094341+00:00,"Run - Aug 17, 2026 at 21:38:16"
Q13,24,309.18497448948875,0.03722480304423844,0.03722480304423844,2026-08-17T16:12:42.113980+00:00,"Run - Aug 17, 2026 at 21:38:16"
Q14,24,323.84606151746146,0.039300824821678314,0.039300824821678314,2026-08-17T16:12:42.135840+00:00,"Run - Aug 17, 2026 at 21:38:16"
Q15,24,338.6779016274942,0.0413413910599723,0.0413413910599723,2026-08-17T16:12:42.153525+00:00,"Run - Aug 17, 2026 at 21:38:16"
Q16,24,353.30340994602415,0.04342454179757548,0.04342454179757548,2026-08-17T16:12:42.173380+00:00,"Run - Aug 17, 2026 at 21:38:16"
Q17,24,368.05723657286103,0.04548056278853302,0.04548056278853302,2026-08-17T16:12:42.194785+00:00,"Run - Aug 17, 2026 at 21:38:16"
Q18,24,382.83572331267004,0.047532076784062766,0.047532076784062766,2026-08-17T16:12:42.219085+00:00,"Run - Aug 17, 2026 at 21:38:16"
Q19,24,397.3511427910004,0.049638753109872126,0.049638753109872126,2026-08-17T16:12:42.250263+00:00,"Run - Aug 17, 2026 at 21:38:16"
Q20,24,412.3465693595894,0.051642951193705024,0.051642951193705024,2026-08-17T16:12:42.268581+00:00,"Run - Aug 17, 2026 at 21:38:16"
Q21,24,426.8596947511757,0.05375123539968859,0.05375123539968859,2026-08-17T16:12:42.294853+00:00,"Run - Aug 17, 2026 at 21:38:16"
Q22,24,441.93038201125256,0.0557397959186364,0.0557397959186364,2026-08-17T16:12:42.315898+00:00,"Run - Aug 17, 2026 at 21:38:16"
Q23,24,456.3243075816334,0.057872715770176934,0.057872715770176934,2026-08-17T16:12:42.336176+00:00,"Run - Aug 17, 2026 at 21:38:16"
Q24,24,471.11550719222106,0.05992079992932372,0.05992079992932372,2026-08-17T16:12:42.355980+00:00,"Run - Aug 17, 2026 at 21:38:16"
Q25,24,485.9983926744851,0.06194989731211558,0.06194989731211558,2026-08-17T16:12:42.381989+00:00,"Run - Aug 17, 2026 at 21:38:16"
Q26,24,500.75686409576065,0.06400452976938113,0.06400452976938113,2026-08-17T16:12:42.443779+00:00,"Run - Aug 17, 2026 at 21:38:16"
Q27,24,515.1353495451798,0.06614151634564505,0.06614151634564505,2026-08-17T16:12:42.493539+00:00,"Run - Aug 17, 2026 at 21:38:16"
Q28,24,530.1763257114994,0.0681360293302406,0.0681360293302406,2026-08-17T16:12:42.540902+00:00,"Run - Aug 17, 2026 at 21:38:16"
Q29,24,544.9538779130538,0.07018647011877562,0.07018647011877562,2026-08-17T16:12:42.583551+00:00,"Run - Aug 17, 2026 at 21:38:16"
Q30,24,559.4758279519963,0.07229271622605514,0.07229271622605514,2026-08-17T16:12:42.624485+00:00,"Run - Aug 17, 2026 at 21:38:16"
Q31,24,574.2874168959066,0.07433600757095189,0.07433600757095189,2026-08-17T16:12:42.663724+00:00,"Run - Aug 17, 2026 at 21:38:16"
Q32,24,588.9898171213002,0.07640395630531326,0.07640395630531326,2026-08-17T16:12:42.709225+00:00,"Run - Aug 17, 2026 at 21:38:16"
Q33,24,603.8445414435736,0.07843764813339942,0.07843764813339942,2026-08-17T16:12:42.752823+00:00,"Run - Aug 17, 2026 at 21:38:16"
Q34,24,618.6090357706587,0.0804913697359048,0.0804913697359048,2026-08-17T16:12:42.800447+00:00,"Run - Aug 17, 2026 at 21:38:16"
Q35,24,633.1614286706553,0.08259148571639066,0.08259148571639066,2026-08-17T16:12:42.845721+00:00,"Run - Aug 17, 2026 at 21:38:16"
Q36,24,647.6660746544779,0.08470192670859218,0.08470192670859218,2026-08-17T16:12:42.888727+00:00,"Run - Aug 17, 2026 at 21:38:16"
Q37,24,662.3628055552659,0.08677077999338108,0.08677077999338108,2026-08-17T16:12:42.933487+00:00,"Run - Aug 17, 2026 at 21:38:16"
Q38,24,677.1053217210441,0.08882890304572662,0.08882890304572662,2026-08-17T16:12:42.978250+00:00,"Run - Aug 17, 2026 at 21:38:16"
Q39,24,691.7822563327945,0.09090172520255418,0.09090172520255418,2026-08-17T16:12:43.024779+00:00,"Run - Aug 17, 2026 at 21:38:16"
Q40,24,706.5214640601365,0.09296103315501165,0.09296103315501165,2026-08-17T16:12:43.064435+00:00,"Run - Aug 17, 2026 at 21:38:16"
Q41,24,721.2622882353738,0.09501986985234344,0.09501986985234344,2026-08-17T16:12:43.127855+00:00,"Run - Aug 17, 2026 at 21:38:16"
Q42,24,736.0931168155743,0.09705903710789031,0.09705903710789031,2026-08-17T16:12:43.179527+00:00,"Run - Aug 17, 2026 at 21:38:16"
Q43,24,750.7917604512872,0.09912711235239391,0.09912711235239391,2026-08-17T16:12:43.263644+00:00,"Run - Aug 17, 2026 at 21:38:16"
Q44,24,765.3949618996074,0.10121632763645856,0.10121632763645856,2026-08-17T16:12:43.317899+00:00,"Run - Aug 17, 2026 at 21:38:16"
Q45,24,780.3519220031203,0.10322755303896262,0.10322755303896262,2026-08-17T16:12:43.376929+00:00,"Run - Aug 17, 2026 at 21:38:16"
Q46,24,795.2955618301199,0.10524163296896938,0.10524163296896938,2026-08-17T16:12:43.427455+00:00,"Run - Aug 17, 2026 at 21:38:16"
Q47,24,809.6741107533852,0.10738041606731479,0.10738041606731479,2026-08-17T16:12:43.487866+00:00,"Run - Aug 17, 2026 at 21:38:16"
Q48,24,824.4201769174609,0.10943808017601554,0.10943808017601554,2026-08-17T16:12:43.540242+00:00,"Run - Aug 17, 2026 at 21:38:16"
Q49,24,839.52381708583,0.11141685177507275,0.11141685177507275,2026-08-17T16:12:43.591858+00:00,"Run - Aug 17, 2026 at 21:38:16"
Q50,24,853.7306705609443,0.11359372001841005,0.11359372001841005,2026-08-17T16:12:43.642283+00:00,"Run - Aug 17, 2026 at 21:38:16"
Q51,24,868.5530714427147,0.11563448595997637,0.11563448595997637,2026-08-17T16:12:43.693509+00:00,"Run - Aug 17, 2026 at 21:38:16"
Q52,24,883.9223117987741,0.117554142382628,0.117554142382628,2026-08-17T16:12:43.737965+00:00,"Run - Aug 17, 2026 at 21:38:16"
Q53,24,898.1603955519058,0.11972434844313647,0.11972434844313647,2026-08-17T16:12:43.788094+00:00,"Run - Aug 17, 2026 at 21:38:16"
Q54,24,913.1878236373965,0.12171966238180032,0.12171966238180032,2026-08-17T16:12:43.842081+00:00,"Run - Aug 17, 2026 at 21:38:16"
Q55,24,927.2673232444131,0.12392516131980229,0.12392516131980229,2026-08-17T16:12:43.896800+00:00,"Run - Aug 17, 2026 at 21:38:16"
Q56,24,942.418650866926,0.12589269893924687,0.12589269893924687,2026-08-17T16:12:43.949445+00:00,"Run - Aug 17, 2026 at 21:38:16"
Q57,24,956.9085870484059,0.12800731723434536,0.12800731723434536,2026-08-17T16:12:44.002295+00:00,"Run - Aug 17, 2026 at 21:38:16"
Q58,24,971.6532209617922,0.13006528389446523,0.13006528389446523,2026-08-17T16:12:44.048274+00:00,"Run - Aug 17, 2026 at 21:38:16"
Q59,24,986.5650540663078,0.13208610823462966,0.13208610823462966,2026-08-17T16:12:44.123585+00:00,"Run - Aug 17, 2026 at 21:38:16"
Q60,24,1000.8270454086736,0.1342514877561972,0.1342514877561972,2026-08-17T16:12:44.165440+00:00,"Run - Aug 17, 2026 at 21:38:16"
Q61,24,1016.1619942177518,0.13617793736507483,0.13617793736507483,2026-08-17T16:12:44.217557+00:00,"Run - Aug 17, 2026 at 21:38:16"
Q62,24,1030.3861910518092,0.13835189194724204,0.13835189194724204,2026-08-17T16:12:44.262219+00:00,"Run - Aug 17, 2026 at 21:38:16"
Q63,24,1045.0746379002812,0.14042239179501317,0.14042239179501317,2026-08-17T16:12:44.307660+00:00,"Run - Aug 17, 2026 at 21:38:16"
Q64,24,1060.21262535727,0.14239254918989516,0.14239254918989516,2026-08-17T16:12:44.351376+00:00,"Run - Aug 17, 2026 at 21:38:16"
Q65,24,1074.875494906745,0.1444687243571559,0.1444687243571559,2026-08-17T16:12:44.398041+00:00,"Run - Aug 17, 2026 at 21:38:16"
Q66,24,1089.197492417093,0.14662109853929153,0.14662109853929153,2026-08-17T16:12:44.443303+00:00,"Run - Aug 17, 2026 at 21:38:16"
Q67,24,1103.915696107076,0.14868497346979187,0.14868497346979187,2026-08-17T16:12:44.484539+00:00,"Run - Aug 17, 2026 at 21:38:16"
Q68,24,1119.2860036476648,0.15060298928314425,0.15060298928314425,2026-08-17T16:12:44.526343+00:00,"Run - Aug 17, 2026 at 21:38:16"
Q69,24,1133.8016532221825,0.1527120914100344,0.1527120914100344,2026-08-17T16:12:44.570409+00:00,"Run - Aug 17, 2026 at 21:38:16"
Q70,24,1148.3854263305782,0.15480602005960295,0.15480602005960295,2026-08-17T16:12:44.616455+00:00,"Run - Aug 17, 2026 at 21:38:16"
Q71,24,1162.78849323088,0.15694047640245581,0.15694047640245581,2026-08-17T16:12:44.659144+00:00,"Run - Aug 17, 2026 at 21:38:16"
Q72,24,1178.2714749925783,0.15883339537105018,0.15883339537105018,2026-08-17T16:12:44.706201+00:00,"Run - Aug 17, 2026 at 21:38:16"
Q73,24,1191.8921909289832,0.16114251159813262,0.16114251159813262,2026-08-17T16:12:44.769201+00:00,"Run - Aug 17, 2026 at 21:38:16"
Q74,24,1207.8680917317172,0.16292489660683326,0.16292489660683326,2026-08-17T16:12:44.831958+00:00,"Run - Aug 17, 2026 at 21:38:16"
Q75,24,1222.0727803331038,0.16510364489594107,0.16510364489594107,2026-08-17T16:12:44.881656+00:00,"Run - Aug 17, 2026 at 21:38:16"
Q76,24,1237.4352925677058,0.16702278628399106,0.16702278628399106,2026-08-17T16:12:44.928962+00:00,"Run - Aug 17, 2026 at 21:38:16"
Q77,24,1250.7876361532099,0.16939299019769735,0.16939299019769735,2026-08-17T16:12:44.975840+00:00,"Run - Aug 17, 2026 at 21:38:16"
Q78,24,1266.8643999955848,0.17115239212524455,0.17115239212524455,2026-08-17T16:12:45.023173+00:00,"Run - Aug 17, 2026 at 21:38:16"
Q79,24,1280.771471416748,0.17339821160049138,0.17339821160049138,2026-08-17T16:12:45.068294+00:00,"Run - Aug 17, 2026 at 21:38:16"
Q80,24,1295.40401510951,0.17548075356802725,0.17548075356802725,2026-08-17T16:12:45.113013+00:00,"Run - Aug 17, 2026 at 21:38:16"
Q81,24,1311.3348159387906,0.17727273368483973,0.17727273368483973,2026-08-17T16:12:45.167452+00:00,"Run - Aug 17, 2026 at 21:38:16"
Q82,24,1325.176327682376,0.1795334461046688,0.1795334461046688,2026-08-17T16:12:45.258087+00:00,"Run - Aug 17, 2026 at 21:38:16"
Q83,24,1339.8899731345791,0.18159765130902839,0.18159765130902839,2026-08-17T16:12:45.310450+00:00,"Run - Aug 17, 2026 at 21:38:16"
Q84,24,1354.1687477131798,0.18376105640577922,0.18376105640577922,2026-08-17T16:12:45.368496+00:00,"Run - Aug 17, 2026 at 21:38:16"
Q85,24,1369.8861051928227,0.18559973879492067,0.18559973879492067,2026-08-17T16:12:45.425372+00:00,"Run - Aug 17, 2026 at 21:38:16"
Q86,24,1383.6472596386948,0.18787925521617,0.18787925521617,2026-08-17T16:12:45.480912+00:00,"Run - Aug 17, 2026 at 21:38:16"
Q87,24,1399.0091161021817,0.18979822095094567,0.18979822095094567,2026-08-17T16:12:45.530294+00:00,"Run - Aug 17, 2026 at 21:38:16"
Q88,24,1412.9524378702315,0.19203616626537726,0.19203616626537726,2026-08-17T16:12:45.579540+00:00,"Run - Aug 17, 2026 at 21:38:16"
Q89,24,1428.1104427743192,0.19400132324750627,0.19400132324750627,2026-08-17T16:12:45.628978+00:00,"Run - Aug 17, 2026 at 21:38:16"
Q90,24,1442.077303279074,0.19623400843334202,0.19623400843334202,2026-08-17T16:12:45.678667+00:00,"Run - Aug 17, 2026 at 21:38:16"
Q91,24,1457.198661773342,0.19820753464150445,0.19820753464150445,2026-08-17T16:12:45.728547+00:00,"Run - Aug 17, 2026 at 21:38:16"
Q92,24,1472.1433547989145,0.20022037863818462,0.20022037863818462,2026-08-17T16:12:45.777770+00:00,"Run - Aug 17, 2026 at 21:38:16"
Q93,24,1487.4623425173424,0.20214935641608212,0.20214935641608212,2026-08-17T16:12:45.825583+00:00,"Run - Aug 17, 2026 at 21:38:16"
Q94,24,1502.5412091829528,0.2041304104104049,0.2041304104104049,2026-08-17T16:12:45.878337+00:00,"Run - Aug 17, 2026 at 21:38:16"
Q95,24,1516.4978051006713,0.20636745303015339,0.20636745303015339,2026-08-17T16:12:45.926674+00:00,"Run - Aug 17, 2026 at 21:38:16"
Q96,24,1531.2124315069798,0.20843135236053,0.20843135236053,2026-08-17T16:12:45.976662+00:00,"Run - Aug 17, 2026 at 21:38:16"
Q97,24,1545.558700656099,0.2105792971694281,0.2105792971694281,2026-08-17T16:12:46.027513+00:00,"Run - Aug 17, 2026 at 21:38:16"
Q98,24,1561.1804119869605,0.21243881966220568,0.21243881966220568,2026-08-17T16:12:46.078211+00:00,"Run - Aug 17, 2026 at 21:38:16"
Q99,24,1575.1895391263145,0.21466310586035664,0.21466310586035664,2026-08-17T16:12:46.141576+00:00,"Run - Aug 17, 2026 at 21:38:16"
Q100,24,1589.667412558414,0.21678126058891609,0.21678126058891609,2026-08-17T16:12:46.186551+00:00,"Run - Aug 17, 2026 at 21:38:16"
Q101,24,1604.9270066807737,0.21872285843345443,0.21872285843345443,2026-08-17T16:12:46.233687+00:00,"Run - Aug 17, 2026 at 21:38:16"
Q102,24,1619.1051694413738,0.2209087245215219,0.2209087245215219,2026-08-17T16:12:46.272258+00:00,"Run - Aug 17, 2026 at 21:38:16"
Q103,24,1633.8762227469012,0.22296083385090307,0.22296083385090307,2026-08-17T16:12:46.320495+00:00,"Run - Aug 17, 2026 at 21:38:16"
Q104,24,1649.6556288349136,0.22478503128698532,0.22478503128698532,2026-08-17T16:12:46.363422+00:00,"Run - Aug 17, 2026 at 21:38:16"
Q105,24,1663.2615221935876,0.22709994726371252,0.22709994726371252,2026-08-17T16:12:46.410849+00:00,"Run - Aug 17, 2026 at 21:38:16"
Q106,24,1677.5639827358273,0.22925719725461544,0.22925719725461544,2026-08-17T16:12:46.454944+00:00,"Run - Aug 17, 2026 at 21:38:16"
Q107,24,1692.853094197713,0.2311924808388338,0.2311924808388338,2026-08-17T16:12:46.499405+00:00,"Run - Aug 17, 2026 at 21:38:16"
Q108,24,1707.8895748401012,0.23318458873533035,0.23318458873533035,2026-08-17T16:12:46.551770+00:00,"Run - Aug 17, 2026 at 21:38:16"
Q109,24,1723.0782348237806,0.23514120002882155,0.23514120002882155,2026-08-17T16:12:46.600653+00:00,"Run - Aug 17, 2026 at 21:38:16"
Q110,24,1737.068509575626,0.2373704817531215,0.2373704817531215,2026-08-17T16:12:46.647800+00:00,"Run - Aug 17, 2026 at 21:38:16"
Q111,24,1751.4670416510799,0.2395066847802201,0.2395066847802201,2026-08-17T16:12:46.696585+00:00,"Run - Aug 17, 2026 at 21:38:16"
Q112,24,1766.6183796910202,0.24147259646180616,0.24147259646180616,2026-08-17T16:12:46.742250+00:00,"Run - Aug 17, 2026 at 21:38:16"
Q113,24,1781.7846064718976,0.24343599669922797,0.24343599669922797,2026-08-17T16:12:46.784350+00:00,"Run - Aug 17, 2026 at 21:38:16"
Q114,24,1796.1568746382502,0.24557562770425437,0.24557562770425437,2026-08-17T16:12:46.827158+00:00,"Run - Aug 17, 2026 at 21:38:16"
Q115,24,1810.2750993310244,0.247775914617799,0.247775914617799,2026-08-17T16:12:46.872432+00:00,"Run - Aug 17, 2026 at 21:38:16"
Q116,24,1825.5577876610976,0.2497127165566989,0.2497127165566989,2026-08-17T16:12:46.917315+00:00,"Run - Aug 17, 2026 at 21:38:16"
Q117,24,1839.4296094043477,0.25196765411553773,0.25196765411553773,2026-08-17T16:12:46.966387+00:00,"Run - Aug 17, 2026 at 21:38:16"
Q118,24,1854.8313108218708,0.2538773492495326,0.2538773492495326,2026-08-17T16:12:47.009150+00:00,"Run - Aug 17, 2026 at 21:38:16"
Q119,24,1870.6549944066471,0.2556926882160332,0.2556926882160332,2026-08-17T16:12:47.054207+00:00,"Run - Aug 17, 2026 at 21:38:16"
Q120,24,1883.977062503209,0.2580700666845515,0.2580700666845515,2026-08-17T16:12:47.102112+00:00,"Run - Aug 17, 2026 at 21:38:16"
Q121,24,1898.5777429096713,0.26016044936833704,0.26016044936833704,2026-08-17T16:12:47.145768+00:00,"Run - Aug 17, 2026 at 21:38:16"
Q122,24,1913.1791920409278,0.2622509097928312,0.2622509097928312,2026-08-17T16:12:47.191898+00:00,"Run - Aug 17, 2026 at 21:38:16"
Q123,24,1928.9670375958176,0.2640733197211283,0.2640733197211283,2026-08-17T16:12:47.265556+00:00,"Run - Aug 17, 2026 at 21:38:16"
Q124,24,1943.0385898117995,0.26628396982401276,0.26628396982401276,2026-08-17T16:12:47.316044+00:00,"Run - Aug 17, 2026 at 21:38:16"
Q125,24,1959.0079920570752,0.26806304966980404,0.26806304966980404,2026-08-17T16:12:47.367828+00:00,"Run - Aug 17, 2026 at 21:38:16"
Q126,24,1972.4152246368321,0.27042502597322465,0.27042502597322465,2026-08-17T16:12:47.417720+00:00,"Run - Aug 17, 2026 at 21:38:16"
Q127,24,1987.1958540112876,0.2724747998571021,0.2724747998571021,2026-08-17T16:12:47.462562+00:00,"Run - Aug 17, 2026 at 21:38:16"
Q128,24,2001.5997861451879,0.2746087818368022,0.2746087818368022,2026-08-17T16:12:47.510384+00:00,"Run - Aug 17, 2026 at 21:38:16"
Q129,24,2016.1910281257121,0.27670117567537555,0.27670117567537555,2026-08-17T16:12:47.557680+00:00,"Run - Aug 17, 2026 at 21:38:16"
Q130,24,2031.478821991923,0.2786372342961044,0.2786372342961044,2026-08-17T16:12:47.606674+00:00,"Run - Aug 17, 2026 at 21:38:16"
Q131,24,2045.949160098752,0.28075740780500136,0.28075740780500136,2026-08-17T16:12:47.652000+00:00,"Run - Aug 17, 2026 at 21:38:16"
Q132,24,2061.0485985746614,0.2827349742765865,0.2827349742765865,2026-08-17T16:12:47.699548+00:00,"Run - Aug 17, 2026 at 21:38:16"
Q0,25,117.71903745312486,0.010417059882897073,0.010417059882897073,2026-08-17T16:12:55.871134+00:00,"Run - Aug 17, 2026 at 21:38:16"
Q1,25,132.47180733370848,0.01247662977896653,0.01247662977896653,2026-08-17T16:12:55.916270+00:00,"Run - Aug 17, 2026 at 21:38:16"
Q2,25,147.207960108186,0.014537618225366691,0.014537618225366691,2026-08-17T16:12:55.971321+00:00,"Run - Aug 17, 2026 at 21:38:16"
Q3,25,161.7940697324712,0.01662462026156005,0.01662462026156005,2026-08-17T16:12:56.016709+00:00,"Run - Aug 17, 2026 at 21:38:16"
Q4,25,176.60939453233388,0.018671515397722886,0.018671515397722886,2026-08-17T16:12:56.064740+00:00,"Run - Aug 17, 2026 at 21:38:16"
Q5,25,191.24882300928678,0.0207502370261003,0.0207502370261003,2026-08-17T16:12:56.128553+00:00,"Run - Aug 17, 2026 at 21:38:16"
Q6,25,205.87642618957898,0.022832334526962515,0.022832334526962515,2026-08-17T16:12:56.202167+00:00,"Run - Aug 17, 2026 at 21:38:16"
Q7,25,220.59903771811443,0.024895318923807228,0.024895318923807228,2026-08-17T16:12:56.264226+00:00,"Run - Aug 17, 2026 at 21:38:16"
Q8,25,235.32406853896248,0.026957984722582075,0.026957984722582075,2026-08-17T16:12:56.309543+00:00,"Run - Aug 17, 2026 at 21:38:16"
Q9,25,249.96149046860558,0.029038662203036254,0.029038662203036254,2026-08-17T16:12:56.386234+00:00,"Run - Aug 17, 2026 at 21:38:16"
Q10,25,264.82786723512646,0.03107444766777612,0.03107444766777612,2026-08-17T16:12:56.436677+00:00,"Run - Aug 17, 2026 at 21:38:16"
Q11,25,279.42216334909864,0.03316245460125761,0.03316245460125761,2026-08-17T16:12:56.486852+00:00,"Run - Aug 17, 2026 at 21:38:16"
Q12,25,294.2050407759633,0.0352140866734218,0.0352140866734218,2026-08-17T16:12:56.536941+00:00,"Run - Aug 17, 2026 at 21:38:16"
Q13,25,308.8957110773068,0.03728289095001563,0.03728289095001563,2026-08-17T16:12:56.588651+00:00,"Run - Aug 17, 2026 at 21:38:16"
Q14,25,323.49547937374103,0.03937209869360437,0.03937209869360437,2026-08-17T16:12:56.636754+00:00,"Run - Aug 17, 2026 at 21:38:16"
Q15,25,338.30904298264335,0.0414168370494842,0.0414168370494842,2026-08-17T16:12:56.686689+00:00,"Run - Aug 17, 2026 at 21:38:16"
Q16,25,352.9310682901887,0.043501083651423134,0.043501083651423134,2026-08-17T16:12:56.735620+00:00,"Run - Aug 17, 2026 at 21:38:16"
Q17,25,367.8995777256837,0.0455130259082557,0.0455130259082557,2026-08-17T16:12:56.787467+00:00,"Run - Aug 17, 2026 at 21:38:16"
Q18,25,382.45366446183283,0.04761116715050769,0.04761116715050769,2026-08-17T16:12:56.833347+00:00,"Run - Aug 17, 2026 at 21:38:16"
Q19,25,396.9344370018289,0.04972561718183617,0.04972561718183617,2026-08-17T16:12:56.881658+00:00,"Run - Aug 17, 2026 at 21:38:16"
Q20,25,411.9089732011485,0.05173444607717108,0.05173444607717108,2026-08-17T16:12:56.937482+00:00,"Run - Aug 17, 2026 at 21:38:16"
Q21,25,426.51344165210094,0.05382351655296945,0.05382351655296945,2026-08-17T16:12:56.983996+00:00,"Run - Aug 17, 2026 at 21:38:16"
Q22,25,441.74906776046765,0.05577781900883044,0.05577781900883044,2026-08-17T16:12:57.045531+00:00,"Run - Aug 17, 2026 at 21:38:16"
Q23,25,455.81610447146977,0.0579802588711661,0.0579802588711661,2026-08-17T16:12:57.102972+00:00,"Run - Aug 17, 2026 at 21:38:16"
Q24,25,470.64623307602596,0.06002018889850362,0.06002018889850362,2026-08-17T16:12:57.153219+00:00,"Run - Aug 17, 2026 at 21:38:16"
Q25,25,485.8305644805459,0.06198532169871747,0.06198532169871747,2026-08-17T16:12:57.198783+00:00,"Run - Aug 17, 2026 at 21:38:16"
Q26,25,500.32945322809,0.06409533576781734,0.06409533576781734,2026-08-17T16:12:57.299026+00:00,"Run - Aug 17, 2026 at 21:38:16"
Q27,25,514.6094478645799,0.0662538493397475,0.0662538493397475,2026-08-17T16:12:57.348608+00:00,"Run - Aug 17, 2026 at 21:38:16"
Q28,25,529.5648237955006,0.06826717773893305,0.06826717773893305,2026-08-17T16:12:57.420680+00:00,"Run - Aug 17, 2026 at 21:38:16"
Q29,25,544.4392901290233,0.07029676890058267,0.07029676890058267,2026-08-17T16:12:57.542563+00:00,"Run - Aug 17, 2026 at 21:38:16"
Q30,25,558.7493837761526,0.07244931912829126,0.07244931912829126,2026-08-17T16:12:57.599266+00:00,"Run - Aug 17, 2026 at 21:38:16"
Q31,25,573.7128643422151,0.07445978005764958,0.07445978005764958,2026-08-17T16:12:57.750770+00:00,"Run - Aug 17, 2026 at 21:38:16"
Q32,25,588.4009685462927,0.07653103596069746,0.07653103596069746,2026-08-17T16:12:57.893334+00:00,"Run - Aug 17, 2026 at 21:38:16"
Q33,25,603.1112550668628,0.07859644864718125,0.07859644864718125,2026-08-17T16:12:57.951902+00:00,"Run - Aug 17, 2026 at 21:38:16"
Q34,25,618.24494422761,0.0805703513318451,0.0805703513318451,2026-08-17T16:12:58.086792+00:00,"Run - Aug 17, 2026 at 21:38:16"
Q35,25,632.4709843941654,0.08274141957005728,0.08274141957005728,2026-08-17T16:12:58.185168+00:00,"Run - Aug 17, 2026 at 21:38:16"
Q36,25,647.3315687022232,0.08477466548744904,0.08477466548744904,2026-08-17T16:12:58.332687+00:00,"Run - Aug 17, 2026 at 21:38:16"
Q37,25,661.7053138674131,0.08691384283880471,0.08691384283880471,2026-08-17T16:12:58.423881+00:00,"Run - Aug 17, 2026 at 21:38:16"
Q38,25,676.3713056407489,0.08898899164777417,0.08898899164777417,2026-08-17T16:12:58.608036+00:00,"Run - Aug 17, 2026 at 21:38:16"
Q39,25,691.0958736160495,0.09105150345187223,0.09105150345187223,2026-08-17T16:12:58.663078+00:00,"Run - Aug 17, 2026 at 21:38:16"
Q40,25,705.7559467710696,0.09312842522421663,0.09312842522421663,2026-08-17T16:12:58.719647+00:00,"Run - Aug 17, 2026 at 21:38:16"
Q41,25,720.6326771601381,0.09515748693424146,0.09515748693424146,2026-08-17T16:12:58.770927+00:00,"Run - Aug 17, 2026 at 21:38:16"
Q42,25,735.4259362431693,0.0972051064563445,0.0972051064563445,2026-08-17T16:12:58.817471+00:00,"Run - Aug 17, 2026 at 21:38:16"
Q43,25,750.0668754317576,0.09928603378065659,0.09928603378065659,2026-08-17T16:12:58.863393+00:00,"Run - Aug 17, 2026 at 21:38:16"
Q44,25,764.5656011080735,0.10139850961420543,0.10139850961420543,2026-08-17T16:12:58.910271+00:00,"Run - Aug 17, 2026 at 21:38:16"
Q45,25,779.5725128662759,0.10339884500590499,0.10339884500590499,2026-08-17T16:12:58.955632+00:00,"Run - Aug 17, 2026 at 21:38:16"
Q46,25,794.4489172482272,0.10542795979540229,0.10542795979540229,2026-08-17T16:12:59.007579+00:00,"Run - Aug 17, 2026 at 21:38:16"
Q47,25,808.8677955269806,0.10755797613571935,0.10755797613571935,2026-08-17T16:12:59.053970+00:00,"Run - Aug 17, 2026 at 21:38:16"
Q48,25,823.3008560754537,0.10968509077446478,0.10968509077446478,2026-08-17T16:12:59.104274+00:00,"Run - Aug 17, 2026 at 21:38:16"
Q49,25,839.3585967195049,0.11145302163536279,0.11145302163536279,2026-08-17T16:12:59.160868+00:00,"Run - Aug 17, 2026 at 21:38:16"
Q50,25,852.8050248850532,0.11379820011081096,0.11379820011081096,2026-08-17T16:12:59.253158+00:00,"Run - Aug 17, 2026 at 21:38:16"
Q51,25,867.8451595635936,0.11579080359457337,0.11579080359457337,2026-08-17T16:12:59.326009+00:00,"Run - Aug 17, 2026 at 21:38:16"
Q52,25,883.002846029434,0.11775754423311852,0.11775754423311852,2026-08-17T16:12:59.376087+00:00,"Run - Aug 17, 2026 at 21:38:16"
Q53,25,897.7721642426364,0.11981020369235705,0.11981020369235705,2026-08-17T16:12:59.422654+00:00,"Run - Aug 17, 2026 at 21:38:16"
Q54,25,912.1042543496263,0.12195982577774414,0.12195982577774414,2026-08-17T16:12:59.472304+00:00,"Run - Aug 17, 2026 at 21:38:16"
Q55,25,926.5426676804278,0.12408568656113865,0.12408568656113865,2026-08-17T16:12:59.516938+00:00,"Run - Aug 17, 2026 at 21:38:16"
Q56,25,941.4468410563665,0.12610831831953973,0.12610831831953973,2026-08-17T16:12:59.559296+00:00,"Run - Aug 17, 2026 at 21:38:16"
Q57,25,955.9266881633332,0.12822532307449483,0.12822532307449483,2026-08-17T16:12:59.608166+00:00,"Run - Aug 17, 2026 at 21:38:16"
Q58,25,970.5963055315398,0.13030014023429357,0.13030014023429357,2026-08-17T16:12:59.655973+00:00,"Run - Aug 17, 2026 at 21:38:16"
Q59,25,985.6076785461162,0.13229892770611204,0.13229892770611204,2026-08-17T16:12:59.698973+00:00,"Run - Aug 17, 2026 at 21:38:16"
Q60,25,1000.4023267771317,0.13434587077453897,0.13434587077453897,2026-08-17T16:12:59.740809+00:00,"Run - Aug 17, 2026 at 21:38:16"
Q61,25,1015.2037347977155,0.1363912130908845,0.1363912130908845,2026-08-17T16:12:59.783838+00:00,"Run - Aug 17, 2026 at 21:38:16"
Q62,25,1029.2683000323439,0.13860089914313614,0.13860089914313614,2026-08-17T16:12:59.825020+00:00,"Run - Aug 17, 2026 at 21:38:16"
Q63,25,1044.0362776891347,0.14065378909346474,0.14065378909346474,2026-08-17T16:12:59.864622+00:00,"Run - Aug 17, 2026 at 21:38:16"
Q64,25,1059.847548841758,0.1424737961092642,0.1424737961092642,2026-08-17T16:12:59.911734+00:00,"Run - Aug 17, 2026 at 21:38:16"
Q65,25,1073.8330690052373,0.14470128635675,0.14470128635675,2026-08-17T16:12:59.956451+00:00,"Run - Aug 17, 2026 at 21:38:16"
Q66,25,1087.9842415762153,0.14689193995111507,0.14689193995111507,2026-08-17T16:12:59.996268+00:00,"Run - Aug 17, 2026 at 21:38:16"
Q67,25,1103.4126486442844,0.14879722582403151,0.14879722582403151,2026-08-17T16:13:00.039293+00:00,"Run - Aug 17, 2026 at 21:38:16"
Q68,25,1118.1618905825828,0.15085417030632783,0.15085417030632783,2026-08-17T16:13:00.084010+00:00,"Run - Aug 17, 2026 at 21:38:16"
Q69,25,1132.5641413601072,0.15298874759648382,0.15298874759648382,2026-08-17T16:13:00.127759+00:00,"Run - Aug 17, 2026 at 21:38:16"
Q70,25,1147.2043933388277,0.15507018174393203,0.15507018174393203,2026-08-17T16:13:00.173883+00:00,"Run - Aug 17, 2026 at 21:38:16"
Q71,25,1161.633833144564,0.1571988515660616,0.1571988515660616,2026-08-17T16:13:00.211350+00:00,"Run - Aug 17, 2026 at 21:38:16"
Q72,25,1177.1216486425164,0.1590907850980137,0.1590907850980137,2026-08-17T16:13:00.253220+00:00,"Run - Aug 17, 2026 at 21:38:16"
Q73,25,1190.7148867473954,0.1614061885276956,0.1614061885276956,2026-08-17T16:13:00.360141+00:00,"Run - Aug 17, 2026 at 21:38:16"
Q74,25,1206.6869337975238,0.16318954580892225,0.16318954580892225,2026-08-17T16:13:00.399398+00:00,"Run - Aug 17, 2026 at 21:38:16"
Q75,25,1220.74142166037,0.16540211459626436,0.16540211459626436,2026-08-17T16:13:00.441511+00:00,"Run - Aug 17, 2026 at 21:38:16"
Q76,25,1236.1108269038787,0.16731977212791185,0.16731977212791185,2026-08-17T16:13:00.484245+00:00,"Run - Aug 17, 2026 at 21:38:16"
Q77,25,1249.5139275996873,0.16967874432818777,0.16967874432818777,2026-08-17T16:13:00.530230+00:00,"Run - Aug 17, 2026 at 21:38:16"
Q78,25,1265.547903571506,0.17144785233884627,0.17144785233884627,2026-08-17T16:13:00.570188+00:00,"Run - Aug 17, 2026 at 21:38:16"
Q79,25,1280.0654720860575,0.17355644495133946,0.17355644495133946,2026-08-17T16:13:00.613924+00:00,"Run - Aug 17, 2026 at 21:38:16"
Q80,25,1294.6539237004179,0.1756490585481078,0.1756490585481078,2026-08-17T16:13:00.656334+00:00,"Run - Aug 17, 2026 at 21:38:16"
Q81,25,1310.8292174604496,0.1773862764720118,0.1773862764720118,2026-08-17T16:13:00.693929+00:00,"Run - Aug 17, 2026 at 21:38:16"
Q82,25,1323.7714754910803,0.1798492166021968,0.1798492166021968,2026-08-17T16:13:00.734094+00:00,"Run - Aug 17, 2026 at 21:38:16"
Q83,25,1338.7124700136433,0.18186251631170855,0.18186251631170855,2026-08-17T16:13:00.779066+00:00,"Run - Aug 17, 2026 at 21:38:16"
Q84,25,1352.7419529226465,0.1840819777134886,0.1840819777134886,2026-08-17T16:13:00.824361+00:00,"Run - Aug 17, 2026 at 21:38:16"
Q85,25,1368.5466048961125,0.1859011259115385,0.1859011259115385,2026-08-17T16:13:00.871968+00:00,"Run - Aug 17, 2026 at 21:38:16"
Q86,25,1382.9737006590556,0.18803073157337769,0.18803073157337769,2026-08-17T16:13:00.918796+00:00,"Run - Aug 17, 2026 at 21:38:16"
Q87,25,1397.5635728936015,0.1901236642497372,0.1901236642497372,2026-08-17T16:13:00.964202+00:00,"Run - Aug 17, 2026 at 21:38:16"
Q88,25,1411.7646002566405,0.19230387906394933,0.19230387906394933,2026-08-17T16:13:01.008252+00:00,"Run - Aug 17, 2026 at 21:38:16"
Q89,25,1427.5376330520726,0.19413023713521022,0.19413023713521022,2026-08-17T16:13:01.060717+00:00,"Run - Aug 17, 2026 at 21:38:16"
Q90,25,1440.739653849049,0.1965355276067381,0.1965355276067381,2026-08-17T16:13:01.107762+00:00,"Run - Aug 17, 2026 at 21:38:16"
Q91,25,1455.618321455164,0.198563671578332,0.198563671578332,2026-08-17T16:13:01.151023+00:00,"Run - Aug 17, 2026 at 21:38:16"
Q92,25,1470.8101011672445,0.20052112296899466,0.20052112296899466,2026-08-17T16:13:01.196564+00:00,"Run - Aug 17, 2026 at 21:38:16"
Q93,25,1486.498475446853,0.20236649750033586,0.20236649750033586,2026-08-17T16:13:01.241658+00:00,"Run - Aug 17, 2026 at 21:38:16"
Q94,25,1501.206226119264,0.20443168992989344,0.20443168992989344,2026-08-17T16:13:01.288013+00:00,"Run - Aug 17, 2026 at 21:38:16"
Q95,25,1515.0281817575628,0.20669909087666447,0.20669909087666447,2026-08-17T16:13:01.352611+00:00,"Run - Aug 17, 2026 at 21:38:16"
Q96,25,1530.0990342187126,0.20868297020589746,0.20868297020589746,2026-08-17T16:13:01.398667+00:00,"Run - Aug 17, 2026 at 21:38:16"
Q97,25,1544.2089201298863,0.2108841970459629,0.2108841970459629,2026-08-17T16:13:01.451808+00:00,"Run - Aug 17, 2026 at 21:38:16"
Q98,25,1559.376381517273,0.2128462205225549,0.2128462205225549,2026-08-17T16:13:01.501976+00:00,"Run - Aug 17, 2026 at 21:38:16"
Q99,25,1573.7147345881986,0.2149963304433559,0.2149963304433559,2026-08-17T16:13:01.548158+00:00,"Run - Aug 17, 2026 at 21:38:16"
Q100,25,1588.0399052671862,0.21714898879305514,0.21714898879305514,2026-08-17T16:13:01.599516+00:00,"Run - Aug 17, 2026 at 21:38:16"
Q101,25,1603.225481659868,0.21910741643447662,0.21910741643447662,2026-08-17T16:13:01.650752+00:00,"Run - Aug 17, 2026 at 21:38:16"
Q102,25,1617.4962659754187,0.22127244156024883,0.22127244156024883,2026-08-17T16:13:01.701496+00:00,"Run - Aug 17, 2026 at 21:38:16"
Q103,25,1632.2516221763617,0.22332818131147933,0.22332818131147933,2026-08-17T16:13:01.747120+00:00,"Run - Aug 17, 2026 at 21:38:16"
Q104,25,1647.994752531576,0.2251606604325395,0.2251606604325395,2026-08-17T16:13:01.790892+00:00,"Run - Aug 17, 2026 at 21:38:16"
Q105,25,1661.357863144495,0.22753042967895226,0.22753042967895226,2026-08-17T16:13:01.840013+00:00,"Run - Aug 17, 2026 at 21:38:16"
Q106,25,1676.8572375961803,0.2294169739566629,0.2294169739566629,2026-08-17T16:13:01.884165+00:00,"Run - Aug 17, 2026 at 21:38:16"
Q107,25,1691.3720865325197,0.23152779973733398,0.23152779973733398,2026-08-17T16:13:01.929568+00:00,"Run - Aug 17, 2026 at 21:38:16"
Q108,25,1705.7200565797732,0.23367540654386962,0.23367540654386962,2026-08-17T16:13:01.973052+00:00,"Run - Aug 17, 2026 at 21:38:16"
Q109,25,1721.2958418468518,0.2355447457954115,0.2355447457954115,2026-08-17T16:13:02.017338+00:00,"Run - Aug 17, 2026 at 21:38:16"
Q110,25,1735.233457380287,0.23778598041589977,0.23778598041589977,2026-08-17T16:13:02.063420+00:00,"Run - Aug 17, 2026 at 21:38:16"
Q111,25,1749.7286521528488,0.2399004434463205,0.2399004434463205,2026-08-17T16:13:02.111138+00:00,"Run - Aug 17, 2026 at 21:38:16"
Q112,25,1764.3782425982188,0.2419798743783635,0.2419798743783635,2026-08-17T16:13:02.161813+00:00,"Run - Aug 17, 2026 at 21:38:16"
Q113,25,1780.5805644450584,0.24370839172000094,0.24370839172000094,2026-08-17T16:13:02.208148+00:00,"Run - Aug 17, 2026 at 21:38:16"
Q114,25,1795.2750230372021,0.24577534135762358,0.24577534135762358,2026-08-17T16:13:02.258771+00:00,"Run - Aug 17, 2026 at 21:38:16"
Q115,25,1808.589380850184,0.24815821121600204,0.24815821121600204,2026-08-17T16:13:02.310639+00:00,"Run - Aug 17, 2026 at 21:38:16"
Q116,25,1823.6250779644815,0.2501507242317889,0.2501507242317889,2026-08-17T16:13:02.355306+00:00,"Run - Aug 17, 2026 at 21:38:16"
Q117,25,1837.7221946568066,0.25235501725460324,0.25235501725460324,2026-08-17T16:13:02.407316+00:00,"Run - Aug 17, 2026 at 21:38:16"
Q118,25,1852.9837171827328,0.2542964004774838,0.2542964004774838,2026-08-17T16:13:02.450274+00:00,"Run - Aug 17, 2026 at 21:38:16"
Q119,25,1868.8263592312212,0.25610748452813853,0.25610748452813853,2026-08-17T16:13:02.509832+00:00,"Run - Aug 17, 2026 at 21:38:16"
Q120,25,1882.1061635310195,0.25849457265872683,0.25849457265872683,2026-08-17T16:13:02.555506+00:00,"Run - Aug 17, 2026 at 21:38:16"
Q121,25,1896.809810866305,0.2605618370940801,0.2605618370940801,2026-08-17T16:13:02.605196+00:00,"Run - Aug 17, 2026 at 21:38:16"
Q122,25,1912.2549215806443,0.2624605156484744,0.2624605156484744,2026-08-17T16:13:02.674660+00:00,"Run - Aug 17, 2026 at 21:38:16"
Q123,25,1927.955718640531,0.26430265360216515,0.26430265360216515,2026-08-17T16:13:02.723040+00:00,"Run - Aug 17, 2026 at 21:38:16"
Q124,25,1941.4567987846413,0.2666433782218467,0.2666433782218467,2026-08-17T16:13:02.767771+00:00,"Run - Aug 17, 2026 at 21:38:16"
Q125,25,1957.2128435929856,0.2684709843877239,0.2684709843877239,2026-08-17T16:13:02.813269+00:00,"Run - Aug 17, 2026 at 21:38:16"
Q126,25,1970.335683093395,0.2708972948407821,0.2708972948407821,2026-08-17T16:13:02.857573+00:00,"Run - Aug 17, 2026 at 21:38:16"
Q127,25,1985.2187198300833,0.27292390311347026,0.27292390311347026,2026-08-17T16:13:02.892745+00:00,"Run - Aug 17, 2026 at 21:38:16"
Q128,25,1999.6745654969536,0.27504620889134085,0.27504620889134085,2026-08-17T16:13:02.929501+00:00,"Run - Aug 17, 2026 at 21:38:16"
Q129,25,2014.3159998946678,0.27712744653770965,0.27712744653770965,2026-08-17T16:13:02.972893+00:00,"Run - Aug 17, 2026 at 21:38:16"
Q130,25,2029.3333797950406,0.27912476421829696,0.27912476421829696,2026-08-17T16:13:03.011834+00:00,"Run - Aug 17, 2026 at 21:38:16"
Q131,25,2043.730068022621,0.28126150651400245,0.28126150651400245,2026-08-17T16:13:03.050572+00:00,"Run - Aug 17, 2026 at 21:38:16"
Q132,25,2058.5585684539656,0.2833006660935686,0.2833006660935686,2026-08-17T16:13:03.096575+00:00,"Run - Aug 17, 2026 at 21:38:16"
Q0,26,117.62340596272446,0.010430651891285267,0.010430651891285267,2026-08-17T16:13:16.489337+00:00,"Run - Aug 17, 2026 at 21:38:16"
Q1,26,132.34399710146036,0.012496597092617965,0.012496597092617965,2026-08-17T16:13:16.535318+00:00,"Run - Aug 17, 2026 at 21:38:16"
Q2,26,147.09998087389914,0.01455465921549139,0.01455465921549139,2026-08-17T16:13:16.580924+00:00,"Run - Aug 17, 2026 at 21:38:16"
Q3,26,161.70157774658435,0.01663954438657333,0.01663954438657333,2026-08-17T16:13:16.625622+00:00,"Run - Aug 17, 2026 at 21:38:16"
Q4,26,176.50631251805345,0.01868880162001291,0.01868880162001291,2026-08-17T16:13:16.670634+00:00,"Run - Aug 17, 2026 at 21:38:16"
Q5,26,191.09391347732924,0.020777556552011606,0.020777556552011606,2026-08-17T16:13:16.716915+00:00,"Run - Aug 17, 2026 at 21:38:16"
Q6,26,205.7232911677925,0.022859805281568536,0.022859805281568536,2026-08-17T16:13:16.763320+00:00,"Run - Aug 17, 2026 at 21:38:16"
Q7,26,220.47331224292932,0.024918029075575568,0.024918029075575568,2026-08-17T16:13:16.807764+00:00,"Run - Aug 17, 2026 at 21:38:16"
Q8,26,235.18955891496415,0.02698274155837492,0.02698274155837492,2026-08-17T16:13:16.853871+00:00,"Run - Aug 17, 2026 at 21:38:16"
Q9,26,249.81994887361807,0.029065105489220006,0.029065105489220006,2026-08-17T16:13:16.899077+00:00,"Run - Aug 17, 2026 at 21:38:16"
Q10,26,264.67471457241226,0.031103475244665085,0.031103475244665085,2026-08-17T16:13:16.947841+00:00,"Run - Aug 17, 2026 at 21:38:16"
Q11,26,279.18070884082624,0.03320971693372336,0.03320971693372336,2026-08-17T16:13:16.992195+00:00,"Run - Aug 17, 2026 at 21:38:16"
Q12,26,293.97507125769147,0.035259503934283364,0.035259503934283364,2026-08-17T16:13:17.053515+00:00,"Run - Aug 17, 2026 at 21:38:16"
Q13,26,308.7365532505851,0.03731387929393924,0.03731387929393924,2026-08-17T16:13:17.104064+00:00,"Run - Aug 17, 2026 at 21:38:16"
Q14,26,323.3118403386691,0.039408373249976765,0.039408373249976765,2026-08-17T16:13:17.150506+00:00,"Run - Aug 17, 2026 at 21:38:16"
Q15,26,338.04498569025026,0.041470199302824494,0.041470199302824494,2026-08-17T16:13:17.198908+00:00,"Run - Aug 17, 2026 at 21:38:16"
Q16,26,352.7406369909131,0.04353913223183184,0.04353913223183184,2026-08-17T16:13:17.243655+00:00,"Run - Aug 17, 2026 at 21:38:16"
Q17,26,367.6420140882067,0.045565238133585144,0.045565238133585144,2026-08-17T16:13:17.291447+00:00,"Run - Aug 17, 2026 at 21:38:16"
Q18,26,382.2337275954139,0.04765586033774204,0.04765586033774204,2026-08-17T16:13:17.338062+00:00,"Run - Aug 17, 2026 at 21:38:16"
Q19,26,396.6285281890687,0.04978880383252944,0.04978880383252944,2026-08-17T16:13:17.381673+00:00,"Run - Aug 17, 2026 at 21:38:16"
Q20,26,411.6112185503678,0.051795828323965606,0.051795828323965606,2026-08-17T16:13:17.427360+00:00,"Run - Aug 17, 2026 at 21:38:16"
Q21,26,426.1944785847416,0.05388966366705532,0.05388966366705532,2026-08-17T16:13:17.472067+00:00,"Run - Aug 17, 2026 at 21:38:16"
Q22,26,441.4085196551861,0.055848780073799106,0.055848780073799106,2026-08-17T16:13:17.536364+00:00,"Run - Aug 17, 2026 at 21:38:16"
Q23,26,455.43684271919733,0.058059818841426365,0.058059818841426365,2026-08-17T16:13:17.585622+00:00,"Run - Aug 17, 2026 at 21:38:16"
Q24,26,470.2243711130804,0.0601091403281136,0.0601091403281136,2026-08-17T16:13:17.632893+00:00,"Run - Aug 17, 2026 at 21:38:16"
Q25,26,485.40019787861803,0.06207632668923403,0.06207632668923403,2026-08-17T16:13:17.683194+00:00,"Run - Aug 17, 2026 at 21:38:16"
Q26,26,500.0377323271752,0.06415674558270548,0.06415674558270548,2026-08-17T16:13:17.733825+00:00,"Run - Aug 17, 2026 at 21:38:16"
Q27,26,514.3331699878959,0.06631204260638972,0.06631204260638972,2026-08-17T16:13:17.779057+00:00,"Run - Aug 17, 2026 at 21:38:16"
Q28,26,529.259828418445,0.06833175071439887,0.06833175071439887,2026-08-17T16:13:17.822444+00:00,"Run - Aug 17, 2026 at 21:38:16"
Q29,26,544.1225218929009,0.0703640500528155,0.0703640500528155,2026-08-17T16:13:17.867291+00:00,"Run - Aug 17, 2026 at 21:38:16"
Q30,26,558.2511185044767,0.07255608795330551,0.07255608795330551,2026-08-17T16:13:17.910032+00:00,"Run - Aug 17, 2026 at 21:38:16"
Q31,26,573.3991439592799,0.07452665470993375,0.07452665470993375,2026-08-17T16:13:17.955210+00:00,"Run - Aug 17, 2026 at 21:38:16"
Q32,26,588.0621161446356,0.07660353177172799,0.07660353177172799,2026-08-17T16:13:17.999993+00:00,"Run - Aug 17, 2026 at 21:38:16"
Q33,26,602.7292743590526,0.07867831419928739,0.07867831419928739,2026-08-17T16:13:18.047415+00:00,"Run - Aug 17, 2026 at 21:38:16"
Q34,26,617.899051614443,0.08064461455864536,0.08064461455864536,2026-08-17T16:13:18.092157+00:00,"Run - Aug 17, 2026 at 21:38:16"
Q35,26,631.9966552513973,0.08284380862380142,0.08284380862380142,2026-08-17T16:13:18.144275+00:00,"Run - Aug 17, 2026 at 21:38:16"
Q36,26,646.9569701678623,0.08485548870794453,0.08485548870794453,2026-08-17T16:13:18.193608+00:00,"Run - Aug 17, 2026 at 21:38:16"
Q37,26,661.0166679313628,0.0870636135937977,0.0870636135937977,2026-08-17T16:13:18.274210+00:00,"Run - Aug 17, 2026 at 21:38:16"
Q38,26,675.8674434850843,0.08909846453234131,0.08909846453234131,2026-08-17T16:13:18.311004+00:00,"Run - Aug 17, 2026 at 21:38:16"
Q39,26,690.7233760470792,0.09113226582256603,0.09113226582256603,2026-08-17T16:13:18.388183+00:00,"Run - Aug 17, 2026 at 21:38:16"
Q40,26,705.3557265457464,0.09321537324997678,0.09321537324997678,2026-08-17T16:13:18.473815+00:00,"Run - Aug 17, 2026 at 21:38:16"
Q41,26,720.2206387946372,0.0952471537258011,0.0952471537258011,2026-08-17T16:13:18.523464+00:00,"Run - Aug 17, 2026 at 21:38:16"
Q42,26,734.7870444054569,0.09734481575170852,0.09734481575170852,2026-08-17T16:13:18.593487+00:00,"Run - Aug 17, 2026 at 21:38:16"
Q43,26,749.6375860360316,0.09937972963528793,0.09937972963528793,2026-08-17T16:13:18.643388+00:00,"Run - Aug 17, 2026 at 21:38:16"
Q44,26,763.9066668200591,0.10154295084641224,0.10154295084641224,2026-08-17T16:13:18.688396+00:00,"Run - Aug 17, 2026 at 21:38:16"
Q45,26,778.9644917929302,0.10353215503502572,0.10353215503502572,2026-08-17T16:13:18.731938+00:00,"Run - Aug 17, 2026 at 21:38:16"
Q46,26,793.8731180006449,0.10555427176783222,0.10555427176783222,2026-08-17T16:13:18.806988+00:00,"Run - Aug 17, 2026 at 21:38:16"
Q47,26,808.1669436210826,0.10771212803749589,0.10771212803749589,2026-08-17T16:13:18.841768+00:00,"Run - Aug 17, 2026 at 21:38:16"
Q48,26,822.6172845840975,0.10983555410665909,0.10983555410665909,2026-08-17T16:13:18.900995+00:00,"Run - Aug 17, 2026 at 21:38:16"
Q49,26,838.759713880122,0.1115848339461501,0.1115848339461501,2026-08-17T16:13:19.509191+00:00,"Run - Aug 17, 2026 at 21:38:16"
Q50,26,852.3209877734873,0.11390475263883923,0.11390475263883923,2026-08-17T16:13:19.624815+00:00,"Run - Aug 17, 2026 at 21:38:16"
Q51,26,867.3460362260603,0.1159008040529264,0.1159008040529264,2026-08-17T16:13:19.674867+00:00,"Run - Aug 17, 2026 at 21:38:16"
Q52,26,882.3310468861287,0.11790591079360141,0.11790591079360141,2026-08-17T16:13:19.748408+00:00,"Run - Aug 17, 2026 at 21:38:16"
Q53,26,897.1409927000371,0.11994967236200446,0.11994967236200446,2026-08-17T16:13:19.802029+00:00,"Run - Aug 17, 2026 at 21:38:16"
Q54,26,911.4166820084074,0.12211194670733455,0.12211194670733455,2026-08-17T16:13:19.855313+00:00,"Run - Aug 17, 2026 at 21:38:16"
Q55,26,926.0124600509725,0.12420298936016037,0.12420298936016037,2026-08-17T16:13:19.886916+00:00,"Run - Aug 17, 2026 at 21:38:16"
Q56,26,940.738671949503,0.12626526939829424,0.12626526939829424,2026-08-17T16:13:19.984862+00:00,"Run - Aug 17, 2026 at 21:38:16"
Q57,26,955.4087591554364,0.12834008686644208,0.12834008686644208,2026-08-17T16:13:20.121994+00:00,"Run - Aug 17, 2026 at 21:38:16"
Q58,26,969.7560130840299,0.1304867488540986,0.1304867488540986,2026-08-17T16:13:20.233339+00:00,"Run - Aug 17, 2026 at 21:38:16"
Q59,26,984.9531767607692,0.132444275618677,0.132444275618677,2026-08-17T16:13:20.308637+00:00,"Run - Aug 17, 2026 at 21:38:16"
Q60,26,999.823508303761,0.13447446988929262,0.13447446988929262,2026-08-17T16:13:20.407190+00:00,"Run - Aug 17, 2026 at 21:38:16"
Q61,26,1014.6146046315362,0.13652220535931128,0.13652220535931128,2026-08-17T16:13:20.501718+00:00,"Run - Aug 17, 2026 at 21:38:16"
Q62,26,1028.5631667302544,0.138757853903768,0.138757853903768,2026-08-17T16:13:20.623021+00:00,"Run - Aug 17, 2026 at 21:38:16"
Q63,26,1043.256718048149,0.1408274660291181,0.1408274660291181,2026-08-17T16:13:20.784189+00:00,"Run - Aug 17, 2026 at 21:38:16"
Q64,26,1059.1604236687183,0.14262694353861144,0.14262694353861144,2026-08-17T16:13:20.865392+00:00,"Run - Aug 17, 2026 at 21:38:16"
Q65,26,1073.246264027105,0.14483213088305216,0.14483213088305216,2026-08-17T16:13:20.935160+00:00,"Run - Aug 17, 2026 at 21:38:16"
Q66,26,1087.400569602489,0.14702217140552995,0.14702217140552995,2026-08-17T16:13:21.058581+00:00,"Run - Aug 17, 2026 at 21:38:16"
Q67,26,1102.773639006796,0.14893989783779535,0.14893989783779535,2026-08-17T16:13:21.124122+00:00,"Run - Aug 17, 2026 at 21:38:16"
Q68,26,1117.6136174738717,0.15097667893519362,0.15097667893519362,2026-08-17T16:13:21.248345+00:00,"Run - Aug 17, 2026 at 21:38:16"
Q69,26,1131.7810608641437,0.1531638453880487,0.1531638453880487,2026-08-17T16:13:21.458162+00:00,"Run - Aug 17, 2026 at 21:38:16"
Q70,26,1146.140982626739,0.15530809635483234,0.15530809635483234,2026-08-17T16:13:21.570027+00:00,"Run - Aug 17, 2026 at 21:38:16"
Q71,26,1160.7671550202767,0.15739282725226303,0.15739282725226303,2026-08-17T16:13:21.879174+00:00,"Run - Aug 17, 2026 at 21:38:16"
Q72,26,1176.4370413430815,0.1592440859262979,0.1592440859262979,2026-08-17T16:13:22.001279+00:00,"Run - Aug 17, 2026 at 21:38:16"
Q73,26,1190.0796970610236,0.16154853501057884,0.16154853501057884,2026-08-17T16:13:22.120094+00:00,"Run - Aug 17, 2026 at 21:38:16"
Q74,26,1205.9824537301963,0.1633474714229883,0.1633474714229883,2026-08-17T16:13:22.209013+00:00,"Run - Aug 17, 2026 at 21:38:16"
Q75,26,1219.6816090897512,0.16563978372883,0.16563978372883,2026-08-17T16:13:22.260523+00:00,"Run - Aug 17, 2026 at 21:38:16"
Q76,26,1234.9158692786496,0.16758787659458438,0.16758787659458438,2026-08-17T16:13:22.309340+00:00,"Run - Aug 17, 2026 at 21:38:16"
Q77,26,1248.8100570591278,0.16983678597186852,0.16983678597186852,2026-08-17T16:13:22.354686+00:00,"Run - Aug 17, 2026 at 21:38:16"
Q78,26,1264.8090699791135,0.1716138118223139,0.1716138118223139,2026-08-17T16:13:22.401472+00:00,"Run - Aug 17, 2026 at 21:38:16"
Q79,26,1279.3602094278647,0.1737149863057498,0.1737149863057498,2026-08-17T16:13:22.451907+00:00,"Run - Aug 17, 2026 at 21:38:16"
Q80,26,1293.7529998375755,0.17585165012064025,0.17585165012064025,2026-08-17T16:13:22.496344+00:00,"Run - Aug 17, 2026 at 21:38:16"
Q81,26,1309.889870774732,0.17759766296048188,0.17759766296048188,2026-08-17T16:13:22.545903+00:00,"Run - Aug 17, 2026 at 21:38:16"
Q82,26,1322.856191916048,0.18005520501364747,0.18005520501364747,2026-08-17T16:13:22.596268+00:00,"Run - Aug 17, 2026 at 21:38:16"
Q83,26,1337.7823622099709,0.18207193872896896,0.18207193872896896,2026-08-17T16:13:22.643354+00:00,"Run - Aug 17, 2026 at 21:38:16"
Q84,26,1351.9735371488534,0.18425505468946335,0.18425505468946335,2026-08-17T16:13:22.692157+00:00,"Run - Aug 17, 2026 at 21:38:16"
Q85,26,1367.587805718414,0.18611717613680231,0.18611717613680231,2026-08-17T16:13:22.740719+00:00,"Run - Aug 17, 2026 at 21:38:16"
Q86,26,1382.1720828657415,0.18821143347215463,0.18821143347215463,2026-08-17T16:13:22.790509+00:00,"Run - Aug 17, 2026 at 21:38:16"
Q87,26,1396.3861244838329,0.19038906795387775,0.19038906795387775,2026-08-17T16:13:22.840453+00:00,"Run - Aug 17, 2026 at 21:38:16"
Q88,26,1410.5422046195717,0.1925794129071612,0.1925794129071612,2026-08-17T16:13:22.891145+00:00,"Run - Aug 17, 2026 at 21:38:16"
Q89,26,1426.4061466185958,0.19438533138683595,0.19438533138683595,2026-08-17T16:13:22.944882+00:00,"Run - Aug 17, 2026 at 21:38:16"
Q90,26,1439.9255828623498,0.19671933358484778,0.19671933358484778,2026-08-17T16:13:23.002289+00:00,"Run - Aug 17, 2026 at 21:38:16"
Q91,26,1454.7923935839458,0.19875021467700982,0.19875021467700982,2026-08-17T16:13:23.051964+00:00,"Run - Aug 17, 2026 at 21:38:16"
Q92,26,1469.9660541693886,0.2007118170398592,0.2007118170398592,2026-08-17T16:13:23.102194+00:00,"Run - Aug 17, 2026 at 21:38:16"
Q93,26,1485.188279423471,0.20266227897482,0.20266227897482,2026-08-17T16:13:23.152868+00:00,"Run - Aug 17, 2026 at 21:38:16"
Q94,26,1500.1065193726724,0.2046803272996335,0.2046803272996335,2026-08-17T16:13:23.206439+00:00,"Run - Aug 17, 2026 at 21:38:16"
Q95,26,1514.1569225507117,0.20689612558937562,0.20689612558937562,2026-08-17T16:13:23.258539+00:00,"Run - Aug 17, 2026 at 21:38:16"
Q96,26,1528.7160326961798,0.20899546600935956,0.20899546600935956,2026-08-17T16:13:23.312644+00:00,"Run - Aug 17, 2026 at 21:38:16"
Q97,26,1543.3254790907959,0.2110841296352881,0.2110841296352881,2026-08-17T16:13:23.442608+00:00,"Run - Aug 17, 2026 at 21:38:16"
Q98,26,1558.292930410702,0.2130914688555983,0.2130914688555983,2026-08-17T16:13:23.517827+00:00,"Run - Aug 17, 2026 at 21:38:16"
Q99,26,1572.8596157964705,0.2151900740879259,0.2151900740879259,2026-08-17T16:13:23.571456+00:00,"Run - Aug 17, 2026 at 21:38:16"
Q100,26,1587.1369939281608,0.21735352554743848,0.21735352554743848,2026-08-17T16:13:23.623349+00:00,"Run - Aug 17, 2026 at 21:38:16"
Q101,26,1601.8317489002104,0.219422779530278,0.219422779530278,2026-08-17T16:13:23.672317+00:00,"Run - Aug 17, 2026 at 21:38:16"
Q102,26,1616.5756603574364,0.22148110925928832,0.22148110925928832,2026-08-17T16:13:23.728047+00:00,"Run - Aug 17, 2026 at 21:38:16"
Q103,26,1631.321625901964,0.22353903421549426,0.22353903421549426,2026-08-17T16:13:23.776756+00:00,"Run - Aug 17, 2026 at 21:38:16"
Q104,26,1647.084815660108,0.22536711747732588,0.22536711747732588,2026-08-17T16:13:23.828331+00:00,"Run - Aug 17, 2026 at 21:38:16"
Q105,26,1660.4171749859418,0.22774383761561773,0.22774383761561773,2026-08-17T16:13:23.878910+00:00,"Run - Aug 17, 2026 at 21:38:16"
Q106,26,1675.3977468352873,0.22974764590202057,0.22974764590202057,2026-08-17T16:13:23.935711+00:00,"Run - Aug 17, 2026 at 21:38:16"
Q107,26,1690.4025468414131,0.23174786027283178,0.23174786027283178,2026-08-17T16:13:23.988012+00:00,"Run - Aug 17, 2026 at 21:38:16"
Q108,26,1704.800239450643,0.23388436866642942,0.23388436866642942,2026-08-17T16:13:24.053873+00:00,"Run - Aug 17, 2026 at 21:38:16"
Q109,26,1719.7925723500518,0.23588565981027598,0.23588565981027598,2026-08-17T16:13:24.101180+00:00,"Run - Aug 17, 2026 at 21:38:16"
Q110,26,1734.2438396750367,0.23801077733782625,0.23801077733782625,2026-08-17T16:13:24.156284+00:00,"Run - Aug 17, 2026 at 21:38:16"
Q111,26,1748.7348470197508,0.24012625110763858,0.24012625110763858,2026-08-17T16:13:24.207368+00:00,"Run - Aug 17, 2026 at 21:38:16"
Q112,26,1762.8565842782732,0.24232508831528712,0.24232508831528712,2026-08-17T16:13:24.261129+00:00,"Run - Aug 17, 2026 at 21:38:16"
Q113,26,1778.647238654172,0.24414661777417734,0.24414661777417734,2026-08-17T16:13:24.308432+00:00,"Run - Aug 17, 2026 at 21:38:16"
Q114,26,1793.6981799554735,0.24613324595496203,0.24613324595496203,2026-08-17T16:13:24.359021+00:00,"Run - Aug 17, 2026 at 21:38:16"
Q115,26,1807.5612270135537,0.24839206352192647,0.24839206352192647,2026-08-17T16:13:24.411589+00:00,"Run - Aug 17, 2026 at 21:38:16"
Q116,26,1821.8828395838657,0.2505462096563839,0.2505462096563839,2026-08-17T16:13:24.464261+00:00,"Run - Aug 17, 2026 at 21:38:16"
Q117,26,1836.6828174792515,0.25259153343975566,0.25259153343975566,2026-08-17T16:13:24.879956+00:00,"Run - Aug 17, 2026 at 21:38:16"
Q118,26,1851.5987145765437,0.2546113899130794,0.2546113899130794,2026-08-17T16:13:24.941334+00:00,"Run - Aug 17, 2026 at 21:38:16"
Q119,26,1867.4634366340633,0.25641760600591373,0.25641760600591373,2026-08-17T16:13:24.987743+00:00,"Run - Aug 17, 2026 at 21:38:16"
Q120,26,1880.645893278091,0.2588263801998823,0.2588263801998823,2026-08-17T16:13:25.043121+00:00,"Run - Aug 17, 2026 at 21:38:16"
Q121,26,1895.7315472349737,0.260807416882443,0.260807416882443,2026-08-17T16:13:25.092165+00:00,"Run - Aug 17, 2026 at 21:38:16"
Q122,26,1910.9297955562836,0.2627622780789995,0.2627622780789995,2026-08-17T16:13:25.139885+00:00,"Run - Aug 17, 2026 at 21:38:16"
Q123,26,1926.8259697889227,0.2645600170603664,0.2645600170603664,2026-08-17T16:13:25.185704+00:00,"Run - Aug 17, 2026 at 21:38:16"
Q124,26,1940.4007501046196,0.266884180910847,0.266884180910847,2026-08-17T16:13:25.232505+00:00,"Run - Aug 17, 2026 at 21:38:16"
Q125,26,1955.8989914088993,0.2687704911666567,0.2687704911666567,2026-08-17T16:13:25.280733+00:00,"Run - Aug 17, 2026 at 21:38:16"
Q126,26,1968.634131892519,0.27128436036845743,0.27128436036845743,2026-08-17T16:13:25.328429+00:00,"Run - Aug 17, 2026 at 21:38:16"
Q127,26,1984.0865768250985,0.2731820415814454,0.2731820415814454,2026-08-17T16:13:25.376674+00:00,"Run - Aug 17, 2026 at 21:38:16"
Q128,26,1997.9489874950032,0.275438896138005,0.275438896138005,2026-08-17T16:13:25.429948+00:00,"Run - Aug 17, 2026 at 21:38:16"
Q129,26,2013.1733442235986,0.2773881141372,0.2773881141372,2026-08-17T16:13:25.489841+00:00,"Run - Aug 17, 2026 at 21:38:16"
Q130,26,2028.1760929935679,0.2793887854641755,0.2793887854641755,2026-08-17T16:13:25.541580+00:00,"Run - Aug 17, 2026 at 21:38:16"
Q131,26,2042.5705639242008,0.28152609291396685,0.28152609291396685,2026-08-17T16:13:25.589250+00:00,"Run - Aug 17, 2026 at 21:38:16"
Q132,26,2057.3882108145217,0.28356776930194166,0.28356776930194166,2026-08-17T16:13:25.632914+00:00,"Run - Aug 17, 2026 at 21:38:16"
Q0,27,117.49781316832048,0.010449391998350115,0.010449391998350115,2026-08-17T16:13:36.352437+00:00,"Run - Aug 17, 2026 at 21:38:16"
Q1,27,132.20222231113098,0.012519044156519428,0.012519044156519428,2026-08-17T16:13:36.401474+00:00,"Run - Aug 17, 2026 at 21:38:16"
Q2,27,146.94133011443452,0.014580967806395334,0.014580967806395334,2026-08-17T16:13:36.449037+00:00,"Run - Aug 17, 2026 at 21:38:16"
Q3,27,161.54778875176285,0.016665455422414842,0.016665455422414842,2026-08-17T16:13:36.500788+00:00,"Run - Aug 17, 2026 at 21:38:16"
Q4,27,176.33641969599003,0.018718354670885017,0.018718354670885017,2026-08-17T16:13:36.555831+00:00,"Run - Aug 17, 2026 at 21:38:16"
Q5,27,190.9009872259583,0.020812429095838643,0.020812429095838643,2026-08-17T16:13:36.609224+00:00,"Run - Aug 17, 2026 at 21:38:16"
Q6,27,205.50499191994098,0.022900130616274893,0.022900130616274893,2026-08-17T16:13:36.666168+00:00,"Run - Aug 17, 2026 at 21:38:16"
Q7,27,220.23825394157592,0.02496221276726218,0.02496221276726218,2026-08-17T16:13:36.719543+00:00,"Run - Aug 17, 2026 at 21:38:16"
Q8,27,234.93840380330695,0.027030656377849772,0.027030656377849772,2026-08-17T16:13:36.774564+00:00,"Run - Aug 17, 2026 at 21:38:16"
Q9,27,249.59069148524586,0.029108832691528874,0.029108832691528874,2026-08-17T16:13:36.827894+00:00,"Run - Aug 17, 2026 at 21:38:16"
Q10,27,264.42114009227885,0.03115254449897538,0.03115254449897538,2026-08-17T16:13:36.908879+00:00,"Run - Aug 17, 2026 at 21:38:16"
Q11,27,278.88435330002704,0.03326818125564237,0.03326818125564237,2026-08-17T16:13:36.973213+00:00,"Run - Aug 17, 2026 at 21:38:16"
Q12,27,293.7037743365145,0.03531301838386459,0.03531301838386459,2026-08-17T16:13:37.041018+00:00,"Run - Aug 17, 2026 at 21:38:16"
Q13,27,308.4055854408315,0.03738030121663832,0.03738030121663832,2026-08-17T16:13:37.112289+00:00,"Run - Aug 17, 2026 at 21:38:16"
Q14,27,322.9675396320225,0.03947794235000845,0.03947794235000845,2026-08-17T16:13:37.322448+00:00,"Run - Aug 17, 2026 at 21:38:16"
Q15,27,337.7728420944538,0.0415246728601382,0.0415246728601382,2026-08-17T16:13:37.390389+00:00,"Run - Aug 17, 2026 at 21:38:16"
Q16,27,352.36421514781233,0.04361613743025852,0.04361613743025852,2026-08-17T16:13:37.442823+00:00,"Run - Aug 17, 2026 at 21:38:16"
Q17,27,367.2887685798207,0.04563750811556368,0.04563750811556368,2026-08-17T16:13:37.492823+00:00,"Run - Aug 17, 2026 at 21:38:16"
Q18,27,381.8239239501284,0.04774057674977833,0.04774057674977833,2026-08-17T16:13:37.553309+00:00,"Run - Aug 17, 2026 at 21:38:16"
Q19,27,396.2666702544564,0.04986350848018428,0.04986350848018428,2026-08-17T16:13:37.608013+00:00,"Run - Aug 17, 2026 at 21:38:16"
Q20,27,411.17029976269265,0.05188780026568378,0.05188780026568378,2026-08-17T16:13:37.665046+00:00,"Run - Aug 17, 2026 at 21:38:16"
Q21,27,425.80211095187326,0.05397141027873906,0.05397141027873906,2026-08-17T16:13:37.710441+00:00,"Run - Aug 17, 2026 at 21:38:16"
Q22,27,440.9282541535553,0.0559497137459127,0.0559497137459127,2026-08-17T16:13:37.807165+00:00,"Run - Aug 17, 2026 at 21:38:16"
Q23,27,454.95396910545924,0.05816161449848844,0.05816161449848844,2026-08-17T16:13:37.891732+00:00,"Run - Aug 17, 2026 at 21:38:16"
Q24,27,469.7790024684208,0.06020300046314059,0.06020300046314059,2026-08-17T16:13:37.941402+00:00,"Run - Aug 17, 2026 at 21:38:16"
Q25,27,484.87472158906945,0.062187798663005764,0.062187798663005764,2026-08-17T16:13:38.035631+00:00,"Run - Aug 17, 2026 at 21:38:16"
Q26,27,499.62895035431956,0.06424305156590387,0.06424305156590387,2026-08-17T16:13:38.339032+00:00,"Run - Aug 17, 2026 at 21:38:16"
Q27,27,513.7852946117551,0.0664288926994329,0.0664288926994329,2026-08-17T16:13:38.517673+00:00,"Run - Aug 17, 2026 at 21:38:16"
Q28,27,528.7534823397369,0.06843973039647834,0.06843973039647834,2026-08-17T16:13:38.585806+00:00,"Run - Aug 17, 2026 at 21:38:16"
Q29,27,543.5990953488459,0.07047595117363266,0.07047595117363266,2026-08-17T16:13:38.640249+00:00,"Run - Aug 17, 2026 at 21:38:16"
Q30,27,557.6594780209448,0.072683152843468,0.072683152843468,2026-08-17T16:13:38.689015+00:00,"Run - Aug 17, 2026 at 21:38:16"
Q31,27,572.7829404148015,0.0746592967225153,0.0746592967225153,2026-08-17T16:13:38.748830+00:00,"Run - Aug 17, 2026 at 21:38:16"
Q32,27,587.4995036860112,0.07672461378601668,0.07672461378601668,2026-08-17T16:13:38.810415+00:00,"Run - Aug 17, 2026 at 21:38:16"
Q33,27,602.0828843105214,0.0788179824963914,0.0788179824963914,2026-08-17T16:13:39.117613+00:00,"Run - Aug 17, 2026 at 21:38:16"
Q34,27,617.2276719990716,0.08078994363301688,0.08078994363301688,2026-08-17T16:13:39.278984+00:00,"Run - Aug 17, 2026 at 21:38:16"
Q35,27,631.4134545562875,0.08296998376574505,0.08296998376574505,2026-08-17T16:13:39.341542+00:00,"Run - Aug 17, 2026 at 21:38:16"
Q36,27,646.2607415356216,0.08500668299507488,0.08500668299507488,2026-08-17T16:13:39.434344+00:00,"Run - Aug 17, 2026 at 21:38:16"
Q37,27,660.3172159968286,0.08721572700081327,0.08721572700081327,2026-08-17T16:13:39.526543+00:00,"Run - Aug 17, 2026 at 21:38:16"
Q38,27,675.1492569190368,0.08925489458762073,0.08925489458762073,2026-08-17T16:13:39.644953+00:00,"Run - Aug 17, 2026 at 21:38:16"
Q39,27,690.0268128598613,0.0912841062180028,0.0912841062180028,2026-08-17T16:13:39.687771+00:00,"Run - Aug 17, 2026 at 21:38:16"
Q40,27,704.7071497362681,0.09335681183062283,0.09335681183062283,2026-08-17T16:13:39.720814+00:00,"Run - Aug 17, 2026 at 21:38:16"
Q41,27,719.4501528703559,0.09541566830669897,0.09541566830669897,2026-08-17T16:13:39.770572+00:00,"Run - Aug 17, 2026 at 21:38:16"
Q42,27,734.0033997308956,0.09751641539092193,0.09751641539092193,2026-08-17T16:13:39.846078+00:00,"Run - Aug 17, 2026 at 21:38:16"
Q43,27,748.8352113166853,0.0995556446885488,0.0995556446885488,2026-08-17T16:13:39.896883+00:00,"Run - Aug 17, 2026 at 21:38:16"
Q44,27,763.0969632489973,0.10172066548376871,0.10172066548376871,2026-08-17T16:13:39.934896+00:00,"Run - Aug 17, 2026 at 21:38:16"
Q45,27,778.1319937978227,0.1037150813549584,0.1037150813549584,2026-08-17T16:13:40.002551+00:00,"Run - Aug 17, 2026 at 21:38:16"
Q46,27,793.1137674720503,0.10572116854129611,0.10572116854129611,2026-08-17T16:13:40.621136+00:00,"Run - Aug 17, 2026 at 21:38:16"
Q47,27,807.3067626233268,0.1079015254750272,0.1079015254750272,2026-08-17T16:13:40.739619+00:00,"Run - Aug 17, 2026 at 21:38:16"
Q48,27,821.7462206134695,0.1100275314251872,0.1100275314251872,2026-08-17T16:13:40.813070+00:00,"Run - Aug 17, 2026 at 21:38:16"
Q49,27,837.8445887340141,0.11178672734625682,0.11178672734625682,2026-08-17T16:13:40.889031+00:00,"Run - Aug 17, 2026 at 21:38:16"
Q50,27,851.4124123421475,0.11410537312340302,0.11410537312340302,2026-08-17T16:13:40.967948+00:00,"Run - Aug 17, 2026 at 21:38:16"
Q51,27,866.516965691294,0.11608394529138842,0.11608394529138842,2026-08-17T16:13:41.024684+00:00,"Run - Aug 17, 2026 at 21:38:16"
Q52,27,881.5076546720884,0.11808792706947054,0.11808792706947054,2026-08-17T16:13:41.066636+00:00,"Run - Aug 17, 2026 at 21:38:16"
Q53,27,896.1709647807185,0.12016441206768268,0.12016441206768268,2026-08-17T16:13:41.139079+00:00,"Run - Aug 17, 2026 at 21:38:16"
Q54,27,910.5457420412289,0.12230482450719961,0.12230482450719961,2026-08-17T16:13:41.189878+00:00,"Run - Aug 17, 2026 at 21:38:16"
Q55,27,925.0212390207155,0.12442276206587473,0.12442276206587473,2026-08-17T16:13:41.334219+00:00,"Run - Aug 17, 2026 at 21:38:16"
Q56,27,939.7311587123443,0.12648882092679029,0.12648882092679029,2026-08-17T16:13:41.389505+00:00,"Run - Aug 17, 2026 at 21:38:16"
Q57,27,954.3860541955444,0.12856717138575874,0.12856717138575874,2026-08-17T16:13:41.467205+00:00,"Run - Aug 17, 2026 at 21:38:16"
Q58,27,968.8660503044202,0.13068443497191876,0.13068443497191876,2026-08-17T16:13:41.546759+00:00,"Run - Aug 17, 2026 at 21:38:16"
Q59,27,983.8960835869116,0.1326793172212832,0.1326793172212832,2026-08-17T16:13:41.823195+00:00,"Run - Aug 17, 2026 at 21:38:16"
Q60,27,998.8645060858864,0.13468783336625728,0.13468783336625728,2026-08-17T16:13:42.270516+00:00,"Run - Aug 17, 2026 at 21:38:16"
Q61,27,1013.5208289247826,0.13676571892778738,0.13676571892778738,2026-08-17T16:13:42.343038+00:00,"Run - Aug 17, 2026 at 21:38:16"
Q62,27,1027.6185521452135,0.13896826345198673,0.13896826345198673,2026-08-17T16:13:42.413583+00:00,"Run - Aug 17, 2026 at 21:38:16"
Q63,27,1042.268639536196,0.14104773154255676,0.14104773154255676,2026-08-17T16:13:42.464879+00:00,"Run - Aug 17, 2026 at 21:38:16"
Q64,27,1058.3198612801982,0.1428144598616384,0.1428144598616384,2026-08-17T16:13:42.537347+00:00,"Run - Aug 17, 2026 at 21:38:16"
Q65,27,1072.2185253815308,0.14506152061504116,0.14506152061504116,2026-08-17T16:13:42.615126+00:00,"Run - Aug 17, 2026 at 21:38:16"
Q66,27,1086.2419033420442,0.14728088171819784,0.14728088171819784,2026-08-17T16:13:42.669056+00:00,"Run - Aug 17, 2026 at 21:38:16"
Q67,27,1101.585997058944,0.14920522135767372,0.14920522135767372,2026-08-17T16:13:42.737715+00:00,"Run - Aug 17, 2026 at 21:38:16"
Q68,27,1116.4074526020877,0.1512462812570838,0.1512462812570838,2026-08-17T16:13:42.791710+00:00,"Run - Aug 17, 2026 at 21:38:16"
Q69,27,1130.5695600307179,0.15343477777949072,0.15343477777949072,2026-08-17T16:13:42.852099+00:00,"Run - Aug 17, 2026 at 21:38:16"
Q70,27,1144.9865105600675,0.15556638968683933,0.15556638968683933,2026-08-17T16:13:42.903112+00:00,"Run - Aug 17, 2026 at 21:38:16"
Q71,27,1159.6684310119497,0.1576388699966204,0.1576388699966204,2026-08-17T16:13:42.959506+00:00,"Run - Aug 17, 2026 at 21:38:16"
Q72,27,1175.3390131170659,0.1594900595525063,0.1594900595525063,2026-08-17T16:13:43.006177+00:00,"Run - Aug 17, 2026 at 21:38:16"
Q73,27,1188.988773191368,0.16179304885082094,0.16179304885082094,2026-08-17T16:13:43.062168+00:00,"Run - Aug 17, 2026 at 21:38:16"
Q74,27,1204.819312587145,0.1636082801107817,0.1636082801107817,2026-08-17T16:13:43.112384+00:00,"Run - Aug 17, 2026 at 21:38:16"
Q75,27,1218.3813103711027,0.16593138399594298,0.16593138399594298,2026-08-17T16:13:43.196916+00:00,"Run - Aug 17, 2026 at 21:38:16"
Q76,27,1233.5893166219155,0.16788549464864336,0.16788549464864336,2026-08-17T16:13:43.328435+00:00,"Run - Aug 17, 2026 at 21:38:16"
Q77,27,1247.483526393885,0.17013452344990232,0.17013452344990232,2026-08-17T16:13:43.402646+00:00,"Run - Aug 17, 2026 at 21:38:16"
Q78,27,1263.5891854262889,0.1718878295218852,0.1718878295218852,2026-08-17T16:13:43.488174+00:00,"Run - Aug 17, 2026 at 21:38:16"
Q79,27,1278.2796540014451,0.1739580378895074,0.1739580378895074,2026-08-17T16:13:43.557189+00:00,"Run - Aug 17, 2026 at 21:38:16"
Q80,27,1292.5515179771282,0.17612178915480273,0.17612178915480273,2026-08-17T16:13:43.589851+00:00,"Run - Aug 17, 2026 at 21:38:16"
Q81,27,1308.6090228461474,0.1778857677497762,0.1778857677497762,2026-08-17T16:13:43.652403+00:00,"Run - Aug 17, 2026 at 21:38:16"
Q82,27,1321.5952874863026,0.18033894623327185,0.18033894623327185,2026-08-17T16:13:43.689171+00:00,"Run - Aug 17, 2026 at 21:38:16"
Q83,27,1336.3460188178342,0.18239506536862826,0.18239506536862826,2026-08-17T16:13:43.741136+00:00,"Run - Aug 17, 2026 at 21:38:16"
Q84,27,1350.5313924705922,0.18457959082009334,0.18457959082009334,2026-08-17T16:13:43.800047+00:00,"Run - Aug 17, 2026 at 21:38:16"
Q85,27,1366.1119559573485,0.18644941576846488,0.18644941576846488,2026-08-17T16:13:43.864641+00:00,"Run - Aug 17, 2026 at 21:38:16"
Q86,27,1380.6827239321115,0.1885468249207711,0.1885468249207711,2026-08-17T16:13:43.956597+00:00,"Run - Aug 17, 2026 at 21:38:16"
Q87,27,1394.8905158978196,0.1907259763734408,0.1907259763734408,2026-08-17T16:13:44.038867+00:00,"Run - Aug 17, 2026 at 21:38:16"
Q88,27,1409.0414828808293,0.1929175890727383,0.1929175890727383,2026-08-17T16:13:44.119732+00:00,"Run - Aug 17, 2026 at 21:38:16"
Q89,27,1425.0341465490935,0.19469485444228013,0.19469485444228013,2026-08-17T16:13:44.181664+00:00,"Run - Aug 17, 2026 at 21:38:16"
Q90,27,1438.3936305442014,0.19706476620772512,0.19706476620772512,2026-08-17T16:13:44.259379+00:00,"Run - Aug 17, 2026 at 21:38:16"
Q91,27,1453.6247364553406,0.19901409969757475,0.19901409969757475,2026-08-17T16:13:44.370182+00:00,"Run - Aug 17, 2026 at 21:38:16"
Q92,27,1468.562493535094,0.20102876194524416,0.20102876194524416,2026-08-17T16:13:44.458359+00:00,"Run - Aug 17, 2026 at 21:38:16"
Q93,27,1483.5861943892146,0.20302383031554103,0.20302383031554103,2026-08-17T16:13:44.678753+00:00,"Run - Aug 17, 2026 at 21:38:16"
Q94,27,1498.8793563341646,0.20495793560210784,0.20495793560210784,2026-08-17T16:13:44.721535+00:00,"Run - Aug 17, 2026 at 21:38:16"
Q95,27,1512.5317389981387,0.20726309170236026,0.20726309170236026,2026-08-17T16:13:44.770225+00:00,"Run - Aug 17, 2026 at 21:38:16"
Q96,27,1527.077833441667,0.20936548427097196,0.20936548427097196,2026-08-17T16:13:44.810048+00:00,"Run - Aug 17, 2026 at 21:38:16"
Q97,27,1541.673277149066,0.2114574093944313,0.2114574093944313,2026-08-17T16:13:44.867270+00:00,"Run - Aug 17, 2026 at 21:38:16"
Q98,27,1556.6197060773375,0.2134696047084609,0.2134696047084609,2026-08-17T16:13:44.965615+00:00,"Run - Aug 17, 2026 at 21:38:16"
Q99,27,1571.1732272270426,0.21557127650486052,0.21557127650486052,2026-08-17T16:13:45.156927+00:00,"Run - Aug 17, 2026 at 21:38:16"
Q100,27,1585.443113813926,0.21773652303379443,0.21773652303379443,2026-08-17T16:13:45.241244+00:00,"Run - Aug 17, 2026 at 21:38:16"
Q101,27,1600.1221933815539,0.2198094190954018,0.2198094190954018,2026-08-17T16:13:45.283845+00:00,"Run - Aug 17, 2026 at 21:38:16"
Q102,27,1615.0392524610488,0.2218290484348805,0.2218290484348805,2026-08-17T16:13:45.324341+00:00,"Run - Aug 17, 2026 at 21:38:16"
Q103,27,1629.7702665161175,0.22389044545076867,0.22389044545076867,2026-08-17T16:13:45.368024+00:00,"Run - Aug 17, 2026 at 21:38:16"
Q104,27,1645.4980060013413,0.2257265605562107,0.2257265605562107,2026-08-17T16:13:45.402130+00:00,"Run - Aug 17, 2026 at 21:38:16"
Q105,27,1658.6487138065095,0.22814418192416624,0.22814418192416624,2026-08-17T16:13:45.443642+00:00,"Run - Aug 17, 2026 at 21:38:16"
Q106,27,1673.6080059989372,0.23015291553828668,0.23015291553828668,2026-08-17T16:13:45.535288+00:00,"Run - Aug 17, 2026 at 21:38:16"
Q107,27,1688.5910512862476,0.23215812570574867,0.23215812570574867,2026-08-17T16:13:45.710323+00:00,"Run - Aug 17, 2026 at 21:38:16"
Q108,27,1702.978893243268,0.2342969574641777,0.2342969574641777,2026-08-17T16:13:45.881033+00:00,"Run - Aug 17, 2026 at 21:38:16"
Q109,27,1718.1510199706604,0.2362579746081226,0.2362579746081226,2026-08-17T16:13:46.043205+00:00,"Run - Aug 17, 2026 at 21:38:16"
Q110,27,1732.390082065087,0.2384308875341746,0.2384308875341746,2026-08-17T16:13:46.121771+00:00,"Run - Aug 17, 2026 at 21:38:16"
Q111,27,1746.8694090568956,0.24054909711242198,0.24054909711242198,2026-08-17T16:13:46.180022+00:00,"Run - Aug 17, 2026 at 21:38:16"
Q112,27,1760.9867065524381,0.2427490355512931,0.2427490355512931,2026-08-17T16:13:46.281752+00:00,"Run - Aug 17, 2026 at 21:38:16"
Q113,27,1776.7401973003102,0.24457906443255803,0.24457906443255803,2026-08-17T16:13:46.423877+00:00,"Run - Aug 17, 2026 at 21:38:16"
Q114,27,1791.7684791515182,0.24657095480587635,0.24657095480587635,2026-08-17T16:13:46.483197+00:00,"Run - Aug 17, 2026 at 21:38:16"
Q115,27,1805.6321588034903,0.24882969751858658,0.24882969751858658,2026-08-17T16:13:46.542024+00:00,"Run - Aug 17, 2026 at 21:38:16"
Q116,27,1820.211737417083,0.25092586713102205,0.25092586713102205,2026-08-17T16:13:46.655167+00:00,"Run - Aug 17, 2026 at 21:38:16"
Q117,27,1834.7276517834503,0.2530352562615564,0.2530352562615564,2026-08-17T16:13:46.700193+00:00,"Run - Aug 17, 2026 at 21:38:16"
Q118,27,1849.6235373562179,0.25505972339226596,0.25505972339226596,2026-08-17T16:13:46.777951+00:00,"Run - Aug 17, 2026 at 21:38:16"
Q119,27,1865.4496434782282,0.25687473916955456,0.25687473916955456,2026-08-17T16:13:46.822051+00:00,"Run - Aug 17, 2026 at 21:38:16"
Q120,27,1878.6460776262265,0.25928049818324916,0.25928049818324916,2026-08-17T16:13:46.876655+00:00,"Run - Aug 17, 2026 at 21:38:16"
Q121,27,1894.042319811487,0.26119189372499785,0.26119189372499785,2026-08-17T16:13:46.939001+00:00,"Run - Aug 17, 2026 at 21:38:16"
Q122,27,1908.8810919909854,0.26322765296669737,0.26322765296669737,2026-08-17T16:13:47.001396+00:00,"Run - Aug 17, 2026 at 21:38:16"
Q123,27,1924.7380335787993,0.2650343578503905,0.2650343578503905,2026-08-17T16:13:47.065688+00:00,"Run - Aug 17, 2026 at 21:38:16"
Q124,27,1938.3190987774537,0.26735716554694006,0.26735716554694006,2026-08-17T16:13:47.113582+00:00,"Run - Aug 17, 2026 at 21:38:16"
Q125,27,1953.7859100433463,0.26925070501342013,0.26925070501342013,2026-08-17T16:13:47.157907+00:00,"Run - Aug 17, 2026 at 21:38:16"
Q126,27,1966.543798936043,0.27175949834851887,0.27175949834851887,2026-08-17T16:13:47.206206+00:00,"Run - Aug 17, 2026 at 21:38:16"
Q127,27,1981.9657117983081,0.27366418581223256,0.27366418581223256,2026-08-17T16:13:47.256107+00:00,"Run - Aug 17, 2026 at 21:38:16"
Q128,27,1995.8287675403035,0.27592100400493813,0.27592100400493813,2026-08-17T16:13:47.304517+00:00,"Run - Aug 17, 2026 at 21:38:16"
Q129,27,2011.0270645163098,0.2778762177296391,0.2778762177296391,2026-08-17T16:13:47.351465+00:00,"Run - Aug 17, 2026 at 21:38:16"
Q130,27,2026.3053856111953,0.27981498952972056,0.27981498952972056,2026-08-17T16:13:47.402098+00:00,"Run - Aug 17, 2026 at 21:38:16"
Q131,27,2040.3927822363723,0.28202149104019475,0.28202149104019475,2026-08-17T16:13:47.451399+00:00,"Run - Aug 17, 2026 at 21:38:16"
Q132,27,2055.1923440768155,0.28406735024409163,0.28406735024409163,2026-08-17T16:13:47.498069+00:00,"Run - Aug 17, 2026 at 21:38:16"
Q0,28,117.41675213902623,0.010460698876352922,0.010460698876352922,2026-08-17T16:13:58.467643+00:00,"Run - Aug 17, 2026 at 21:38:16"
Q1,28,132.10690268513775,0.012533399106671768,0.012533399106671768,2026-08-17T16:13:58.519365+00:00,"Run - Aug 17, 2026 at 21:38:16"
Q2,28,146.8343946450577,0.01459794062127538,0.01459794062127538,2026-08-17T16:13:58.568918+00:00,"Run - Aug 17, 2026 at 21:38:16"
Q3,28,161.43633010176137,0.016683857234570252,0.016683857234570252,2026-08-17T16:13:58.618457+00:00,"Run - Aug 17, 2026 at 21:38:16"
Q4,28,176.17295205707873,0.01874709164614555,0.01874709164614555,2026-08-17T16:13:58.664024+00:00,"Run - Aug 17, 2026 at 21:38:16"
Q5,28,190.76952218615386,0.02083550449119744,0.02083550449119744,2026-08-17T16:13:58.713363+00:00,"Run - Aug 17, 2026 at 21:38:16"
Q6,28,205.35911530336446,0.022926387749893473,0.022926387749893473,2026-08-17T16:13:58.759583+00:00,"Run - Aug 17, 2026 at 21:38:16"
Q7,28,220.08708889194122,0.02498990770740129,0.02498990770740129,2026-08-17T16:13:58.808270+00:00,"Run - Aug 17, 2026 at 21:38:16"
Q8,28,234.77678266214318,0.027060785094708353,0.027060785094708353,2026-08-17T16:13:58.865324+00:00,"Run - Aug 17, 2026 at 21:38:16"
Q9,28,249.41953467908752,0.029141208017739784,0.029141208017739784,2026-08-17T16:13:58.910992+00:00,"Run - Aug 17, 2026 at 21:38:16"
Q10,28,264.18461945285367,0.031198464095996362,0.031198464095996362,2026-08-17T16:13:58.967938+00:00,"Run - Aug 17, 2026 at 21:38:16"
Q11,28,278.6943350398238,0.033304992186389555,0.033304992186389555,2026-08-17T16:13:59.029615+00:00,"Run - Aug 17, 2026 at 21:38:16"
Q12,28,293.50100630834453,0.03535271706214596,0.03535271706214596,2026-08-17T16:13:59.078158+00:00,"Run - Aug 17, 2026 at 21:38:16"
Q13,28,308.2103003271219,0.03741844441747944,0.03741844441747944,2026-08-17T16:13:59.124602+00:00,"Run - Aug 17, 2026 at 21:38:16"
Q14,28,322.7464850828706,0.03952196941355628,0.03952196941355628,2026-08-17T16:13:59.177167+00:00,"Run - Aug 17, 2026 at 21:38:16"
Q15,28,337.55884311243153,0.041567270711384156,0.041567270711384156,2026-08-17T16:13:59.223435+00:00,"Run - Aug 17, 2026 at 21:38:16"
Q16,28,352.03230364549563,0.04368391996610696,0.04368391996610696,2026-08-17T16:13:59.271210+00:00,"Run - Aug 17, 2026 at 21:38:16"
Q17,28,367.03209999910854,0.045689716606696996,0.045689716606696996,2026-08-17T16:13:59.317660+00:00,"Run - Aug 17, 2026 at 21:38:16"
Q18,28,381.54916661443957,0.04779682530390646,0.04779682530390646,2026-08-17T16:13:59.365964+00:00,"Run - Aug 17, 2026 at 21:38:16"
Q19,28,395.9859901286785,0.049921239116419984,0.049921239116419984,2026-08-17T16:13:59.414462+00:00,"Run - Aug 17, 2026 at 21:38:16"
Q20,28,410.91011297570003,0.05194132084595203,0.05194132084595203,2026-08-17T16:13:59.464752+00:00,"Run - Aug 17, 2026 at 21:38:16"
Q21,28,425.5093470418833,0.05403209430935872,0.05403209430935872,2026-08-17T16:13:59.513594+00:00,"Run - Aug 17, 2026 at 21:38:16"
Q22,28,440.49115923460334,0.05604162610847777,0.05604162610847777,2026-08-17T16:13:59.565166+00:00,"Run - Aug 17, 2026 at 21:38:16"
Q23,28,454.6448658725873,0.05822624402071936,0.05822624402071936,2026-08-17T16:13:59.618421+00:00,"Run - Aug 17, 2026 at 21:38:16"
Q24,28,469.4570415382269,0.06027058410143588,0.06027058410143588,2026-08-17T16:13:59.665708+00:00,"Run - Aug 17, 2026 at 21:38:16"
Q25,28,484.6564713830339,0.06223394266682806,0.06223394266682806,2026-08-17T16:13:59.713396+00:00,"Run - Aug 17, 2026 at 21:38:16"
Q26,28,499.3061699499848,0.0643110865442448,0.0643110865442448,2026-08-17T16:13:59.763688+00:00,"Run - Aug 17, 2026 at 21:38:16"
Q27,28,513.4633658642962,0.06649691150212908,0.06649691150212908,2026-08-17T16:13:59.820522+00:00,"Run - Aug 17, 2026 at 21:38:16"
Q28,28,528.3713798849587,0.06852099522663146,0.06852099522663146,2026-08-17T16:13:59.859823+00:00,"Run - Aug 17, 2026 at 21:38:16"
Q29,28,543.234612301279,0.07055351023470852,0.07055351023470852,2026-08-17T16:13:59.894356+00:00,"Run - Aug 17, 2026 at 21:38:16"
Q30,28,557.596009032788,0.07269611775045941,0.07269611775045941,2026-08-17T16:13:59.930505+00:00,"Run - Aug 17, 2026 at 21:38:16"
Q31,28,572.3858082109377,0.0747443554327457,0.0747443554327457,2026-08-17T16:13:59.959872+00:00,"Run - Aug 17, 2026 at 21:38:16"
Q32,28,586.9241298662324,0.07684873960934896,0.07684873960934896,2026-08-17T16:13:59.988386+00:00,"Run - Aug 17, 2026 at 21:38:16"
Q33,28,601.8384389258997,0.07886995480818573,0.07886995480818573,2026-08-17T16:14:00.027928+00:00,"Run - Aug 17, 2026 at 21:38:16"
Q34,28,616.8457885182079,0.08087203234390629,0.08087203234390629,2026-08-17T16:14:00.059567+00:00,"Run - Aug 17, 2026 at 21:38:16"
Q35,28,630.959966663708,0.08306793704294527,0.08306793704294527,2026-08-17T16:14:00.111636+00:00,"Run - Aug 17, 2026 at 21:38:16"
Q36,28,645.8117701854173,0.08510381120006374,0.08510381120006374,2026-08-17T16:14:00.144700+00:00,"Run - Aug 17, 2026 at 21:38:16"
Q37,28,659.870166928182,0.0873125851287687,0.0873125851287687,2026-08-17T16:14:00.172488+00:00,"Run - Aug 17, 2026 at 21:38:16"
Q38,28,674.6892153923137,0.08935474949275296,0.08935474949275296,2026-08-17T16:14:00.198490+00:00,"Run - Aug 17, 2026 at 21:38:16"
Q39,28,689.3365800105821,0.09143470727390578,0.09143470727390578,2026-08-17T16:14:00.221176+00:00,"Run - Aug 17, 2026 at 21:38:16"
Q40,28,704.2231653900684,0.09346220678877425,0.09346220678877425,2026-08-17T16:14:00.243726+00:00,"Run - Aug 17, 2026 at 21:38:16"
Q41,28,718.9344970564512,0.0955281651001171,0.0955281651001171,2026-08-17T16:14:00.268753+00:00,"Run - Aug 17, 2026 at 21:38:16"
Q42,28,733.5005041579615,0.09762624104983682,0.09762624104983682,2026-08-17T16:14:00.293752+00:00,"Run - Aug 17, 2026 at 21:38:16"
Q43,28,748.3193276959902,0.09966846593789391,0.09966846593789391,2026-08-17T16:14:00.318769+00:00,"Run - Aug 17, 2026 at 21:38:16"
Q44,28,762.5790542661853,0.1018340632562827,0.1018340632562827,2026-08-17T16:14:00.343841+00:00,"Run - Aug 17, 2026 at 21:38:16"
Q45,28,777.5971887102683,0.10383233651456487,0.10383233651456487,2026-08-17T16:14:00.368029+00:00,"Run - Aug 17, 2026 at 21:38:16"
Q46,28,792.5630904504189,0.10584205663962686,0.10584205663962686,2026-08-17T16:14:00.391621+00:00,"Run - Aug 17, 2026 at 21:38:16"
Q47,28,806.8717581753182,0.10799692070405366,0.10799692070405366,2026-08-17T16:14:00.415052+00:00,"Run - Aug 17, 2026 at 21:38:16"
Q48,28,821.1183376890626,0.11016577394988986,0.11016577394988986,2026-08-17T16:14:00.439656+00:00,"Run - Aug 17, 2026 at 21:38:16"
Q49,28,837.3469318426954,0.11189621403009394,0.11189621403009394,2026-08-17T16:14:00.463527+00:00,"Run - Aug 17, 2026 at 21:38:16"
Q50,28,850.829563927031,0.11423387267207788,0.11423387267207788,2026-08-17T16:14:00.487102+00:00,"Run - Aug 17, 2026 at 21:38:16"
Q51,28,865.6686295004519,0.11627144935500204,0.11627144935500204,2026-08-17T16:14:00.512124+00:00,"Run - Aug 17, 2026 at 21:38:16"
Q52,28,881.1367164416612,0.11816987337490036,0.11816987337490036,2026-08-17T16:14:00.534724+00:00,"Run - Aug 17, 2026 at 21:38:16"
Q53,28,895.5440922669114,0.12030302625204446,0.12030302625204446,2026-08-17T16:14:00.559217+00:00,"Run - Aug 17, 2026 at 21:38:16"
Q54,28,909.914670601301,0.1224444884523399,0.1224444884523399,2026-08-17T16:14:00.616077+00:00,"Run - Aug 17, 2026 at 21:38:16"
Q55,28,924.3578057246066,0.12456973782546256,0.12456973782546256,2026-08-17T16:14:00.641330+00:00,"Run - Aug 17, 2026 at 21:38:16"
Q56,28,938.923896329267,0.12666792122125867,0.12666792122125867,2026-08-17T16:14:00.666387+00:00,"Run - Aug 17, 2026 at 21:38:16"
Q57,28,953.7286171239309,0.1287130401986191,0.1287130401986191,2026-08-17T16:14:00.681901+00:00,"Run - Aug 17, 2026 at 21:38:16"
Q58,28,968.2023908672941,0.13083179871581446,0.13083179871581446,2026-08-17T16:14:00.707002+00:00,"Run - Aug 17, 2026 at 21:38:16"
Q59,28,983.2156241463189,0.13283052938346035,0.13283052938346035,2026-08-17T16:14:00.738726+00:00,"Run - Aug 17, 2026 at 21:38:16"
Q60,28,998.168431464587,0.13484263175641573,0.13484263175641573,2026-08-17T16:14:00.767301+00:00,"Run - Aug 17, 2026 at 21:38:16"
Q61,28,1012.815141039316,0.13692276951868562,0.13692276951868562,2026-08-17T16:14:00.801044+00:00,"Run - Aug 17, 2026 at 21:38:16"
Q62,28,1026.9139932959354,0.1391251689558812,0.1391251689558812,2026-08-17T16:14:00.835063+00:00,"Run - Aug 17, 2026 at 21:38:16"
Q63,28,1041.554587335211,0.14120685881394018,0.14120685881394018,2026-08-17T16:14:00.989704+00:00,"Run - Aug 17, 2026 at 21:38:16"
Q64,28,1057.5999329335143,0.1429750246327803,0.1429750246327803,2026-08-17T16:14:01.625819+00:00,"Run - Aug 17, 2026 at 21:38:16"
Q65,28,1071.166948530593,0.14529618669166144,0.14529618669166144,2026-08-17T16:14:01.743304+00:00,"Run - Aug 17, 2026 at 21:38:16"
Q66,28,1085.4374736143548,0.1474605129561191,0.1474605129561191,2026-08-17T16:14:01.881264+00:00,"Run - Aug 17, 2026 at 21:38:16"
Q67,28,1100.5381013863714,0.1494393676641488,0.1494393676641488,2026-08-17T16:14:01.932794+00:00,"Run - Aug 17, 2026 at 21:38:16"
Q68,28,1115.725369765128,0.15139882501366425,0.15139882501366425,2026-08-17T16:14:01.992650+00:00,"Run - Aug 17, 2026 at 21:38:16"
Q69,28,1129.7908477935562,0.15360896185401007,0.15360896185401007,2026-08-17T16:14:02.047245+00:00,"Run - Aug 17, 2026 at 21:38:16"
Q70,28,1144.2027883723842,0.15574179276314043,0.15574179276314043,2026-08-17T16:14:02.117209+00:00,"Run - Aug 17, 2026 at 21:38:16"
Q71,28,1158.543364591459,0.15789070243128725,0.15789070243128725,2026-08-17T16:14:02.171583+00:00,"Run - Aug 17, 2026 at 21:38:16"
Q72,28,1174.3167679409785,0.1597191360272494,0.1597191360272494,2026-08-17T16:14:02.226345+00:00,"Run - Aug 17, 2026 at 21:38:16"
Q73,28,1188.2105304819775,0.16196758680272014,0.16196758680272014,2026-08-17T16:14:02.285154+00:00,"Run - Aug 17, 2026 at 21:38:16"
Q74,28,1203.9397713988783,0.16380553436950593,0.16380553436950593,2026-08-17T16:14:02.336518+00:00,"Run - Aug 17, 2026 at 21:38:16"
Q75,28,1217.505226253796,0.16612768610768572,0.16612768610768572,2026-08-17T16:14:02.387700+00:00,"Run - Aug 17, 2026 at 21:38:16"
Q76,28,1232.4191532826042,0.1681480972379844,0.1681480972379844,2026-08-17T16:14:02.443246+00:00,"Run - Aug 17, 2026 at 21:38:16"
Q77,28,1246.5989865489328,0.17033319610595118,0.17033319610595118,2026-08-17T16:14:02.497665+00:00,"Run - Aug 17, 2026 at 21:38:16"
Q78,28,1262.8118057707989,0.17206265119645017,0.17206265119645017,2026-08-17T16:14:02.556996+00:00,"Run - Aug 17, 2026 at 21:38:16"
Q79,28,1277.493277446934,0.17413497094161817,0.17413497094161817,2026-08-17T16:14:02.607665+00:00,"Run - Aug 17, 2026 at 21:38:16"
Q80,28,1291.6157529797883,0.17633224516268042,0.17633224516268042,2026-08-17T16:14:02.698597+00:00,"Run - Aug 17, 2026 at 21:38:16"
Q81,28,1307.6362820093975,0.1781046087846736,0.1781046087846736,2026-08-17T16:14:02.772759+00:00,"Run - Aug 17, 2026 at 21:38:16"
Q82,28,1320.6821118428577,0.18054449245291077,0.18054449245291077,2026-08-17T16:14:02.833410+00:00,"Run - Aug 17, 2026 at 21:38:16"
Q83,28,1335.4214143622874,0.18260328237412568,0.18260328237412568,2026-08-17T16:14:02.924647+00:00,"Run - Aug 17, 2026 at 21:38:16"
Q84,28,1349.6062314659962,0.1847880092592165,0.1847880092592165,2026-08-17T16:14:02.980275+00:00,"Run - Aug 17, 2026 at 21:38:16"
Q85,28,1365.238840323617,0.18664638293655617,0.18664638293655617,2026-08-17T16:14:03.072900+00:00,"Run - Aug 17, 2026 at 21:38:16"
Q86,28,1379.722207826418,0.18876337347334274,0.18876337347334274,2026-08-17T16:14:03.125929+00:00,"Run - Aug 17, 2026 at 21:38:16"
Q87,28,1393.889449566195,0.19095173647326769,0.19095173647326769,2026-08-17T16:14:03.174797+00:00,"Run - Aug 17, 2026 at 21:38:16"
Q88,28,1408.1208609986982,0.19312540135905135,0.19312540135905135,2026-08-17T16:14:03.229239+00:00,"Run - Aug 17, 2026 at 21:38:16"
Q89,28,1423.9970396749325,0.19492890534847554,0.19492890534847554,2026-08-17T16:14:03.297280+00:00,"Run - Aug 17, 2026 at 21:38:16"
Q90,28,1437.412245703831,0.19728635435093225,0.19728635435093225,2026-08-17T16:14:03.364700+00:00,"Run - Aug 17, 2026 at 21:38:16"
Q91,28,1452.5816833003535,0.19924966612993208,0.19924966612993208,2026-08-17T16:14:03.427339+00:00,"Run - Aug 17, 2026 at 21:38:16"
Q92,28,1467.955587880557,0.2011656921953706,0.2011656921953706,2026-08-17T16:14:03.494073+00:00,"Run - Aug 17, 2026 at 21:38:16"
Q93,28,1483.061746524431,0.20314306556898895,0.20314306556898895,2026-08-17T16:14:03.541225+00:00,"Run - Aug 17, 2026 at 21:38:16"
Q94,28,1497.910879568029,0.20517714277339832,0.20517714277339832,2026-08-17T16:14:03.594581+00:00,"Run - Aug 17, 2026 at 21:38:16"
Q95,28,1511.5303063254228,0.20748974421480673,0.20748974421480673,2026-08-17T16:14:03.644884+00:00,"Run - Aug 17, 2026 at 21:38:16"
Q96,28,1526.025285960765,0.20960368610943328,0.20960368610943328,2026-08-17T16:14:03.691909+00:00,"Run - Aug 17, 2026 at 21:38:16"
Q97,28,1540.1710010219504,0.2117967699176018,0.2117967699176018,2026-08-17T16:14:03.739849+00:00,"Run - Aug 17, 2026 at 21:38:16"
Q98,28,1556.0772088385756,0.21359324814666045,0.21359324814666045,2026-08-17T16:14:03.788914+00:00,"Run - Aug 17, 2026 at 21:38:16"
Q99,28,1570.0439767282473,0.2158269346790832,0.2158269346790832,2026-08-17T16:14:03.841899+00:00,"Run - Aug 17, 2026 at 21:38:16"
Q100,28,1583.9032297510796,0.21808465060236176,0.21808465060236176,2026-08-17T16:14:03.891667+00:00,"Run - Aug 17, 2026 at 21:38:16"
Q101,28,1599.0252739505506,0.220057936990769,0.220057936990769,2026-08-17T16:14:03.941672+00:00,"Run - Aug 17, 2026 at 21:38:16"
Q102,28,1613.9277056074059,0.22208093884295,0.22208093884295,2026-08-17T16:14:03.992579+00:00,"Run - Aug 17, 2026 at 21:38:16"
Q103,28,1628.647670028766,0.2241449051469942,0.2241449051469942,2026-08-17T16:14:04.044592+00:00,"Run - Aug 17, 2026 at 21:38:16"
Q104,28,1644.4402278416394,0.22596664343858425,0.22596664343858425,2026-08-17T16:14:04.099456+00:00,"Run - Aug 17, 2026 at 21:38:16"
Q105,28,1657.611126466227,0.22837979131869446,0.22837979131869446,2026-08-17T16:14:04.160943+00:00,"Run - Aug 17, 2026 at 21:38:16"
Q106,28,1671.980882625103,0.23052130478945998,0.23052130478945998,2026-08-17T16:14:04.206594+00:00,"Run - Aug 17, 2026 at 21:38:16"
Q107,28,1687.3783443585744,0.23243326754918506,0.23243326754918506,2026-08-17T16:14:04.255863+00:00,"Run - Aug 17, 2026 at 21:38:16"
Q108,28,1702.2962431707515,0.2344526994881299,0.2344526994881299,2026-08-17T16:14:04.311780+00:00,"Run - Aug 17, 2026 at 21:38:16"
Q109,28,1717.4420931624386,0.23641866999934757,0.23641866999934757,2026-08-17T16:14:04.364106+00:00,"Run - Aug 17, 2026 at 21:38:16"
Q110,28,1731.1505530774182,0.23871232241937207,0.23871232241937207,2026-08-17T16:14:04.414284+00:00,"Run - Aug 17, 2026 at 21:38:16"
Q111,28,1745.6728187671786,0.24082089043053884,0.24082089043053884,2026-08-17T16:14:04.464821+00:00,"Run - Aug 17, 2026 at 21:38:16"
Q112,28,1760.2942748036296,0.24290723761203156,0.24290723761203156,2026-08-17T16:14:04.516927+00:00,"Run - Aug 17, 2026 at 21:38:16"
Q113,28,1776.0212521051094,0.24474332363019527,0.24474332363019527,2026-08-17T16:14:04.570601+00:00,"Run - Aug 17, 2026 at 21:38:16"
Q114,28,1790.5251625004944,0.24685357778373443,0.24685357778373443,2026-08-17T16:14:04.766137+00:00,"Run - Aug 17, 2026 at 21:38:16"
Q115,28,1804.4988572161453,0.24908770084399132,0.24908770084399132,2026-08-17T16:14:04.831756+00:00,"Run - Aug 17, 2026 at 21:38:16"
Q116,28,1818.9142644287642,0.25122086010089545,0.25122086010089545,2026-08-17T16:14:05.056128+00:00,"Run - Aug 17, 2026 at 21:38:16"
Q117,28,1833.987576412711,0.25320331162098453,0.25320331162098453,2026-08-17T16:14:05.401633+00:00,"Run - Aug 17, 2026 at 21:38:16"
Q118,28,1848.356579824505,0.25534794697423185,0.25534794697423185,2026-08-17T16:14:05.479564+00:00,"Run - Aug 17, 2026 at 21:38:16"
Q119,28,1864.097677751408,0.25718225383099463,0.25718225383099463,2026-08-17T16:14:05.529184+00:00,"Run - Aug 17, 2026 at 21:38:16"
Q120,28,1877.36547251633,0.2595719760961578,0.2595719760961578,2026-08-17T16:14:05.592689+00:00,"Run - Aug 17, 2026 at 21:38:16"
Q121,28,1892.7378722192245,0.2614888255697959,0.2614888255697959,2026-08-17T16:14:05.915646+00:00,"Run - Aug 17, 2026 at 21:38:16"
Q122,28,1908.096682512431,0.26340595069718054,0.26340595069718054,2026-08-17T16:14:05.952165+00:00,"Run - Aug 17, 2026 at 21:38:16"
Q123,28,1923.0047008989554,0.2654285118060381,0.2654285118060381,2026-08-17T16:14:05.982679+00:00,"Run - Aug 17, 2026 at 21:38:16"
Q124,28,1936.748453635792,0.2677133295815821,0.2677133295815821,2026-08-17T16:14:06.014197+00:00,"Run - Aug 17, 2026 at 21:38:16"
Q125,28,1952.4215036467954,0.2695615058719023,0.2695615058719023,2026-08-17T16:14:06.045205+00:00,"Run - Aug 17, 2026 at 21:38:16"
Q126,28,1964.6440928783982,0.27219122254564926,0.27219122254564926,2026-08-17T16:14:06.075232+00:00,"Run - Aug 17, 2026 at 21:38:16"
Q127,28,1980.6038643334782,0.27397453511689146,0.27397453511689146,2026-08-17T16:14:06.102641+00:00,"Run - Aug 17, 2026 at 21:38:16"
Q128,28,1994.4159119464678,0.2762430135733901,0.2762430135733901,2026-08-17T16:14:06.136640+00:00,"Run - Aug 17, 2026 at 21:38:16"
Q129,28,2010.0424480004756,0.2781002853981765,0.2781002853981765,2026-08-17T16:14:06.167664+00:00,"Run - Aug 17, 2026 at 21:38:16"
Q130,28,2024.9075694058613,0.2801336887628893,0.2801336887628893,2026-08-17T16:14:06.193945+00:00,"Run - Aug 17, 2026 at 21:38:16"
Q131,28,2038.9962936555964,0.2823399690904699,0.2823399690904699,2026-08-17T16:14:06.219301+00:00,"Run - Aug 17, 2026 at 21:38:16"
Q132,28,2054.370877581575,0.2842559693299687,0.2842559693299687,2026-08-17T16:14:06.243452+00:00,"Run - Aug 17, 2026 at 21:38:16"
Q0,29,117.28696564028482,0.01047932010234145,0.01047932010234145,2026-08-17T16:14:12.080229+00:00,"Run - Aug 17, 2026 at 21:38:16"
Q1,29,131.96792391053273,0.012554441710125881,0.012554441710125881,2026-08-17T16:14:12.171192+00:00,"Run - Aug 17, 2026 at 21:38:16"
Q2,29,146.67492596710275,0.014623502878653773,0.014623502878653773,2026-08-17T16:14:12.248399+00:00,"Run - Aug 17, 2026 at 21:38:16"
Q3,29,161.24426983865143,0.016716605892039084,0.016716605892039084,2026-08-17T16:14:12.323789+00:00,"Run - Aug 17, 2026 at 21:38:16"
Q4,29,175.96228609840793,0.018784015125704413,0.018784015125704413,2026-08-17T16:14:12.406344+00:00,"Run - Aug 17, 2026 at 21:38:16"
Q5,29,190.55880790089657,0.02087299730935872,0.02087299730935872,2026-08-17T16:14:12.485181+00:00,"Run - Aug 17, 2026 at 21:38:16"
Q6,29,205.2423287217389,0.022946181735756615,0.022946181735756615,2026-08-17T16:14:12.558577+00:00,"Run - Aug 17, 2026 at 21:38:16"
Q7,29,219.8753685823236,0.025028408321701667,0.025028408321701667,2026-08-17T16:14:12.631484+00:00,"Run - Aug 17, 2026 at 21:38:16"
Q8,29,234.52426346970302,0.027108180475229518,0.027108180475229518,2026-08-17T16:14:12.704773+00:00,"Run - Aug 17, 2026 at 21:38:16"
Q9,29,249.13784472663377,0.029195056012720565,0.029195056012720565,2026-08-17T16:14:12.790659+00:00,"Run - Aug 17, 2026 at 21:38:16"
Q10,29,263.9512026800607,0.031242495735467033,0.031242495735467033,2026-08-17T16:14:12.874838+00:00,"Run - Aug 17, 2026 at 21:38:16"
Q11,29,278.3963026963837,0.03336306290480353,0.03336306290480353,2026-08-17T16:14:12.957372+00:00,"Run - Aug 17, 2026 at 21:38:16"
Q12,29,293.2010107284248,0.0354115529339554,0.0354115529339554,2026-08-17T16:14:13.026894+00:00,"Run - Aug 17, 2026 at 21:38:16"
Q13,29,307.8686610916361,0.03748644780306936,0.03748644780306936,2026-08-17T16:14:13.121439+00:00,"Run - Aug 17, 2026 at 21:38:16"
Q14,29,322.3813655881838,0.0395957441069031,0.0395957441069031,2026-08-17T16:14:13.221602+00:00,"Run - Aug 17, 2026 at 21:38:16"
Q15,29,337.20376477014827,0.04163873921570966,0.04163873921570966,2026-08-17T16:14:13.312254+00:00,"Run - Aug 17, 2026 at 21:38:16"
Q16,29,351.75486100438496,0.04373903177631505,0.04373903177631505,2026-08-17T16:14:13.385579+00:00,"Run - Aug 17, 2026 at 21:38:16"
Q17,29,366.6230848809331,0.04577335636607526,0.04577335636607526,2026-08-17T16:14:13.463340+00:00,"Run - Aug 17, 2026 at 21:38:16"
Q18,29,381.2233228299195,0.04786295377861364,0.04786295377861364,2026-08-17T16:14:13.547977+00:00,"Run - Aug 17, 2026 at 21:38:16"
Q19,29,395.70847666542613,0.04997703314770257,0.04997703314770257,2026-08-17T16:14:13.633239+00:00,"Run - Aug 17, 2026 at 21:38:16"
Q20,29,410.4550628658355,0.05203577939326887,0.05203577939326887,2026-08-17T16:14:13.718890+00:00,"Run - Aug 17, 2026 at 21:38:16"
Q21,29,425.2295980021039,0.05408955814730858,0.05408955814730858,2026-08-17T16:14:13.915180+00:00,"Run - Aug 17, 2026 at 21:38:16"
Q22,29,440.04655914472124,0.05613507418065703,0.05613507418065703,2026-08-17T16:14:13.998279+00:00,"Run - Aug 17, 2026 at 21:38:16"
Q23,29,454.2223853667692,0.058314763643978786,0.058314763643978786,2026-08-17T16:14:14.062079+00:00,"Run - Aug 17, 2026 at 21:38:16"
Q24,29,468.93980179302093,0.06037958485147944,0.06037958485147944,2026-08-17T16:14:14.108280+00:00,"Run - Aug 17, 2026 at 21:38:16"
Q25,29,483.99398021372497,0.06237369761585028,0.06237369761585028,2026-08-17T16:14:14.151867+00:00,"Run - Aug 17, 2026 at 21:38:16"
Q26,29,498.78811297016466,0.06442106320357448,0.06442106320357448,2026-08-17T16:14:14.200926+00:00,"Run - Aug 17, 2026 at 21:38:16"
Q27,29,512.9703495702829,0.06660131770520816,0.06660131770520816,2026-08-17T16:14:14.253822+00:00,"Run - Aug 17, 2026 at 21:38:16"
Q28,29,527.8734521049289,0.06862691827752025,0.06862691827752025,2026-08-17T16:14:14.306049+00:00,"Run - Aug 17, 2026 at 21:38:16"
Q29,29,542.720534760791,0.07066295047902436,0.07066295047902436,2026-08-17T16:14:14.360799+00:00,"Run - Aug 17, 2026 at 21:38:16"
Q30,29,556.7951346447803,0.07286766741640945,0.07286766741640945,2026-08-17T16:14:14.408345+00:00,"Run - Aug 17, 2026 at 21:38:16"
Q31,29,571.8965631044514,0.07484877067456097,0.07484877067456097,2026-08-17T16:14:14.460454+00:00,"Run - Aug 17, 2026 at 21:38:16"
Q32,29,586.3089032609636,0.07698101279726409,0.07698101279726409,2026-08-17T16:14:14.508777+00:00,"Run - Aug 17, 2026 at 21:38:16"
Q33,29,601.1352261509548,0.07902174878054329,0.07902174878054329,2026-08-17T16:14:14.557520+00:00,"Run - Aug 17, 2026 at 21:38:16"
Q34,29,616.1712649569179,0.08101773877054358,0.08101773877054358,2026-08-17T16:14:14.607672+00:00,"Run - Aug 17, 2026 at 21:38:16"
Q35,29,630.298093377489,0.08321109108818472,0.08321109108818472,2026-08-17T16:14:14.657840+00:00,"Run - Aug 17, 2026 at 21:38:16"
Q36,29,645.4587773738372,0.0851793054330396,0.0851793054330396,2026-08-17T16:14:14.706538+00:00,"Run - Aug 17, 2026 at 21:38:16"
Q37,29,659.4475002890758,0.08740348883693531,0.08740348883693531,2026-08-17T16:14:14.758176+00:00,"Run - Aug 17, 2026 at 21:38:16"
Q38,29,674.0056993631939,0.08950328523664916,0.08950328523664916,2026-08-17T16:14:14.809818+00:00,"Run - Aug 17, 2026 at 21:38:16"
Q39,29,688.7165986260366,0.0915694358440202,0.0915694358440202,2026-08-17T16:14:14.862083+00:00,"Run - Aug 17, 2026 at 21:38:16"
Q40,29,703.4462537147847,0.09363174295981141,0.09363174295981141,2026-08-17T16:14:14.911194+00:00,"Run - Aug 17, 2026 at 21:38:16"
Q41,29,718.2825526454155,0.0956703515312994,0.0956703515312994,2026-08-17T16:14:14.963661+00:00,"Run - Aug 17, 2026 at 21:38:16"
Q42,29,732.65089076348,0.09781224881283995,0.09781224881283995,2026-08-17T16:14:15.030200+00:00,"Run - Aug 17, 2026 at 21:38:16"
Q43,29,747.5988239565909,0.09982616226135674,0.09982616226135674,2026-08-17T16:14:15.120822+00:00,"Run - Aug 17, 2026 at 21:38:16"
Q44,29,761.7216743558776,0.10202214710890305,0.10202214710890305,2026-08-17T16:14:15.190234+00:00,"Run - Aug 17, 2026 at 21:38:16"
Q45,29,776.8935525810824,0.10398664666973055,0.10398664666973055,2026-08-17T16:14:15.261138+00:00,"Run - Aug 17, 2026 at 21:38:16"
Q46,29,791.6385811553931,0.10604541472837233,0.10604541472837233,2026-08-17T16:14:15.370704+00:00,"Run - Aug 17, 2026 at 21:38:16"
Q47,29,806.1197388324654,0.10816231767778214,0.10816231767778214,2026-08-17T16:14:15.426799+00:00,"Run - Aug 17, 2026 at 21:38:16"
Q48,29,820.19722835351,0.1103687415520722,0.1103687415520722,2026-08-17T16:14:15.476110+00:00,"Run - Aug 17, 2026 at 21:38:16"
Q49,29,836.2854498793903,0.11213047315348482,0.11213047315348482,2026-08-17T16:14:15.531075+00:00,"Run - Aug 17, 2026 at 21:38:16"
Q50,29,849.7714170860305,0.11446754338376439,0.11446754338376439,2026-08-17T16:14:15.720159+00:00,"Run - Aug 17, 2026 at 21:38:16"
Q51,29,864.9080832368849,0.11643937970931915,0.11643937970931915,2026-08-17T16:14:15.805829+00:00,"Run - Aug 17, 2026 at 21:38:16"
Q52,29,879.9576995193479,0.1184305987101534,0.1184305987101534,2026-08-17T16:14:15.903680+00:00,"Run - Aug 17, 2026 at 21:38:16"
Q53,29,894.6472290133023,0.1205015777316821,0.1205015777316821,2026-08-17T16:14:16.177926+00:00,"Run - Aug 17, 2026 at 21:38:16"
Q54,29,909.1115656067739,0.12262240064530748,0.12262240064530748,2026-08-17T16:14:16.286473+00:00,"Run - Aug 17, 2026 at 21:38:16"
Q55,29,923.4938214788626,0.12476132471900946,0.12476132471900946,2026-08-17T16:14:16.385072+00:00,"Run - Aug 17, 2026 at 21:38:16"
Q56,29,937.809050898856,0.12691539508619276,0.12691539508619276,2026-08-17T16:14:16.558352+00:00,"Run - Aug 17, 2026 at 21:38:16"
Q57,29,952.6745503410287,0.12894718328645166,0.12894718328645166,2026-08-17T16:14:16.650898+00:00,"Run - Aug 17, 2026 at 21:38:16"
Q58,29,967.4925694463495,0.13098963880596942,0.13098963880596942,2026-08-17T16:14:16.751449+00:00,"Run - Aug 17, 2026 at 21:38:16"
Q59,29,982.1264334374225,0.133072833052711,0.133072833052711,2026-08-17T16:14:16.817145+00:00,"Run - Aug 17, 2026 at 21:38:16"
Q60,29,997.0577296642587,0.13508989575825212,0.13508989575825212,2026-08-17T16:14:16.998970+00:00,"Run - Aug 17, 2026 at 21:38:16"
Q61,29,1011.6887035766784,0.13717371016651692,0.13717371016651692,2026-08-17T16:14:17.129287+00:00,"Run - Aug 17, 2026 at 21:38:16"
Q62,29,1026.1897882656774,0.13928683223547586,0.13928683223547586,2026-08-17T16:14:17.218204+00:00,"Run - Aug 17, 2026 at 21:38:16"
Q63,29,1040.6079908888244,0.1414180308448554,0.1414180308448554,2026-08-17T16:14:17.299283+00:00,"Run - Aug 17, 2026 at 21:38:16"
Q64,29,1056.38045583362,0.14324721194481357,0.14324721194481357,2026-08-17T16:14:17.425192+00:00,"Run - Aug 17, 2026 at 21:38:16"
Q65,29,1069.8889886686695,0.14558145790508692,0.14558145790508692,2026-08-17T16:14:17.492246+00:00,"Run - Aug 17, 2026 at 21:38:16"
Q66,29,1084.3968935022122,0.14769314306707376,0.14769314306707376,2026-08-17T16:14:17.718327+00:00,"Run - Aug 17, 2026 at 21:38:16"
Q67,29,1099.2860034940818,0.14971915932936625,0.14971915932936625,2026-08-17T16:14:17.772106+00:00,"Run - Aug 17, 2026 at 21:38:16"
Q68,29,1114.513827386368,0.1516699708701733,0.1516699708701733,2026-08-17T16:14:17.827368+00:00,"Run - Aug 17, 2026 at 21:38:16"
Q69,29,1128.6638681842605,0.15386114099614082,0.15386114099614082,2026-08-17T16:14:17.874427+00:00,"Run - Aug 17, 2026 at 21:38:16"
Q70,29,1143.0357166509973,0.156003177843245,0.156003177843245,2026-08-17T16:14:17.925542+00:00,"Run - Aug 17, 2026 at 21:38:16"
Q71,29,1157.3722320808847,0.1581532681907846,0.1581532681907846,2026-08-17T16:14:17.974445+00:00,"Run - Aug 17, 2026 at 21:38:16"
Q72,29,1173.1415637061832,0.15998267861994672,0.15998267861994672,2026-08-17T16:14:18.023880+00:00,"Run - Aug 17, 2026 at 21:38:16"
Q73,29,1187.070586823961,0.16222351672262167,0.16222351672262167,2026-08-17T16:14:18.074547+00:00,"Run - Aug 17, 2026 at 21:38:16"
Q74,29,1202.8001079948413,0.16406160556377516,0.16406160556377516,2026-08-17T16:14:18.130826+00:00,"Run - Aug 17, 2026 at 21:38:16"
Q75,29,1216.0717353207394,0.1664498986941391,0.1664498986941391,2026-08-17T16:14:18.183043+00:00,"Run - Aug 17, 2026 at 21:38:16"
Q76,29,1231.0234068208874,0.1684615600178974,0.1684615600178974,2026-08-17T16:14:18.238669+00:00,"Run - Aug 17, 2026 at 21:38:16"
Q77,29,1245.6186925189845,0.1705539947139831,0.1705539947139831,2026-08-17T16:14:18.295440+00:00,"Run - Aug 17, 2026 at 21:38:16"
Q78,29,1261.5059444226686,0.17235639397138594,0.17235639397138594,2026-08-17T16:14:19.000825+00:00,"Run - Aug 17, 2026 at 21:38:16"
Q79,29,1276.2094487081354,0.17442407074135816,0.17442407074135816,2026-08-17T16:14:19.169639+00:00,"Run - Aug 17, 2026 at 21:38:16"
Q80,29,1290.9404816404556,0.17648499424616815,0.17648499424616815,2026-08-17T16:14:19.258836+00:00,"Run - Aug 17, 2026 at 21:38:16"
Q81,29,1306.344150340773,0.17839580452018325,0.17839580452018325,2026-08-17T16:14:19.396704+00:00,"Run - Aug 17, 2026 at 21:38:16"
Q82,29,1319.219827929578,0.18087379681896426,0.18087379681896426,2026-08-17T16:14:19.468346+00:00,"Run - Aug 17, 2026 at 21:38:16"
Q83,29,1334.3208541578745,0.182852055474178,0.182852055474178,2026-08-17T16:14:19.558632+00:00,"Run - Aug 17, 2026 at 21:38:16"
Q84,29,1348.1194441436896,0.1851230963270378,0.1851230963270378,2026-08-17T16:14:19.616685+00:00,"Run - Aug 17, 2026 at 21:38:16"
Q85,29,1363.7569261051788,0.18698065382949527,0.18698065382949527,2026-08-17T16:14:19.664248+00:00,"Run - Aug 17, 2026 at 21:38:16"
Q86,29,1378.0705710602501,0.18913556522064606,0.18913556522064606,2026-08-17T16:14:19.706669+00:00,"Run - Aug 17, 2026 at 21:38:16"
Q87,29,1392.6231858242234,0.19123785547930913,0.19123785547930913,2026-08-17T16:14:19.764345+00:00,"Run - Aug 17, 2026 at 21:38:16"
Q88,29,1406.8105830165257,0.19342157236111612,0.19342157236111612,2026-08-17T16:14:19.832395+00:00,"Run - Aug 17, 2026 at 21:38:16"
Q89,29,1422.3296913470638,0.1953052474238465,0.1953052474238465,2026-08-17T16:14:19.890900+00:00,"Run - Aug 17, 2026 at 21:38:16"
Q90,29,1436.3627111079593,0.1975246568770142,0.1975246568770142,2026-08-17T16:14:19.953282+00:00,"Run - Aug 17, 2026 at 21:38:16"
Q91,29,1450.9762843643136,0.1996123634454757,0.1996123634454757,2026-08-17T16:14:19.999147+00:00,"Run - Aug 17, 2026 at 21:38:16"
Q92,29,1466.0012975617208,0.20160767096894228,0.20160767096894228,2026-08-17T16:14:20.077903+00:00,"Run - Aug 17, 2026 at 21:38:16"
Q93,29,1481.1924796485994,0.20356511994636298,0.20356511994636298,2026-08-17T16:14:20.117559+00:00,"Run - Aug 17, 2026 at 21:38:16"
Q94,29,1497.0379257205152,0.20537653111513768,0.20537653111513768,2026-08-17T16:14:20.161404+00:00,"Run - Aug 17, 2026 at 21:38:16"
Q95,29,1510.0689233196613,0.2078207627536757,0.2078207627536757,2026-08-17T16:14:20.230076+00:00,"Run - Aug 17, 2026 at 21:38:16"
Q96,29,1524.416820805325,0.20996721576780106,0.20996721576780106,2026-08-17T16:14:20.263153+00:00,"Run - Aug 17, 2026 at 21:38:16"
Q97,29,1538.6518796389053,0.21214115062117722,0.21214115062117722,2026-08-17T16:14:20.335252+00:00,"Run - Aug 17, 2026 at 21:38:16"
Q98,29,1554.5198808641594,0.2139463165178311,0.2139463165178311,2026-08-17T16:14:20.383952+00:00,"Run - Aug 17, 2026 at 21:38:16"
Q99,29,1568.7082791166458,0.2161305465388921,0.2161305465388921,2026-08-17T16:14:20.483627+00:00,"Run - Aug 17, 2026 at 21:38:16"
Q100,29,1582.1605688954999,0.21847894138564858,0.21847894138564858,2026-08-17T16:14:20.540398+00:00,"Run - Aug 17, 2026 at 21:38:16"
Q101,29,1597.348726259873,0.220437593520757,0.220437593520757,2026-08-17T16:14:20.600039+00:00,"Run - Aug 17, 2026 at 21:38:16"
Q102,29,1612.1448329334205,0.22248502723938007,0.22248502723938007,2026-08-17T16:14:20.641907+00:00,"Run - Aug 17, 2026 at 21:38:16"
Q103,29,1626.9312340228073,0.22453343274566093,0.22453343274566093,2026-08-17T16:14:20.716963+00:00,"Run - Aug 17, 2026 at 21:38:16"
Q104,29,1642.6039511083288,0.22638316927804544,0.22638316927804544,2026-08-17T16:14:20.759571+00:00,"Run - Aug 17, 2026 at 21:38:16"
Q105,29,1655.6441584636607,0.22882544688023643,0.22882544688023643,2026-08-17T16:14:20.804186+00:00,"Run - Aug 17, 2026 at 21:38:16"
Q106,29,1670.3350994852465,0.23089532622711076,0.23089532622711076,2026-08-17T16:14:20.850084+00:00,"Run - Aug 17, 2026 at 21:38:16"
Q107,29,1685.835552047995,0.23278305962687737,0.23278305962687737,2026-08-17T16:14:20.895298+00:00,"Run - Aug 17, 2026 at 21:38:16"
Q108,29,1700.459072058285,0.2348699986564415,0.2348699986564415,2026-08-17T16:14:20.979929+00:00,"Run - Aug 17, 2026 at 21:38:16"
Q109,29,1715.4396512436501,0.23687375164197905,0.23687375164197905,2026-08-17T16:14:21.022440+00:00,"Run - Aug 17, 2026 at 21:38:16"
Q110,29,1729.3361631394262,0.23912426536853673,0.23912426536853673,2026-08-17T16:14:21.061015+00:00,"Run - Aug 17, 2026 at 21:38:16"
Q111,29,1744.1380027079836,0.24116987320227637,0.24116987320227637,2026-08-17T16:14:21.106956+00:00,"Run - Aug 17, 2026 at 21:38:16"
Q112,29,1758.4462375771993,0.2433263815792825,0.2433263815792825,2026-08-17T16:14:21.151476+00:00,"Run - Aug 17, 2026 at 21:38:16"
Q113,29,1773.8447227835736,0.24523718288995047,0.24523718288995047,2026-08-17T16:14:21.198613+00:00,"Run - Aug 17, 2026 at 21:38:16"
Q114,29,1789.147036863699,0.247168809244183,0.247168809244183,2026-08-17T16:14:21.249029+00:00,"Run - Aug 17, 2026 at 21:38:16"
Q115,29,1802.7647447667634,0.24948284687080888,0.24948284687080888,2026-08-17T16:14:21.299295+00:00,"Run - Aug 17, 2026 at 21:38:16"
Q116,29,1817.1134587228682,0.25163041388516205,0.25163041388516205,2026-08-17T16:14:21.352037+00:00,"Run - Aug 17, 2026 at 21:38:16"
Q117,29,1832.2400780021144,0.2536037527494359,0.2536037527494359,2026-08-17T16:14:21.400294+00:00,"Run - Aug 17, 2026 at 21:38:16"
Q118,29,1846.6850762059769,0.2557291341518239,0.2557291341518239,2026-08-17T16:14:21.453104+00:00,"Run - Aug 17, 2026 at 21:38:16"
Q119,29,1862.1839703919022,0.2576181951534146,0.2576181951534146,2026-08-17T16:14:21.505165+00:00,"Run - Aug 17, 2026 at 21:38:16"
Q120,29,1876.3567599243077,0.25980368940305004,0.25980368940305004,2026-08-17T16:14:21.563385+00:00,"Run - Aug 17, 2026 at 21:38:16"
Q121,29,1891.0228368286628,0.2618806008958792,0.2618806008958792,2026-08-17T16:14:21.632436+00:00,"Run - Aug 17, 2026 at 21:38:16"
Q122,29,1906.10208301962,0.2638626131347843,0.2638626131347843,2026-08-17T16:14:21.690339+00:00,"Run - Aug 17, 2026 at 21:38:16"
Q123,29,1921.516444263286,0.26576949767261365,0.26576949767261365,2026-08-17T16:14:21.755799+00:00,"Run - Aug 17, 2026 at 21:38:16"
Q124,29,1934.731776321994,0.2681746421169656,0.2681746421169656,2026-08-17T16:14:21.810920+00:00,"Run - Aug 17, 2026 at 21:38:16"
Q125,29,1950.5125617026922,0.26999603194869354,0.26999603194869354,2026-08-17T16:14:21.857366+00:00,"Run - Aug 17, 2026 at 21:38:16"
Q126,29,1962.6541141316507,0.2726437175373647,0.2726437175373647,2026-08-17T16:14:21.903294+00:00,"Run - Aug 17, 2026 at 21:38:16"
Q127,29,1978.6428709684978,0.2744222018471144,0.2744222018471144,2026-08-17T16:14:22.288485+00:00,"Run - Aug 17, 2026 at 21:38:16"
Q128,29,1992.9094659731097,0.2765888217170527,0.2765888217170527,2026-08-17T16:14:22.412673+00:00,"Run - Aug 17, 2026 at 21:38:16"
Q129,29,2008.0094403969927,0.2785663718970374,0.2785663718970374,2026-08-17T16:14:22.467085+00:00,"Run - Aug 17, 2026 at 21:38:16"
Q130,29,2022.6676454380565,0.28064432904762243,0.28064432904762243,2026-08-17T16:14:22.529084+00:00,"Run - Aug 17, 2026 at 21:38:16"
Q131,29,2037.0984471494721,0.2827740044507147,0.2827740044507147,2026-08-17T16:14:22.576927+00:00,"Run - Aug 17, 2026 at 21:38:16"
Q132,29,2051.7459607391593,0.28485315540225653,0.28485315540225653,2026-08-17T16:14:22.645964+00:00,"Run - Aug 17, 2026 at 21:38:16"
Q0,30,117.17780434128927,0.010495648502158604,0.010495648502158604,2026-08-17T16:14:32.148040+00:00,"Run - Aug 17, 2026 at 21:38:16"
Q1,30,131.8233602966504,0.01257619566637321,0.01257619566637321,2026-08-17T16:14:32.194369+00:00,"Run - Aug 17, 2026 at 21:38:16"
Q2,30,146.50549195433962,0.014650435230268384,0.014650435230268384,2026-08-17T16:14:32.238974+00:00,"Run - Aug 17, 2026 at 21:38:16"
Q3,30,161.08991380424018,0.016743053460210645,0.016743053460210645,2026-08-17T16:14:32.280313+00:00,"Run - Aug 17, 2026 at 21:38:16"
Q4,30,175.76369509033853,0.018819839942702483,0.018819839942702483,2026-08-17T16:14:32.327052+00:00,"Run - Aug 17, 2026 at 21:38:16"
Q5,30,190.35597020335754,0.02090899040519379,0.02090899040519379,2026-08-17T16:14:32.370899+00:00,"Run - Aug 17, 2026 at 21:38:16"
Q6,30,205.01235400314883,0.02298771779592792,0.02298771779592792,2026-08-17T16:14:32.425116+00:00,"Run - Aug 17, 2026 at 21:38:16"
Q7,30,219.6051285624679,0.025078789625615796,0.025078789625615796,2026-08-17T16:14:32.503352+00:00,"Run - Aug 17, 2026 at 21:38:16"
Q8,30,234.26836435388,0.027156184690580294,0.027156184690580294,2026-08-17T16:14:32.650220+00:00,"Run - Aug 17, 2026 at 21:38:16"
Q9,30,248.85337694131414,0.029248996639630237,0.029248996639630237,2026-08-17T16:14:32.704902+00:00,"Run - Aug 17, 2026 at 21:38:16"
Q10,30,263.66903151499287,0.03129624710183031,0.03129624710183031,2026-08-17T16:14:32.760439+00:00,"Run - Aug 17, 2026 at 21:38:16"
Q11,30,278.13859815359746,0.0334139516230936,0.0334139516230936,2026-08-17T16:14:33.057136+00:00,"Run - Aug 17, 2026 at 21:38:16"
Q12,30,292.81683946982054,0.03548692982311683,0.03548692982311683,2026-08-17T16:14:33.144097+00:00,"Run - Aug 17, 2026 at 21:38:16"
Q13,30,307.5322367003098,0.037552799868431935,0.037552799868431935,2026-08-17T16:14:33.203001+00:00,"Run - Aug 17, 2026 at 21:38:16"
Q14,30,322.0399358804393,0.039663897332527225,0.039663897332527225,2026-08-17T16:14:33.280392+00:00,"Run - Aug 17, 2026 at 21:38:16"
Q15,30,336.89768062373577,0.041700732638383725,0.041700732638383725,2026-08-17T16:14:33.371917+00:00,"Run - Aug 17, 2026 at 21:38:16"
Q16,30,351.39131100097063,0.04381231542190642,0.04381231542190642,2026-08-17T16:14:33.451471+00:00,"Run - Aug 17, 2026 at 21:38:16"
Q17,30,366.2876893826146,0.04584250407803,0.04584250407803,2026-08-17T16:14:33.661982+00:00,"Run - Aug 17, 2026 at 21:38:16"
Q18,30,380.7947047721626,0.04795084591206537,0.04795084591206537,2026-08-17T16:14:33.857335+00:00,"Run - Aug 17, 2026 at 21:38:16"
Q19,30,395.26663701471733,0.05006809047802302,0.05006809047802302,2026-08-17T16:14:33.994784+00:00,"Run - Aug 17, 2026 at 21:38:16"
Q20,30,410.0259251384546,0.05212569910505222,0.05212569910505222,2026-08-17T16:14:34.212484+00:00,"Run - Aug 17, 2026 at 21:38:16"
Q21,30,424.86405528343613,0.054166415002193186,0.054166415002193186,2026-08-17T16:14:34.318005+00:00,"Run - Aug 17, 2026 at 21:38:16"
Q22,30,439.46375624244973,0.05625732522427707,0.05625732522427707,2026-08-17T16:14:34.434387+00:00,"Run - Aug 17, 2026 at 21:38:16"
Q23,30,453.70491108965007,0.05842315412956886,0.05842315412956886,2026-08-17T16:14:34.637189+00:00,"Run - Aug 17, 2026 at 21:38:16"
Q24,30,468.4169364747732,0.06048957640950774,0.06048957640950774,2026-08-17T16:14:34.707453+00:00,"Run - Aug 17, 2026 at 21:38:16"
Q25,30,483.5756826130871,0.062462741291824136,0.062462741291824136,2026-08-17T16:14:34.831378+00:00,"Run - Aug 17, 2026 at 21:38:16"
Q26,30,498.2325357356199,0.06453963917073118,0.06453963917073118,2026-08-17T16:14:34.917577+00:00,"Run - Aug 17, 2026 at 21:38:16"
Q27,30,512.4258182462297,0.0667167699412564,0.0667167699412564,2026-08-17T16:14:35.019276+00:00,"Run - Aug 17, 2026 at 21:38:16"
Q28,30,527.2793108783936,0.06875344069802927,0.06875344069802927,2026-08-17T16:14:35.330170+00:00,"Run - Aug 17, 2026 at 21:38:16"
Q29,30,542.1064695557417,0.07079408341432035,0.07079408341432035,2026-08-17T16:14:35.529929+00:00,"Run - Aug 17, 2026 at 21:38:16"
Q30,30,556.1917113984069,0.0729965894889324,0.0729965894889324,2026-08-17T16:14:35.606481+00:00,"Run - Aug 17, 2026 at 21:38:16"
Q31,30,571.188535279181,0.07500099712008881,0.07500099712008881,2026-08-17T16:14:35.708426+00:00,"Run - Aug 17, 2026 at 21:38:16"
Q32,30,585.6996224192624,0.07711215892330767,0.07711215892330767,2026-08-17T16:14:35.790354+00:00,"Run - Aug 17, 2026 at 21:38:16"
Q33,30,600.5088710325106,0.07915666904519988,0.07915666904519988,2026-08-17T16:14:35.843348+00:00,"Run - Aug 17, 2026 at 21:38:16"
Q34,30,615.6202844161812,0.08113700567107388,0.08113700567107388,2026-08-17T16:14:35.903050+00:00,"Run - Aug 17, 2026 at 21:38:16"
Q35,30,629.7090628210688,0.08333886817344924,0.08333886817344924,2026-08-17T16:14:35.962815+00:00,"Run - Aug 17, 2026 at 21:38:16"
Q36,30,644.8639121402817,0.08530862075486538,0.08530862075486538,2026-08-17T16:14:36.030312+00:00,"Run - Aug 17, 2026 at 21:38:16"
Q37,30,658.7120005840356,0.08756313032115885,0.08756313032115885,2026-08-17T16:14:36.232988+00:00,"Run - Aug 17, 2026 at 21:38:16"
Q38,30,673.3804404226516,0.08963954020805322,0.08963954020805322,2026-08-17T16:14:36.291257+00:00,"Run - Aug 17, 2026 at 21:38:16"
Q39,30,688.0766395339796,0.09170909543380627,0.09170909543380627,2026-08-17T16:14:36.502750+00:00,"Run - Aug 17, 2026 at 21:38:16"
Q40,30,702.7724944396882,0.09377892873043164,0.09377892873043164,2026-08-17T16:14:36.596156+00:00,"Run - Aug 17, 2026 at 21:38:16"
Q41,30,717.477602920154,0.09584616222488657,0.09584616222488657,2026-08-17T16:14:36.632373+00:00,"Run - Aug 17, 2026 at 21:38:16"
Q42,30,731.9705053956017,0.09796130075505527,0.09796130075505527,2026-08-17T16:14:36.693361+00:00,"Run - Aug 17, 2026 at 21:38:16"
Q43,30,746.7610243113485,0.10000964312660952,0.10000964312660952,2026-08-17T16:14:36.744324+00:00,"Run - Aug 17, 2026 at 21:38:16"
Q44,30,760.9382937865334,0.10219401296991626,0.10219401296991626,2026-08-17T16:14:36.823710+00:00,"Run - Aug 17, 2026 at 21:38:16"
Q45,30,776.002601902938,0.1041822245066956,0.1041822245066956,2026-08-17T16:14:36.864776+00:00,"Run - Aug 17, 2026 at 21:38:16"
Q46,30,790.5970650626128,0.10627451131740503,0.10627451131740503,2026-08-17T16:14:37.016114+00:00,"Run - Aug 17, 2026 at 21:38:16"
Q47,30,805.3278595198788,0.10833661759246069,0.10833661759246069,2026-08-17T16:14:37.057726+00:00,"Run - Aug 17, 2026 at 21:38:16"
Q48,30,819.4044917430016,0.11054324532697056,0.11054324532697056,2026-08-17T16:14:37.108251+00:00,"Run - Aug 17, 2026 at 21:38:16"
Q49,30,835.3599425515827,0.11233452845309896,0.11233452845309896,2026-08-17T16:14:37.159817+00:00,"Run - Aug 17, 2026 at 21:38:16"
Q50,30,848.8505136694499,0.11467082478723993,0.11467082478723993,2026-08-17T16:14:37.252154+00:00,"Run - Aug 17, 2026 at 21:38:16"
Q51,30,864.0071761151382,0.11663851904069501,0.11663851904069501,2026-08-17T16:14:37.286750+00:00,"Run - Aug 17, 2026 at 21:38:16"
Q52,30,878.9640075552559,0.11865038630783588,0.11865038630783588,2026-08-17T16:14:37.357553+00:00,"Run - Aug 17, 2026 at 21:38:16"
Q53,30,893.8018744536014,0.1206887902494744,0.1206887902494744,2026-08-17T16:14:37.441739+00:00,"Run - Aug 17, 2026 at 21:38:16"
Q54,30,908.1042915285941,0.12284568645489002,0.12284568645489002,2026-08-17T16:14:37.512448+00:00,"Run - Aug 17, 2026 at 21:38:16"
Q55,30,922.4589710238221,0.12499082109430572,0.12499082109430572,2026-08-17T16:14:37.587053+00:00,"Run - Aug 17, 2026 at 21:38:16"
Q56,30,936.8662187260461,0.12712471595850705,0.12712471595850705,2026-08-17T16:14:37.665552+00:00,"Run - Aug 17, 2026 at 21:38:16"
Q57,30,951.5839863194401,0.12918941785273666,0.12918941785273666,2026-08-17T16:14:37.697124+00:00,"Run - Aug 17, 2026 at 21:38:16"
Q58,30,966.3822301901162,0.1312364575293004,0.1312364575293004,2026-08-17T16:14:37.764584+00:00,"Run - Aug 17, 2026 at 21:38:16"
Q59,30,980.8356667054702,0.13335994041351523,0.13335994041351523,2026-08-17T16:14:37.875823+00:00,"Run - Aug 17, 2026 at 21:38:16"
Q60,30,995.9356945961641,0.1353396963735624,0.1353396963735624,2026-08-17T16:14:38.152430+00:00,"Run - Aug 17, 2026 at 21:38:16"
Q61,30,1010.5521777440616,0.1374269462755125,0.1374269462755125,2026-08-17T16:14:38.220948+00:00,"Run - Aug 17, 2026 at 21:38:16"
Q62,30,1025.0565467385068,0.13953929523783304,0.13953929523783304,2026-08-17T16:14:38.294344+00:00,"Run - Aug 17, 2026 at 21:38:16"
Q63,30,1039.4445354915397,0.1416775882178212,0.1416775882178212,2026-08-17T16:14:38.347779+00:00,"Run - Aug 17, 2026 at 21:38:16"
Q64,30,1055.34690453385,0.1434778149564523,0.1434778149564523,2026-08-17T16:14:38.422105+00:00,"Run - Aug 17, 2026 at 21:38:16"
Q65,30,1068.8140524737441,0.14582172102309307,0.14582172102309307,2026-08-17T16:14:38.464831+00:00,"Run - Aug 17, 2026 at 21:38:16"
Q66,30,1083.2160044372658,0.14795708178074268,0.14795708178074268,2026-08-17T16:14:38.513512+00:00,"Run - Aug 17, 2026 at 21:38:16"
Q67,30,1098.2591767242648,0.14994863885460888,0.14994863885460888,2026-08-17T16:14:38.616359+00:00,"Run - Aug 17, 2026 at 21:38:16"
Q68,30,1113.6138633739745,0.15187124299452645,0.15187124299452645,2026-08-17T16:14:38.704995+00:00,"Run - Aug 17, 2026 at 21:38:16"
Q69,30,1127.3698330399077,0.15415089486409825,0.15415089486409825,2026-08-17T16:14:38.784563+00:00,"Run - Aug 17, 2026 at 21:38:16"
Q70,30,1141.7926790981874,0.15628172527524864,0.15628172527524864,2026-08-17T16:14:38.863382+00:00,"Run - Aug 17, 2026 at 21:38:16"
Q71,30,1156.0866518935393,0.15844143227956647,0.15844143227956647,2026-08-17T16:14:38.919343+00:00,"Run - Aug 17, 2026 at 21:38:16"
Q72,30,1171.7206613364901,0.16030115296564137,0.16030115296564137,2026-08-17T16:14:38.991611+00:00,"Run - Aug 17, 2026 at 21:38:16"
Q73,30,1186.0609837521324,0.16244982491994994,0.16244982491994994,2026-08-17T16:14:39.077606+00:00,"Run - Aug 17, 2026 at 21:38:16"
Q74,30,1201.4045622305998,0.16437483905901604,0.16437483905901604,2026-08-17T16:14:39.235966+00:00,"Run - Aug 17, 2026 at 21:38:16"
Q75,30,1214.7192152819969,0.16675368073656255,0.16675368073656255,2026-08-17T16:14:39.305730+00:00,"Run - Aug 17, 2026 at 21:38:16"
Q76,30,1229.714572931669,0.16875563528579654,0.16875563528579654,2026-08-17T16:14:39.415681+00:00,"Run - Aug 17, 2026 at 21:38:16"
Q77,30,1244.4597990571076,0.1708142038706813,0.1708142038706813,2026-08-17T16:14:39.483661+00:00,"Run - Aug 17, 2026 at 21:38:16"
Q78,30,1259.9370419608542,0.1727090444371401,0.1727090444371401,2026-08-17T16:14:39.526058+00:00,"Run - Aug 17, 2026 at 21:38:16"
Q79,30,1274.834820320665,0.17473354606932953,0.17473354606932953,2026-08-17T16:14:39.578191+00:00,"Run - Aug 17, 2026 at 21:38:16"
Q80,30,1289.407378625064,0.17683012507469437,0.17683012507469437,2026-08-17T16:14:39.628793+00:00,"Run - Aug 17, 2026 at 21:38:16"
Q81,30,1304.8382450892434,0.17873409620024652,0.17873409620024652,2026-08-17T16:14:39.687478+00:00,"Run - Aug 17, 2026 at 21:38:16"
Q82,30,1317.74231200387,0.18120667334055765,0.18120667334055765,2026-08-17T16:14:39.740242+00:00,"Run - Aug 17, 2026 at 21:38:16"
Q83,30,1333.065112696072,0.18313462951525744,0.18313462951525744,2026-08-17T16:14:39.799228+00:00,"Run - Aug 17, 2026 at 21:38:16"
Q84,30,1346.6885726401351,0.18544566166328627,0.18544566166328627,2026-08-17T16:14:39.863150+00:00,"Run - Aug 17, 2026 at 21:38:16"
Q85,30,1362.2592345701594,0.18731869630621856,0.18731869630621856,2026-08-17T16:14:39.909311+00:00,"Run - Aug 17, 2026 at 21:38:16"
Q86,30,1376.5619851844333,0.1894761054789941,0.1894761054789941,2026-08-17T16:14:39.974075+00:00,"Run - Aug 17, 2026 at 21:38:16"
Q87,30,1391.429840319923,0.1915065957169345,0.1915065957169345,2026-08-17T16:14:40.039415+00:00,"Run - Aug 17, 2026 at 21:38:16"
Q88,30,1405.2411480502549,0.19377597155785484,0.19377597155785484,2026-08-17T16:14:40.089126+00:00,"Run - Aug 17, 2026 at 21:38:16"
Q89,30,1420.6515786619877,0.1956843550453787,0.1956843550453787,2026-08-17T16:14:40.143419+00:00,"Run - Aug 17, 2026 at 21:38:16"
Q90,30,1434.7178323006576,0.1978963826731036,0.1978963826731036,2026-08-17T16:14:40.196247+00:00,"Run - Aug 17, 2026 at 21:38:16"
Q91,30,1449.3154163566069,0.19998783541622323,0.19998783541622323,2026-08-17T16:14:40.245521+00:00,"Run - Aug 17, 2026 at 21:38:16"
Q92,30,1464.1497394813307,0.202025662039415,0.202025662039415,2026-08-17T16:14:40.343010+00:00,"Run - Aug 17, 2026 at 21:38:16"
Q93,30,1479.3977141868304,0.20397086086047742,0.20397086086047742,2026-08-17T16:14:40.418856+00:00,"Run - Aug 17, 2026 at 21:38:16"
Q94,30,1495.4115619559277,0.205744757176928,0.205744757176928,2026-08-17T16:14:40.468601+00:00,"Run - Aug 17, 2026 at 21:38:16"
Q95,30,1508.1634882598164,0.20825153973256874,0.20825153973256874,2026-08-17T16:14:40.508468+00:00,"Run - Aug 17, 2026 at 21:38:16"
Q96,30,1522.670651388182,0.2103627797197495,0.2103627797197495,2026-08-17T16:14:40.559318+00:00,"Run - Aug 17, 2026 at 21:38:16"
Q97,30,1536.8944927097384,0.21253915409311372,0.21253915409311372,2026-08-17T16:14:40.647697+00:00,"Run - Aug 17, 2026 at 21:38:16"
Q98,30,1552.8937599755927,0.21431494061140788,0.21431494061140788,2026-08-17T16:14:40.737212+00:00,"Run - Aug 17, 2026 at 21:38:16"
Q99,30,1566.904249196414,0.21653938548939122,0.21653938548939122,2026-08-17T16:14:40.796843+00:00,"Run - Aug 17, 2026 at 21:38:16"
Q100,30,1580.3620550244468,0.2188866989500966,0.2188866989500966,2026-08-17T16:14:40.839018+00:00,"Run - Aug 17, 2026 at 21:38:16"
Q101,30,1595.5660931151938,0.2208417886219468,0.2208417886219468,2026-08-17T16:14:40.887070+00:00,"Run - Aug 17, 2026 at 21:38:16"
Q102,30,1610.3861196531518,0.22288383058872802,0.22288383058872802,2026-08-17T16:14:40.927885+00:00,"Run - Aug 17, 2026 at 21:38:16"
Q103,30,1625.3679706876446,0.22488734648320985,0.22488734648320985,2026-08-17T16:14:40.969983+00:00,"Run - Aug 17, 2026 at 21:38:16"
Q104,30,1640.6992666704753,0.2268149184545259,0.2268149184545259,2026-08-17T16:14:41.035863+00:00,"Run - Aug 17, 2026 at 21:38:16"
Q105,30,1653.7580000112064,0.22925363952811803,0.22925363952811803,2026-08-17T16:14:41.076329+00:00,"Run - Aug 17, 2026 at 21:38:16"
Q106,30,1668.5228937535708,0.23130698202237612,0.23130698202237612,2026-08-17T16:14:41.126698+00:00,"Run - Aug 17, 2026 at 21:38:16"
Q107,30,1684.080666733299,0.23318157190991287,0.23318157190991287,2026-08-17T16:14:41.196552+00:00,"Run - Aug 17, 2026 at 21:38:16"
Q108,30,1698.737958653666,0.2352611696804196,0.2352611696804196,2026-08-17T16:14:41.363570+00:00,"Run - Aug 17, 2026 at 21:38:16"
Q109,30,1713.5103250905445,0.23731209196314626,0.23731209196314626,2026-08-17T16:14:41.428644+00:00,"Run - Aug 17, 2026 at 21:38:16"
Q110,30,1727.723868903669,0.23948976144860956,0.23948976144860956,2026-08-17T16:14:41.477276+00:00,"Run - Aug 17, 2026 at 21:38:16"
Q111,30,1742.6485392977413,0.24150727977836525,0.24150727977836525,2026-08-17T16:14:41.523436+00:00,"Run - Aug 17, 2026 at 21:38:16"
Q112,30,1756.9089527434887,0.2436753867937268,0.2436753867937268,2026-08-17T16:14:41.580491+00:00,"Run - Aug 17, 2026 at 21:38:16"
Q113,30,1771.6567135987382,0.24573417059795344,0.24573417059795344,2026-08-17T16:14:41.646965+00:00,"Run - Aug 17, 2026 at 21:38:16"
Q114,30,1787.0802956244006,0.24763897666310264,0.24763897666310264,2026-08-17T16:14:41.784938+00:00,"Run - Aug 17, 2026 at 21:38:16"
Q115,30,1800.984536342653,0.2498869419971651,0.2498869419971651,2026-08-17T16:14:41.869124+00:00,"Run - Aug 17, 2026 at 21:38:16"
Q116,30,1815.0864382592713,0.25209168638701107,0.25209168638701107,2026-08-17T16:14:41.940300+00:00,"Run - Aug 17, 2026 at 21:38:16"
Q117,30,1830.1879569558664,0.25407079675379834,0.25407079675379834,2026-08-17T16:14:41.997473+00:00,"Run - Aug 17, 2026 at 21:38:16"
Q118,30,1845.1088391736582,0.25608664700662487,0.25608664700662487,2026-08-17T16:14:42.090536+00:00,"Run - Aug 17, 2026 at 21:38:16"
Q119,30,1859.463691150642,0.2582351689159683,0.2582351689159683,2026-08-17T16:14:42.154649+00:00,"Run - Aug 17, 2026 at 21:38:16"
Q120,30,1874.2527292766915,0.2602828642101233,0.2602828642101233,2026-08-17T16:14:42.234435+00:00,"Run - Aug 17, 2026 at 21:38:16"
Q121,30,1888.905036041931,0.2623633390284051,0.2623633390284051,2026-08-17T16:14:42.304701+00:00,"Run - Aug 17, 2026 at 21:38:16"
Q122,30,1903.9572570486127,0.2643512523171959,0.2643512523171959,2026-08-17T16:14:42.366203+00:00,"Run - Aug 17, 2026 at 21:38:16"
Q123,30,1919.1276731215132,0.26631310918093765,0.26631310918093765,2026-08-17T16:14:42.423052+00:00,"Run - Aug 17, 2026 at 21:38:16"
Q124,30,1932.5685951250623,0.26866785015606476,0.26866785015606476,2026-08-17T16:14:42.479234+00:00,"Run - Aug 17, 2026 at 21:38:16"
Q125,30,1948.2585277956252,0.2705099545027148,0.2705099545027148,2026-08-17T16:14:42.542087+00:00,"Run - Aug 17, 2026 at 21:38:16"
Q126,30,1960.6388575722913,0.27310296172377674,0.27310296172377674,2026-08-17T16:14:42.596695+00:00,"Run - Aug 17, 2026 at 21:38:16"
Q127,30,1976.6403533237497,0.27487844223370084,0.27487844223370084,2026-08-17T16:14:42.647648+00:00,"Run - Aug 17, 2026 at 21:38:16"
Q128,30,1990.7932798767438,0.27707128102756007,0.27707128102756007,2026-08-17T16:14:43.416908+00:00,"Run - Aug 17, 2026 at 21:38:16"
Q129,30,2005.868507772735,0.27905444117161743,0.27905444117161743,2026-08-17T16:14:43.626304+00:00,"Run - Aug 17, 2026 at 21:38:16"
Q130,30,2020.4043739135375,0.28116071423164807,0.28116071423164807,2026-08-17T16:14:43.712192+00:00,"Run - Aug 17, 2026 at 21:38:16"
Q131,30,2034.8229605528172,0.2832932660161645,0.2832932660161645,2026-08-17T16:14:43.771955+00:00,"Run - Aug 17, 2026 at 21:38:16"
Q132,30,2049.569350810803,0.2853505180513224,0.2853505180513224,2026-08-17T16:14:43.859187+00:00,"Run - Aug 17, 2026 at 21:38:16"
Q0,31,117.0634941490623,0.010510682051811526,0.010510682051811526,2026-08-17T16:14:58.239802+00:00,"Run - Aug 17, 2026 at 21:38:16"
Q1,31,131.67720597217942,0.012597786294014679,0.012597786294014679,2026-08-17T16:14:58.293844+00:00,"Run - Aug 17, 2026 at 21:38:16"
Q2,31,146.35422338264522,0.014673616956430595,0.014673616956430595,2026-08-17T16:14:58.349794+00:00,"Run - Aug 17, 2026 at 21:38:16"
Q3,31,160.93774334395246,0.016766936799369733,0.016766936799369733,2026-08-17T16:14:58.405236+00:00,"Run - Aug 17, 2026 at 21:38:16"
Q4,31,175.57356843101851,0.018851477053566396,0.018851477053566396,2026-08-17T16:14:58.461814+00:00,"Run - Aug 17, 2026 at 21:38:16"
Q5,31,190.17153341827026,0.020940170258911022,0.020940170258911022,2026-08-17T16:14:58.519357+00:00,"Run - Aug 17, 2026 at 21:38:16"
Q6,31,204.7969065799788,0.023025724843519543,0.023025724843519543,2026-08-17T16:14:58.580776+00:00,"Run - Aug 17, 2026 at 21:38:16"
Q7,31,219.39884490777558,0.025115477761767514,0.025115477761767514,2026-08-17T16:14:58.645784+00:00,"Run - Aug 17, 2026 at 21:38:16"
Q8,31,234.0541532449647,0.02719504349315007,0.02719504349315007,2026-08-17T16:14:58.702094+00:00,"Run - Aug 17, 2026 at 21:38:16"
Q9,31,248.62682190347684,0.029290804315853645,0.029290804315853645,2026-08-17T16:14:58.755211+00:00,"Run - Aug 17, 2026 at 21:38:16"
Q10,31,263.4260038641117,0.03134178833987269,0.03134178833987269,2026-08-17T16:14:58.808242+00:00,"Run - Aug 17, 2026 at 21:38:16"
Q11,31,277.90722768736157,0.03345801056541058,0.03345801056541058,2026-08-17T16:14:58.863418+00:00,"Run - Aug 17, 2026 at 21:38:16"
Q12,31,292.50235334578645,0.03554790111104467,0.03554790111104467,2026-08-17T16:14:58.916064+00:00,"Run - Aug 17, 2026 at 21:38:16"
Q13,31,307.2502241190573,0.03760753960180618,0.03760753960180618,2026-08-17T16:14:58.971019+00:00,"Run - Aug 17, 2026 at 21:38:16"
Q14,31,321.72068549031763,0.03972683941766513,0.03972683941766513,2026-08-17T16:14:59.026766+00:00,"Run - Aug 17, 2026 at 21:38:16"
Q15,31,336.524278338757,0.041774935561947106,0.041774935561947106,2026-08-17T16:14:59.086792+00:00,"Run - Aug 17, 2026 at 21:38:16"
Q16,31,351.0037603356647,0.04389040387450118,0.04389040387450118,2026-08-17T16:14:59.161797+00:00,"Run - Aug 17, 2026 at 21:38:16"
Q17,31,365.93773696973534,0.04591350552365908,0.04591350552365908,2026-08-17T16:14:59.254493+00:00,"Run - Aug 17, 2026 at 21:38:16"
Q18,31,380.40366643643137,0.04803037393423554,0.04803037393423554,2026-08-17T16:14:59.332885+00:00,"Run - Aug 17, 2026 at 21:38:16"
Q19,31,394.88437027692277,0.050146432106278546,0.050146432106278546,2026-08-17T16:14:59.399734+00:00,"Run - Aug 17, 2026 at 21:38:16"
Q20,31,409.62764897274604,0.05220745900737981,0.05220745900737981,2026-08-17T16:14:59.452467+00:00,"Run - Aug 17, 2026 at 21:38:16"
Q21,31,424.41423328547006,0.05425935482785273,0.05425935482785273,2026-08-17T16:14:59.508073+00:00,"Run - Aug 17, 2026 at 21:38:16"
Q22,31,438.97511730382433,0.05635907713268393,0.05635907713268393,2026-08-17T16:14:59.562892+00:00,"Run - Aug 17, 2026 at 21:38:16"
Q23,31,453.20841671475876,0.058526581334359645,0.058526581334359645,2026-08-17T16:14:59.613660+00:00,"Run - Aug 17, 2026 at 21:38:16"
Q24,31,467.9908884899795,0.06057837354446066,0.06057837354446066,2026-08-17T16:14:59.674324+00:00,"Run - Aug 17, 2026 at 21:38:16"
Q25,31,483.0603497828139,0.06257143096083292,0.06257143096083292,2026-08-17T16:14:59.737224+00:00,"Run - Aug 17, 2026 at 21:38:16"
Q26,31,497.742666607721,0.06464278198095551,0.06464278198095551,2026-08-17T16:14:59.791950+00:00,"Run - Aug 17, 2026 at 21:38:16"
Q27,31,511.9299167020067,0.06682151037383481,0.06682151037383481,2026-08-17T16:14:59.843617+00:00,"Run - Aug 17, 2026 at 21:38:16"
Q28,31,526.6944096176059,0.06887769050923997,0.06887769050923997,2026-08-17T16:14:59.900407+00:00,"Run - Aug 17, 2026 at 21:38:16"
Q29,31,541.5751465431017,0.07090696480869939,0.07090696480869939,2026-08-17T16:14:59.955937+00:00,"Run - Aug 17, 2026 at 21:38:16"
Q30,31,555.6716930345419,0.07310728815120252,0.07310728815120252,2026-08-17T16:15:00.019293+00:00,"Run - Aug 17, 2026 at 21:38:16"
Q31,31,570.6486248550187,0.07511619057452283,0.07511619057452283,2026-08-17T16:15:00.079937+00:00,"Run - Aug 17, 2026 at 21:38:16"
Q32,31,585.1479752362899,0.07723021086858917,0.07723021086858917,2026-08-17T16:15:00.232177+00:00,"Run - Aug 17, 2026 at 21:38:16"
Q33,31,599.940763495251,0.07927848664645007,0.07927848664645007,2026-08-17T16:15:00.396831+00:00,"Run - Aug 17, 2026 at 21:38:16"
Q34,31,614.8805202071613,0.08129652272156872,0.08129652272156872,2026-08-17T16:15:00.455522+00:00,"Run - Aug 17, 2026 at 21:38:16"
Q35,31,629.0983587515763,0.08347037900323223,0.08347037900323223,2026-08-17T16:15:00.536112+00:00,"Run - Aug 17, 2026 at 21:38:16"
Q36,31,644.106793915265,0.08547261847842362,0.08547261847842362,2026-08-17T16:15:00.691001+00:00,"Run - Aug 17, 2026 at 21:38:16"
Q37,31,658.0432642109026,0.08770772019327484,0.08770772019327484,2026-08-17T16:15:00.856916+00:00,"Run - Aug 17, 2026 at 21:38:16"
Q38,31,672.7318177354556,0.08978007370171846,0.08978007370171846,2026-08-17T16:15:00.913178+00:00,"Run - Aug 17, 2026 at 21:38:16"
Q39,31,687.449350538125,0.09184526495013556,0.09184526495013556,2026-08-17T16:15:00.963921+00:00,"Run - Aug 17, 2026 at 21:38:16"
Q40,31,702.1121979471249,0.09392252342831399,0.09392252342831399,2026-08-17T16:15:01.017272+00:00,"Run - Aug 17, 2026 at 21:38:16"
Q41,31,716.7438098020457,0.09600622995046,0.09600622995046,2026-08-17T16:15:01.067418+00:00,"Run - Aug 17, 2026 at 21:38:16"
Q42,31,731.2842358771668,0.09811103414339901,0.09811103414339901,2026-08-17T16:15:01.121016+00:00,"Run - Aug 17, 2026 at 21:38:16"
Q43,31,746.0780989738489,0.1001588935939788,0.1001588935939788,2026-08-17T16:15:01.171538+00:00,"Run - Aug 17, 2026 at 21:38:16"
Q44,31,760.2504380312436,0.10234454762195266,0.10234454762195266,2026-08-17T16:15:01.220132+00:00,"Run - Aug 17, 2026 at 21:38:16"
Q45,31,775.2730986625423,0.1043421229177368,0.1043421229177368,2026-08-17T16:15:01.274085+00:00,"Run - Aug 17, 2026 at 21:38:16"
Q46,31,789.7477778983834,0.10646099027666277,0.10646099027666277,2026-08-17T16:15:01.322773+00:00,"Run - Aug 17, 2026 at 21:38:16"
Q47,31,804.5700696779564,0.10850316340194248,0.10850316340194248,2026-08-17T16:15:01.374219+00:00,"Run - Aug 17, 2026 at 21:38:16"
Q48,31,818.6649666791743,0.11070597575433323,0.11070597575433323,2026-08-17T16:15:01.429356+00:00,"Run - Aug 17, 2026 at 21:38:16"
Q49,31,834.4926271600257,0.1125257266661188,0.1125257266661188,2026-08-17T16:15:01.485888+00:00,"Run - Aug 17, 2026 at 21:38:16"
Q50,31,847.988826749188,0.11486094268378076,0.11486094268378076,2026-08-17T16:15:01.537857+00:00,"Run - Aug 17, 2026 at 21:38:16"
Q51,31,863.2152075080022,0.11681342630962634,0.11681342630962634,2026-08-17T16:15:01.588343+00:00,"Run - Aug 17, 2026 at 21:38:16"
Q52,31,878.0805894446037,0.11884572638978326,0.11884572638978326,2026-08-17T16:15:01.669363+00:00,"Run - Aug 17, 2026 at 21:38:16"
Q53,31,892.8767771593091,0.12089359673059587,0.12089359673059587,2026-08-17T16:15:01.720735+00:00,"Run - Aug 17, 2026 at 21:38:16"
Q54,31,907.1700471692973,0.12305277261046788,0.12305277261046788,2026-08-17T16:15:01.772825+00:00,"Run - Aug 17, 2026 at 21:38:16"
Q55,31,921.6159197141208,0.12517777862357315,0.12517777862357315,2026-08-17T16:15:01.836089+00:00,"Run - Aug 17, 2026 at 21:38:16"
Q56,31,936.0140614426502,0.12731387539933445,0.12731387539933445,2026-08-17T16:15:01.918369+00:00,"Run - Aug 17, 2026 at 21:38:16"
Q57,31,950.6914936750702,0.12938773093021347,0.12938773093021347,2026-08-17T16:15:01.976122+00:00,"Run - Aug 17, 2026 at 21:38:16"
Q58,31,965.49794555757,0.13143313933262524,0.13143313933262524,2026-08-17T16:15:02.028477+00:00,"Run - Aug 17, 2026 at 21:38:16"
Q59,31,979.9422486689429,0.13355882183930437,0.13355882183930437,2026-08-17T16:15:02.107530+00:00,"Run - Aug 17, 2026 at 21:38:16"
Q60,31,994.912530185055,0.13556761880621018,0.13556761880621018,2026-08-17T16:15:02.160447+00:00,"Run - Aug 17, 2026 at 21:38:16"
Q61,31,1009.5149749424165,0.13765811159255162,0.13765811159255162,2026-08-17T16:15:02.233677+00:00,"Run - Aug 17, 2026 at 21:38:16"
Q62,31,1024.1176270557453,0.1397488247577255,0.1397488247577255,2026-08-17T16:15:02.319039+00:00,"Run - Aug 17, 2026 at 21:38:16"
Q63,31,1038.4968541313908,0.14188923968353204,0.14188923968353204,2026-08-17T16:15:02.372395+00:00,"Run - Aug 17, 2026 at 21:38:16"
Q64,31,1054.1966741866297,0.14373496761564306,0.14373496761564306,2026-08-17T16:15:02.424964+00:00,"Run - Aug 17, 2026 at 21:38:16"
Q65,31,1067.779037312399,0.14605309870872904,0.14605309870872904,2026-08-17T16:15:02.487020+00:00,"Run - Aug 17, 2026 at 21:38:16"
Q66,31,1082.0849342546755,0.14821019130133767,0.14821019130133767,2026-08-17T16:15:02.577525+00:00,"Run - Aug 17, 2026 at 21:38:16"
Q67,31,1097.0445330820992,0.1502205486970097,0.1502205486970097,2026-08-17T16:15:02.635755+00:00,"Run - Aug 17, 2026 at 21:38:16"
Q68,31,1112.607743569681,0.15209660709192924,0.15209660709192924,2026-08-17T16:15:02.687147+00:00,"Run - Aug 17, 2026 at 21:38:16"
Q69,31,1126.310633495128,0.15438845381409572,0.15438845381409572,2026-08-17T16:15:02.740181+00:00,"Run - Aug 17, 2026 at 21:38:16"
Q70,31,1140.5369531414165,0.1565632790032372,0.1565632790032372,2026-08-17T16:15:02.817099+00:00,"Run - Aug 17, 2026 at 21:38:16"
Q71,31,1154.8852304366653,0.158711029092569,0.158711029092569,2026-08-17T16:15:02.868182+00:00,"Run - Aug 17, 2026 at 21:38:16"
Q72,31,1170.5166568310765,0.16057158449592834,0.16057158449592834,2026-08-17T16:15:02.919452+00:00,"Run - Aug 17, 2026 at 21:38:16"
Q73,31,1184.973428736435,0.16269418834175825,0.16269418834175825,2026-08-17T16:15:02.992571+00:00,"Run - Aug 17, 2026 at 21:38:16"
Q74,31,1200.2938086049821,0.1646247235343797,0.1646247235343797,2026-08-17T16:15:03.047655+00:00,"Run - Aug 17, 2026 at 21:38:16"
Q75,31,1213.6722734308937,0.16698879800746408,0.16698879800746408,2026-08-17T16:15:03.109132+00:00,"Run - Aug 17, 2026 at 21:38:16"
Q76,31,1228.4285118027133,0.16904513474266328,0.16904513474266328,2026-08-17T16:15:03.173969+00:00,"Run - Aug 17, 2026 at 21:38:16"
Q77,31,1243.1565048466796,0.17110772935327742,0.17110772935327742,2026-08-17T16:15:03.244899+00:00,"Run - Aug 17, 2026 at 21:38:16"
Q78,31,1258.5336453717428,0.1730250105440034,0.1730250105440034,2026-08-17T16:15:03.302203+00:00,"Run - Aug 17, 2026 at 21:38:16"
Q79,31,1273.9858101390623,0.1749249059857086,0.1749249059857086,2026-08-17T16:15:03.356194+00:00,"Run - Aug 17, 2026 at 21:38:16"
Q80,31,1287.8306398522025,0.17718543262843023,0.17718543262843023,2026-08-17T16:15:03.404340+00:00,"Run - Aug 17, 2026 at 21:38:16"
Q81,31,1303.2994273982392,0.17908106218144657,0.17908106218144657,2026-08-17T16:15:03.454885+00:00,"Run - Aug 17, 2026 at 21:38:16"
Q82,31,1316.5036440136444,0.1814864908637105,0.1814864908637105,2026-08-17T16:15:03.502900+00:00,"Run - Aug 17, 2026 at 21:38:16"
Q83,31,1331.8705894139573,0.18340461607185637,0.18340461607185637,2026-08-17T16:15:03.556871+00:00,"Run - Aug 17, 2026 at 21:38:16"
Q84,31,1345.428508902577,0.1857305884896622,0.1857305884896622,2026-08-17T16:15:03.609436+00:00,"Run - Aug 17, 2026 at 21:38:16"
Q85,31,1361.2878813153857,0.18753813337809566,0.18753813337809566,2026-08-17T16:15:03.662600+00:00,"Run - Aug 17, 2026 at 21:38:16"
Q86,31,1374.9986550322553,0.18982896865158497,0.18982896865158497,2026-08-17T16:15:03.709546+00:00,"Run - Aug 17, 2026 at 21:38:16"
Q87,31,1389.9230174983788,0.1918471841954007,0.1918471841954007,2026-08-17T16:15:03.761386+00:00,"Run - Aug 17, 2026 at 21:38:16"
Q88,31,1403.9262918337124,0.19407380184069312,0.19407380184069312,2026-08-17T16:15:03.818520+00:00,"Run - Aug 17, 2026 at 21:38:16"
Q89,31,1419.2306447658095,0.1960060445583581,0.1960060445583581,2026-08-17T16:15:03.864013+00:00,"Run - Aug 17, 2026 at 21:38:16"
Q90,31,1433.4099929150984,0.1981928742396275,0.1981928742396275,2026-08-17T16:15:03.920196+00:00,"Run - Aug 17, 2026 at 21:38:16"
Q91,31,1447.879988741731,0.20031333262853832,0.20031333262853832,2026-08-17T16:15:03.974484+00:00,"Run - Aug 17, 2026 at 21:38:16"
Q92,31,1462.6927059319057,0.20235584476624588,0.20235584476624588,2026-08-17T16:15:04.036902+00:00,"Run - Aug 17, 2026 at 21:38:16"
Q93,31,1477.7937388755322,0.2043341089370204,0.2043341089370204,2026-08-17T16:15:04.095306+00:00,"Run - Aug 17, 2026 at 21:38:16"
Q94,31,1493.8497706982075,0.20609894135791884,0.20609894135791884,2026-08-17T16:15:04.153234+00:00,"Run - Aug 17, 2026 at 21:38:16"
Q95,31,1506.7006608688912,0.20858334699024927,0.20858334699024927,2026-08-17T16:15:04.223096+00:00,"Run - Aug 17, 2026 at 21:38:16"
Q96,31,1521.1971085560494,0.21069723027221163,0.21069723027221163,2026-08-17T16:15:04.316602+00:00,"Run - Aug 17, 2026 at 21:38:16"
Q97,31,1535.3730227727565,0.21288454605533189,0.21288454605533189,2026-08-17T16:15:04.366762+00:00,"Run - Aug 17, 2026 at 21:38:16"
Q98,31,1551.4586001132723,0.21464110454051258,0.21464110454051258,2026-08-17T16:15:04.421476+00:00,"Run - Aug 17, 2026 at 21:38:16"
Q99,31,1565.550629582393,0.21684720584537157,0.21684720584537157,2026-08-17T16:15:04.491609+00:00,"Run - Aug 17, 2026 at 21:38:16"
Q100,31,1578.721271665921,0.219259633613067,0.219259633613067,2026-08-17T16:15:04.548033+00:00,"Run - Aug 17, 2026 at 21:38:16"
Q101,31,1594.0726327059144,0.22118169495816525,0.22118169495816525,2026-08-17T16:15:04.603642+00:00,"Run - Aug 17, 2026 at 21:38:16"
Q102,31,1608.7866338065219,0.22324750116011685,0.22324750116011685,2026-08-17T16:15:04.662058+00:00,"Run - Aug 17, 2026 at 21:38:16"
Q103,31,1623.790829473061,0.2252460764332073,0.2252460764332073,2026-08-17T16:15:04.718946+00:00,"Run - Aug 17, 2026 at 21:38:16"
Q104,31,1639.0954018855266,0.22717978345959033,0.22717978345959033,2026-08-17T16:15:04.772409+00:00,"Run - Aug 17, 2026 at 21:38:16"
Q105,31,1652.260183893653,0.2295949991518235,0.2295949991518235,2026-08-17T16:15:04.828435+00:00,"Run - Aug 17, 2026 at 21:38:16"
Q106,31,1666.7802079168491,0.23170324210902923,0.23170324210902923,2026-08-17T16:15:04.884635+00:00,"Run - Aug 17, 2026 at 21:38:16"
Q107,31,1682.1725187601062,0.23361562379446535,0.23361562379446535,2026-08-17T16:15:04.941549+00:00,"Run - Aug 17, 2026 at 21:38:16"
Q108,31,1697.1357957957866,0.23562654181557485,0.23562654181557485,2026-08-17T16:15:04.993562+00:00,"Run - Aug 17, 2026 at 21:38:16"
Q109,31,1711.7064215453606,0.23772311038951574,0.23772311038951574,2026-08-17T16:15:05.047670+00:00,"Run - Aug 17, 2026 at 21:38:16"
Q110,31,1725.9582192286193,0.23989221827920618,0.23989221827920618,2026-08-17T16:15:05.103684+00:00,"Run - Aug 17, 2026 at 21:38:16"
Q111,31,1740.9595323320912,0.2418928194880588,0.2418928194880588,2026-08-17T16:15:05.158808+00:00,"Run - Aug 17, 2026 at 21:38:16"
Q112,31,1755.2589352488117,0.2440521367995492,0.2440521367995492,2026-08-17T16:15:05.218101+00:00,"Run - Aug 17, 2026 at 21:38:16"
Q113,31,1769.5556945173093,0.24621229428471514,0.24621229428471514,2026-08-17T16:15:05.282189+00:00,"Run - Aug 17, 2026 at 21:38:16"
Q114,31,1785.2873607627855,0.248047944576267,0.248047944576267,2026-08-17T16:15:05.339389+00:00,"Run - Aug 17, 2026 at 21:38:16"
Q115,31,1799.9006535645033,0.25013383608464246,0.25013383608464246,2026-08-17T16:15:05.393703+00:00,"Run - Aug 17, 2026 at 21:38:16"
Q116,31,1813.7602106930326,0.25239347140293605,0.25239347140293605,2026-08-17T16:15:05.445696+00:00,"Run - Aug 17, 2026 at 21:38:16"
Q117,31,1828.4180547646815,0.2544752047072899,0.2544752047072899,2026-08-17T16:15:05.494293+00:00,"Run - Aug 17, 2026 at 21:38:16"
Q118,31,1843.3168184264512,0.25649584421983296,0.25649584421983296,2026-08-17T16:15:05.540692+00:00,"Run - Aug 17, 2026 at 21:38:16"
Q119,31,1857.5147094306255,0.2586803132159229,0.2586803132159229,2026-08-17T16:15:05.592102+00:00,"Run - Aug 17, 2026 at 21:38:16"
Q120,31,1872.5384898534178,0.2606750561123378,0.2606750561123378,2026-08-17T16:15:05.642984+00:00,"Run - Aug 17, 2026 at 21:38:16"
Q121,31,1887.0211631893455,0.2627935560798704,0.2627935560798704,2026-08-17T16:15:05.693671+00:00,"Run - Aug 17, 2026 at 21:38:16"
Q122,31,1902.0018848409982,0.26479805555086855,0.26479805555086855,2026-08-17T16:15:05.744040+00:00,"Run - Aug 17, 2026 at 21:38:16"
Q123,31,1916.9398872253448,0.2668125417134423,0.2668125417134423,2026-08-17T16:15:05.790525+00:00,"Run - Aug 17, 2026 at 21:38:16"
Q124,31,1930.5959973777196,0.2691188871919804,0.2691188871919804,2026-08-17T16:15:05.843433+00:00,"Run - Aug 17, 2026 at 21:38:16"
Q125,31,1946.4629189898908,0.27092119930870034,0.27092119930870034,2026-08-17T16:15:05.893783+00:00,"Run - Aug 17, 2026 at 21:38:16"
Q126,31,1958.7670755722324,0.2735317966444288,0.2735317966444288,2026-08-17T16:15:05.953354+00:00,"Run - Aug 17, 2026 at 21:38:16"
Q127,31,1974.8343875628389,0.2752922599900321,0.2752922599900321,2026-08-17T16:15:06.004208+00:00,"Run - Aug 17, 2026 at 21:38:16"
Q128,31,1988.9835792765975,0.2774861392853138,0.2774861392853138,2026-08-17T16:15:06.064417+00:00,"Run - Aug 17, 2026 at 21:38:16"
Q129,31,2004.3998454210973,0.27939019473521354,0.27939019473521354,2026-08-17T16:15:06.117363+00:00,"Run - Aug 17, 2026 at 21:38:16"
Q130,31,2018.5077812996851,0.28159553150157446,0.28159553150157446,2026-08-17T16:15:06.168109+00:00,"Run - Aug 17, 2026 at 21:38:16"
Q131,31,2032.9704816784129,0.2837180869764509,0.2837180869764509,2026-08-17T16:15:06.218650+00:00,"Run - Aug 17, 2026 at 21:38:16"
Q132,31,2047.645823084297,0.2857915089215491,0.2857915089215491,2026-08-17T16:15:06.299610+00:00,"Run - Aug 17, 2026 at 21:38:16"
Q0,32,116.9473767832432,0.010525206594405433,0.010525206594405433,2026-08-17T16:15:15.685504+00:00,"Run - Aug 17, 2026 at 21:38:16"
Q1,32,131.5540385493828,0.01261419581560713,0.01261419581560713,2026-08-17T16:15:15.737091+00:00,"Run - Aug 17, 2026 at 21:38:16"
Q2,32,146.22439282717588,0.014691847404912391,0.014691847404912391,2026-08-17T16:15:15.787672+00:00,"Run - Aug 17, 2026 at 21:38:16"
Q3,32,160.78737947473977,0.016789732726421442,0.016789732726421442,2026-08-17T16:15:15.843194+00:00,"Run - Aug 17, 2026 at 21:38:16"
Q4,32,175.41414689290008,0.01887657409961686,0.01887657409961686,2026-08-17T16:15:15.905139+00:00,"Run - Aug 17, 2026 at 21:38:16"
Q5,32,189.98925001056395,0.020970509590817168,0.020970509590817168,2026-08-17T16:15:15.969901+00:00,"Run - Aug 17, 2026 at 21:38:16"
Q6,32,204.57891484023574,0.023063815145721468,0.023063815145721468,2026-08-17T16:15:16.071409+00:00,"Run - Aug 17, 2026 at 21:38:16"
Q7,32,219.18322296169512,0.02515357738096935,0.02515357738096935,2026-08-17T16:15:16.139062+00:00,"Run - Aug 17, 2026 at 21:38:16"
Q8,32,233.8489198481038,0.027231284182047587,0.027231284182047587,2026-08-17T16:15:16.209242+00:00,"Run - Aug 17, 2026 at 21:38:16"
Q9,32,248.41674561280257,0.029328312956445057,0.029328312956445057,2026-08-17T16:15:16.271712+00:00,"Run - Aug 17, 2026 at 21:38:16"
Q10,32,263.150373407426,0.031393669086114996,0.031393669086114996,2026-08-17T16:15:16.363173+00:00,"Run - Aug 17, 2026 at 21:38:16"
Q11,32,277.65672593324996,0.03350482119215014,0.03350482119215014,2026-08-17T16:15:16.427881+00:00,"Run - Aug 17, 2026 at 21:38:16"
Q12,32,292.2077431169087,0.03560448091758739,0.03560448091758739,2026-08-17T16:15:16.491058+00:00,"Run - Aug 17, 2026 at 21:38:16"
Q13,32,306.9468953135521,0.03766631668815017,0.03766631668815017,2026-08-17T16:15:16.555867+00:00,"Run - Aug 17, 2026 at 21:38:16"
Q14,32,321.3709547961611,0.03979588854954129,0.03979588854954129,2026-08-17T16:15:16.615853+00:00,"Run - Aug 17, 2026 at 21:38:16"
Q15,32,336.17400880985963,0.04184433792559914,0.04184433792559914,2026-08-17T16:15:16.702949+00:00,"Run - Aug 17, 2026 at 21:38:16"
Q16,32,350.6502892512173,0.043960867560267895,0.043960867560267895,2026-08-17T16:15:16.768841+00:00,"Run - Aug 17, 2026 at 21:38:16"
Q17,32,365.5938319356996,0.04598207700920563,0.04598207700920563,2026-08-17T16:15:16.830016+00:00,"Run - Aug 17, 2026 at 21:38:16"
Q18,32,380.0181005919524,0.048108338154649856,0.048108338154649856,2026-08-17T16:15:16.901234+00:00,"Run - Aug 17, 2026 at 21:38:16"
Q19,32,394.4866722168903,0.050227323859334934,0.050227323859334934,2026-08-17T16:15:16.954154+00:00,"Run - Aug 17, 2026 at 21:38:16"
Q20,32,409.2131298604577,0.05229226099434512,0.05229226099434512,2026-08-17T16:15:17.011396+00:00,"Run - Aug 17, 2026 at 21:38:16"
Q21,32,423.98211980633835,0.05434823010373815,0.05434823010373815,2026-08-17T16:15:17.066684+00:00,"Run - Aug 17, 2026 at 21:38:16"
Q22,32,438.5413510306133,0.056448584446136374,0.056448584446136374,2026-08-17T16:15:17.122597+00:00,"Run - Aug 17, 2026 at 21:38:16"
Q23,32,452.75502495187175,0.058620684708343175,0.058620684708343175,2026-08-17T16:15:17.176734+00:00,"Run - Aug 17, 2026 at 21:38:16"
Q24,32,467.50756307858006,0.06067923237271066,0.06067923237271066,2026-08-17T16:15:17.233855+00:00,"Run - Aug 17, 2026 at 21:38:16"
Q25,32,482.60612481787365,0.06266616825623218,0.06266616825623218,2026-08-17T16:15:17.293308+00:00,"Run - Aug 17, 2026 at 21:38:16"
Q26,32,497.31453246275845,0.06473208690879596,0.06473208690879596,2026-08-17T16:15:17.352774+00:00,"Run - Aug 17, 2026 at 21:38:16"
Q27,32,511.42741818123733,0.06692735941067832,0.06692735941067832,2026-08-17T16:15:17.407452+00:00,"Run - Aug 17, 2026 at 21:38:16"
Q28,32,526.1610268894445,0.0689905240765292,0.0689905240765292,2026-08-17T16:15:17.467360+00:00,"Run - Aug 17, 2026 at 21:38:16"
Q29,32,541.066721772741,0.07101458166415592,0.07101458166415592,2026-08-17T16:15:17.522922+00:00,"Run - Aug 17, 2026 at 21:38:16"
Q30,32,555.1434498015375,0.07321952335127387,0.07321952335127387,2026-08-17T16:15:17.581330+00:00,"Run - Aug 17, 2026 at 21:38:16"
Q31,32,570.0852118183631,0.07523637443365673,0.07523637443365673,2026-08-17T16:15:17.641579+00:00,"Run - Aug 17, 2026 at 21:38:16"
Q32,32,584.6514865343464,0.07733597362074898,0.07733597362074898,2026-08-17T16:15:17.700130+00:00,"Run - Aug 17, 2026 at 21:38:16"
Q33,32,599.3640214908249,0.07940207032857872,0.07940207032857872,2026-08-17T16:15:17.760262+00:00,"Run - Aug 17, 2026 at 21:38:16"
Q34,32,614.2510961937751,0.08143187714220924,0.08143187714220924,2026-08-17T16:15:17.818662+00:00,"Run - Aug 17, 2026 at 21:38:16"
Q35,32,628.4783236485762,0.08360392681455076,0.08360392681455076,2026-08-17T16:15:17.880308+00:00,"Run - Aug 17, 2026 at 21:38:16"
Q36,32,643.4483757202876,0.08561482833197741,0.08561482833197741,2026-08-17T16:15:17.938119+00:00,"Run - Aug 17, 2026 at 21:38:16"
Q37,32,657.4716888074697,0.087831145226813,0.087831145226813,2026-08-17T16:15:17.996034+00:00,"Run - Aug 17, 2026 at 21:38:16"
Q38,32,672.0914585273167,0.08991880761500304,0.08991880761500304,2026-08-17T16:15:18.053928+00:00,"Run - Aug 17, 2026 at 21:38:16"
Q39,32,686.7747119518355,0.09199176122668797,0.09199176122668797,2026-08-17T16:15:18.118691+00:00,"Run - Aug 17, 2026 at 21:38:16"
Q40,32,701.422567428185,0.09407255080347035,0.09407255080347035,2026-08-17T16:15:18.173236+00:00,"Run - Aug 17, 2026 at 21:38:16"
Q41,32,715.9823456061476,0.09617234694718084,0.09617234694718084,2026-08-17T16:15:18.227259+00:00,"Run - Aug 17, 2026 at 21:38:16"
Q42,32,730.6470087586277,0.09825002499925638,0.09825002499925638,2026-08-17T16:15:18.281137+00:00,"Run - Aug 17, 2026 at 21:38:16"
Q43,32,745.3650497818865,0.10031483865751875,0.10031483865751875,2026-08-17T16:15:18.337235+00:00,"Run - Aug 17, 2026 at 21:38:16"
Q44,32,759.427159918731,0.10252488767875224,0.10252488767875224,2026-08-17T16:15:18.394446+00:00,"Run - Aug 17, 2026 at 21:38:16"
Q45,32,774.5112466290936,0.10450921101629633,0.10450921101629633,2026-08-17T16:15:18.459433+00:00,"Run - Aug 17, 2026 at 21:38:16"
Q46,32,789.0389289176455,0.10661663172944366,0.10661663172944366,2026-08-17T16:15:18.517533+00:00,"Run - Aug 17, 2026 at 21:38:16"
Q47,32,803.8444789771378,0.10866273915660112,0.10866273915660112,2026-08-17T16:15:18.618229+00:00,"Run - Aug 17, 2026 at 21:38:16"
Q48,32,817.8468596354476,0.11088616137081722,0.11088616137081722,2026-08-17T16:15:18.681900+00:00,"Run - Aug 17, 2026 at 21:38:16"
Q49,32,833.6161893880056,0.11271904347433918,0.11271904347433918,2026-08-17T16:15:18.757790+00:00,"Run - Aug 17, 2026 at 21:38:16"
Q50,32,847.0929178481985,0.11505864002372856,0.11505864002372856,2026-08-17T16:15:18.823334+00:00,"Run - Aug 17, 2026 at 21:38:16"
Q51,32,862.2948787901986,0.11701691479993351,0.11701691479993351,2026-08-17T16:15:18.888861+00:00,"Run - Aug 17, 2026 at 21:38:16"
Q52,32,877.2342430476938,0.11903298947845135,0.11903298947845135,2026-08-17T16:15:18.948582+00:00,"Run - Aug 17, 2026 at 21:38:16"
Q53,32,891.9896164642156,0.12109012279678288,0.12109012279678288,2026-08-17T16:15:19.008356+00:00,"Run - Aug 17, 2026 at 21:38:16"
Q54,32,906.2502029492645,0.12325676542594946,0.12325676542594946,2026-08-17T16:15:19.061684+00:00,"Run - Aug 17, 2026 at 21:38:16"
Q55,32,920.7343599140362,0.12537351780611034,0.12537351780611034,2026-08-17T16:15:19.120017+00:00,"Run - Aug 17, 2026 at 21:38:16"
Q56,32,935.1226365789572,0.12751200571087593,0.12751200571087593,2026-08-17T16:15:19.177456+00:00,"Run - Aug 17, 2026 at 21:38:16"
Q57,32,949.7593058408082,0.12959507602855017,0.12959507602855017,2026-08-17T16:15:19.231238+00:00,"Run - Aug 17, 2026 at 21:38:16"
Q58,32,964.4708266805864,0.1316618115189503,0.1316618115189503,2026-08-17T16:15:19.288703+00:00,"Run - Aug 17, 2026 at 21:38:16"
Q59,32,978.9551597586926,0.1337787780614139,0.1337787780614139,2026-08-17T16:15:19.341592+00:00,"Run - Aug 17, 2026 at 21:38:16"
Q60,32,993.98610665102,0.13577442041171117,0.13577442041171117,2026-08-17T16:15:19.398011+00:00,"Run - Aug 17, 2026 at 21:38:16"
Q61,32,1008.4922358086116,0.1378863406717647,0.1378863406717647,2026-08-17T16:15:19.451543+00:00,"Run - Aug 17, 2026 at 21:38:16"
Q62,32,1023.1084814093801,0.13997427532342807,0.13997427532342807,2026-08-17T16:15:19.504833+00:00,"Run - Aug 17, 2026 at 21:38:16"
Q63,32,1037.5351047426857,0.14210449448765228,0.14210449448765228,2026-08-17T16:15:19.551918+00:00,"Run - Aug 17, 2026 at 21:38:16"
Q64,32,1053.059667132119,0.14398932143977133,0.14398932143977133,2026-08-17T16:15:19.607075+00:00,"Run - Aug 17, 2026 at 21:38:16"
Q65,32,1066.789702225042,0.14627489174454217,0.14627489174454217,2026-08-17T16:15:19.656959+00:00,"Run - Aug 17, 2026 at 21:38:16"
Q66,32,1080.9990312872956,0.14845351592591088,0.14845351592591088,2026-08-17T16:15:19.703527+00:00,"Run - Aug 17, 2026 at 21:38:16"
Q67,32,1095.9379462029706,0.15046868836808877,0.15046868836808877,2026-08-17T16:15:19.751860+00:00,"Run - Aug 17, 2026 at 21:38:16"
Q68,32,1111.4994850406295,0.15234531154452105,0.15234531154452105,2026-08-17T16:15:19.803424+00:00,"Run - Aug 17, 2026 at 21:38:16"
Q69,32,1125.174341243249,0.15464359517951257,0.15464359517951257,2026-08-17T16:15:19.855657+00:00,"Run - Aug 17, 2026 at 21:38:16"
Q70,32,1139.4864022722134,0.15679967972645067,0.15679967972645067,2026-08-17T16:15:19.906719+00:00,"Run - Aug 17, 2026 at 21:38:16"
Q71,32,1153.8263589036899,0.15894946622867076,0.15894946622867076,2026-08-17T16:15:19.956968+00:00,"Run - Aug 17, 2026 at 21:38:16"
Q72,32,1169.3622369550276,0.16083140417789427,0.16083140417789427,2026-08-17T16:15:20.006946+00:00,"Run - Aug 17, 2026 at 21:38:16"
Q73,32,1183.7748386837463,0.16296391605044983,0.16296391605044983,2026-08-17T16:15:20.059570+00:00,"Run - Aug 17, 2026 at 21:38:16"
Q74,32,1199.0686471341319,0.1649006457976486,0.1649006457976486,2026-08-17T16:15:20.113145+00:00,"Run - Aug 17, 2026 at 21:38:16"
Q75,32,1212.5208830851632,0.16724858024116304,0.16724858024116304,2026-08-17T16:15:20.168095+00:00,"Run - Aug 17, 2026 at 21:38:16"
Q76,32,1227.1938484808143,0.1693235496629271,0.1693235496629271,2026-08-17T16:15:20.217638+00:00,"Run - Aug 17, 2026 at 21:38:16"
Q77,32,1241.9052934305935,0.17139002651263738,0.17139002651263738,2026-08-17T16:15:20.267882+00:00,"Run - Aug 17, 2026 at 21:38:16"
Q78,32,1257.2542939421642,0.17331378482495755,0.17331378482495755,2026-08-17T16:15:20.323503+00:00,"Run - Aug 17, 2026 at 21:38:16"
Q79,32,1272.885514792673,0.17517435155632136,0.17517435155632136,2026-08-17T16:15:20.378512+00:00,"Run - Aug 17, 2026 at 21:38:16"
Q80,32,1286.5210313700977,0.1774813422293053,0.1774813422293053,2026-08-17T16:15:20.431935+00:00,"Run - Aug 17, 2026 at 21:38:16"
Q81,32,1302.1384868741009,0.1793444569957133,0.1793444569957133,2026-08-17T16:15:20.487490+00:00,"Run - Aug 17, 2026 at 21:38:16"
Q82,32,1315.2835559733287,0.1817630881512017,0.1817630881512017,2026-08-17T16:15:20.538098+00:00,"Run - Aug 17, 2026 at 21:38:16"
Q83,32,1330.5495923467713,0.18370362393552092,0.18370362393552092,2026-08-17T16:15:20.618338+00:00,"Run - Aug 17, 2026 at 21:38:16"
Q84,32,1344.1489608460404,0.18602056321030494,0.18602056321030494,2026-08-17T16:15:20.673647+00:00,"Run - Aug 17, 2026 at 21:38:16"
Q85,32,1360.0465949291026,0.18781994181175152,0.18781994181175152,2026-08-17T16:15:20.730274+00:00,"Run - Aug 17, 2026 at 21:38:16"
Q86,32,1373.5736754887364,0.19015168803046475,0.19015168803046475,2026-08-17T16:15:20.791344+00:00,"Run - Aug 17, 2026 at 21:38:16"
Q87,32,1388.515493315208,0.1921662768040085,0.1921662768040085,2026-08-17T16:15:20.843490+00:00,"Run - Aug 17, 2026 at 21:38:16"
Q88,32,1402.5528089358686,0.19438541352991412,0.19438541352991412,2026-08-17T16:15:20.896637+00:00,"Run - Aug 17, 2026 at 21:38:16"
Q89,32,1417.7549551501234,0.19634078426135995,0.19634078426135995,2026-08-17T16:15:20.954350+00:00,"Run - Aug 17, 2026 at 21:38:16"
Q90,32,1431.965270944281,0.19852079381173124,0.19852079381173124,2026-08-17T16:15:21.006654+00:00,"Run - Aug 17, 2026 at 21:38:16"
Q91,32,1446.542172249116,0.20061780005864058,0.20061780005864058,2026-08-17T16:15:21.057739+00:00,"Run - Aug 17, 2026 at 21:38:16"
Q92,32,1461.1790954664152,0.20269960589410688,0.20269960589410688,2026-08-17T16:15:21.110526+00:00,"Run - Aug 17, 2026 at 21:38:16"
Q93,32,1476.216219644651,0.2046922739831071,0.2046922739831071,2026-08-17T16:15:21.165596+00:00,"Run - Aug 17, 2026 at 21:38:16"
Q94,32,1492.5568654586298,0.20639434040847338,0.20639434040847338,2026-08-17T16:15:21.217138+00:00,"Run - Aug 17, 2026 at 21:38:16"
Q95,32,1505.0149963248189,0.20896571409119297,0.20896571409119297,2026-08-17T16:15:21.273562+00:00,"Run - Aug 17, 2026 at 21:38:16"
Q96,32,1519.7042609568177,0.21103699502515552,0.21103699502515552,2026-08-17T16:15:21.329293+00:00,"Run - Aug 17, 2026 at 21:38:16"
Q97,32,1533.9996080329188,0.21319802569118002,0.21319802569118002,2026-08-17T16:15:21.379957+00:00,"Run - Aug 17, 2026 at 21:38:16"
Q98,32,1550.0459874948217,0.21496357420341097,0.21496357420341097,2026-08-17T16:15:21.430240+00:00,"Run - Aug 17, 2026 at 21:38:16"
Q99,32,1564.006288706651,0.2171990246059376,0.2171990246059376,2026-08-17T16:15:21.481249+00:00,"Run - Aug 17, 2026 at 21:38:16"
Q100,32,1577.0618600872317,0.21963747554438415,0.21963747554438415,2026-08-17T16:15:21.532276+00:00,"Run - Aug 17, 2026 at 21:38:16"
Q101,32,1592.5126596022733,0.22153736212743141,0.22153736212743141,2026-08-17T16:15:21.597180+00:00,"Run - Aug 17, 2026 at 21:38:16"
Q102,32,1607.0816799913193,0.22363591688523668,0.22363591688523668,2026-08-17T16:15:21.649775+00:00,"Run - Aug 17, 2026 at 21:38:16"
Q103,32,1622.2836105448719,0.22559067343822617,0.22559067343822617,2026-08-17T16:15:21.706433+00:00,"Run - Aug 17, 2026 at 21:38:16"
Q104,32,1637.4272749201052,0.2275601255411778,0.2275601255411778,2026-08-17T16:15:21.759515+00:00,"Run - Aug 17, 2026 at 21:38:16"
Q105,32,1650.6485258888438,0.2299629287462029,0.2299629287462029,2026-08-17T16:15:21.811789+00:00,"Run - Aug 17, 2026 at 21:38:16"
Q106,32,1665.0223330245285,0.23210423388863277,0.23210423388863277,2026-08-17T16:15:21.860727+00:00,"Run - Aug 17, 2026 at 21:38:16"
Q107,32,1680.3854507892972,0.23402335875825755,0.23402335875825755,2026-08-17T16:15:21.916582+00:00,"Run - Aug 17, 2026 at 21:38:16"
Q108,32,1695.4633214631137,0.23600864029095875,0.23600864029095875,2026-08-17T16:15:21.968631+00:00,"Run - Aug 17, 2026 at 21:38:16"
Q109,32,1709.9747043422242,0.23811870431608576,0.23811870431608576,2026-08-17T16:15:22.023113+00:00,"Run - Aug 17, 2026 at 21:38:16"
Q110,32,1724.0771285696812,0.2403211254715718,0.2403211254715718,2026-08-17T16:15:22.079020+00:00,"Run - Aug 17, 2026 at 21:38:16"
Q111,32,1739.1983417138165,0.2422953828950119,0.2422953828950119,2026-08-17T16:15:22.149108+00:00,"Run - Aug 17, 2026 at 21:38:16"
Q112,32,1753.5359262245188,0.24444627822164783,0.24444627822164783,2026-08-17T16:15:22.220239+00:00,"Run - Aug 17, 2026 at 21:38:16"
Q113,32,1767.7767617089235,0.24661915278458515,0.24661915278458515,2026-08-17T16:15:22.286835+00:00,"Run - Aug 17, 2026 at 21:38:16"
Q114,32,1783.521819110764,0.24845198228806709,0.24845198228806709,2026-08-17T16:15:22.346685+00:00,"Run - Aug 17, 2026 at 21:38:16"
Q115,32,1798.121004883533,0.2505412507337929,0.2505412507337929,2026-08-17T16:15:22.403495+00:00,"Run - Aug 17, 2026 at 21:38:16"
Q116,32,1811.9312668691605,0.25281209459712356,0.25281209459712356,2026-08-17T16:15:22.467891+00:00,"Run - Aug 17, 2026 at 21:38:16"
Q117,32,1826.6717558620871,0.2548753342545739,0.2548753342545739,2026-08-17T16:15:22.527327+00:00,"Run - Aug 17, 2026 at 21:38:16"
Q118,32,1841.5024149719065,0.256911526580855,0.256911526580855,2026-08-17T16:15:22.609403+00:00,"Run - Aug 17, 2026 at 21:38:16"
Q119,32,1855.6945000706962,0.25909756631360314,0.25909756631360314,2026-08-17T16:15:22.670776+00:00,"Run - Aug 17, 2026 at 21:38:16"
Q120,32,1870.491522351572,0.26114270851752336,0.26114270851752336,2026-08-17T16:15:22.741108+00:00,"Run - Aug 17, 2026 at 21:38:16"
Q121,32,1885.2196870363496,0.2632071245839028,0.2632071245839028,2026-08-17T16:15:22.798511+00:00,"Run - Aug 17, 2026 at 21:38:16"
Q122,32,1900.075907525501,0.26523945402812876,0.26523945402812876,2026-08-17T16:15:22.864174+00:00,"Run - Aug 17, 2026 at 21:38:16"
Q123,32,1914.9936116488677,0.2672586815092279,0.2672586815092279,2026-08-17T16:15:22.923400+00:00,"Run - Aug 17, 2026 at 21:38:16"
Q124,32,1928.6523144729777,0.2695645565327921,0.2695645565327921,2026-08-17T16:15:22.974491+00:00,"Run - Aug 17, 2026 at 21:38:16"
Q125,32,1944.482349980815,0.2713753987902849,0.2713753987902849,2026-08-17T16:15:23.031044+00:00,"Run - Aug 17, 2026 at 21:38:16"
Q126,32,1956.8658174087384,0.2739682655692974,0.2739682655692974,2026-08-17T16:15:23.085196+00:00,"Run - Aug 17, 2026 at 21:38:16"
Q127,32,1973.05478566864,0.27570203044847486,0.27570203044847486,2026-08-17T16:15:23.136690+00:00,"Run - Aug 17, 2026 at 21:38:16"
Q128,32,1987.0364299462606,0.277933244948738,0.277933244948738,2026-08-17T16:15:23.193686+00:00,"Run - Aug 17, 2026 at 21:38:16"
Q129,32,2002.3719135370852,0.2798559338352105,0.2798559338352105,2026-08-17T16:15:23.250763+00:00,"Run - Aug 17, 2026 at 21:38:16"
Q130,32,2016.6387361739332,0.2820259418089439,0.2820259418089439,2026-08-17T16:15:23.308065+00:00,"Run - Aug 17, 2026 at 21:38:16"
Q131,32,2030.9783858327175,0.28417578285967626,0.28417578285967626,2026-08-17T16:15:23.366680+00:00,"Run - Aug 17, 2026 at 21:38:16"
Q132,32,2045.525559420752,0.28627768037168994,0.28627768037168994,2026-08-17T16:15:23.424672+00:00,"Run - Aug 17, 2026 at 21:38:16"
