qubit_id,epoch_number,health_score,status,timestamp,run_id
Q0,0,0.9964000000000001,healthy,2026-08-17T16:08:44.393960+00:00,"Run - Aug 17, 2026 at 21:38:16"
Q1,0,0.99565,healthy,2026-08-17T16:08:44.428767+00:00,"Run - Aug 17, 2026 at 21:38:16"
Q2,0,0.9948999999999999,healthy,2026-08-17T16:08:44.437985+00:00,"Run - Aug 17, 2026 at 21:38:16"
Q3,0,0.9941500000000001,healthy,2026-08-17T16:08:44.443515+00:00,"Run - Aug 17, 2026 at 21:38:16"
Q4,0,0.9934000000000001,healthy,2026-08-17T16:08:44.448517+00:00,"Run - Aug 17, 2026 at 21:38:16"
Q5,0,0.99265,healthy,2026-08-17T16:08:44.454907+00:00,"Run - Aug 17, 2026 at 21:38:16"
Q6,0,0.9919,healthy,2026-08-17T16:08:44.459895+00:00,"Run - Aug 17, 2026 at 21:38:16"
Q7,0,0.9911500000000001,healthy,2026-08-17T16:08:44.467025+00:00,"Run - Aug 17, 2026 at 21:38:16"
Q8,0,0.9904,healthy,2026-08-17T16:08:44.473052+00:00,"Run - Aug 17, 2026 at 21:38:16"
Q9,0,0.9896499999999999,healthy,2026-08-17T16:08:44.478554+00:00,"Run - Aug 17, 2026 at 21:38:16"
Q10,0,0.9889000000000001,healthy,2026-08-17T16:08:44.483574+00:00,"Run - Aug 17, 2026 at 21:38:16"
Q11,0,0.9881500000000001,healthy,2026-08-17T16:08:44.488596+00:00,"Run - Aug 17, 2026 at 21:38:16"
Q12,0,0.9873999999999999,healthy,2026-08-17T16:08:44.493592+00:00,"Run - Aug 17, 2026 at 21:38:16"
Q13,0,0.98665,healthy,2026-08-17T16:08:44.496572+00:00,"Run - Aug 17, 2026 at 21:38:16"
Q14,0,0.9859,healthy,2026-08-17T16:08:44.502648+00:00,"Run - Aug 17, 2026 at 21:38:16"
Q15,0,0.98515,healthy,2026-08-17T16:08:44.507652+00:00,"Run - Aug 17, 2026 at 21:38:16"
Q16,0,0.9843999999999999,healthy,2026-08-17T16:08:44.511665+00:00,"Run - Aug 17, 2026 at 21:38:16"
Q17,0,0.9836500000000001,healthy,2026-08-17T16:08:44.516028+00:00,"Run - Aug 17, 2026 at 21:38:16"
Q18,0,0.9828999999999999,healthy,2026-08-17T16:08:44.521465+00:00,"Run - Aug 17, 2026 at 21:38:16"
Q19,0,0.98215,healthy,2026-08-17T16:08:44.527170+00:00,"Run - Aug 17, 2026 at 21:38:16"
Q20,0,0.9814,healthy,2026-08-17T16:08:44.531202+00:00,"Run - Aug 17, 2026 at 21:38:16"
Q21,0,0.98065,healthy,2026-08-17T16:08:44.536702+00:00,"Run - Aug 17, 2026 at 21:38:16"
Q22,0,0.9799,healthy,2026-08-17T16:08:44.541221+00:00,"Run - Aug 17, 2026 at 21:38:16"
Q23,0,0.97915,healthy,2026-08-17T16:08:44.544218+00:00,"Run - Aug 17, 2026 at 21:38:16"
Q24,0,0.9783999999999999,healthy,2026-08-17T16:08:44.550444+00:00,"Run - Aug 17, 2026 at 21:38:16"
Q25,0,0.9776499999999999,healthy,2026-08-17T16:08:44.555856+00:00,"Run - Aug 17, 2026 at 21:38:16"
Q26,0,0.9769,healthy,2026-08-17T16:08:44.559886+00:00,"Run - Aug 17, 2026 at 21:38:16"
Q27,0,0.9761500000000001,healthy,2026-08-17T16:08:44.562869+00:00,"Run - Aug 17, 2026 at 21:38:16"
Q28,0,0.9753999999999998,healthy,2026-08-17T16:08:44.571587+00:00,"Run - Aug 17, 2026 at 21:38:16"
Q29,0,0.97465,healthy,2026-08-17T16:08:44.575870+00:00,"Run - Aug 17, 2026 at 21:38:16"
Q30,0,0.9739,healthy,2026-08-17T16:08:44.583869+00:00,"Run - Aug 17, 2026 at 21:38:16"
Q31,0,0.97315,healthy,2026-08-17T16:08:44.590865+00:00,"Run - Aug 17, 2026 at 21:38:16"
Q32,0,0.9723999999999999,healthy,2026-08-17T16:08:44.596845+00:00,"Run - Aug 17, 2026 at 21:38:16"
Q33,0,0.97165,healthy,2026-08-17T16:08:44.603578+00:00,"Run - Aug 17, 2026 at 21:38:16"
Q34,0,0.9709000000000001,healthy,2026-08-17T16:08:44.609013+00:00,"Run - Aug 17, 2026 at 21:38:16"
Q35,0,0.9701500000000001,healthy,2026-08-17T16:08:44.612432+00:00,"Run - Aug 17, 2026 at 21:38:16"
Q36,0,0.9694,healthy,2026-08-17T16:08:44.617994+00:00,"Run - Aug 17, 2026 at 21:38:16"
Q37,0,0.96865,healthy,2026-08-17T16:08:44.623285+00:00,"Run - Aug 17, 2026 at 21:38:16"
Q38,0,0.9679,healthy,2026-08-17T16:08:44.627280+00:00,"Run - Aug 17, 2026 at 21:38:16"
Q39,0,0.96715,healthy,2026-08-17T16:08:44.634597+00:00,"Run - Aug 17, 2026 at 21:38:16"
Q40,0,0.9664,healthy,2026-08-17T16:08:44.641131+00:00,"Run - Aug 17, 2026 at 21:38:16"
Q41,0,0.96565,healthy,2026-08-17T16:08:44.645207+00:00,"Run - Aug 17, 2026 at 21:38:16"
Q42,0,0.9648999999999999,healthy,2026-08-17T16:08:44.651209+00:00,"Run - Aug 17, 2026 at 21:38:16"
Q43,0,0.9641500000000001,healthy,2026-08-17T16:08:44.656206+00:00,"Run - Aug 17, 2026 at 21:38:16"
Q44,0,0.9634,healthy,2026-08-17T16:08:44.661406+00:00,"Run - Aug 17, 2026 at 21:38:16"
Q45,0,0.96265,healthy,2026-08-17T16:08:44.666174+00:00,"Run - Aug 17, 2026 at 21:38:16"
Q46,0,0.9619,healthy,2026-08-17T16:08:44.671172+00:00,"Run - Aug 17, 2026 at 21:38:16"
Q47,0,0.9611500000000001,healthy,2026-08-17T16:08:44.675175+00:00,"Run - Aug 17, 2026 at 21:38:16"
Q48,0,0.9603999999999999,healthy,2026-08-17T16:08:44.682213+00:00,"Run - Aug 17, 2026 at 21:38:16"
Q49,0,0.9596499999999999,healthy,2026-08-17T16:08:44.687972+00:00,"Run - Aug 17, 2026 at 21:38:16"
Q50,0,0.9589000000000001,healthy,2026-08-17T16:08:44.693967+00:00,"Run - Aug 17, 2026 at 21:38:16"
Q51,0,0.9581500000000001,healthy,2026-08-17T16:08:44.697973+00:00,"Run - Aug 17, 2026 at 21:38:16"
Q52,0,0.9573999999999999,healthy,2026-08-17T16:08:44.702968+00:00,"Run - Aug 17, 2026 at 21:38:16"
Q53,0,0.95665,healthy,2026-08-17T16:08:44.707970+00:00,"Run - Aug 17, 2026 at 21:38:16"
Q54,0,0.9559000000000001,healthy,2026-08-17T16:08:44.711969+00:00,"Run - Aug 17, 2026 at 21:38:16"
Q55,0,0.95515,healthy,2026-08-17T16:08:44.718520+00:00,"Run - Aug 17, 2026 at 21:38:16"
Q56,0,0.9543999999999999,healthy,2026-08-17T16:08:44.724538+00:00,"Run - Aug 17, 2026 at 21:38:16"
Q57,0,0.9536500000000001,healthy,2026-08-17T16:08:44.728537+00:00,"Run - Aug 17, 2026 at 21:38:16"
Q58,0,0.9529,healthy,2026-08-17T16:08:44.735589+00:00,"Run - Aug 17, 2026 at 21:38:16"
Q59,0,0.9521499999999999,healthy,2026-08-17T16:08:44.741163+00:00,"Run - Aug 17, 2026 at 21:38:16"
Q60,0,0.9514,healthy,2026-08-17T16:08:44.745238+00:00,"Run - Aug 17, 2026 at 21:38:16"
Q61,0,0.95065,healthy,2026-08-17T16:08:44.754180+00:00,"Run - Aug 17, 2026 at 21:38:16"
Q62,0,0.9499,healthy,2026-08-17T16:08:44.760181+00:00,"Run - Aug 17, 2026 at 21:38:16"
Q63,0,0.9491499999999999,healthy,2026-08-17T16:08:44.765658+00:00,"Run - Aug 17, 2026 at 21:38:16"
Q64,0,0.9484000000000001,healthy,2026-08-17T16:08:44.771677+00:00,"Run - Aug 17, 2026 at 21:38:16"
Q65,0,0.9476500000000001,healthy,2026-08-17T16:08:44.775814+00:00,"Run - Aug 17, 2026 at 21:38:16"
Q66,0,0.9469,healthy,2026-08-17T16:08:44.782003+00:00,"Run - Aug 17, 2026 at 21:38:16"
Q67,0,0.94615,healthy,2026-08-17T16:08:44.788557+00:00,"Run - Aug 17, 2026 at 21:38:16"
Q68,0,0.9454,healthy,2026-08-17T16:08:44.792558+00:00,"Run - Aug 17, 2026 at 21:38:16"
Q69,0,0.94465,healthy,2026-08-17T16:08:44.797567+00:00,"Run - Aug 17, 2026 at 21:38:16"
Q70,0,0.9439,healthy,2026-08-17T16:08:44.802574+00:00,"Run - Aug 17, 2026 at 21:38:16"
Q71,0,0.9431499999999999,healthy,2026-08-17T16:08:44.808561+00:00,"Run - Aug 17, 2026 at 21:38:16"
Q72,0,0.9423999999999999,healthy,2026-08-17T16:08:44.811932+00:00,"Run - Aug 17, 2026 at 21:38:16"
Q73,0,0.94165,healthy,2026-08-17T16:08:44.819338+00:00,"Run - Aug 17, 2026 at 21:38:16"
Q74,0,0.9409000000000001,healthy,2026-08-17T16:08:44.824283+00:00,"Run - Aug 17, 2026 at 21:38:16"
Q75,0,0.94015,healthy,2026-08-17T16:08:44.828286+00:00,"Run - Aug 17, 2026 at 21:38:16"
Q76,0,0.9394,healthy,2026-08-17T16:08:44.833291+00:00,"Run - Aug 17, 2026 at 21:38:16"
Q77,0,0.93865,healthy,2026-08-17T16:08:44.839109+00:00,"Run - Aug 17, 2026 at 21:38:16"
Q78,0,0.9379,healthy,2026-08-17T16:08:44.843123+00:00,"Run - Aug 17, 2026 at 21:38:16"
Q79,0,0.9371499999999999,healthy,2026-08-17T16:08:44.848341+00:00,"Run - Aug 17, 2026 at 21:38:16"
Q80,0,0.9364,healthy,2026-08-17T16:08:44.854332+00:00,"Run - Aug 17, 2026 at 21:38:16"
Q81,0,0.9356500000000001,healthy,2026-08-17T16:08:44.858334+00:00,"Run - Aug 17, 2026 at 21:38:16"
Q82,0,0.9348999999999998,healthy,2026-08-17T16:08:44.862332+00:00,"Run - Aug 17, 2026 at 21:38:16"
Q83,0,0.93415,healthy,2026-08-17T16:08:44.869735+00:00,"Run - Aug 17, 2026 at 21:38:16"
Q84,0,0.9334,healthy,2026-08-17T16:08:44.873747+00:00,"Run - Aug 17, 2026 at 21:38:16"
Q85,0,0.93265,healthy,2026-08-17T16:08:44.876747+00:00,"Run - Aug 17, 2026 at 21:38:16"
Q86,0,0.9319,healthy,2026-08-17T16:08:44.881143+00:00,"Run - Aug 17, 2026 at 21:38:16"
Q87,0,0.93115,healthy,2026-08-17T16:08:44.886206+00:00,"Run - Aug 17, 2026 at 21:38:16"
Q88,0,0.9304000000000001,healthy,2026-08-17T16:08:44.890036+00:00,"Run - Aug 17, 2026 at 21:38:16"
Q89,0,0.9296499999999999,healthy,2026-08-17T16:08:44.893045+00:00,"Run - Aug 17, 2026 at 21:38:16"
Q90,0,0.9289000000000001,healthy,2026-08-17T16:08:44.895036+00:00,"Run - Aug 17, 2026 at 21:38:16"
Q91,0,0.92815,healthy,2026-08-17T16:08:44.900038+00:00,"Run - Aug 17, 2026 at 21:38:16"
Q92,0,0.9274,healthy,2026-08-17T16:08:44.904034+00:00,"Run - Aug 17, 2026 at 21:38:16"
Q93,0,0.92665,healthy,2026-08-17T16:08:44.908032+00:00,"Run - Aug 17, 2026 at 21:38:16"
Q94,0,0.9259000000000001,healthy,2026-08-17T16:08:44.910037+00:00,"Run - Aug 17, 2026 at 21:38:16"
Q95,0,0.92515,healthy,2026-08-17T16:08:44.912035+00:00,"Run - Aug 17, 2026 at 21:38:16"
Q96,0,0.9243999999999999,healthy,2026-08-17T16:08:44.917042+00:00,"Run - Aug 17, 2026 at 21:38:16"
Q97,0,0.9236500000000001,healthy,2026-08-17T16:08:44.921090+00:00,"Run - Aug 17, 2026 at 21:38:16"
Q98,0,0.9229,healthy,2026-08-17T16:08:44.924065+00:00,"Run - Aug 17, 2026 at 21:38:16"
Q99,0,0.9221499999999999,healthy,2026-08-17T16:08:44.928091+00:00,"Run - Aug 17, 2026 at 21:38:16"
Q100,0,0.9214,healthy,2026-08-17T16:08:44.931115+00:00,"Run - Aug 17, 2026 at 21:38:16"
Q101,0,0.9206500000000001,healthy,2026-08-17T16:08:44.936385+00:00,"Run - Aug 17, 2026 at 21:38:16"
Q102,0,0.9198999999999999,healthy,2026-08-17T16:08:44.940883+00:00,"Run - Aug 17, 2026 at 21:38:16"
Q103,0,0.9191499999999999,healthy,2026-08-17T16:08:44.943944+00:00,"Run - Aug 17, 2026 at 21:38:16"
Q104,0,0.9184000000000001,healthy,2026-08-17T16:08:44.947959+00:00,"Run - Aug 17, 2026 at 21:38:16"
Q105,0,0.9176500000000001,healthy,2026-08-17T16:08:44.952952+00:00,"Run - Aug 17, 2026 at 21:38:16"
Q106,0,0.9168999999999999,healthy,2026-08-17T16:08:44.956948+00:00,"Run - Aug 17, 2026 at 21:38:16"
Q107,0,0.91615,healthy,2026-08-17T16:08:44.960949+00:00,"Run - Aug 17, 2026 at 21:38:16"
Q108,0,0.9154,healthy,2026-08-17T16:08:44.969571+00:00,"Run - Aug 17, 2026 at 21:38:16"
Q109,0,0.91465,healthy,2026-08-17T16:08:44.975584+00:00,"Run - Aug 17, 2026 at 21:38:16"
Q110,0,0.9138999999999999,healthy,2026-08-17T16:08:44.980588+00:00,"Run - Aug 17, 2026 at 21:38:16"
Q111,0,0.9131500000000001,healthy,2026-08-17T16:08:44.986166+00:00,"Run - Aug 17, 2026 at 21:38:16"
Q112,0,0.9124,healthy,2026-08-17T16:08:44.991202+00:00,"Run - Aug 17, 2026 at 21:38:16"
Q113,0,0.91165,healthy,2026-08-17T16:08:44.994206+00:00,"Run - Aug 17, 2026 at 21:38:16"
Q114,0,0.9109,healthy,2026-08-17T16:08:44.998195+00:00,"Run - Aug 17, 2026 at 21:38:16"
Q115,0,0.91015,healthy,2026-08-17T16:08:45.003192+00:00,"Run - Aug 17, 2026 at 21:38:16"
Q116,0,0.9094,healthy,2026-08-17T16:08:45.011212+00:00,"Run - Aug 17, 2026 at 21:38:16"
Q117,0,0.90865,healthy,2026-08-17T16:08:45.018728+00:00,"Run - Aug 17, 2026 at 21:38:16"
Q118,0,0.9079,healthy,2026-08-17T16:08:45.024549+00:00,"Run - Aug 17, 2026 at 21:38:16"
Q119,0,0.9071499999999999,healthy,2026-08-17T16:08:45.028565+00:00,"Run - Aug 17, 2026 at 21:38:16"
Q120,0,0.9064,healthy,2026-08-17T16:08:45.033973+00:00,"Run - Aug 17, 2026 at 21:38:16"
Q121,0,0.9056500000000001,healthy,2026-08-17T16:08:45.038510+00:00,"Run - Aug 17, 2026 at 21:38:16"
Q122,0,0.9049,healthy,2026-08-17T16:08:45.042106+00:00,"Run - Aug 17, 2026 at 21:38:16"
Q123,0,0.90415,healthy,2026-08-17T16:08:45.046087+00:00,"Run - Aug 17, 2026 at 21:38:16"
Q124,0,0.9034,healthy,2026-08-17T16:08:45.052088+00:00,"Run - Aug 17, 2026 at 21:38:16"
Q125,0,0.9026500000000002,healthy,2026-08-17T16:08:45.058089+00:00,"Run - Aug 17, 2026 at 21:38:16"
Q126,0,0.9018999999999999,healthy,2026-08-17T16:08:45.062091+00:00,"Run - Aug 17, 2026 at 21:38:16"
Q127,0,0.90115,healthy,2026-08-17T16:08:45.068621+00:00,"Run - Aug 17, 2026 at 21:38:16"
Q128,0,0.9004000000000001,healthy,2026-08-17T16:08:45.075081+00:00,"Run - Aug 17, 2026 at 21:38:16"
Q129,0,0.8996499999999998,healthy,2026-08-17T16:08:45.079060+00:00,"Run - Aug 17, 2026 at 21:38:16"
Q130,0,0.8989,healthy,2026-08-17T16:08:45.086391+00:00,"Run - Aug 17, 2026 at 21:38:16"
Q131,0,0.89815,healthy,2026-08-17T16:08:45.092083+00:00,"Run - Aug 17, 2026 at 21:38:16"
Q132,0,0.8974,healthy,2026-08-17T16:08:45.096080+00:00,"Run - Aug 17, 2026 at 21:38:16"
Q0,1,0.9963766073622535,degraded,2026-08-17T16:08:45.497035+00:00,"Run - Aug 17, 2026 at 21:38:16"
Q1,1,0.9956230073622534,degraded,2026-08-17T16:08:45.504008+00:00,"Run - Aug 17, 2026 at 21:38:16"
Q2,1,0.9948694073622535,degraded,2026-08-17T16:08:45.509998+00:00,"Run - Aug 17, 2026 at 21:38:16"
Q3,1,0.9941158073622536,degraded,2026-08-17T16:08:45.515467+00:00,"Run - Aug 17, 2026 at 21:38:16"
Q4,1,0.9933622073622534,degraded,2026-08-17T16:08:45.522575+00:00,"Run - Aug 17, 2026 at 21:38:16"
Q5,1,0.9926086073622535,degraded,2026-08-17T16:08:45.528393+00:00,"Run - Aug 17, 2026 at 21:38:16"
Q6,1,0.9918550073622534,degraded,2026-08-17T16:08:45.534587+00:00,"Run - Aug 17, 2026 at 21:38:16"
Q7,1,0.9911014073622535,degraded,2026-08-17T16:08:45.540094+00:00,"Run - Aug 17, 2026 at 21:38:16"
Q8,1,0.9903478073622534,degraded,2026-08-17T16:08:45.544562+00:00,"Run - Aug 17, 2026 at 21:38:16"
Q9,1,0.9895942073622535,degraded,2026-08-17T16:08:45.549574+00:00,"Run - Aug 17, 2026 at 21:38:16"
Q10,1,0.9888406073622535,degraded,2026-08-17T16:08:45.554611+00:00,"Run - Aug 17, 2026 at 21:38:16"
Q11,1,0.9880870073622534,degraded,2026-08-17T16:08:45.559608+00:00,"Run - Aug 17, 2026 at 21:38:16"
Q12,1,0.9873334073622535,degraded,2026-08-17T16:08:45.565576+00:00,"Run - Aug 17, 2026 at 21:38:16"
Q13,1,0.9865798073622534,degraded,2026-08-17T16:08:45.571323+00:00,"Run - Aug 17, 2026 at 21:38:16"
Q14,1,0.9858262073622535,degraded,2026-08-17T16:08:45.576250+00:00,"Run - Aug 17, 2026 at 21:38:16"
Q15,1,0.9850726073622535,degraded,2026-08-17T16:08:45.581676+00:00,"Run - Aug 17, 2026 at 21:38:16"
Q16,1,0.9843190073622534,degraded,2026-08-17T16:08:45.588015+00:00,"Run - Aug 17, 2026 at 21:38:16"
Q17,1,0.9835654073622535,degraded,2026-08-17T16:08:45.592989+00:00,"Run - Aug 17, 2026 at 21:38:16"
Q18,1,0.9828118073622534,degraded,2026-08-17T16:08:45.598573+00:00,"Run - Aug 17, 2026 at 21:38:16"
Q19,1,0.9820582073622536,degraded,2026-08-17T16:08:45.604505+00:00,"Run - Aug 17, 2026 at 21:38:16"
Q20,1,0.9813046073622536,degraded,2026-08-17T16:08:45.608511+00:00,"Run - Aug 17, 2026 at 21:38:16"
Q21,1,0.9805510073622535,degraded,2026-08-17T16:08:45.612414+00:00,"Run - Aug 17, 2026 at 21:38:16"
Q22,1,0.9797974073622535,degraded,2026-08-17T16:08:45.619585+00:00,"Run - Aug 17, 2026 at 21:38:16"
Q23,1,0.9790438073622535,degraded,2026-08-17T16:08:45.625123+00:00,"Run - Aug 17, 2026 at 21:38:16"
Q24,1,0.9782902073622536,degraded,2026-08-17T16:08:45.631606+00:00,"Run - Aug 17, 2026 at 21:38:16"
Q25,1,0.9775366073622535,degraded,2026-08-17T16:08:45.638816+00:00,"Run - Aug 17, 2026 at 21:38:16"
Q26,1,0.9767830073622535,degraded,2026-08-17T16:08:45.641945+00:00,"Run - Aug 17, 2026 at 21:38:16"
Q27,1,0.9760294073622536,degraded,2026-08-17T16:08:45.645002+00:00,"Run - Aug 17, 2026 at 21:38:16"
Q28,1,0.9752758073622535,degraded,2026-08-17T16:08:45.652773+00:00,"Run - Aug 17, 2026 at 21:38:16"
Q29,1,0.9745222073622536,degraded,2026-08-17T16:08:45.656775+00:00,"Run - Aug 17, 2026 at 21:38:16"
Q30,1,0.9737686073622536,degraded,2026-08-17T16:08:45.660772+00:00,"Run - Aug 17, 2026 at 21:38:16"
Q31,1,0.9730150073622535,degraded,2026-08-17T16:08:45.666492+00:00,"Run - Aug 17, 2026 at 21:38:16"
Q32,1,0.9722614073622535,degraded,2026-08-17T16:08:45.671399+00:00,"Run - Aug 17, 2026 at 21:38:16"
Q33,1,0.9715078073622535,degraded,2026-08-17T16:08:45.675399+00:00,"Run - Aug 17, 2026 at 21:38:16"
Q34,1,0.9707542073622536,degraded,2026-08-17T16:08:45.682416+00:00,"Run - Aug 17, 2026 at 21:38:16"
Q35,1,0.9700006073622535,degraded,2026-08-17T16:08:45.689601+00:00,"Run - Aug 17, 2026 at 21:38:16"
Q36,1,0.9692470073622536,degraded,2026-08-17T16:08:45.697604+00:00,"Run - Aug 17, 2026 at 21:38:16"
Q37,1,0.9684934073622535,degraded,2026-08-17T16:08:45.705376+00:00,"Run - Aug 17, 2026 at 21:38:16"
Q38,1,0.9677398073622535,degraded,2026-08-17T16:08:45.709377+00:00,"Run - Aug 17, 2026 at 21:38:16"
Q39,1,0.9669862073622536,degraded,2026-08-17T16:08:45.717688+00:00,"Run - Aug 17, 2026 at 21:38:16"
Q40,1,0.9662326073622535,degraded,2026-08-17T16:08:45.724682+00:00,"Run - Aug 17, 2026 at 21:38:16"
Q41,1,0.9654790073622536,degraded,2026-08-17T16:08:45.731839+00:00,"Run - Aug 17, 2026 at 21:38:16"
Q42,1,0.9647254073622535,degraded,2026-08-17T16:08:45.738098+00:00,"Run - Aug 17, 2026 at 21:38:16"
Q43,1,0.9639718073622535,degraded,2026-08-17T16:08:45.743569+00:00,"Run - Aug 17, 2026 at 21:38:16"
Q44,1,0.9632182073622536,degraded,2026-08-17T16:08:45.749024+00:00,"Run - Aug 17, 2026 at 21:38:16"
Q45,1,0.9624646073622535,degraded,2026-08-17T16:08:45.754165+00:00,"Run - Aug 17, 2026 at 21:38:16"
Q46,1,0.9617110073622536,degraded,2026-08-17T16:08:45.759399+00:00,"Run - Aug 17, 2026 at 21:38:16"
Q47,1,0.9609574073622535,degraded,2026-08-17T16:08:45.764387+00:00,"Run - Aug 17, 2026 at 21:38:16"
Q48,1,0.9602038073622535,degraded,2026-08-17T16:08:45.771072+00:00,"Run - Aug 17, 2026 at 21:38:16"
Q49,1,0.9594502073622535,degraded,2026-08-17T16:08:45.785433+00:00,"Run - Aug 17, 2026 at 21:38:16"
Q50,1,0.9586966073622535,degraded,2026-08-17T16:08:45.791067+00:00,"Run - Aug 17, 2026 at 21:38:16"
Q51,1,0.9579430073622536,degraded,2026-08-17T16:08:45.795587+00:00,"Run - Aug 17, 2026 at 21:38:16"
Q52,1,0.9571894073622536,degraded,2026-08-17T16:08:45.803888+00:00,"Run - Aug 17, 2026 at 21:38:16"
Q53,1,0.9564358073622535,degraded,2026-08-17T16:08:45.808902+00:00,"Run - Aug 17, 2026 at 21:38:16"
Q54,1,0.9556822073622535,degraded,2026-08-17T16:08:45.819520+00:00,"Run - Aug 17, 2026 at 21:38:16"
Q55,1,0.9549286073622535,degraded,2026-08-17T16:08:45.825958+00:00,"Run - Aug 17, 2026 at 21:38:16"
Q56,1,0.9541750073622536,degraded,2026-08-17T16:08:45.832312+00:00,"Run - Aug 17, 2026 at 21:38:16"
Q57,1,0.9534214073622534,degraded,2026-08-17T16:08:45.839240+00:00,"Run - Aug 17, 2026 at 21:38:16"
Q58,1,0.9526678073622535,degraded,2026-08-17T16:08:45.844626+00:00,"Run - Aug 17, 2026 at 21:38:16"
Q59,1,0.9519142073622535,degraded,2026-08-17T16:08:45.851635+00:00,"Run - Aug 17, 2026 at 21:38:16"
Q60,1,0.9511606073622535,degraded,2026-08-17T16:08:45.858540+00:00,"Run - Aug 17, 2026 at 21:38:16"
Q61,1,0.9504070073622536,degraded,2026-08-17T16:08:45.870239+00:00,"Run - Aug 17, 2026 at 21:38:16"
Q62,1,0.9496534073622535,degraded,2026-08-17T16:08:45.874256+00:00,"Run - Aug 17, 2026 at 21:38:16"
Q63,1,0.9488998073622535,degraded,2026-08-17T16:08:45.877256+00:00,"Run - Aug 17, 2026 at 21:38:16"
Q64,1,0.9481462073622535,degraded,2026-08-17T16:08:45.884507+00:00,"Run - Aug 17, 2026 at 21:38:16"
Q65,1,0.9473926073622535,degraded,2026-08-17T16:08:45.890093+00:00,"Run - Aug 17, 2026 at 21:38:16"
Q66,1,0.9466390073622535,degraded,2026-08-17T16:08:45.893924+00:00,"Run - Aug 17, 2026 at 21:38:16"
Q67,1,0.9458854073622535,degraded,2026-08-17T16:08:45.902105+00:00,"Run - Aug 17, 2026 at 21:38:16"
Q68,1,0.9451318073622536,degraded,2026-08-17T16:08:45.907141+00:00,"Run - Aug 17, 2026 at 21:38:16"
Q69,1,0.9443782073622535,degraded,2026-08-17T16:08:45.910624+00:00,"Run - Aug 17, 2026 at 21:38:16"
Q70,1,0.9436246073622535,degraded,2026-08-17T16:08:45.918835+00:00,"Run - Aug 17, 2026 at 21:38:16"
Q71,1,0.9428710073622535,degraded,2026-08-17T16:08:45.923850+00:00,"Run - Aug 17, 2026 at 21:38:16"
Q72,1,0.9421174073622535,degraded,2026-08-17T16:08:45.927869+00:00,"Run - Aug 17, 2026 at 21:38:16"
Q73,1,0.9413638073622536,degraded,2026-08-17T16:08:45.935046+00:00,"Run - Aug 17, 2026 at 21:38:16"
Q74,1,0.9406102073622534,degraded,2026-08-17T16:08:45.940085+00:00,"Run - Aug 17, 2026 at 21:38:16"
Q75,1,0.9398566073622535,degraded,2026-08-17T16:08:45.944152+00:00,"Run - Aug 17, 2026 at 21:38:16"
Q76,1,0.9391030073622535,degraded,2026-08-17T16:08:45.951482+00:00,"Run - Aug 17, 2026 at 21:38:16"
Q77,1,0.9383494073622535,degraded,2026-08-17T16:08:45.957395+00:00,"Run - Aug 17, 2026 at 21:38:16"
Q78,1,0.9375958073622536,degraded,2026-08-17T16:08:45.967375+00:00,"Run - Aug 17, 2026 at 21:38:16"
Q79,1,0.9368422073622534,degraded,2026-08-17T16:08:45.995018+00:00,"Run - Aug 17, 2026 at 21:38:16"
Q80,1,0.9360886073622535,degraded,2026-08-17T16:08:46.008679+00:00,"Run - Aug 17, 2026 at 21:38:16"
Q81,1,0.9353350073622535,degraded,2026-08-17T16:08:46.034326+00:00,"Run - Aug 17, 2026 at 21:38:16"
Q82,1,0.9345814073622535,degraded,2026-08-17T16:08:46.046571+00:00,"Run - Aug 17, 2026 at 21:38:16"
Q83,1,0.9338278073622536,degraded,2026-08-17T16:08:46.055088+00:00,"Run - Aug 17, 2026 at 21:38:16"
Q84,1,0.9330742073622534,degraded,2026-08-17T16:08:46.062214+00:00,"Run - Aug 17, 2026 at 21:38:16"
Q85,1,0.9323206073622535,degraded,2026-08-17T16:08:46.074255+00:00,"Run - Aug 17, 2026 at 21:38:16"
Q86,1,0.9315670073622534,degraded,2026-08-17T16:08:46.085859+00:00,"Run - Aug 17, 2026 at 21:38:16"
Q87,1,0.9308134073622535,degraded,2026-08-17T16:08:46.092388+00:00,"Run - Aug 17, 2026 at 21:38:16"
Q88,1,0.9300598073622535,degraded,2026-08-17T16:08:46.097720+00:00,"Run - Aug 17, 2026 at 21:38:16"
Q89,1,0.9293062073622534,degraded,2026-08-17T16:08:46.105600+00:00,"Run - Aug 17, 2026 at 21:38:16"
Q90,1,0.9285526073622535,degraded,2026-08-17T16:08:46.110626+00:00,"Run - Aug 17, 2026 at 21:38:16"
Q91,1,0.9277990073622534,degraded,2026-08-17T16:08:46.118684+00:00,"Run - Aug 17, 2026 at 21:38:16"
Q92,1,0.9270454073622535,degraded,2026-08-17T16:08:46.124710+00:00,"Run - Aug 17, 2026 at 21:38:16"
Q93,1,0.9262918073622536,degraded,2026-08-17T16:08:46.129713+00:00,"Run - Aug 17, 2026 at 21:38:16"
Q94,1,0.9255382073622535,degraded,2026-08-17T16:08:46.139133+00:00,"Run - Aug 17, 2026 at 21:38:16"
Q95,1,0.9247846073622535,degraded,2026-08-17T16:08:46.144299+00:00,"Run - Aug 17, 2026 at 21:38:16"
Q96,1,0.9240310073622534,degraded,2026-08-17T16:08:46.151067+00:00,"Run - Aug 17, 2026 at 21:38:16"
Q97,1,0.9232774073622535,degraded,2026-08-17T16:08:46.158088+00:00,"Run - Aug 17, 2026 at 21:38:16"
Q98,1,0.9225238073622535,degraded,2026-08-17T16:08:46.164105+00:00,"Run - Aug 17, 2026 at 21:38:16"
Q99,1,0.9217702073622535,degraded,2026-08-17T16:08:46.172112+00:00,"Run - Aug 17, 2026 at 21:38:16"
Q100,1,0.9210166073622535,degraded,2026-08-17T16:08:46.177616+00:00,"Run - Aug 17, 2026 at 21:38:16"
Q101,1,0.9202630073622534,degraded,2026-08-17T16:08:46.185612+00:00,"Run - Aug 17, 2026 at 21:38:16"
Q102,1,0.9195094073622535,degraded,2026-08-17T16:08:46.191176+00:00,"Run - Aug 17, 2026 at 21:38:16"
Q103,1,0.9187558073622535,degraded,2026-08-17T16:08:46.199892+00:00,"Run - Aug 17, 2026 at 21:38:16"
Q104,1,0.9180022073622535,degraded,2026-08-17T16:08:46.205898+00:00,"Run - Aug 17, 2026 at 21:38:16"
Q105,1,0.9172486073622536,degraded,2026-08-17T16:08:46.210890+00:00,"Run - Aug 17, 2026 at 21:38:16"
Q106,1,0.9164950073622534,degraded,2026-08-17T16:08:46.216892+00:00,"Run - Aug 17, 2026 at 21:38:16"
Q107,1,0.9157414073622535,degraded,2026-08-17T16:08:46.221899+00:00,"Run - Aug 17, 2026 at 21:38:16"
Q108,1,0.9149878073622535,degraded,2026-08-17T16:08:46.226907+00:00,"Run - Aug 17, 2026 at 21:38:16"
Q109,1,0.9142342073622535,degraded,2026-08-17T16:08:46.229910+00:00,"Run - Aug 17, 2026 at 21:38:16"
Q110,1,0.9134806073622536,degraded,2026-08-17T16:08:46.235916+00:00,"Run - Aug 17, 2026 at 21:38:16"
Q111,1,0.9127270073622534,degraded,2026-08-17T16:08:46.241448+00:00,"Run - Aug 17, 2026 at 21:38:16"
Q112,1,0.9119734073622535,degraded,2026-08-17T16:08:46.245054+00:00,"Run - Aug 17, 2026 at 21:38:16"
Q113,1,0.9112198073622535,degraded,2026-08-17T16:08:46.253069+00:00,"Run - Aug 17, 2026 at 21:38:16"
Q114,1,0.9104662073622536,degraded,2026-08-17T16:08:46.256704+00:00,"Run - Aug 17, 2026 at 21:38:16"
Q115,1,0.9097126073622537,degraded,2026-08-17T16:08:46.259715+00:00,"Run - Aug 17, 2026 at 21:38:16"
Q116,1,0.9089590073622535,degraded,2026-08-17T16:08:46.262718+00:00,"Run - Aug 17, 2026 at 21:38:16"
Q117,1,0.9082054073622536,degraded,2026-08-17T16:08:46.268718+00:00,"Run - Aug 17, 2026 at 21:38:16"
Q118,1,0.9074518073622535,degraded,2026-08-17T16:08:46.272722+00:00,"Run - Aug 17, 2026 at 21:38:16"
Q119,1,0.9066982073622536,degraded,2026-08-17T16:08:46.277729+00:00,"Run - Aug 17, 2026 at 21:38:16"
Q120,1,0.9059446073622537,degraded,2026-08-17T16:08:46.283903+00:00,"Run - Aug 17, 2026 at 21:38:16"
Q121,1,0.9051910073622536,degraded,2026-08-17T16:08:46.290012+00:00,"Run - Aug 17, 2026 at 21:38:16"
Q122,1,0.9044374073622536,degraded,2026-08-17T16:08:46.294024+00:00,"Run - Aug 17, 2026 at 21:38:16"
Q123,1,0.9036838073622535,degraded,2026-08-17T16:08:46.298337+00:00,"Run - Aug 17, 2026 at 21:38:16"
Q124,1,0.9029302073622536,degraded,2026-08-17T16:08:46.303447+00:00,"Run - Aug 17, 2026 at 21:38:16"
Q125,1,0.9021766073622535,degraded,2026-08-17T16:08:46.308459+00:00,"Run - Aug 17, 2026 at 21:38:16"
Q126,1,0.9014230073622536,degraded,2026-08-17T16:08:46.311462+00:00,"Run - Aug 17, 2026 at 21:38:16"
Q127,1,0.9006694073622536,degraded,2026-08-17T16:08:46.316463+00:00,"Run - Aug 17, 2026 at 21:38:16"
Q128,1,0.8999158073622535,degraded,2026-08-17T16:08:46.321481+00:00,"Run - Aug 17, 2026 at 21:38:16"
Q129,1,0.8991622073622536,degraded,2026-08-17T16:08:46.324461+00:00,"Run - Aug 17, 2026 at 21:38:16"
Q130,1,0.8984086073622535,degraded,2026-08-17T16:08:46.327513+00:00,"Run - Aug 17, 2026 at 21:38:16"
Q131,1,0.8976550073622536,degraded,2026-08-17T16:08:46.331477+00:00,"Run - Aug 17, 2026 at 21:38:16"
Q132,1,0.8969014073622537,degraded,2026-08-17T16:08:46.336556+00:00,"Run - Aug 17, 2026 at 21:38:16"
Q0,2,0.9963532782192455,degraded,2026-08-17T16:08:59.048988+00:00,"Run - Aug 17, 2026 at 21:38:16"
Q1,2,0.9955960782192455,degraded,2026-08-17T16:08:59.051984+00:00,"Run - Aug 17, 2026 at 21:38:16"
Q2,2,0.9948388782192453,degraded,2026-08-17T16:08:59.056523+00:00,"Run - Aug 17, 2026 at 21:38:16"
Q3,2,0.9940816782192454,degraded,2026-08-17T16:08:59.062158+00:00,"Run - Aug 17, 2026 at 21:38:16"
Q4,2,0.9933244782192453,degraded,2026-08-17T16:08:59.067240+00:00,"Run - Aug 17, 2026 at 21:38:16"
Q5,2,0.9925672782192454,degraded,2026-08-17T16:08:59.071253+00:00,"Run - Aug 17, 2026 at 21:38:16"
Q6,2,0.9918100782192454,degraded,2026-08-17T16:08:59.076257+00:00,"Run - Aug 17, 2026 at 21:38:16"
Q7,2,0.9910528782192455,degraded,2026-08-17T16:08:59.081697+00:00,"Run - Aug 17, 2026 at 21:38:16"
Q8,2,0.9902956782192454,degraded,2026-08-17T16:08:59.085781+00:00,"Run - Aug 17, 2026 at 21:38:16"
Q9,2,0.9895384782192453,degraded,2026-08-17T16:08:59.089785+00:00,"Run - Aug 17, 2026 at 21:38:16"
Q10,2,0.9887812782192453,degraded,2026-08-17T16:08:59.093795+00:00,"Run - Aug 17, 2026 at 21:38:16"
Q11,2,0.9880240782192455,degraded,2026-08-17T16:08:59.098783+00:00,"Run - Aug 17, 2026 at 21:38:16"
Q12,2,0.9872668782192453,degraded,2026-08-17T16:08:59.102779+00:00,"Run - Aug 17, 2026 at 21:38:16"
Q13,2,0.9865096782192453,degraded,2026-08-17T16:08:59.105693+00:00,"Run - Aug 17, 2026 at 21:38:16"
Q14,2,0.9857524782192453,degraded,2026-08-17T16:08:59.110917+00:00,"Run - Aug 17, 2026 at 21:38:16"
Q15,2,0.9849952782192454,degraded,2026-08-17T16:08:59.117239+00:00,"Run - Aug 17, 2026 at 21:38:16"
Q16,2,0.9842380782192455,degraded,2026-08-17T16:08:59.121282+00:00,"Run - Aug 17, 2026 at 21:38:16"
Q17,2,0.9834808782192455,degraded,2026-08-17T16:08:59.124298+00:00,"Run - Aug 17, 2026 at 21:38:16"
Q18,2,0.9827236782192454,degraded,2026-08-17T16:08:59.128995+00:00,"Run - Aug 17, 2026 at 21:38:16"
Q19,2,0.9819664782192454,degraded,2026-08-17T16:08:59.136374+00:00,"Run - Aug 17, 2026 at 21:38:16"
Q20,2,0.9812092782192454,degraded,2026-08-17T16:08:59.142340+00:00,"Run - Aug 17, 2026 at 21:38:16"
Q21,2,0.9804520782192454,degraded,2026-08-17T16:08:59.149355+00:00,"Run - Aug 17, 2026 at 21:38:16"
Q22,2,0.9796948782192454,degraded,2026-08-17T16:08:59.152350+00:00,"Run - Aug 17, 2026 at 21:38:16"
Q23,2,0.9789376782192453,degraded,2026-08-17T16:08:59.155351+00:00,"Run - Aug 17, 2026 at 21:38:16"
Q24,2,0.9781804782192454,degraded,2026-08-17T16:08:59.158873+00:00,"Run - Aug 17, 2026 at 21:38:16"
Q25,2,0.9774232782192454,degraded,2026-08-17T16:08:59.185508+00:00,"Run - Aug 17, 2026 at 21:38:16"
Q26,2,0.9766660782192454,degraded,2026-08-17T16:08:59.199458+00:00,"Run - Aug 17, 2026 at 21:38:16"
Q27,2,0.9759088782192453,degraded,2026-08-17T16:08:59.205568+00:00,"Run - Aug 17, 2026 at 21:38:16"
Q28,2,0.9751516782192454,degraded,2026-08-17T16:08:59.213670+00:00,"Run - Aug 17, 2026 at 21:38:16"
Q29,2,0.9743944782192453,degraded,2026-08-17T16:08:59.219638+00:00,"Run - Aug 17, 2026 at 21:38:16"
Q30,2,0.9736372782192455,degraded,2026-08-17T16:08:59.224689+00:00,"Run - Aug 17, 2026 at 21:38:16"
Q31,2,0.9728800782192453,degraded,2026-08-17T16:08:59.231584+00:00,"Run - Aug 17, 2026 at 21:38:16"
Q32,2,0.9721228782192455,degraded,2026-08-17T16:08:59.235637+00:00,"Run - Aug 17, 2026 at 21:38:16"
Q33,2,0.9713656782192454,degraded,2026-08-17T16:08:59.237613+00:00,"Run - Aug 17, 2026 at 21:38:16"
Q34,2,0.9706084782192453,degraded,2026-08-17T16:08:59.241603+00:00,"Run - Aug 17, 2026 at 21:38:16"
Q35,2,0.9698512782192454,degraded,2026-08-17T16:08:59.246199+00:00,"Run - Aug 17, 2026 at 21:38:16"
Q36,2,0.9690940782192454,degraded,2026-08-17T16:08:59.252212+00:00,"Run - Aug 17, 2026 at 21:38:16"
Q37,2,0.9683368782192454,degraded,2026-08-17T16:08:59.255866+00:00,"Run - Aug 17, 2026 at 21:38:16"
Q38,2,0.9675796782192454,degraded,2026-08-17T16:08:59.261443+00:00,"Run - Aug 17, 2026 at 21:38:16"
Q39,2,0.9668224782192454,degraded,2026-08-17T16:08:59.267512+00:00,"Run - Aug 17, 2026 at 21:38:16"
Q40,2,0.9660652782192454,degraded,2026-08-17T16:08:59.270500+00:00,"Run - Aug 17, 2026 at 21:38:16"
Q41,2,0.9653080782192454,degraded,2026-08-17T16:08:59.274486+00:00,"Run - Aug 17, 2026 at 21:38:16"
Q42,2,0.9645508782192453,degraded,2026-08-17T16:08:59.280489+00:00,"Run - Aug 17, 2026 at 21:38:16"
Q43,2,0.9637936782192453,degraded,2026-08-17T16:08:59.286019+00:00,"Run - Aug 17, 2026 at 21:38:16"
Q44,2,0.9630364782192454,degraded,2026-08-17T16:08:59.290598+00:00,"Run - Aug 17, 2026 at 21:38:16"
Q45,2,0.9622792782192454,degraded,2026-08-17T16:08:59.297575+00:00,"Run - Aug 17, 2026 at 21:38:16"
Q46,2,0.9615220782192454,degraded,2026-08-17T16:08:59.301584+00:00,"Run - Aug 17, 2026 at 21:38:16"
Q47,2,0.9607648782192454,degraded,2026-08-17T16:08:59.304267+00:00,"Run - Aug 17, 2026 at 21:38:16"
Q48,2,0.9600076782192453,degraded,2026-08-17T16:08:59.306270+00:00,"Run - Aug 17, 2026 at 21:38:16"
Q49,2,0.9592504782192455,degraded,2026-08-17T16:08:59.311297+00:00,"Run - Aug 17, 2026 at 21:38:16"
Q50,2,0.9584932782192452,degraded,2026-08-17T16:08:59.318279+00:00,"Run - Aug 17, 2026 at 21:38:16"
Q51,2,0.9577360782192454,degraded,2026-08-17T16:08:59.324281+00:00,"Run - Aug 17, 2026 at 21:38:16"
Q52,2,0.9569788782192453,degraded,2026-08-17T16:08:59.330646+00:00,"Run - Aug 17, 2026 at 21:38:16"
Q53,2,0.9562216782192454,degraded,2026-08-17T16:08:59.337544+00:00,"Run - Aug 17, 2026 at 21:38:16"
Q54,2,0.9554644782192454,degraded,2026-08-17T16:08:59.340519+00:00,"Run - Aug 17, 2026 at 21:38:16"
Q55,2,0.9547072782192454,degraded,2026-08-17T16:08:59.345555+00:00,"Run - Aug 17, 2026 at 21:38:16"
Q56,2,0.9539500782192454,degraded,2026-08-17T16:08:59.352554+00:00,"Run - Aug 17, 2026 at 21:38:16"
Q57,2,0.9531928782192455,degraded,2026-08-17T16:08:59.356554+00:00,"Run - Aug 17, 2026 at 21:38:16"
Q58,2,0.9524356782192454,degraded,2026-08-17T16:08:59.362089+00:00,"Run - Aug 17, 2026 at 21:38:16"
Q59,2,0.9516784782192453,degraded,2026-08-17T16:08:59.368171+00:00,"Run - Aug 17, 2026 at 21:38:16"
Q60,2,0.9509212782192453,degraded,2026-08-17T16:08:59.372157+00:00,"Run - Aug 17, 2026 at 21:38:16"
Q61,2,0.9501640782192455,degraded,2026-08-17T16:08:59.375140+00:00,"Run - Aug 17, 2026 at 21:38:16"
Q62,2,0.9494068782192453,degraded,2026-08-17T16:08:59.380776+00:00,"Run - Aug 17, 2026 at 21:38:16"
Q63,2,0.9486496782192454,degraded,2026-08-17T16:08:59.387041+00:00,"Run - Aug 17, 2026 at 21:38:16"
Q64,2,0.9478924782192454,degraded,2026-08-17T16:08:59.391058+00:00,"Run - Aug 17, 2026 at 21:38:16"
Q65,2,0.9471352782192454,degraded,2026-08-17T16:08:59.394042+00:00,"Run - Aug 17, 2026 at 21:38:16"
Q66,2,0.9463780782192454,degraded,2026-08-17T16:08:59.400042+00:00,"Run - Aug 17, 2026 at 21:38:16"
Q67,2,0.9456208782192452,degraded,2026-08-17T16:08:59.405074+00:00,"Run - Aug 17, 2026 at 21:38:16"
Q68,2,0.9448636782192454,degraded,2026-08-17T16:08:59.409062+00:00,"Run - Aug 17, 2026 at 21:38:16"
Q69,2,0.9441064782192454,degraded,2026-08-17T16:08:59.416038+00:00,"Run - Aug 17, 2026 at 21:38:16"
Q70,2,0.9433492782192454,degraded,2026-08-17T16:08:59.421078+00:00,"Run - Aug 17, 2026 at 21:38:16"
Q71,2,0.9425920782192453,degraded,2026-08-17T16:08:59.425082+00:00,"Run - Aug 17, 2026 at 21:38:16"
Q72,2,0.9418348782192454,degraded,2026-08-17T16:08:59.431059+00:00,"Run - Aug 17, 2026 at 21:38:16"
Q73,2,0.9410776782192454,degraded,2026-08-17T16:08:59.438114+00:00,"Run - Aug 17, 2026 at 21:38:16"
Q74,2,0.9403204782192454,degraded,2026-08-17T16:08:59.443513+00:00,"Run - Aug 17, 2026 at 21:38:16"
Q75,2,0.9395632782192453,degraded,2026-08-17T16:08:59.450932+00:00,"Run - Aug 17, 2026 at 21:38:16"
Q76,2,0.9388060782192454,degraded,2026-08-17T16:08:59.456952+00:00,"Run - Aug 17, 2026 at 21:38:16"
Q77,2,0.9380488782192453,degraded,2026-08-17T16:08:59.463316+00:00,"Run - Aug 17, 2026 at 21:38:16"
Q78,2,0.9372916782192454,degraded,2026-08-17T16:08:59.468532+00:00,"Run - Aug 17, 2026 at 21:38:16"
Q79,2,0.9365344782192453,degraded,2026-08-17T16:08:59.474528+00:00,"Run - Aug 17, 2026 at 21:38:16"
Q80,2,0.9357772782192455,degraded,2026-08-17T16:08:59.484174+00:00,"Run - Aug 17, 2026 at 21:38:16"
Q81,2,0.9350200782192454,degraded,2026-08-17T16:08:59.489393+00:00,"Run - Aug 17, 2026 at 21:38:16"
Q82,2,0.9342628782192454,degraded,2026-08-17T16:08:59.497221+00:00,"Run - Aug 17, 2026 at 21:38:16"
Q83,2,0.9335056782192453,degraded,2026-08-17T16:08:59.501217+00:00,"Run - Aug 17, 2026 at 21:38:16"
Q84,2,0.9327484782192454,degraded,2026-08-17T16:08:59.506253+00:00,"Run - Aug 17, 2026 at 21:38:16"
Q85,2,0.9319912782192454,degraded,2026-08-17T16:08:59.510243+00:00,"Run - Aug 17, 2026 at 21:38:16"
Q86,2,0.9312340782192454,degraded,2026-08-17T16:08:59.515217+00:00,"Run - Aug 17, 2026 at 21:38:16"
Q87,2,0.9304768782192454,degraded,2026-08-17T16:08:59.519248+00:00,"Run - Aug 17, 2026 at 21:38:16"
Q88,2,0.9297196782192454,degraded,2026-08-17T16:08:59.524268+00:00,"Run - Aug 17, 2026 at 21:38:16"
Q89,2,0.9289624782192454,degraded,2026-08-17T16:08:59.531620+00:00,"Run - Aug 17, 2026 at 21:38:16"
Q90,2,0.9282052782192454,degraded,2026-08-17T16:08:59.536216+00:00,"Run - Aug 17, 2026 at 21:38:16"
Q91,2,0.9274480782192454,degraded,2026-08-17T16:08:59.541200+00:00,"Run - Aug 17, 2026 at 21:38:16"
Q92,2,0.9266908782192453,degraded,2026-08-17T16:08:59.546017+00:00,"Run - Aug 17, 2026 at 21:38:16"
Q93,2,0.9259336782192453,degraded,2026-08-17T16:08:59.550015+00:00,"Run - Aug 17, 2026 at 21:38:16"
Q94,2,0.9251764782192453,degraded,2026-08-17T16:08:59.553126+00:00,"Run - Aug 17, 2026 at 21:38:16"
Q95,2,0.9244192782192454,degraded,2026-08-17T16:08:59.557163+00:00,"Run - Aug 17, 2026 at 21:38:16"
Q96,2,0.9236620782192453,degraded,2026-08-17T16:08:59.562725+00:00,"Run - Aug 17, 2026 at 21:38:16"
Q97,2,0.9229048782192454,degraded,2026-08-17T16:08:59.567724+00:00,"Run - Aug 17, 2026 at 21:38:16"
Q98,2,0.9221476782192453,degraded,2026-08-17T16:08:59.573764+00:00,"Run - Aug 17, 2026 at 21:38:16"
Q99,2,0.9213904782192455,degraded,2026-08-17T16:08:59.578738+00:00,"Run - Aug 17, 2026 at 21:38:16"
Q100,2,0.9206332782192453,degraded,2026-08-17T16:08:59.584508+00:00,"Run - Aug 17, 2026 at 21:38:16"
Q101,2,0.9198760782192454,degraded,2026-08-17T16:08:59.589523+00:00,"Run - Aug 17, 2026 at 21:38:16"
Q102,2,0.9191188782192453,degraded,2026-08-17T16:08:59.592522+00:00,"Run - Aug 17, 2026 at 21:38:16"
Q103,2,0.9183616782192454,degraded,2026-08-17T16:08:59.597523+00:00,"Run - Aug 17, 2026 at 21:38:16"
Q104,2,0.9176044782192454,degraded,2026-08-17T16:08:59.601664+00:00,"Run - Aug 17, 2026 at 21:38:16"
Q105,2,0.9168472782192454,degraded,2026-08-17T16:08:59.605680+00:00,"Run - Aug 17, 2026 at 21:38:16"
Q106,2,0.9160900782192454,degraded,2026-08-17T16:08:59.609666+00:00,"Run - Aug 17, 2026 at 21:38:16"
Q107,2,0.9153328782192454,degraded,2026-08-17T16:08:59.616529+00:00,"Run - Aug 17, 2026 at 21:38:16"
Q108,2,0.9145756782192453,degraded,2026-08-17T16:08:59.621602+00:00,"Run - Aug 17, 2026 at 21:38:16"
Q109,2,0.9138184782192456,degraded,2026-08-17T16:08:59.626568+00:00,"Run - Aug 17, 2026 at 21:38:16"
Q110,2,0.9130612782192453,degraded,2026-08-17T16:08:59.633108+00:00,"Run - Aug 17, 2026 at 21:38:16"
Q111,2,0.9123040782192453,degraded,2026-08-17T16:08:59.638305+00:00,"Run - Aug 17, 2026 at 21:38:16"
Q112,2,0.9115468782192453,degraded,2026-08-17T16:08:59.642331+00:00,"Run - Aug 17, 2026 at 21:38:16"
Q113,2,0.9107896782192454,degraded,2026-08-17T16:08:59.649159+00:00,"Run - Aug 17, 2026 at 21:38:16"
Q114,2,0.9100324782192454,degraded,2026-08-17T16:08:59.653160+00:00,"Run - Aug 17, 2026 at 21:38:16"
Q115,2,0.9092752782192454,degraded,2026-08-17T16:08:59.657519+00:00,"Run - Aug 17, 2026 at 21:38:16"
Q116,2,0.9085180782192455,degraded,2026-08-17T16:08:59.664500+00:00,"Run - Aug 17, 2026 at 21:38:16"
Q117,2,0.9077608782192452,degraded,2026-08-17T16:08:59.669537+00:00,"Run - Aug 17, 2026 at 21:38:16"
Q118,2,0.9070036782192454,degraded,2026-08-17T16:08:59.675573+00:00,"Run - Aug 17, 2026 at 21:38:16"
Q119,2,0.9062464782192453,degraded,2026-08-17T16:08:59.682449+00:00,"Run - Aug 17, 2026 at 21:38:16"
Q120,2,0.9054892782192454,degraded,2026-08-17T16:08:59.688504+00:00,"Run - Aug 17, 2026 at 21:38:16"
Q121,2,0.9047320782192453,degraded,2026-08-17T16:08:59.693003+00:00,"Run - Aug 17, 2026 at 21:38:16"
Q122,2,0.9039748782192454,degraded,2026-08-17T16:08:59.700002+00:00,"Run - Aug 17, 2026 at 21:38:16"
Q123,2,0.9032176782192454,degraded,2026-08-17T16:08:59.704021+00:00,"Run - Aug 17, 2026 at 21:38:16"
Q124,2,0.9024604782192454,degraded,2026-08-17T16:08:59.709002+00:00,"Run - Aug 17, 2026 at 21:38:16"
Q125,2,0.9017032782192453,degraded,2026-08-17T16:08:59.717474+00:00,"Run - Aug 17, 2026 at 21:38:16"
Q126,2,0.9009460782192454,degraded,2026-08-17T16:08:59.723657+00:00,"Run - Aug 17, 2026 at 21:38:16"
Q127,2,0.9001888782192453,degraded,2026-08-17T16:08:59.729658+00:00,"Run - Aug 17, 2026 at 21:38:16"
Q128,2,0.8994316782192455,degraded,2026-08-17T16:08:59.734676+00:00,"Run - Aug 17, 2026 at 21:38:16"
Q129,2,0.8986744782192453,degraded,2026-08-17T16:08:59.739693+00:00,"Run - Aug 17, 2026 at 21:38:16"
Q130,2,0.8979172782192455,degraded,2026-08-17T16:08:59.744705+00:00,"Run - Aug 17, 2026 at 21:38:16"
Q131,2,0.8971600782192454,degraded,2026-08-17T16:08:59.751699+00:00,"Run - Aug 17, 2026 at 21:38:16"
Q132,2,0.8964028782192455,degraded,2026-08-17T16:08:59.756972+00:00,"Run - Aug 17, 2026 at 21:38:16"
Q0,3,0.9963300685753886,degraded,2026-08-17T16:09:03.260755+00:00,"Run - Aug 17, 2026 at 21:38:16"
Q1,3,0.9955692685753887,degraded,2026-08-17T16:09:03.266277+00:00,"Run - Aug 17, 2026 at 21:38:16"
Q2,3,0.9948084685753888,degraded,2026-08-17T16:09:03.269275+00:00,"Run - Aug 17, 2026 at 21:38:16"
Q3,3,0.9940476685753887,degraded,2026-08-17T16:09:03.271275+00:00,"Run - Aug 17, 2026 at 21:38:16"
Q4,3,0.9932868685753887,degraded,2026-08-17T16:09:03.274281+00:00,"Run - Aug 17, 2026 at 21:38:16"
Q5,3,0.9925260685753887,degraded,2026-08-17T16:09:03.279819+00:00,"Run - Aug 17, 2026 at 21:38:16"
Q6,3,0.9917652685753886,degraded,2026-08-17T16:09:03.284819+00:00,"Run - Aug 17, 2026 at 21:38:16"
Q7,3,0.9910044685753887,degraded,2026-08-17T16:09:03.287804+00:00,"Run - Aug 17, 2026 at 21:38:16"
Q8,3,0.9902436685753887,degraded,2026-08-17T16:09:03.290325+00:00,"Run - Aug 17, 2026 at 21:38:16"
Q9,3,0.9894828685753887,degraded,2026-08-17T16:09:03.295983+00:00,"Run - Aug 17, 2026 at 21:38:16"
Q10,3,0.9887220685753888,degraded,2026-08-17T16:09:03.301011+00:00,"Run - Aug 17, 2026 at 21:38:16"
Q11,3,0.9879612685753887,degraded,2026-08-17T16:09:03.303995+00:00,"Run - Aug 17, 2026 at 21:38:16"
Q12,3,0.9872004685753888,degraded,2026-08-17T16:09:03.305996+00:00,"Run - Aug 17, 2026 at 21:38:16"
Q13,3,0.9864396685753887,degraded,2026-08-17T16:09:03.310982+00:00,"Run - Aug 17, 2026 at 21:38:16"
Q14,3,0.9856788685753887,degraded,2026-08-17T16:09:03.314996+00:00,"Run - Aug 17, 2026 at 21:38:16"
Q15,3,0.9849180685753888,degraded,2026-08-17T16:09:03.319993+00:00,"Run - Aug 17, 2026 at 21:38:16"
Q16,3,0.9841572685753888,degraded,2026-08-17T16:09:03.322997+00:00,"Run - Aug 17, 2026 at 21:38:16"
Q17,3,0.9833964685753886,degraded,2026-08-17T16:09:03.331655+00:00,"Run - Aug 17, 2026 at 21:38:16"
Q18,3,0.9826356685753888,degraded,2026-08-17T16:09:03.336691+00:00,"Run - Aug 17, 2026 at 21:38:16"
Q19,3,0.9818748685753886,degraded,2026-08-17T16:09:03.340794+00:00,"Run - Aug 17, 2026 at 21:38:16"
Q20,3,0.9811140685753886,degraded,2026-08-17T16:09:03.347810+00:00,"Run - Aug 17, 2026 at 21:38:16"
Q21,3,0.9803532685753888,degraded,2026-08-17T16:09:03.353963+00:00,"Run - Aug 17, 2026 at 21:38:16"
Q22,3,0.9795924685753887,degraded,2026-08-17T16:09:03.361477+00:00,"Run - Aug 17, 2026 at 21:38:16"
Q23,3,0.9788316685753887,degraded,2026-08-17T16:09:03.366042+00:00,"Run - Aug 17, 2026 at 21:38:16"
Q24,3,0.9780708685753887,degraded,2026-08-17T16:09:03.369044+00:00,"Run - Aug 17, 2026 at 21:38:16"
Q25,3,0.9773100685753886,degraded,2026-08-17T16:09:03.373047+00:00,"Run - Aug 17, 2026 at 21:38:16"
Q26,3,0.9765492685753887,degraded,2026-08-17T16:09:03.382615+00:00,"Run - Aug 17, 2026 at 21:38:16"
Q27,3,0.9757884685753887,degraded,2026-08-17T16:09:03.386627+00:00,"Run - Aug 17, 2026 at 21:38:16"
Q28,3,0.9750276685753887,degraded,2026-08-17T16:09:03.391587+00:00,"Run - Aug 17, 2026 at 21:38:16"
Q29,3,0.9742668685753888,degraded,2026-08-17T16:09:03.398128+00:00,"Run - Aug 17, 2026 at 21:38:16"
Q30,3,0.9735060685753887,degraded,2026-08-17T16:09:03.401127+00:00,"Run - Aug 17, 2026 at 21:38:16"
Q31,3,0.9727452685753888,degraded,2026-08-17T16:09:03.404128+00:00,"Run - Aug 17, 2026 at 21:38:16"
Q32,3,0.9719844685753887,degraded,2026-08-17T16:09:03.407128+00:00,"Run - Aug 17, 2026 at 21:38:16"
Q33,3,0.9712236685753887,degraded,2026-08-17T16:09:03.410136+00:00,"Run - Aug 17, 2026 at 21:38:16"
Q34,3,0.9704628685753889,degraded,2026-08-17T16:09:03.417673+00:00,"Run - Aug 17, 2026 at 21:38:16"
Q35,3,0.9697020685753888,degraded,2026-08-17T16:09:03.423680+00:00,"Run - Aug 17, 2026 at 21:38:16"
Q36,3,0.9689412685753886,degraded,2026-08-17T16:09:03.428687+00:00,"Run - Aug 17, 2026 at 21:38:16"
Q37,3,0.9681804685753888,degraded,2026-08-17T16:09:03.433221+00:00,"Run - Aug 17, 2026 at 21:38:16"
Q38,3,0.9674196685753886,degraded,2026-08-17T16:09:03.435235+00:00,"Run - Aug 17, 2026 at 21:38:16"
Q39,3,0.9666588685753887,degraded,2026-08-17T16:09:03.440225+00:00,"Run - Aug 17, 2026 at 21:38:16"
Q40,3,0.9658980685753888,degraded,2026-08-17T16:09:03.447220+00:00,"Run - Aug 17, 2026 at 21:38:16"
Q41,3,0.9651372685753887,degraded,2026-08-17T16:09:03.454289+00:00,"Run - Aug 17, 2026 at 21:38:16"
Q42,3,0.9643764685753887,degraded,2026-08-17T16:09:03.460059+00:00,"Run - Aug 17, 2026 at 21:38:16"
Q43,3,0.9636156685753887,degraded,2026-08-17T16:09:03.465123+00:00,"Run - Aug 17, 2026 at 21:38:16"
Q44,3,0.9628548685753886,degraded,2026-08-17T16:09:03.469140+00:00,"Run - Aug 17, 2026 at 21:38:16"
Q45,3,0.9620940685753887,degraded,2026-08-17T16:09:03.472133+00:00,"Run - Aug 17, 2026 at 21:38:16"
Q46,3,0.9613332685753887,degraded,2026-08-17T16:09:03.474132+00:00,"Run - Aug 17, 2026 at 21:38:16"
Q47,3,0.9605724685753887,degraded,2026-08-17T16:09:03.480664+00:00,"Run - Aug 17, 2026 at 21:38:16"
Q48,3,0.9598116685753888,degraded,2026-08-17T16:09:03.487602+00:00,"Run - Aug 17, 2026 at 21:38:16"
Q49,3,0.9590508685753887,degraded,2026-08-17T16:09:03.492741+00:00,"Run - Aug 17, 2026 at 21:38:16"
Q50,3,0.9582900685753888,degraded,2026-08-17T16:09:03.501740+00:00,"Run - Aug 17, 2026 at 21:38:16"
Q51,3,0.9575292685753887,degraded,2026-08-17T16:09:03.505743+00:00,"Run - Aug 17, 2026 at 21:38:16"
Q52,3,0.9567684685753887,degraded,2026-08-17T16:09:03.512729+00:00,"Run - Aug 17, 2026 at 21:38:16"
Q53,3,0.9560076685753889,degraded,2026-08-17T16:09:03.516721+00:00,"Run - Aug 17, 2026 at 21:38:16"
Q54,3,0.9552468685753888,degraded,2026-08-17T16:09:03.522737+00:00,"Run - Aug 17, 2026 at 21:38:16"
Q55,3,0.9544860685753886,degraded,2026-08-17T16:09:03.529813+00:00,"Run - Aug 17, 2026 at 21:38:16"
Q56,3,0.9537252685753888,degraded,2026-08-17T16:09:03.536368+00:00,"Run - Aug 17, 2026 at 21:38:16"
Q57,3,0.9529644685753886,degraded,2026-08-17T16:09:03.540359+00:00,"Run - Aug 17, 2026 at 21:38:16"
Q58,3,0.9522036685753886,degraded,2026-08-17T16:09:03.548059+00:00,"Run - Aug 17, 2026 at 21:38:16"
Q59,3,0.9514428685753888,degraded,2026-08-17T16:09:03.555126+00:00,"Run - Aug 17, 2026 at 21:38:16"
Q60,3,0.9506820685753887,degraded,2026-08-17T16:09:03.560112+00:00,"Run - Aug 17, 2026 at 21:38:16"
Q61,3,0.9499212685753887,degraded,2026-08-17T16:09:03.568120+00:00,"Run - Aug 17, 2026 at 21:38:16"
Q62,3,0.9491604685753887,degraded,2026-08-17T16:09:03.571881+00:00,"Run - Aug 17, 2026 at 21:38:16"
Q63,3,0.9483996685753886,degraded,2026-08-17T16:09:03.576889+00:00,"Run - Aug 17, 2026 at 21:38:16"
Q64,3,0.9476388685753887,degraded,2026-08-17T16:09:03.583454+00:00,"Run - Aug 17, 2026 at 21:38:16"
Q65,3,0.9468780685753887,degraded,2026-08-17T16:09:03.588862+00:00,"Run - Aug 17, 2026 at 21:38:16"
Q66,3,0.9461172685753887,degraded,2026-08-17T16:09:03.595189+00:00,"Run - Aug 17, 2026 at 21:38:16"
Q67,3,0.9453564685753888,degraded,2026-08-17T16:09:03.601219+00:00,"Run - Aug 17, 2026 at 21:38:16"
Q68,3,0.9445956685753887,degraded,2026-08-17T16:09:03.604230+00:00,"Run - Aug 17, 2026 at 21:38:16"
Q69,3,0.9438348685753888,degraded,2026-08-17T16:09:03.608222+00:00,"Run - Aug 17, 2026 at 21:38:16"
Q70,3,0.9430740685753888,degraded,2026-08-17T16:09:03.614228+00:00,"Run - Aug 17, 2026 at 21:38:16"
Q71,3,0.9423132685753887,degraded,2026-08-17T16:09:03.621592+00:00,"Run - Aug 17, 2026 at 21:38:16"
Q72,3,0.9415524685753887,degraded,2026-08-17T16:09:03.628086+00:00,"Run - Aug 17, 2026 at 21:38:16"
Q73,3,0.9407916685753888,degraded,2026-08-17T16:09:03.634704+00:00,"Run - Aug 17, 2026 at 21:38:16"
Q74,3,0.9400308685753886,degraded,2026-08-17T16:09:03.640113+00:00,"Run - Aug 17, 2026 at 21:38:16"
Q75,3,0.9392700685753888,degraded,2026-08-17T16:09:03.648368+00:00,"Run - Aug 17, 2026 at 21:38:16"
Q76,3,0.9385092685753886,degraded,2026-08-17T16:09:03.653827+00:00,"Run - Aug 17, 2026 at 21:38:16"
Q77,3,0.9377484685753886,degraded,2026-08-17T16:09:03.657972+00:00,"Run - Aug 17, 2026 at 21:38:16"
Q78,3,0.9369876685753888,degraded,2026-08-17T16:09:03.664626+00:00,"Run - Aug 17, 2026 at 21:38:16"
Q79,3,0.9362268685753887,degraded,2026-08-17T16:09:03.671160+00:00,"Run - Aug 17, 2026 at 21:38:16"
Q80,3,0.9354660685753887,degraded,2026-08-17T16:09:03.680158+00:00,"Run - Aug 17, 2026 at 21:38:16"
Q81,3,0.9347052685753887,degraded,2026-08-17T16:09:03.687293+00:00,"Run - Aug 17, 2026 at 21:38:16"
Q82,3,0.9339444685753886,degraded,2026-08-17T16:09:03.695158+00:00,"Run - Aug 17, 2026 at 21:38:16"
Q83,3,0.9331836685753888,degraded,2026-08-17T16:09:03.701096+00:00,"Run - Aug 17, 2026 at 21:38:16"
Q84,3,0.9324228685753887,degraded,2026-08-17T16:09:03.707097+00:00,"Run - Aug 17, 2026 at 21:38:16"
Q85,3,0.9316620685753887,degraded,2026-08-17T16:09:03.713099+00:00,"Run - Aug 17, 2026 at 21:38:16"
Q86,3,0.9309012685753888,degraded,2026-08-17T16:09:03.720140+00:00,"Run - Aug 17, 2026 at 21:38:16"
Q87,3,0.9301404685753887,degraded,2026-08-17T16:09:03.724136+00:00,"Run - Aug 17, 2026 at 21:38:16"
Q88,3,0.9293796685753888,degraded,2026-08-17T16:09:03.730139+00:00,"Run - Aug 17, 2026 at 21:38:16"
Q89,3,0.9286188685753888,degraded,2026-08-17T16:09:03.736731+00:00,"Run - Aug 17, 2026 at 21:38:16"
Q90,3,0.9278580685753887,degraded,2026-08-17T16:09:03.740706+00:00,"Run - Aug 17, 2026 at 21:38:16"
Q91,3,0.9270972685753887,degraded,2026-08-17T16:09:03.746858+00:00,"Run - Aug 17, 2026 at 21:38:16"
Q92,3,0.9263364685753888,degraded,2026-08-17T16:09:03.752874+00:00,"Run - Aug 17, 2026 at 21:38:16"
Q93,3,0.9255756685753886,degraded,2026-08-17T16:09:03.755890+00:00,"Run - Aug 17, 2026 at 21:38:16"
Q94,3,0.9248148685753887,degraded,2026-08-17T16:09:03.758869+00:00,"Run - Aug 17, 2026 at 21:38:16"
Q95,3,0.9240540685753886,degraded,2026-08-17T16:09:03.765937+00:00,"Run - Aug 17, 2026 at 21:38:16"
Q96,3,0.9232932685753886,degraded,2026-08-17T16:09:03.770948+00:00,"Run - Aug 17, 2026 at 21:38:16"
Q97,3,0.9225324685753888,degraded,2026-08-17T16:09:03.776930+00:00,"Run - Aug 17, 2026 at 21:38:16"
Q98,3,0.9217716685753887,degraded,2026-08-17T16:09:03.783819+00:00,"Run - Aug 17, 2026 at 21:38:16"
Q99,3,0.9210108685753887,degraded,2026-08-17T16:09:03.789592+00:00,"Run - Aug 17, 2026 at 21:38:16"
Q100,3,0.9202500685753887,degraded,2026-08-17T16:09:03.796047+00:00,"Run - Aug 17, 2026 at 21:38:16"
Q101,3,0.9194892685753886,degraded,2026-08-17T16:09:03.802055+00:00,"Run - Aug 17, 2026 at 21:38:16"
Q102,3,0.9187284685753888,degraded,2026-08-17T16:09:03.806106+00:00,"Run - Aug 17, 2026 at 21:38:16"
Q103,3,0.9179676685753887,degraded,2026-08-17T16:09:03.809090+00:00,"Run - Aug 17, 2026 at 21:38:16"
Q104,3,0.9172068685753887,degraded,2026-08-17T16:09:03.815096+00:00,"Run - Aug 17, 2026 at 21:38:16"
Q105,3,0.9164460685753888,degraded,2026-08-17T16:09:03.821119+00:00,"Run - Aug 17, 2026 at 21:38:16"
Q106,3,0.9156852685753887,degraded,2026-08-17T16:09:03.824115+00:00,"Run - Aug 17, 2026 at 21:38:16"
Q107,3,0.9149244685753888,degraded,2026-08-17T16:09:03.831182+00:00,"Run - Aug 17, 2026 at 21:38:16"
Q108,3,0.9141636685753888,degraded,2026-08-17T16:09:03.836550+00:00,"Run - Aug 17, 2026 at 21:38:16"
Q109,3,0.9134028685753887,degraded,2026-08-17T16:09:03.840496+00:00,"Run - Aug 17, 2026 at 21:38:16"
Q110,3,0.9126420685753887,degraded,2026-08-17T16:09:03.846668+00:00,"Run - Aug 17, 2026 at 21:38:16"
Q111,3,0.9118812685753888,degraded,2026-08-17T16:09:03.853060+00:00,"Run - Aug 17, 2026 at 21:38:16"
Q112,3,0.9111204685753886,degraded,2026-08-17T16:09:03.858989+00:00,"Run - Aug 17, 2026 at 21:38:16"
Q113,3,0.9103596685753887,degraded,2026-08-17T16:09:03.871928+00:00,"Run - Aug 17, 2026 at 21:38:16"
Q114,3,0.9095988685753886,degraded,2026-08-17T16:09:03.880261+00:00,"Run - Aug 17, 2026 at 21:38:16"
Q115,3,0.9088380685753886,degraded,2026-08-17T16:09:03.885289+00:00,"Run - Aug 17, 2026 at 21:38:16"
Q116,3,0.9080772685753888,degraded,2026-08-17T16:09:03.897371+00:00,"Run - Aug 17, 2026 at 21:38:16"
Q117,3,0.9073164685753887,degraded,2026-08-17T16:09:03.903726+00:00,"Run - Aug 17, 2026 at 21:38:16"
Q118,3,0.9065556685753887,degraded,2026-08-17T16:09:03.909704+00:00,"Run - Aug 17, 2026 at 21:38:16"
Q119,3,0.9057948685753887,degraded,2026-08-17T16:09:03.915735+00:00,"Run - Aug 17, 2026 at 21:38:16"
Q120,3,0.9050340685753886,degraded,2026-08-17T16:09:03.919728+00:00,"Run - Aug 17, 2026 at 21:38:16"
Q121,3,0.9042732685753888,degraded,2026-08-17T16:09:03.922754+00:00,"Run - Aug 17, 2026 at 21:38:16"
Q122,3,0.9035124685753887,degraded,2026-08-17T16:09:03.926743+00:00,"Run - Aug 17, 2026 at 21:38:16"
Q123,3,0.9027516685753887,degraded,2026-08-17T16:09:03.933745+00:00,"Run - Aug 17, 2026 at 21:38:16"
Q124,3,0.9019908685753888,degraded,2026-08-17T16:09:03.937287+00:00,"Run - Aug 17, 2026 at 21:38:16"
Q125,3,0.9012300685753887,degraded,2026-08-17T16:09:03.941292+00:00,"Run - Aug 17, 2026 at 21:38:16"
Q126,3,0.9004692685753888,degraded,2026-08-17T16:09:03.948291+00:00,"Run - Aug 17, 2026 at 21:38:16"
Q127,3,0.8997084685753888,degraded,2026-08-17T16:09:03.952378+00:00,"Run - Aug 17, 2026 at 21:38:16"
Q128,3,0.8989476685753887,degraded,2026-08-17T16:09:03.956437+00:00,"Run - Aug 17, 2026 at 21:38:16"
Q129,3,0.8981868685753889,degraded,2026-08-17T16:09:03.961821+00:00,"Run - Aug 17, 2026 at 21:38:16"
Q130,3,0.8974260685753888,degraded,2026-08-17T16:09:03.968692+00:00,"Run - Aug 17, 2026 at 21:38:16"
Q131,3,0.8966652685753886,degraded,2026-08-17T16:09:03.972704+00:00,"Run - Aug 17, 2026 at 21:38:16"
Q132,3,0.8959044685753887,degraded,2026-08-17T16:09:03.976982+00:00,"Run - Aug 17, 2026 at 21:38:16"
Q0,4,0.996307033651021,degraded,2026-08-17T16:09:08.493314+00:00,"Run - Aug 17, 2026 at 21:38:16"
Q1,4,0.9955426336510209,degraded,2026-08-17T16:09:08.501374+00:00,"Run - Aug 17, 2026 at 21:38:16"
Q2,4,0.9947782336510209,degraded,2026-08-17T16:09:08.510404+00:00,"Run - Aug 17, 2026 at 21:38:16"
Q3,4,0.9940138336510209,degraded,2026-08-17T16:09:08.519446+00:00,"Run - Aug 17, 2026 at 21:38:16"
Q4,4,0.993249433651021,degraded,2026-08-17T16:09:08.527466+00:00,"Run - Aug 17, 2026 at 21:38:16"
Q5,4,0.9924850336510209,degraded,2026-08-17T16:09:08.536015+00:00,"Run - Aug 17, 2026 at 21:38:16"
Q6,4,0.9917206336510209,degraded,2026-08-17T16:09:08.545035+00:00,"Run - Aug 17, 2026 at 21:38:16"
Q7,4,0.9909562336510211,degraded,2026-08-17T16:09:08.553272+00:00,"Run - Aug 17, 2026 at 21:38:16"
Q8,4,0.9901918336510209,degraded,2026-08-17T16:09:08.562336+00:00,"Run - Aug 17, 2026 at 21:38:16"
Q9,4,0.9894274336510209,degraded,2026-08-17T16:09:08.570823+00:00,"Run - Aug 17, 2026 at 21:38:16"
Q10,4,0.9886630336510209,degraded,2026-08-17T16:09:08.582312+00:00,"Run - Aug 17, 2026 at 21:38:16"
Q11,4,0.9878986336510209,degraded,2026-08-17T16:09:08.591929+00:00,"Run - Aug 17, 2026 at 21:38:16"
Q12,4,0.9871342336510209,degraded,2026-08-17T16:09:08.602268+00:00,"Run - Aug 17, 2026 at 21:38:16"
Q13,4,0.9863698336510209,degraded,2026-08-17T16:09:08.611274+00:00,"Run - Aug 17, 2026 at 21:38:16"
Q14,4,0.9856054336510209,degraded,2026-08-17T16:09:08.621295+00:00,"Run - Aug 17, 2026 at 21:38:16"
Q15,4,0.9848410336510209,degraded,2026-08-17T16:09:08.629611+00:00,"Run - Aug 17, 2026 at 21:38:16"
Q16,4,0.9840766336510209,degraded,2026-08-17T16:09:08.638142+00:00,"Run - Aug 17, 2026 at 21:38:16"
Q17,4,0.9833122336510209,degraded,2026-08-17T16:09:08.647435+00:00,"Run - Aug 17, 2026 at 21:38:16"
Q18,4,0.9825478336510209,degraded,2026-08-17T16:09:08.656896+00:00,"Run - Aug 17, 2026 at 21:38:16"
Q19,4,0.981783433651021,degraded,2026-08-17T16:09:08.667258+00:00,"Run - Aug 17, 2026 at 21:38:16"
Q20,4,0.9810190336510209,degraded,2026-08-17T16:09:08.676807+00:00,"Run - Aug 17, 2026 at 21:38:16"
Q21,4,0.980254633651021,degraded,2026-08-17T16:09:08.685380+00:00,"Run - Aug 17, 2026 at 21:38:16"
Q22,4,0.979490233651021,degraded,2026-08-17T16:09:08.694850+00:00,"Run - Aug 17, 2026 at 21:38:16"
Q23,4,0.9787258336510211,degraded,2026-08-17T16:09:08.705650+00:00,"Run - Aug 17, 2026 at 21:38:16"
Q24,4,0.977961433651021,degraded,2026-08-17T16:09:08.713660+00:00,"Run - Aug 17, 2026 at 21:38:16"
Q25,4,0.977197033651021,degraded,2026-08-17T16:09:08.722937+00:00,"Run - Aug 17, 2026 at 21:38:16"
Q26,4,0.976432633651021,degraded,2026-08-17T16:09:08.731953+00:00,"Run - Aug 17, 2026 at 21:38:16"
Q27,4,0.975668233651021,degraded,2026-08-17T16:09:08.741118+00:00,"Run - Aug 17, 2026 at 21:38:16"
Q28,4,0.974903833651021,degraded,2026-08-17T16:09:08.749730+00:00,"Run - Aug 17, 2026 at 21:38:16"
Q29,4,0.974139433651021,degraded,2026-08-17T16:09:08.758315+00:00,"Run - Aug 17, 2026 at 21:38:16"
Q30,4,0.973375033651021,degraded,2026-08-17T16:09:08.766984+00:00,"Run - Aug 17, 2026 at 21:38:16"
Q31,4,0.972610633651021,degraded,2026-08-17T16:09:08.775526+00:00,"Run - Aug 17, 2026 at 21:38:16"
Q32,4,0.971846233651021,degraded,2026-08-17T16:09:08.783536+00:00,"Run - Aug 17, 2026 at 21:38:16"
Q33,4,0.971081833651021,degraded,2026-08-17T16:09:08.791903+00:00,"Run - Aug 17, 2026 at 21:38:16"
Q34,4,0.970317433651021,degraded,2026-08-17T16:09:08.800976+00:00,"Run - Aug 17, 2026 at 21:38:16"
Q35,4,0.969553033651021,degraded,2026-08-17T16:09:08.808062+00:00,"Run - Aug 17, 2026 at 21:38:16"
Q36,4,0.968788633651021,degraded,2026-08-17T16:09:08.815489+00:00,"Run - Aug 17, 2026 at 21:38:16"
Q37,4,0.968024233651021,degraded,2026-08-17T16:09:08.824515+00:00,"Run - Aug 17, 2026 at 21:38:16"
Q38,4,0.967259833651021,degraded,2026-08-17T16:09:08.831839+00:00,"Run - Aug 17, 2026 at 21:38:16"
Q39,4,0.966495433651021,degraded,2026-08-17T16:09:08.840887+00:00,"Run - Aug 17, 2026 at 21:38:16"
Q40,4,0.965731033651021,degraded,2026-08-17T16:09:08.848875+00:00,"Run - Aug 17, 2026 at 21:38:16"
Q41,4,0.964966633651021,degraded,2026-08-17T16:09:08.858007+00:00,"Run - Aug 17, 2026 at 21:38:16"
Q42,4,0.964202233651021,degraded,2026-08-17T16:09:08.865309+00:00,"Run - Aug 17, 2026 at 21:38:16"
Q43,4,0.963437833651021,degraded,2026-08-17T16:09:08.873221+00:00,"Run - Aug 17, 2026 at 21:38:16"
Q44,4,0.962673433651021,degraded,2026-08-17T16:09:08.881598+00:00,"Run - Aug 17, 2026 at 21:38:16"
Q45,4,0.9619090336510209,degraded,2026-08-17T16:09:08.889495+00:00,"Run - Aug 17, 2026 at 21:38:16"
Q46,4,0.961144633651021,degraded,2026-08-17T16:09:08.897777+00:00,"Run - Aug 17, 2026 at 21:38:16"
Q47,4,0.960380233651021,degraded,2026-08-17T16:09:08.905413+00:00,"Run - Aug 17, 2026 at 21:38:16"
Q48,4,0.959615833651021,degraded,2026-08-17T16:09:08.914228+00:00,"Run - Aug 17, 2026 at 21:38:16"
Q49,4,0.9588514336510209,degraded,2026-08-17T16:09:08.921345+00:00,"Run - Aug 17, 2026 at 21:38:16"
Q50,4,0.958087033651021,degraded,2026-08-17T16:09:08.929232+00:00,"Run - Aug 17, 2026 at 21:38:16"
Q51,4,0.957322633651021,degraded,2026-08-17T16:09:08.936991+00:00,"Run - Aug 17, 2026 at 21:38:16"
Q52,4,0.956558233651021,degraded,2026-08-17T16:09:08.945827+00:00,"Run - Aug 17, 2026 at 21:38:16"
Q53,4,0.955793833651021,degraded,2026-08-17T16:09:08.953806+00:00,"Run - Aug 17, 2026 at 21:38:16"
Q54,4,0.955029433651021,degraded,2026-08-17T16:09:08.966931+00:00,"Run - Aug 17, 2026 at 21:38:16"
Q55,4,0.954265033651021,degraded,2026-08-17T16:09:08.976577+00:00,"Run - Aug 17, 2026 at 21:38:16"
Q56,4,0.953500633651021,degraded,2026-08-17T16:09:08.985058+00:00,"Run - Aug 17, 2026 at 21:38:16"
Q57,4,0.9527362336510209,degraded,2026-08-17T16:09:08.994031+00:00,"Run - Aug 17, 2026 at 21:38:16"
Q58,4,0.951971833651021,degraded,2026-08-17T16:09:09.003039+00:00,"Run - Aug 17, 2026 at 21:38:16"
Q59,4,0.951207433651021,degraded,2026-08-17T16:09:09.011023+00:00,"Run - Aug 17, 2026 at 21:38:16"
Q60,4,0.950443033651021,degraded,2026-08-17T16:09:09.021125+00:00,"Run - Aug 17, 2026 at 21:38:16"
Q61,4,0.949678633651021,degraded,2026-08-17T16:09:09.027266+00:00,"Run - Aug 17, 2026 at 21:38:16"
Q62,4,0.948914233651021,degraded,2026-08-17T16:09:09.037486+00:00,"Run - Aug 17, 2026 at 21:38:16"
Q63,4,0.948149833651021,degraded,2026-08-17T16:09:09.043564+00:00,"Run - Aug 17, 2026 at 21:38:16"
Q64,4,0.9473854336510209,degraded,2026-08-17T16:09:09.054239+00:00,"Run - Aug 17, 2026 at 21:38:16"
Q65,4,0.946621033651021,degraded,2026-08-17T16:09:09.064587+00:00,"Run - Aug 17, 2026 at 21:38:16"
Q66,4,0.945856633651021,degraded,2026-08-17T16:09:09.073163+00:00,"Run - Aug 17, 2026 at 21:38:16"
Q67,4,0.945092233651021,degraded,2026-08-17T16:09:09.084367+00:00,"Run - Aug 17, 2026 at 21:38:16"
Q68,4,0.9443278336510209,degraded,2026-08-17T16:09:09.093611+00:00,"Run - Aug 17, 2026 at 21:38:16"
Q69,4,0.943563433651021,degraded,2026-08-17T16:09:09.103614+00:00,"Run - Aug 17, 2026 at 21:38:16"
Q70,4,0.942799033651021,degraded,2026-08-17T16:09:09.123637+00:00,"Run - Aug 17, 2026 at 21:38:16"
Q71,4,0.942034633651021,degraded,2026-08-17T16:09:09.141332+00:00,"Run - Aug 17, 2026 at 21:38:16"
Q72,4,0.9412702336510209,degraded,2026-08-17T16:09:09.193712+00:00,"Run - Aug 17, 2026 at 21:38:16"
Q73,4,0.940505833651021,degraded,2026-08-17T16:09:09.210969+00:00,"Run - Aug 17, 2026 at 21:38:16"
Q74,4,0.939741433651021,degraded,2026-08-17T16:09:09.227310+00:00,"Run - Aug 17, 2026 at 21:38:16"
Q75,4,0.938977033651021,degraded,2026-08-17T16:09:09.235244+00:00,"Run - Aug 17, 2026 at 21:38:16"
Q76,4,0.9382126336510209,degraded,2026-08-17T16:09:09.246074+00:00,"Run - Aug 17, 2026 at 21:38:16"
Q77,4,0.937448233651021,degraded,2026-08-17T16:09:09.254190+00:00,"Run - Aug 17, 2026 at 21:38:16"
Q78,4,0.936683833651021,degraded,2026-08-17T16:09:09.264474+00:00,"Run - Aug 17, 2026 at 21:38:16"
Q79,4,0.935919433651021,degraded,2026-08-17T16:09:09.277900+00:00,"Run - Aug 17, 2026 at 21:38:16"
Q80,4,0.9351550336510209,degraded,2026-08-17T16:09:09.287794+00:00,"Run - Aug 17, 2026 at 21:38:16"
Q81,4,0.9343906336510209,degraded,2026-08-17T16:09:09.296396+00:00,"Run - Aug 17, 2026 at 21:38:16"
Q82,4,0.933626233651021,degraded,2026-08-17T16:09:09.305469+00:00,"Run - Aug 17, 2026 at 21:38:16"
Q83,4,0.9328618336510209,degraded,2026-08-17T16:09:09.313465+00:00,"Run - Aug 17, 2026 at 21:38:16"
Q84,4,0.9320974336510208,degraded,2026-08-17T16:09:09.321334+00:00,"Run - Aug 17, 2026 at 21:38:16"
Q85,4,0.931333033651021,degraded,2026-08-17T16:09:09.329829+00:00,"Run - Aug 17, 2026 at 21:38:16"
Q86,4,0.930568633651021,degraded,2026-08-17T16:09:09.339302+00:00,"Run - Aug 17, 2026 at 21:38:16"
Q87,4,0.9298042336510209,degraded,2026-08-17T16:09:09.348040+00:00,"Run - Aug 17, 2026 at 21:38:16"
Q88,4,0.9290398336510208,degraded,2026-08-17T16:09:09.356336+00:00,"Run - Aug 17, 2026 at 21:38:16"
Q89,4,0.9282754336510209,degraded,2026-08-17T16:09:09.364365+00:00,"Run - Aug 17, 2026 at 21:38:16"
Q90,4,0.927511033651021,degraded,2026-08-17T16:09:09.373899+00:00,"Run - Aug 17, 2026 at 21:38:16"
Q91,4,0.926746633651021,degraded,2026-08-17T16:09:09.382235+00:00,"Run - Aug 17, 2026 at 21:38:16"
Q92,4,0.9259822336510211,degraded,2026-08-17T16:09:09.390282+00:00,"Run - Aug 17, 2026 at 21:38:16"
Q93,4,0.9252178336510211,degraded,2026-08-17T16:09:09.398035+00:00,"Run - Aug 17, 2026 at 21:38:16"
Q94,4,0.9244534336510211,degraded,2026-08-17T16:09:09.406035+00:00,"Run - Aug 17, 2026 at 21:38:16"
Q95,4,0.923689033651021,degraded,2026-08-17T16:09:09.414334+00:00,"Run - Aug 17, 2026 at 21:38:16"
Q96,4,0.9229246336510208,degraded,2026-08-17T16:09:09.423328+00:00,"Run - Aug 17, 2026 at 21:38:16"
Q97,4,0.9221602336510211,degraded,2026-08-17T16:09:09.431344+00:00,"Run - Aug 17, 2026 at 21:38:16"
Q98,4,0.9213958336510211,degraded,2026-08-17T16:09:09.440776+00:00,"Run - Aug 17, 2026 at 21:38:16"
Q99,4,0.920631433651021,degraded,2026-08-17T16:09:09.448462+00:00,"Run - Aug 17, 2026 at 21:38:16"
Q100,4,0.9198670336510208,degraded,2026-08-17T16:09:09.457498+00:00,"Run - Aug 17, 2026 at 21:38:16"
Q101,4,0.9191026336510211,degraded,2026-08-17T16:09:09.465630+00:00,"Run - Aug 17, 2026 at 21:38:16"
Q102,4,0.918338233651021,degraded,2026-08-17T16:09:09.474200+00:00,"Run - Aug 17, 2026 at 21:38:16"
Q103,4,0.9175738336510209,degraded,2026-08-17T16:09:09.482209+00:00,"Run - Aug 17, 2026 at 21:38:16"
Q104,4,0.916809433651021,degraded,2026-08-17T16:09:09.491181+00:00,"Run - Aug 17, 2026 at 21:38:16"
Q105,4,0.9160450336510211,degraded,2026-08-17T16:09:09.498732+00:00,"Run - Aug 17, 2026 at 21:38:16"
Q106,4,0.915280633651021,degraded,2026-08-17T16:09:09.507163+00:00,"Run - Aug 17, 2026 at 21:38:16"
Q107,4,0.9145162336510209,degraded,2026-08-17T16:09:09.514728+00:00,"Run - Aug 17, 2026 at 21:38:16"
Q108,4,0.913751833651021,degraded,2026-08-17T16:09:09.522219+00:00,"Run - Aug 17, 2026 at 21:38:16"
Q109,4,0.9129874336510211,degraded,2026-08-17T16:09:09.528884+00:00,"Run - Aug 17, 2026 at 21:38:16"
Q110,4,0.912223033651021,degraded,2026-08-17T16:09:09.536913+00:00,"Run - Aug 17, 2026 at 21:38:16"
Q111,4,0.9114586336510209,degraded,2026-08-17T16:09:09.544330+00:00,"Run - Aug 17, 2026 at 21:38:16"
Q112,4,0.910694233651021,degraded,2026-08-17T16:09:09.553887+00:00,"Run - Aug 17, 2026 at 21:38:16"
Q113,4,0.9099298336510211,degraded,2026-08-17T16:09:09.561913+00:00,"Run - Aug 17, 2026 at 21:38:16"
Q114,4,0.909165433651021,degraded,2026-08-17T16:09:09.569536+00:00,"Run - Aug 17, 2026 at 21:38:16"
Q115,4,0.9084010336510209,degraded,2026-08-17T16:09:09.578069+00:00,"Run - Aug 17, 2026 at 21:38:16"
Q116,4,0.9076366336510209,degraded,2026-08-17T16:09:09.585569+00:00,"Run - Aug 17, 2026 at 21:38:16"
Q117,4,0.9068722336510211,degraded,2026-08-17T16:09:09.592566+00:00,"Run - Aug 17, 2026 at 21:38:16"
Q118,4,0.906107833651021,degraded,2026-08-17T16:09:09.601150+00:00,"Run - Aug 17, 2026 at 21:38:16"
Q119,4,0.9053434336510209,degraded,2026-08-17T16:09:09.608120+00:00,"Run - Aug 17, 2026 at 21:38:16"
Q120,4,0.9045790336510211,degraded,2026-08-17T16:09:09.615786+00:00,"Run - Aug 17, 2026 at 21:38:16"
Q121,4,0.903814633651021,degraded,2026-08-17T16:09:09.623753+00:00,"Run - Aug 17, 2026 at 21:38:16"
Q122,4,0.9030502336510209,degraded,2026-08-17T16:09:09.632699+00:00,"Run - Aug 17, 2026 at 21:38:16"
Q123,4,0.9022858336510209,degraded,2026-08-17T16:09:09.641711+00:00,"Run - Aug 17, 2026 at 21:38:16"
Q124,4,0.9015214336510211,degraded,2026-08-17T16:09:09.650067+00:00,"Run - Aug 17, 2026 at 21:38:16"
Q125,4,0.900757033651021,degraded,2026-08-17T16:09:09.658117+00:00,"Run - Aug 17, 2026 at 21:38:16"
Q126,4,0.8999926336510209,degraded,2026-08-17T16:09:09.667451+00:00,"Run - Aug 17, 2026 at 21:38:16"
Q127,4,0.8992282336510209,degraded,2026-08-17T16:09:09.676196+00:00,"Run - Aug 17, 2026 at 21:38:16"
Q128,4,0.8984638336510211,degraded,2026-08-17T16:09:09.684759+00:00,"Run - Aug 17, 2026 at 21:38:16"
Q129,4,0.897699433651021,degraded,2026-08-17T16:09:09.691750+00:00,"Run - Aug 17, 2026 at 21:38:16"
Q130,4,0.8969350336510209,degraded,2026-08-17T16:09:09.698570+00:00,"Run - Aug 17, 2026 at 21:38:16"
Q131,4,0.8961706336510209,degraded,2026-08-17T16:09:09.706582+00:00,"Run - Aug 17, 2026 at 21:38:16"
Q132,4,0.8954062336510211,degraded,2026-08-17T16:09:09.714650+00:00,"Run - Aug 17, 2026 at 21:38:16"
Q0,5,0.9962842320642529,degraded,2026-08-17T16:09:16.338797+00:00,"Run - Aug 17, 2026 at 21:38:16"
Q1,5,0.9955162320642529,degraded,2026-08-17T16:09:16.345826+00:00,"Run - Aug 17, 2026 at 21:38:16"
Q2,5,0.994748232064253,degraded,2026-08-17T16:09:16.350815+00:00,"Run - Aug 17, 2026 at 21:38:16"
Q3,5,0.993980232064253,degraded,2026-08-17T16:09:16.358840+00:00,"Run - Aug 17, 2026 at 21:38:16"
Q4,5,0.9932122320642529,degraded,2026-08-17T16:09:16.366849+00:00,"Run - Aug 17, 2026 at 21:38:16"
Q5,5,0.9924442320642528,degraded,2026-08-17T16:09:16.373386+00:00,"Run - Aug 17, 2026 at 21:38:16"
Q6,5,0.9916762320642528,degraded,2026-08-17T16:09:16.381605+00:00,"Run - Aug 17, 2026 at 21:38:16"
Q7,5,0.9909082320642529,degraded,2026-08-17T16:09:16.389689+00:00,"Run - Aug 17, 2026 at 21:38:16"
Q8,5,0.990140232064253,degraded,2026-08-17T16:09:16.397840+00:00,"Run - Aug 17, 2026 at 21:38:16"
Q9,5,0.989372232064253,degraded,2026-08-17T16:09:16.405354+00:00,"Run - Aug 17, 2026 at 21:38:16"
Q10,5,0.988604232064253,degraded,2026-08-17T16:09:16.412908+00:00,"Run - Aug 17, 2026 at 21:38:16"
Q11,5,0.9878362320642529,degraded,2026-08-17T16:09:16.420474+00:00,"Run - Aug 17, 2026 at 21:38:16"
Q12,5,0.9870682320642529,degraded,2026-08-17T16:09:16.428019+00:00,"Run - Aug 17, 2026 at 21:38:16"
Q13,5,0.9863002320642529,degraded,2026-08-17T16:09:16.436019+00:00,"Run - Aug 17, 2026 at 21:38:16"
Q14,5,0.9855322320642528,degraded,2026-08-17T16:09:16.443412+00:00,"Run - Aug 17, 2026 at 21:38:16"
Q15,5,0.9847642320642529,degraded,2026-08-17T16:09:16.449849+00:00,"Run - Aug 17, 2026 at 21:38:16"
Q16,5,0.983996232064253,degraded,2026-08-17T16:09:16.458922+00:00,"Run - Aug 17, 2026 at 21:38:16"
Q17,5,0.9832282320642529,degraded,2026-08-17T16:09:16.466557+00:00,"Run - Aug 17, 2026 at 21:38:16"
Q18,5,0.9824602320642528,degraded,2026-08-17T16:09:16.474121+00:00,"Run - Aug 17, 2026 at 21:38:16"
Q19,5,0.9816922320642529,degraded,2026-08-17T16:09:16.481751+00:00,"Run - Aug 17, 2026 at 21:38:16"
Q20,5,0.9809242320642528,degraded,2026-08-17T16:09:16.489212+00:00,"Run - Aug 17, 2026 at 21:38:16"
Q21,5,0.980156232064253,degraded,2026-08-17T16:09:16.498222+00:00,"Run - Aug 17, 2026 at 21:38:16"
Q22,5,0.9793882320642529,degraded,2026-08-17T16:09:16.506210+00:00,"Run - Aug 17, 2026 at 21:38:16"
Q23,5,0.978620232064253,degraded,2026-08-17T16:09:16.513660+00:00,"Run - Aug 17, 2026 at 21:38:16"
Q24,5,0.9778522320642529,degraded,2026-08-17T16:09:16.522579+00:00,"Run - Aug 17, 2026 at 21:38:16"
Q25,5,0.9770842320642529,degraded,2026-08-17T16:09:16.530819+00:00,"Run - Aug 17, 2026 at 21:38:16"
Q26,5,0.9763162320642529,degraded,2026-08-17T16:09:16.538822+00:00,"Run - Aug 17, 2026 at 21:38:16"
Q27,5,0.9755482320642528,degraded,2026-08-17T16:09:16.547134+00:00,"Run - Aug 17, 2026 at 21:38:16"
Q28,5,0.9747802320642529,degraded,2026-08-17T16:09:16.554160+00:00,"Run - Aug 17, 2026 at 21:38:16"
Q29,5,0.9740122320642528,degraded,2026-08-17T16:09:16.563207+00:00,"Run - Aug 17, 2026 at 21:38:16"
Q30,5,0.9732442320642529,degraded,2026-08-17T16:09:16.571701+00:00,"Run - Aug 17, 2026 at 21:38:16"
Q31,5,0.9724762320642529,degraded,2026-08-17T16:09:16.580527+00:00,"Run - Aug 17, 2026 at 21:38:16"
Q32,5,0.9717082320642529,degraded,2026-08-17T16:09:16.587948+00:00,"Run - Aug 17, 2026 at 21:38:16"
Q33,5,0.9709402320642528,degraded,2026-08-17T16:09:16.596934+00:00,"Run - Aug 17, 2026 at 21:38:16"
Q34,5,0.9701722320642528,degraded,2026-08-17T16:09:16.603929+00:00,"Run - Aug 17, 2026 at 21:38:16"
Q35,5,0.9694042320642529,degraded,2026-08-17T16:09:16.612987+00:00,"Run - Aug 17, 2026 at 21:38:16"
Q36,5,0.968636232064253,degraded,2026-08-17T16:09:16.620980+00:00,"Run - Aug 17, 2026 at 21:38:16"
Q37,5,0.9678682320642529,degraded,2026-08-17T16:09:16.632596+00:00,"Run - Aug 17, 2026 at 21:38:16"
Q38,5,0.967100232064253,degraded,2026-08-17T16:09:16.643173+00:00,"Run - Aug 17, 2026 at 21:38:16"
Q39,5,0.9663322320642529,degraded,2026-08-17T16:09:16.651326+00:00,"Run - Aug 17, 2026 at 21:38:16"
Q40,5,0.9655642320642528,degraded,2026-08-17T16:09:16.660945+00:00,"Run - Aug 17, 2026 at 21:38:16"
Q41,5,0.9647962320642529,degraded,2026-08-17T16:09:16.670980+00:00,"Run - Aug 17, 2026 at 21:38:16"
Q42,5,0.9640282320642529,degraded,2026-08-17T16:09:16.680224+00:00,"Run - Aug 17, 2026 at 21:38:16"
Q43,5,0.9632602320642529,degraded,2026-08-17T16:09:16.686511+00:00,"Run - Aug 17, 2026 at 21:38:16"
Q44,5,0.9624922320642529,degraded,2026-08-17T16:09:16.693898+00:00,"Run - Aug 17, 2026 at 21:38:16"
Q45,5,0.961724232064253,degraded,2026-08-17T16:09:16.703759+00:00,"Run - Aug 17, 2026 at 21:38:16"
Q46,5,0.9609562320642528,degraded,2026-08-17T16:09:16.713896+00:00,"Run - Aug 17, 2026 at 21:38:16"
Q47,5,0.9601882320642529,degraded,2026-08-17T16:09:16.723017+00:00,"Run - Aug 17, 2026 at 21:38:16"
Q48,5,0.9594202320642529,degraded,2026-08-17T16:09:16.734500+00:00,"Run - Aug 17, 2026 at 21:38:16"
Q49,5,0.9586522320642529,degraded,2026-08-17T16:09:16.743661+00:00,"Run - Aug 17, 2026 at 21:38:16"
Q50,5,0.9578842320642529,degraded,2026-08-17T16:09:16.753398+00:00,"Run - Aug 17, 2026 at 21:38:16"
Q51,5,0.957116232064253,degraded,2026-08-17T16:09:16.761427+00:00,"Run - Aug 17, 2026 at 21:38:16"
Q52,5,0.9563482320642529,degraded,2026-08-17T16:09:16.768428+00:00,"Run - Aug 17, 2026 at 21:38:16"
Q53,5,0.9555802320642529,degraded,2026-08-17T16:09:16.777041+00:00,"Run - Aug 17, 2026 at 21:38:16"
Q54,5,0.9548122320642529,degraded,2026-08-17T16:09:16.783570+00:00,"Run - Aug 17, 2026 at 21:38:16"
Q55,5,0.9540442320642528,degraded,2026-08-17T16:09:16.790543+00:00,"Run - Aug 17, 2026 at 21:38:16"
Q56,5,0.9532762320642529,degraded,2026-08-17T16:09:16.799063+00:00,"Run - Aug 17, 2026 at 21:38:16"
Q57,5,0.9525082320642531,degraded,2026-08-17T16:09:16.808444+00:00,"Run - Aug 17, 2026 at 21:38:16"
Q58,5,0.951740232064253,degraded,2026-08-17T16:09:16.815039+00:00,"Run - Aug 17, 2026 at 21:38:16"
Q59,5,0.9509722320642529,degraded,2026-08-17T16:09:16.824613+00:00,"Run - Aug 17, 2026 at 21:38:16"
Q60,5,0.9502042320642529,degraded,2026-08-17T16:09:16.831617+00:00,"Run - Aug 17, 2026 at 21:38:16"
Q61,5,0.9494362320642529,degraded,2026-08-17T16:09:16.838826+00:00,"Run - Aug 17, 2026 at 21:38:16"
Q62,5,0.948668232064253,degraded,2026-08-17T16:09:16.846824+00:00,"Run - Aug 17, 2026 at 21:38:16"
Q63,5,0.9479002320642529,degraded,2026-08-17T16:09:16.852959+00:00,"Run - Aug 17, 2026 at 21:38:16"
Q64,5,0.947132232064253,degraded,2026-08-17T16:09:16.860984+00:00,"Run - Aug 17, 2026 at 21:38:16"
Q65,5,0.9463642320642529,degraded,2026-08-17T16:09:16.867983+00:00,"Run - Aug 17, 2026 at 21:38:16"
Q66,5,0.9455962320642529,degraded,2026-08-17T16:09:16.875027+00:00,"Run - Aug 17, 2026 at 21:38:16"
Q67,5,0.9448282320642529,degraded,2026-08-17T16:09:16.883918+00:00,"Run - Aug 17, 2026 at 21:38:16"
Q68,5,0.9440602320642528,degraded,2026-08-17T16:09:16.891905+00:00,"Run - Aug 17, 2026 at 21:38:16"
Q69,5,0.943292232064253,degraded,2026-08-17T16:09:16.899540+00:00,"Run - Aug 17, 2026 at 21:38:16"
Q70,5,0.9425242320642528,degraded,2026-08-17T16:09:16.908280+00:00,"Run - Aug 17, 2026 at 21:38:16"
Q71,5,0.9417562320642529,degraded,2026-08-17T16:09:16.917616+00:00,"Run - Aug 17, 2026 at 21:38:16"
Q72,5,0.9409882320642529,degraded,2026-08-17T16:09:16.924317+00:00,"Run - Aug 17, 2026 at 21:38:16"
Q73,5,0.940220232064253,degraded,2026-08-17T16:09:16.931011+00:00,"Run - Aug 17, 2026 at 21:38:16"
Q74,5,0.9394522320642529,degraded,2026-08-17T16:09:16.938604+00:00,"Run - Aug 17, 2026 at 21:38:16"
Q75,5,0.9386842320642528,degraded,2026-08-17T16:09:16.947864+00:00,"Run - Aug 17, 2026 at 21:38:16"
Q76,5,0.9379162320642529,degraded,2026-08-17T16:09:16.956866+00:00,"Run - Aug 17, 2026 at 21:38:16"
Q77,5,0.9371482320642529,degraded,2026-08-17T16:09:16.965434+00:00,"Run - Aug 17, 2026 at 21:38:16"
Q78,5,0.9363802320642529,degraded,2026-08-17T16:09:16.973445+00:00,"Run - Aug 17, 2026 at 21:38:16"
Q79,5,0.9356122320642529,degraded,2026-08-17T16:09:16.981149+00:00,"Run - Aug 17, 2026 at 21:38:16"
Q80,5,0.9348442320642529,degraded,2026-08-17T16:09:16.990084+00:00,"Run - Aug 17, 2026 at 21:38:16"
Q81,5,0.9340762320642528,degraded,2026-08-17T16:09:16.997569+00:00,"Run - Aug 17, 2026 at 21:38:16"
Q82,5,0.9333082320642528,degraded,2026-08-17T16:09:17.011265+00:00,"Run - Aug 17, 2026 at 21:38:16"
Q83,5,0.9325402320642528,degraded,2026-08-17T16:09:17.020080+00:00,"Run - Aug 17, 2026 at 21:38:16"
Q84,5,0.9317722320642529,degraded,2026-08-17T16:09:17.028609+00:00,"Run - Aug 17, 2026 at 21:38:16"
Q85,5,0.931004232064253,degraded,2026-08-17T16:09:17.036614+00:00,"Run - Aug 17, 2026 at 21:38:16"
Q86,5,0.930236232064253,degraded,2026-08-17T16:09:17.044611+00:00,"Run - Aug 17, 2026 at 21:38:16"
Q87,5,0.9294682320642529,degraded,2026-08-17T16:09:17.050627+00:00,"Run - Aug 17, 2026 at 21:38:16"
Q88,5,0.9287002320642529,degraded,2026-08-17T16:09:17.061140+00:00,"Run - Aug 17, 2026 at 21:38:16"
Q89,5,0.9279322320642529,degraded,2026-08-17T16:09:17.070063+00:00,"Run - Aug 17, 2026 at 21:38:16"
Q90,5,0.9271642320642529,degraded,2026-08-17T16:09:17.078757+00:00,"Run - Aug 17, 2026 at 21:38:16"
Q91,5,0.9263962320642529,degraded,2026-08-17T16:09:17.088290+00:00,"Run - Aug 17, 2026 at 21:38:16"
Q92,5,0.9256282320642529,degraded,2026-08-17T16:09:17.095733+00:00,"Run - Aug 17, 2026 at 21:38:16"
Q93,5,0.9248602320642529,degraded,2026-08-17T16:09:17.101732+00:00,"Run - Aug 17, 2026 at 21:38:16"
Q94,5,0.9240922320642528,degraded,2026-08-17T16:09:17.110340+00:00,"Run - Aug 17, 2026 at 21:38:16"
Q95,5,0.923324232064253,degraded,2026-08-17T16:09:17.118245+00:00,"Run - Aug 17, 2026 at 21:38:16"
Q96,5,0.9225562320642529,degraded,2026-08-17T16:09:17.125491+00:00,"Run - Aug 17, 2026 at 21:38:16"
Q97,5,0.9217882320642528,degraded,2026-08-17T16:09:17.133023+00:00,"Run - Aug 17, 2026 at 21:38:16"
Q98,5,0.921020232064253,degraded,2026-08-17T16:09:17.139539+00:00,"Run - Aug 17, 2026 at 21:38:16"
Q99,5,0.920252232064253,degraded,2026-08-17T16:09:17.147518+00:00,"Run - Aug 17, 2026 at 21:38:16"
Q100,5,0.9194842320642529,degraded,2026-08-17T16:09:17.155518+00:00,"Run - Aug 17, 2026 at 21:38:16"
Q101,5,0.9187162320642529,degraded,2026-08-17T16:09:17.204911+00:00,"Run - Aug 17, 2026 at 21:38:16"
Q102,5,0.9179482320642529,degraded,2026-08-17T16:09:17.220012+00:00,"Run - Aug 17, 2026 at 21:38:16"
Q103,5,0.9171802320642528,degraded,2026-08-17T16:09:17.233387+00:00,"Run - Aug 17, 2026 at 21:38:16"
Q104,5,0.9164122320642527,degraded,2026-08-17T16:09:17.243412+00:00,"Run - Aug 17, 2026 at 21:38:16"
Q105,5,0.9156442320642528,degraded,2026-08-17T16:09:17.252622+00:00,"Run - Aug 17, 2026 at 21:38:16"
Q106,5,0.914876232064253,degraded,2026-08-17T16:09:17.260556+00:00,"Run - Aug 17, 2026 at 21:38:16"
Q107,5,0.914108232064253,degraded,2026-08-17T16:09:17.268005+00:00,"Run - Aug 17, 2026 at 21:38:16"
Q108,5,0.913340232064253,degraded,2026-08-17T16:09:17.278076+00:00,"Run - Aug 17, 2026 at 21:38:16"
Q109,5,0.9125722320642529,degraded,2026-08-17T16:09:17.285831+00:00,"Run - Aug 17, 2026 at 21:38:16"
Q110,5,0.9118042320642528,degraded,2026-08-17T16:09:17.293900+00:00,"Run - Aug 17, 2026 at 21:38:16"
Q111,5,0.9110362320642529,degraded,2026-08-17T16:09:17.300768+00:00,"Run - Aug 17, 2026 at 21:38:16"
Q112,5,0.910268232064253,degraded,2026-08-17T16:09:17.309767+00:00,"Run - Aug 17, 2026 at 21:38:16"
Q113,5,0.9095002320642529,degraded,2026-08-17T16:09:17.316779+00:00,"Run - Aug 17, 2026 at 21:38:16"
Q114,5,0.9087322320642529,degraded,2026-08-17T16:09:17.324778+00:00,"Run - Aug 17, 2026 at 21:38:16"
Q115,5,0.9079642320642529,degraded,2026-08-17T16:09:17.332316+00:00,"Run - Aug 17, 2026 at 21:38:16"
Q116,5,0.9071962320642528,degraded,2026-08-17T16:09:17.338312+00:00,"Run - Aug 17, 2026 at 21:38:16"
Q117,5,0.9064282320642528,degraded,2026-08-17T16:09:17.346311+00:00,"Run - Aug 17, 2026 at 21:38:16"
Q118,5,0.9056602320642528,degraded,2026-08-17T16:09:17.351313+00:00,"Run - Aug 17, 2026 at 21:38:16"
Q119,5,0.904892232064253,degraded,2026-08-17T16:09:17.370602+00:00,"Run - Aug 17, 2026 at 21:38:16"
Q120,5,0.904124232064253,degraded,2026-08-17T16:09:17.390026+00:00,"Run - Aug 17, 2026 at 21:38:16"
Q121,5,0.903356232064253,degraded,2026-08-17T16:09:17.409809+00:00,"Run - Aug 17, 2026 at 21:38:16"
Q122,5,0.9025882320642529,degraded,2026-08-17T16:09:17.423899+00:00,"Run - Aug 17, 2026 at 21:38:16"
Q123,5,0.9018202320642528,degraded,2026-08-17T16:09:17.450390+00:00,"Run - Aug 17, 2026 at 21:38:16"
Q124,5,0.9010522320642529,degraded,2026-08-17T16:09:17.468370+00:00,"Run - Aug 17, 2026 at 21:38:16"
Q125,5,0.900284232064253,degraded,2026-08-17T16:09:17.484892+00:00,"Run - Aug 17, 2026 at 21:38:16"
Q126,5,0.8995162320642529,degraded,2026-08-17T16:09:17.501788+00:00,"Run - Aug 17, 2026 at 21:38:16"
Q127,5,0.8987482320642529,degraded,2026-08-17T16:09:17.514787+00:00,"Run - Aug 17, 2026 at 21:38:16"
Q128,5,0.8979802320642529,degraded,2026-08-17T16:09:17.526302+00:00,"Run - Aug 17, 2026 at 21:38:16"
Q129,5,0.8972122320642528,degraded,2026-08-17T16:09:17.535706+00:00,"Run - Aug 17, 2026 at 21:38:16"
Q130,5,0.8964442320642528,degraded,2026-08-17T16:09:17.547042+00:00,"Run - Aug 17, 2026 at 21:38:16"
Q131,5,0.895676232064253,degraded,2026-08-17T16:09:17.557049+00:00,"Run - Aug 17, 2026 at 21:38:16"
Q132,5,0.894908232064253,degraded,2026-08-17T16:09:17.573376+00:00,"Run - Aug 17, 2026 at 21:38:16"
Q0,6,0.9962617184816189,degraded,2026-08-17T16:09:24.914097+00:00,"Run - Aug 17, 2026 at 21:38:16"
Q1,6,0.995490118481619,degraded,2026-08-17T16:09:24.921115+00:00,"Run - Aug 17, 2026 at 21:38:16"
Q2,6,0.9947185184816189,degraded,2026-08-17T16:09:24.929851+00:00,"Run - Aug 17, 2026 at 21:38:16"
Q3,6,0.9939469184816189,degraded,2026-08-17T16:09:24.939678+00:00,"Run - Aug 17, 2026 at 21:38:16"
Q4,6,0.9931753184816188,degraded,2026-08-17T16:09:24.947742+00:00,"Run - Aug 17, 2026 at 21:38:16"
Q5,6,0.9924037184816188,degraded,2026-08-17T16:09:24.957870+00:00,"Run - Aug 17, 2026 at 21:38:16"
Q6,6,0.9916321184816188,degraded,2026-08-17T16:09:24.966446+00:00,"Run - Aug 17, 2026 at 21:38:16"
Q7,6,0.9908605184816188,degraded,2026-08-17T16:09:24.975465+00:00,"Run - Aug 17, 2026 at 21:38:16"
Q8,6,0.9900889184816188,degraded,2026-08-17T16:09:24.982520+00:00,"Run - Aug 17, 2026 at 21:38:16"
Q9,6,0.9893173184816189,degraded,2026-08-17T16:09:24.991595+00:00,"Run - Aug 17, 2026 at 21:38:16"
Q10,6,0.9885457184816189,degraded,2026-08-17T16:09:24.998936+00:00,"Run - Aug 17, 2026 at 21:38:16"
Q11,6,0.9877741184816188,degraded,2026-08-17T16:09:25.009215+00:00,"Run - Aug 17, 2026 at 21:38:16"
Q12,6,0.9870025184816188,degraded,2026-08-17T16:09:25.018450+00:00,"Run - Aug 17, 2026 at 21:38:16"
Q13,6,0.9862309184816188,degraded,2026-08-17T16:09:25.029303+00:00,"Run - Aug 17, 2026 at 21:38:16"
Q14,6,0.9854593184816187,degraded,2026-08-17T16:09:25.035524+00:00,"Run - Aug 17, 2026 at 21:38:16"
Q15,6,0.9846877184816187,degraded,2026-08-17T16:09:25.045799+00:00,"Run - Aug 17, 2026 at 21:38:16"
Q16,6,0.9839161184816188,degraded,2026-08-17T16:09:25.052953+00:00,"Run - Aug 17, 2026 at 21:38:16"
Q17,6,0.9831445184816188,degraded,2026-08-17T16:09:25.062179+00:00,"Run - Aug 17, 2026 at 21:38:16"
Q18,6,0.9823729184816188,degraded,2026-08-17T16:09:25.070178+00:00,"Run - Aug 17, 2026 at 21:38:16"
Q19,6,0.9816013184816188,degraded,2026-08-17T16:09:25.078384+00:00,"Run - Aug 17, 2026 at 21:38:16"
Q20,6,0.9808297184816188,degraded,2026-08-17T16:09:25.085769+00:00,"Run - Aug 17, 2026 at 21:38:16"
Q21,6,0.9800581184816188,degraded,2026-08-17T16:09:25.094854+00:00,"Run - Aug 17, 2026 at 21:38:16"
Q22,6,0.9792865184816187,degraded,2026-08-17T16:09:25.102487+00:00,"Run - Aug 17, 2026 at 21:38:16"
Q23,6,0.9785149184816189,degraded,2026-08-17T16:09:25.111507+00:00,"Run - Aug 17, 2026 at 21:38:16"
Q24,6,0.9777433184816189,degraded,2026-08-17T16:09:25.118875+00:00,"Run - Aug 17, 2026 at 21:38:16"
Q25,6,0.9769717184816188,degraded,2026-08-17T16:09:25.126215+00:00,"Run - Aug 17, 2026 at 21:38:16"
Q26,6,0.9762001184816188,degraded,2026-08-17T16:09:25.134889+00:00,"Run - Aug 17, 2026 at 21:38:16"
Q27,6,0.9754285184816187,degraded,2026-08-17T16:09:25.145611+00:00,"Run - Aug 17, 2026 at 21:38:16"
Q28,6,0.974656918481619,degraded,2026-08-17T16:09:25.152120+00:00,"Run - Aug 17, 2026 at 21:38:16"
Q29,6,0.9738853184816187,degraded,2026-08-17T16:09:25.186305+00:00,"Run - Aug 17, 2026 at 21:38:16"
Q30,6,0.9731137184816189,degraded,2026-08-17T16:09:25.203542+00:00,"Run - Aug 17, 2026 at 21:38:16"
Q31,6,0.9723421184816189,degraded,2026-08-17T16:09:25.216464+00:00,"Run - Aug 17, 2026 at 21:38:16"
Q32,6,0.9715705184816188,degraded,2026-08-17T16:09:25.226485+00:00,"Run - Aug 17, 2026 at 21:38:16"
Q33,6,0.9707989184816188,degraded,2026-08-17T16:09:25.234106+00:00,"Run - Aug 17, 2026 at 21:38:16"
Q34,6,0.9700273184816188,degraded,2026-08-17T16:09:25.244213+00:00,"Run - Aug 17, 2026 at 21:38:16"
Q35,6,0.9692557184816188,degraded,2026-08-17T16:09:25.253359+00:00,"Run - Aug 17, 2026 at 21:38:16"
Q36,6,0.9684841184816189,degraded,2026-08-17T16:09:25.260899+00:00,"Run - Aug 17, 2026 at 21:38:16"
Q37,6,0.9677125184816189,degraded,2026-08-17T16:09:25.269125+00:00,"Run - Aug 17, 2026 at 21:38:16"
Q38,6,0.9669409184816189,degraded,2026-08-17T16:09:25.277385+00:00,"Run - Aug 17, 2026 at 21:38:16"
Q39,6,0.9661693184816189,degraded,2026-08-17T16:09:25.288158+00:00,"Run - Aug 17, 2026 at 21:38:16"
Q40,6,0.9653977184816188,degraded,2026-08-17T16:09:25.296721+00:00,"Run - Aug 17, 2026 at 21:38:16"
Q41,6,0.9646261184816188,degraded,2026-08-17T16:09:25.305166+00:00,"Run - Aug 17, 2026 at 21:38:16"
Q42,6,0.9638545184816187,degraded,2026-08-17T16:09:25.312804+00:00,"Run - Aug 17, 2026 at 21:38:16"
Q43,6,0.9630829184816188,degraded,2026-08-17T16:09:25.321200+00:00,"Run - Aug 17, 2026 at 21:38:16"
Q44,6,0.9623113184816188,degraded,2026-08-17T16:09:25.328559+00:00,"Run - Aug 17, 2026 at 21:38:16"
Q45,6,0.9615397184816188,degraded,2026-08-17T16:09:25.335874+00:00,"Run - Aug 17, 2026 at 21:38:16"
Q46,6,0.9607681184816188,degraded,2026-08-17T16:09:25.344806+00:00,"Run - Aug 17, 2026 at 21:38:16"
Q47,6,0.9599965184816188,degraded,2026-08-17T16:09:25.352397+00:00,"Run - Aug 17, 2026 at 21:38:16"
Q48,6,0.9592249184816187,degraded,2026-08-17T16:09:25.360878+00:00,"Run - Aug 17, 2026 at 21:38:16"
Q49,6,0.9584533184816187,degraded,2026-08-17T16:09:25.366445+00:00,"Run - Aug 17, 2026 at 21:38:16"
Q50,6,0.9576817184816186,degraded,2026-08-17T16:09:25.375511+00:00,"Run - Aug 17, 2026 at 21:38:16"
Q51,6,0.9569101184816187,degraded,2026-08-17T16:09:25.382954+00:00,"Run - Aug 17, 2026 at 21:38:16"
Q52,6,0.9561385184816188,degraded,2026-08-17T16:09:25.391424+00:00,"Run - Aug 17, 2026 at 21:38:16"
Q53,6,0.9553669184816188,degraded,2026-08-17T16:09:25.399116+00:00,"Run - Aug 17, 2026 at 21:38:16"
Q54,6,0.9545953184816188,degraded,2026-08-17T16:09:25.408093+00:00,"Run - Aug 17, 2026 at 21:38:16"
Q55,6,0.9538237184816187,degraded,2026-08-17T16:09:25.415108+00:00,"Run - Aug 17, 2026 at 21:38:16"
Q56,6,0.9530521184816187,degraded,2026-08-17T16:09:25.421632+00:00,"Run - Aug 17, 2026 at 21:38:16"
Q57,6,0.9522805184816188,degraded,2026-08-17T16:09:25.430650+00:00,"Run - Aug 17, 2026 at 21:38:16"
Q58,6,0.9515089184816188,degraded,2026-08-17T16:09:25.437182+00:00,"Run - Aug 17, 2026 at 21:38:16"
Q59,6,0.9507373184816189,degraded,2026-08-17T16:09:25.445790+00:00,"Run - Aug 17, 2026 at 21:38:16"
Q60,6,0.9499657184816188,degraded,2026-08-17T16:09:25.455507+00:00,"Run - Aug 17, 2026 at 21:38:16"
Q61,6,0.9491941184816188,degraded,2026-08-17T16:09:25.464457+00:00,"Run - Aug 17, 2026 at 21:38:16"
Q62,6,0.9484225184816188,degraded,2026-08-17T16:09:25.476547+00:00,"Run - Aug 17, 2026 at 21:38:16"
Q63,6,0.9476509184816189,degraded,2026-08-17T16:09:25.487059+00:00,"Run - Aug 17, 2026 at 21:38:16"
Q64,6,0.9468793184816189,degraded,2026-08-17T16:09:25.494755+00:00,"Run - Aug 17, 2026 at 21:38:16"
Q65,6,0.9461077184816189,degraded,2026-08-17T16:09:25.502342+00:00,"Run - Aug 17, 2026 at 21:38:16"
Q66,6,0.9453361184816189,degraded,2026-08-17T16:09:25.510330+00:00,"Run - Aug 17, 2026 at 21:38:16"
Q67,6,0.9445645184816188,degraded,2026-08-17T16:09:25.516917+00:00,"Run - Aug 17, 2026 at 21:38:16"
Q68,6,0.9437929184816188,degraded,2026-08-17T16:09:25.525961+00:00,"Run - Aug 17, 2026 at 21:38:16"
Q69,6,0.9430213184816187,degraded,2026-08-17T16:09:25.534223+00:00,"Run - Aug 17, 2026 at 21:38:16"
Q70,6,0.9422497184816188,degraded,2026-08-17T16:09:25.544306+00:00,"Run - Aug 17, 2026 at 21:38:16"
Q71,6,0.9414781184816188,degraded,2026-08-17T16:09:25.552309+00:00,"Run - Aug 17, 2026 at 21:38:16"
Q72,6,0.9407065184816188,degraded,2026-08-17T16:09:25.561833+00:00,"Run - Aug 17, 2026 at 21:38:16"
Q73,6,0.9399349184816188,degraded,2026-08-17T16:09:25.571704+00:00,"Run - Aug 17, 2026 at 21:38:16"
Q74,6,0.9391633184816188,degraded,2026-08-17T16:09:25.580991+00:00,"Run - Aug 17, 2026 at 21:38:16"
Q75,6,0.9383917184816188,degraded,2026-08-17T16:09:25.591574+00:00,"Run - Aug 17, 2026 at 21:38:16"
Q76,6,0.9376201184816187,degraded,2026-08-17T16:09:25.599822+00:00,"Run - Aug 17, 2026 at 21:38:16"
Q77,6,0.9368485184816188,degraded,2026-08-17T16:09:25.608927+00:00,"Run - Aug 17, 2026 at 21:38:16"
Q78,6,0.9360769184816187,degraded,2026-08-17T16:09:25.617945+00:00,"Run - Aug 17, 2026 at 21:38:16"
Q79,6,0.9353053184816187,degraded,2026-08-17T16:09:25.628415+00:00,"Run - Aug 17, 2026 at 21:38:16"
Q80,6,0.9345337184816187,degraded,2026-08-17T16:09:25.637005+00:00,"Run - Aug 17, 2026 at 21:38:16"
Q81,6,0.9337621184816187,degraded,2026-08-17T16:09:25.645515+00:00,"Run - Aug 17, 2026 at 21:38:16"
Q82,6,0.9329905184816188,degraded,2026-08-17T16:09:25.655028+00:00,"Run - Aug 17, 2026 at 21:38:16"
Q83,6,0.9322189184816188,degraded,2026-08-17T16:09:25.665425+00:00,"Run - Aug 17, 2026 at 21:38:16"
Q84,6,0.9314473184816188,degraded,2026-08-17T16:09:25.675859+00:00,"Run - Aug 17, 2026 at 21:38:16"
Q85,6,0.9306757184816188,degraded,2026-08-17T16:09:25.684174+00:00,"Run - Aug 17, 2026 at 21:38:16"
Q86,6,0.9299041184816188,degraded,2026-08-17T16:09:25.694587+00:00,"Run - Aug 17, 2026 at 21:38:16"
Q87,6,0.9291325184816188,degraded,2026-08-17T16:09:25.703046+00:00,"Run - Aug 17, 2026 at 21:38:16"
Q88,6,0.9283609184816188,degraded,2026-08-17T16:09:25.712172+00:00,"Run - Aug 17, 2026 at 21:38:16"
Q89,6,0.9275893184816189,degraded,2026-08-17T16:09:25.719078+00:00,"Run - Aug 17, 2026 at 21:38:16"
Q90,6,0.9268177184816189,degraded,2026-08-17T16:09:25.728066+00:00,"Run - Aug 17, 2026 at 21:38:16"
Q91,6,0.9260461184816189,degraded,2026-08-17T16:09:25.736618+00:00,"Run - Aug 17, 2026 at 21:38:16"
Q92,6,0.9252745184816189,degraded,2026-08-17T16:09:25.744012+00:00,"Run - Aug 17, 2026 at 21:38:16"
Q93,6,0.9245029184816189,degraded,2026-08-17T16:09:25.752671+00:00,"Run - Aug 17, 2026 at 21:38:16"
Q94,6,0.9237313184816188,degraded,2026-08-17T16:09:25.761180+00:00,"Run - Aug 17, 2026 at 21:38:16"
Q95,6,0.9229597184816188,degraded,2026-08-17T16:09:25.768219+00:00,"Run - Aug 17, 2026 at 21:38:16"
Q96,6,0.9221881184816187,degraded,2026-08-17T16:09:25.779454+00:00,"Run - Aug 17, 2026 at 21:38:16"
Q97,6,0.9214165184816188,degraded,2026-08-17T16:09:25.789962+00:00,"Run - Aug 17, 2026 at 21:38:16"
Q98,6,0.9206449184816188,degraded,2026-08-17T16:09:25.798073+00:00,"Run - Aug 17, 2026 at 21:38:16"
Q99,6,0.9198733184816188,degraded,2026-08-17T16:09:25.808489+00:00,"Run - Aug 17, 2026 at 21:38:16"
Q100,6,0.9191017184816188,degraded,2026-08-17T16:09:25.816417+00:00,"Run - Aug 17, 2026 at 21:38:16"
Q101,6,0.9183301184816188,degraded,2026-08-17T16:09:25.824516+00:00,"Run - Aug 17, 2026 at 21:38:16"
Q102,6,0.9175585184816188,degraded,2026-08-17T16:09:25.831572+00:00,"Run - Aug 17, 2026 at 21:38:16"
Q103,6,0.9167869184816189,degraded,2026-08-17T16:09:25.842248+00:00,"Run - Aug 17, 2026 at 21:38:16"
Q104,6,0.9160153184816188,degraded,2026-08-17T16:09:25.849300+00:00,"Run - Aug 17, 2026 at 21:38:16"
Q105,6,0.9152437184816188,degraded,2026-08-17T16:09:25.858835+00:00,"Run - Aug 17, 2026 at 21:38:16"
Q106,6,0.9144721184816188,degraded,2026-08-17T16:09:25.867377+00:00,"Run - Aug 17, 2026 at 21:38:16"
Q107,6,0.9137005184816187,degraded,2026-08-17T16:09:25.879232+00:00,"Run - Aug 17, 2026 at 21:38:16"
Q108,6,0.9129289184816187,degraded,2026-08-17T16:09:25.888784+00:00,"Run - Aug 17, 2026 at 21:38:16"
Q109,6,0.9121573184816187,degraded,2026-08-17T16:09:25.897355+00:00,"Run - Aug 17, 2026 at 21:38:16"
Q110,6,0.9113857184816188,degraded,2026-08-17T16:09:25.910731+00:00,"Run - Aug 17, 2026 at 21:38:16"
Q111,6,0.9106141184816188,degraded,2026-08-17T16:09:25.919833+00:00,"Run - Aug 17, 2026 at 21:38:16"
Q112,6,0.9098425184816188,degraded,2026-08-17T16:09:25.927880+00:00,"Run - Aug 17, 2026 at 21:38:16"
Q113,6,0.9090709184816188,degraded,2026-08-17T16:09:25.937278+00:00,"Run - Aug 17, 2026 at 21:38:16"
Q114,6,0.9082993184816187,degraded,2026-08-17T16:09:25.950349+00:00,"Run - Aug 17, 2026 at 21:38:16"
Q115,6,0.9075277184816188,degraded,2026-08-17T16:09:25.958399+00:00,"Run - Aug 17, 2026 at 21:38:16"
Q116,6,0.9067561184816189,degraded,2026-08-17T16:09:25.965981+00:00,"Run - Aug 17, 2026 at 21:38:16"
Q117,6,0.9059845184816189,degraded,2026-08-17T16:09:25.975496+00:00,"Run - Aug 17, 2026 at 21:38:16"
Q118,6,0.9052129184816188,degraded,2026-08-17T16:09:25.984558+00:00,"Run - Aug 17, 2026 at 21:38:16"
Q119,6,0.9044413184816187,degraded,2026-08-17T16:09:25.994717+00:00,"Run - Aug 17, 2026 at 21:38:16"
Q120,6,0.9036697184816189,degraded,2026-08-17T16:09:26.010519+00:00,"Run - Aug 17, 2026 at 21:38:16"
Q121,6,0.9028981184816189,degraded,2026-08-17T16:09:26.019882+00:00,"Run - Aug 17, 2026 at 21:38:16"
Q122,6,0.9021265184816188,degraded,2026-08-17T16:09:26.028196+00:00,"Run - Aug 17, 2026 at 21:38:16"
Q123,6,0.9013549184816189,degraded,2026-08-17T16:09:26.038701+00:00,"Run - Aug 17, 2026 at 21:38:16"
Q124,6,0.9005833184816189,degraded,2026-08-17T16:09:26.045468+00:00,"Run - Aug 17, 2026 at 21:38:16"
Q125,6,0.8998117184816188,degraded,2026-08-17T16:09:26.054319+00:00,"Run - Aug 17, 2026 at 21:38:16"
Q126,6,0.8990401184816188,degraded,2026-08-17T16:09:26.061261+00:00,"Run - Aug 17, 2026 at 21:38:16"
Q127,6,0.8982685184816188,degraded,2026-08-17T16:09:26.071332+00:00,"Run - Aug 17, 2026 at 21:38:16"
Q128,6,0.8974969184816188,degraded,2026-08-17T16:09:26.078515+00:00,"Run - Aug 17, 2026 at 21:38:16"
Q129,6,0.8967253184816188,degraded,2026-08-17T16:09:26.087418+00:00,"Run - Aug 17, 2026 at 21:38:16"
Q130,6,0.8959537184816189,degraded,2026-08-17T16:09:26.100041+00:00,"Run - Aug 17, 2026 at 21:38:16"
Q131,6,0.8951821184816189,degraded,2026-08-17T16:09:26.108472+00:00,"Run - Aug 17, 2026 at 21:38:16"
Q132,6,0.8944105184816188,degraded,2026-08-17T16:09:26.117487+00:00,"Run - Aug 17, 2026 at 21:38:16"
Q0,7,0.9962395441293956,degraded,2026-08-17T16:09:34.010700+00:00,"Run - Aug 17, 2026 at 21:38:16"
Q1,7,0.9954643441293958,degraded,2026-08-17T16:09:34.018056+00:00,"Run - Aug 17, 2026 at 21:38:16"
Q2,7,0.9946891441293956,degraded,2026-08-17T16:09:34.026878+00:00,"Run - Aug 17, 2026 at 21:38:16"
Q3,7,0.9939139441293956,degraded,2026-08-17T16:09:34.035311+00:00,"Run - Aug 17, 2026 at 21:38:16"
Q4,7,0.9931387441293956,degraded,2026-08-17T16:09:34.043850+00:00,"Run - Aug 17, 2026 at 21:38:16"
Q5,7,0.9923635441293956,degraded,2026-08-17T16:09:34.053059+00:00,"Run - Aug 17, 2026 at 21:38:16"
Q6,7,0.9915883441293957,degraded,2026-08-17T16:09:34.060884+00:00,"Run - Aug 17, 2026 at 21:38:16"
Q7,7,0.9908131441293957,degraded,2026-08-17T16:09:34.070174+00:00,"Run - Aug 17, 2026 at 21:38:16"
Q8,7,0.9900379441293957,degraded,2026-08-17T16:09:34.078225+00:00,"Run - Aug 17, 2026 at 21:38:16"
Q9,7,0.9892627441293957,degraded,2026-08-17T16:09:34.086403+00:00,"Run - Aug 17, 2026 at 21:38:16"
Q10,7,0.9884875441293957,degraded,2026-08-17T16:09:34.095420+00:00,"Run - Aug 17, 2026 at 21:38:16"
Q11,7,0.9877123441293958,degraded,2026-08-17T16:09:34.102960+00:00,"Run - Aug 17, 2026 at 21:38:16"
Q12,7,0.9869371441293957,degraded,2026-08-17T16:09:34.110377+00:00,"Run - Aug 17, 2026 at 21:38:16"
Q13,7,0.9861619441293956,degraded,2026-08-17T16:09:34.119258+00:00,"Run - Aug 17, 2026 at 21:38:16"
Q14,7,0.9853867441293958,degraded,2026-08-17T16:09:34.127931+00:00,"Run - Aug 17, 2026 at 21:38:16"
Q15,7,0.9846115441293957,degraded,2026-08-17T16:09:34.136408+00:00,"Run - Aug 17, 2026 at 21:38:16"
Q16,7,0.9838363441293956,degraded,2026-08-17T16:09:34.145324+00:00,"Run - Aug 17, 2026 at 21:38:16"
Q17,7,0.9830611441293957,degraded,2026-08-17T16:09:34.153808+00:00,"Run - Aug 17, 2026 at 21:38:16"
Q18,7,0.9822859441293956,degraded,2026-08-17T16:09:34.161809+00:00,"Run - Aug 17, 2026 at 21:38:16"
Q19,7,0.9815107441293957,degraded,2026-08-17T16:09:34.169238+00:00,"Run - Aug 17, 2026 at 21:38:16"
Q20,7,0.9807355441293957,degraded,2026-08-17T16:09:34.177663+00:00,"Run - Aug 17, 2026 at 21:38:16"
Q21,7,0.9799603441293957,degraded,2026-08-17T16:09:34.186360+00:00,"Run - Aug 17, 2026 at 21:38:16"
Q22,7,0.9791851441293957,degraded,2026-08-17T16:09:34.194239+00:00,"Run - Aug 17, 2026 at 21:38:16"
Q23,7,0.9784099441293957,degraded,2026-08-17T16:09:34.202447+00:00,"Run - Aug 17, 2026 at 21:38:16"
Q24,7,0.9776347441293958,degraded,2026-08-17T16:09:34.210724+00:00,"Run - Aug 17, 2026 at 21:38:16"
Q25,7,0.9768595441293957,degraded,2026-08-17T16:09:34.219263+00:00,"Run - Aug 17, 2026 at 21:38:16"
Q26,7,0.9760843441293956,degraded,2026-08-17T16:09:34.227300+00:00,"Run - Aug 17, 2026 at 21:38:16"
Q27,7,0.9753091441293957,degraded,2026-08-17T16:09:34.235320+00:00,"Run - Aug 17, 2026 at 21:38:16"
Q28,7,0.9745339441293956,degraded,2026-08-17T16:09:34.243644+00:00,"Run - Aug 17, 2026 at 21:38:16"
Q29,7,0.9737587441293956,degraded,2026-08-17T16:09:34.250741+00:00,"Run - Aug 17, 2026 at 21:38:16"
Q30,7,0.9729835441293957,degraded,2026-08-17T16:09:34.258396+00:00,"Run - Aug 17, 2026 at 21:38:16"
Q31,7,0.9722083441293956,degraded,2026-08-17T16:09:34.267637+00:00,"Run - Aug 17, 2026 at 21:38:16"
Q32,7,0.9714331441293957,degraded,2026-08-17T16:09:34.276228+00:00,"Run - Aug 17, 2026 at 21:38:16"
Q33,7,0.9706579441293957,degraded,2026-08-17T16:09:34.283756+00:00,"Run - Aug 17, 2026 at 21:38:16"
Q34,7,0.9698827441293957,degraded,2026-08-17T16:09:34.291189+00:00,"Run - Aug 17, 2026 at 21:38:16"
Q35,7,0.9691075441293957,degraded,2026-08-17T16:09:34.300784+00:00,"Run - Aug 17, 2026 at 21:38:16"
Q36,7,0.9683323441293957,degraded,2026-08-17T16:09:34.310395+00:00,"Run - Aug 17, 2026 at 21:38:16"
Q37,7,0.9675571441293958,degraded,2026-08-17T16:09:34.318922+00:00,"Run - Aug 17, 2026 at 21:38:16"
Q38,7,0.9667819441293957,degraded,2026-08-17T16:09:34.325996+00:00,"Run - Aug 17, 2026 at 21:38:16"
Q39,7,0.9660067441293957,degraded,2026-08-17T16:09:34.334164+00:00,"Run - Aug 17, 2026 at 21:38:16"
Q40,7,0.9652315441293957,degraded,2026-08-17T16:09:34.341176+00:00,"Run - Aug 17, 2026 at 21:38:16"
Q41,7,0.9644563441293956,degraded,2026-08-17T16:09:34.348773+00:00,"Run - Aug 17, 2026 at 21:38:16"
Q42,7,0.9636811441293955,degraded,2026-08-17T16:09:34.356082+00:00,"Run - Aug 17, 2026 at 21:38:16"
Q43,7,0.9629059441293957,degraded,2026-08-17T16:09:34.364097+00:00,"Run - Aug 17, 2026 at 21:38:16"
Q44,7,0.9621307441293956,degraded,2026-08-17T16:09:34.374478+00:00,"Run - Aug 17, 2026 at 21:38:16"
Q45,7,0.9613555441293957,degraded,2026-08-17T16:09:34.382329+00:00,"Run - Aug 17, 2026 at 21:38:16"
Q46,7,0.9605803441293956,degraded,2026-08-17T16:09:34.390655+00:00,"Run - Aug 17, 2026 at 21:38:16"
Q47,7,0.9598051441293958,degraded,2026-08-17T16:09:34.398895+00:00,"Run - Aug 17, 2026 at 21:38:16"
Q48,7,0.9590299441293957,degraded,2026-08-17T16:09:34.408213+00:00,"Run - Aug 17, 2026 at 21:38:16"
Q49,7,0.9582547441293958,degraded,2026-08-17T16:09:34.416495+00:00,"Run - Aug 17, 2026 at 21:38:16"
Q50,7,0.9574795441293956,degraded,2026-08-17T16:09:34.425357+00:00,"Run - Aug 17, 2026 at 21:38:16"
Q51,7,0.9567043441293956,degraded,2026-08-17T16:09:34.433927+00:00,"Run - Aug 17, 2026 at 21:38:16"
Q52,7,0.9559291441293958,degraded,2026-08-17T16:09:34.443933+00:00,"Run - Aug 17, 2026 at 21:38:16"
Q53,7,0.9551539441293957,degraded,2026-08-17T16:09:34.478643+00:00,"Run - Aug 17, 2026 at 21:38:16"
Q54,7,0.9543787441293956,degraded,2026-08-17T16:09:34.492944+00:00,"Run - Aug 17, 2026 at 21:38:16"
Q55,7,0.9536035441293956,degraded,2026-08-17T16:09:34.501817+00:00,"Run - Aug 17, 2026 at 21:38:16"
Q56,7,0.9528283441293957,degraded,2026-08-17T16:09:34.509949+00:00,"Run - Aug 17, 2026 at 21:38:16"
Q57,7,0.9520531441293957,degraded,2026-08-17T16:09:34.519505+00:00,"Run - Aug 17, 2026 at 21:38:16"
Q58,7,0.9512779441293957,degraded,2026-08-17T16:09:34.527767+00:00,"Run - Aug 17, 2026 at 21:38:16"
Q59,7,0.9505027441293956,degraded,2026-08-17T16:09:34.535775+00:00,"Run - Aug 17, 2026 at 21:38:16"
Q60,7,0.9497275441293958,degraded,2026-08-17T16:09:34.545058+00:00,"Run - Aug 17, 2026 at 21:38:16"
Q61,7,0.9489523441293957,degraded,2026-08-17T16:09:34.552759+00:00,"Run - Aug 17, 2026 at 21:38:16"
Q62,7,0.9481771441293958,degraded,2026-08-17T16:09:34.562143+00:00,"Run - Aug 17, 2026 at 21:38:16"
Q63,7,0.9474019441293957,degraded,2026-08-17T16:09:34.570118+00:00,"Run - Aug 17, 2026 at 21:38:16"
Q64,7,0.9466267441293956,degraded,2026-08-17T16:09:34.578644+00:00,"Run - Aug 17, 2026 at 21:38:16"
Q65,7,0.9458515441293955,degraded,2026-08-17T16:09:34.587658+00:00,"Run - Aug 17, 2026 at 21:38:16"
Q66,7,0.9450763441293956,degraded,2026-08-17T16:09:34.597076+00:00,"Run - Aug 17, 2026 at 21:38:16"
Q67,7,0.9443011441293956,degraded,2026-08-17T16:09:34.605611+00:00,"Run - Aug 17, 2026 at 21:38:16"
Q68,7,0.9435259441293957,degraded,2026-08-17T16:09:34.615307+00:00,"Run - Aug 17, 2026 at 21:38:16"
Q69,7,0.9427507441293956,degraded,2026-08-17T16:09:34.626841+00:00,"Run - Aug 17, 2026 at 21:38:16"
Q70,7,0.9419755441293957,degraded,2026-08-17T16:09:34.635390+00:00,"Run - Aug 17, 2026 at 21:38:16"
Q71,7,0.9412003441293957,degraded,2026-08-17T16:09:34.643999+00:00,"Run - Aug 17, 2026 at 21:38:16"
Q72,7,0.9404251441293957,degraded,2026-08-17T16:09:34.654610+00:00,"Run - Aug 17, 2026 at 21:38:16"
Q73,7,0.9396499441293957,degraded,2026-08-17T16:09:34.664084+00:00,"Run - Aug 17, 2026 at 21:38:16"
Q74,7,0.9388747441293956,degraded,2026-08-17T16:09:34.673818+00:00,"Run - Aug 17, 2026 at 21:38:16"
Q75,7,0.9380995441293958,degraded,2026-08-17T16:09:34.683171+00:00,"Run - Aug 17, 2026 at 21:38:16"
Q76,7,0.9373243441293957,degraded,2026-08-17T16:09:34.691142+00:00,"Run - Aug 17, 2026 at 21:38:16"
Q77,7,0.9365491441293956,degraded,2026-08-17T16:09:34.698650+00:00,"Run - Aug 17, 2026 at 21:38:16"
Q78,7,0.9357739441293955,degraded,2026-08-17T16:09:34.707165+00:00,"Run - Aug 17, 2026 at 21:38:16"
Q79,7,0.9349987441293957,degraded,2026-08-17T16:09:34.714888+00:00,"Run - Aug 17, 2026 at 21:38:16"
Q80,7,0.9342235441293956,degraded,2026-08-17T16:09:34.723323+00:00,"Run - Aug 17, 2026 at 21:38:16"
Q81,7,0.9334483441293957,degraded,2026-08-17T16:09:34.731884+00:00,"Run - Aug 17, 2026 at 21:38:16"
Q82,7,0.9326731441293956,degraded,2026-08-17T16:09:34.741917+00:00,"Run - Aug 17, 2026 at 21:38:16"
Q83,7,0.9318979441293956,degraded,2026-08-17T16:09:34.750674+00:00,"Run - Aug 17, 2026 at 21:38:16"
Q84,7,0.9311227441293957,degraded,2026-08-17T16:09:34.758979+00:00,"Run - Aug 17, 2026 at 21:38:16"
Q85,7,0.9303475441293957,degraded,2026-08-17T16:09:34.768181+00:00,"Run - Aug 17, 2026 at 21:38:16"
Q86,7,0.9295723441293957,degraded,2026-08-17T16:09:34.776545+00:00,"Run - Aug 17, 2026 at 21:38:16"
Q87,7,0.9287971441293957,degraded,2026-08-17T16:09:34.785082+00:00,"Run - Aug 17, 2026 at 21:38:16"
Q88,7,0.9280219441293958,degraded,2026-08-17T16:09:34.794720+00:00,"Run - Aug 17, 2026 at 21:38:16"
Q89,7,0.9272467441293957,degraded,2026-08-17T16:09:34.803327+00:00,"Run - Aug 17, 2026 at 21:38:16"
Q90,7,0.9264715441293956,degraded,2026-08-17T16:09:34.813076+00:00,"Run - Aug 17, 2026 at 21:38:16"
Q91,7,0.9256963441293956,degraded,2026-08-17T16:09:34.819894+00:00,"Run - Aug 17, 2026 at 21:38:16"
Q92,7,0.9249211441293956,degraded,2026-08-17T16:09:34.827542+00:00,"Run - Aug 17, 2026 at 21:38:16"
Q93,7,0.9241459441293955,degraded,2026-08-17T16:09:34.834962+00:00,"Run - Aug 17, 2026 at 21:38:16"
Q94,7,0.9233707441293957,degraded,2026-08-17T16:09:34.842816+00:00,"Run - Aug 17, 2026 at 21:38:16"
Q95,7,0.9225955441293956,degraded,2026-08-17T16:09:34.850245+00:00,"Run - Aug 17, 2026 at 21:38:16"
Q96,7,0.9218203441293957,degraded,2026-08-17T16:09:34.857155+00:00,"Run - Aug 17, 2026 at 21:38:16"
Q97,7,0.9210451441293956,degraded,2026-08-17T16:09:34.865693+00:00,"Run - Aug 17, 2026 at 21:38:16"
Q98,7,0.9202699441293958,degraded,2026-08-17T16:09:34.873043+00:00,"Run - Aug 17, 2026 at 21:38:16"
Q99,7,0.9194947441293957,degraded,2026-08-17T16:09:34.881139+00:00,"Run - Aug 17, 2026 at 21:38:16"
Q100,7,0.9187195441293958,degraded,2026-08-17T16:09:34.888811+00:00,"Run - Aug 17, 2026 at 21:38:16"
Q101,7,0.9179443441293957,degraded,2026-08-17T16:09:34.897357+00:00,"Run - Aug 17, 2026 at 21:38:16"
Q102,7,0.9171691441293957,degraded,2026-08-17T16:09:34.904469+00:00,"Run - Aug 17, 2026 at 21:38:16"
Q103,7,0.9163939441293957,degraded,2026-08-17T16:09:34.912729+00:00,"Run - Aug 17, 2026 at 21:38:16"
Q104,7,0.9156187441293956,degraded,2026-08-17T16:09:34.920785+00:00,"Run - Aug 17, 2026 at 21:38:16"
Q105,7,0.9148435441293956,degraded,2026-08-17T16:09:34.929403+00:00,"Run - Aug 17, 2026 at 21:38:16"
Q106,7,0.9140683441293956,degraded,2026-08-17T16:09:34.936156+00:00,"Run - Aug 17, 2026 at 21:38:16"
Q107,7,0.9132931441293957,degraded,2026-08-17T16:09:34.944402+00:00,"Run - Aug 17, 2026 at 21:38:16"
Q108,7,0.9125179441293957,degraded,2026-08-17T16:09:34.952253+00:00,"Run - Aug 17, 2026 at 21:38:16"
Q109,7,0.9117427441293957,degraded,2026-08-17T16:09:34.960356+00:00,"Run - Aug 17, 2026 at 21:38:16"
Q110,7,0.9109675441293956,degraded,2026-08-17T16:09:34.967348+00:00,"Run - Aug 17, 2026 at 21:38:16"
Q111,7,0.9101923441293958,degraded,2026-08-17T16:09:34.975339+00:00,"Run - Aug 17, 2026 at 21:38:16"
Q112,7,0.9094171441293957,degraded,2026-08-17T16:09:34.982974+00:00,"Run - Aug 17, 2026 at 21:38:16"
Q113,7,0.9086419441293958,degraded,2026-08-17T16:09:34.991145+00:00,"Run - Aug 17, 2026 at 21:38:16"
Q114,7,0.9078667441293957,degraded,2026-08-17T16:09:34.998614+00:00,"Run - Aug 17, 2026 at 21:38:16"
Q115,7,0.9070915441293956,degraded,2026-08-17T16:09:35.006088+00:00,"Run - Aug 17, 2026 at 21:38:16"
Q116,7,0.9063163441293958,degraded,2026-08-17T16:09:35.013640+00:00,"Run - Aug 17, 2026 at 21:38:16"
Q117,7,0.9055411441293956,degraded,2026-08-17T16:09:35.020630+00:00,"Run - Aug 17, 2026 at 21:38:16"
Q118,7,0.9047659441293956,degraded,2026-08-17T16:09:35.028687+00:00,"Run - Aug 17, 2026 at 21:38:16"
Q119,7,0.9039907441293956,degraded,2026-08-17T16:09:35.035483+00:00,"Run - Aug 17, 2026 at 21:38:16"
Q120,7,0.9032155441293956,degraded,2026-08-17T16:09:35.043832+00:00,"Run - Aug 17, 2026 at 21:38:16"
Q121,7,0.9024403441293957,degraded,2026-08-17T16:09:35.051836+00:00,"Run - Aug 17, 2026 at 21:38:16"
Q122,7,0.9016651441293957,degraded,2026-08-17T16:09:35.060178+00:00,"Run - Aug 17, 2026 at 21:38:16"
Q123,7,0.9008899441293957,degraded,2026-08-17T16:09:35.067846+00:00,"Run - Aug 17, 2026 at 21:38:16"
Q124,7,0.9001147441293957,degraded,2026-08-17T16:09:35.075844+00:00,"Run - Aug 17, 2026 at 21:38:16"
Q125,7,0.8993395441293957,degraded,2026-08-17T16:09:35.083075+00:00,"Run - Aug 17, 2026 at 21:38:16"
Q126,7,0.8985643441293958,degraded,2026-08-17T16:09:35.090883+00:00,"Run - Aug 17, 2026 at 21:38:16"
Q127,7,0.8977891441293957,degraded,2026-08-17T16:09:35.098792+00:00,"Run - Aug 17, 2026 at 21:38:16"
Q128,7,0.8970139441293958,degraded,2026-08-17T16:09:35.107497+00:00,"Run - Aug 17, 2026 at 21:38:16"
Q129,7,0.8962387441293957,degraded,2026-08-17T16:09:35.115302+00:00,"Run - Aug 17, 2026 at 21:38:16"
Q130,7,0.8954635441293957,degraded,2026-08-17T16:09:35.123920+00:00,"Run - Aug 17, 2026 at 21:38:16"
Q131,7,0.8946883441293956,degraded,2026-08-17T16:09:35.131921+00:00,"Run - Aug 17, 2026 at 21:38:16"
Q132,7,0.8939131441293957,degraded,2026-08-17T16:09:35.139584+00:00,"Run - Aug 17, 2026 at 21:38:16"
Q0,8,0.9962177566736151,degraded,2026-08-17T16:09:42.736117+00:00,"Run - Aug 17, 2026 at 21:38:16"
Q1,8,0.9954389566736151,degraded,2026-08-17T16:09:42.744899+00:00,"Run - Aug 17, 2026 at 21:38:16"
Q2,8,0.9946601566736152,degraded,2026-08-17T16:09:42.757000+00:00,"Run - Aug 17, 2026 at 21:38:16"
Q3,8,0.9938813566736152,degraded,2026-08-17T16:09:42.764004+00:00,"Run - Aug 17, 2026 at 21:38:16"
Q4,8,0.9931025566736151,degraded,2026-08-17T16:09:42.772810+00:00,"Run - Aug 17, 2026 at 21:38:16"
Q5,8,0.9923237566736152,degraded,2026-08-17T16:09:42.780962+00:00,"Run - Aug 17, 2026 at 21:38:16"
Q6,8,0.9915449566736152,degraded,2026-08-17T16:09:42.789715+00:00,"Run - Aug 17, 2026 at 21:38:16"
Q7,8,0.9907661566736152,degraded,2026-08-17T16:09:42.797353+00:00,"Run - Aug 17, 2026 at 21:38:16"
Q8,8,0.9899873566736153,degraded,2026-08-17T16:09:42.806410+00:00,"Run - Aug 17, 2026 at 21:38:16"
Q9,8,0.9892085566736151,degraded,2026-08-17T16:09:42.814256+00:00,"Run - Aug 17, 2026 at 21:38:16"
Q10,8,0.9884297566736151,degraded,2026-08-17T16:09:42.822154+00:00,"Run - Aug 17, 2026 at 21:38:16"
Q11,8,0.9876509566736151,degraded,2026-08-17T16:09:42.829677+00:00,"Run - Aug 17, 2026 at 21:38:16"
Q12,8,0.9868721566736152,degraded,2026-08-17T16:09:42.839194+00:00,"Run - Aug 17, 2026 at 21:38:16"
Q13,8,0.9860933566736152,degraded,2026-08-17T16:09:42.846206+00:00,"Run - Aug 17, 2026 at 21:38:16"
Q14,8,0.9853145566736151,degraded,2026-08-17T16:09:42.852111+00:00,"Run - Aug 17, 2026 at 21:38:16"
Q15,8,0.9845357566736153,degraded,2026-08-17T16:09:42.861661+00:00,"Run - Aug 17, 2026 at 21:38:16"
Q16,8,0.9837569566736151,degraded,2026-08-17T16:09:42.869135+00:00,"Run - Aug 17, 2026 at 21:38:16"
Q17,8,0.9829781566736151,degraded,2026-08-17T16:09:42.878336+00:00,"Run - Aug 17, 2026 at 21:38:16"
Q18,8,0.9821993566736151,degraded,2026-08-17T16:09:42.885350+00:00,"Run - Aug 17, 2026 at 21:38:16"
Q19,8,0.9814205566736153,degraded,2026-08-17T16:09:42.893371+00:00,"Run - Aug 17, 2026 at 21:38:16"
Q20,8,0.9806417566736152,degraded,2026-08-17T16:09:42.900521+00:00,"Run - Aug 17, 2026 at 21:38:16"
Q21,8,0.9798629566736151,degraded,2026-08-17T16:09:42.909926+00:00,"Run - Aug 17, 2026 at 21:38:16"
Q22,8,0.9790841566736151,degraded,2026-08-17T16:09:42.915931+00:00,"Run - Aug 17, 2026 at 21:38:16"
Q23,8,0.9783053566736152,degraded,2026-08-17T16:09:42.923461+00:00,"Run - Aug 17, 2026 at 21:38:16"
Q24,8,0.9775265566736152,degraded,2026-08-17T16:09:42.930998+00:00,"Run - Aug 17, 2026 at 21:38:16"
Q25,8,0.9767477566736151,degraded,2026-08-17T16:09:42.939616+00:00,"Run - Aug 17, 2026 at 21:38:16"
Q26,8,0.9759689566736152,degraded,2026-08-17T16:09:42.946268+00:00,"Run - Aug 17, 2026 at 21:38:16"
Q27,8,0.9751901566736152,degraded,2026-08-17T16:09:42.952509+00:00,"Run - Aug 17, 2026 at 21:38:16"
Q28,8,0.9744113566736152,degraded,2026-08-17T16:09:42.960629+00:00,"Run - Aug 17, 2026 at 21:38:16"
Q29,8,0.9736325566736153,degraded,2026-08-17T16:09:42.967639+00:00,"Run - Aug 17, 2026 at 21:38:16"
Q30,8,0.9728537566736152,degraded,2026-08-17T16:09:42.976359+00:00,"Run - Aug 17, 2026 at 21:38:16"
Q31,8,0.9720749566736151,degraded,2026-08-17T16:09:42.982358+00:00,"Run - Aug 17, 2026 at 21:38:16"
Q32,8,0.9712961566736151,degraded,2026-08-17T16:09:42.990178+00:00,"Run - Aug 17, 2026 at 21:38:16"
Q33,8,0.9705173566736152,degraded,2026-08-17T16:09:42.998191+00:00,"Run - Aug 17, 2026 at 21:38:16"
Q34,8,0.9697385566736152,degraded,2026-08-17T16:09:43.005088+00:00,"Run - Aug 17, 2026 at 21:38:16"
Q35,8,0.9689597566736151,degraded,2026-08-17T16:09:43.012645+00:00,"Run - Aug 17, 2026 at 21:38:16"
Q36,8,0.9681809566736153,degraded,2026-08-17T16:09:43.021645+00:00,"Run - Aug 17, 2026 at 21:38:16"
Q37,8,0.9674021566736151,degraded,2026-08-17T16:09:43.029174+00:00,"Run - Aug 17, 2026 at 21:38:16"
Q38,8,0.9666233566736151,degraded,2026-08-17T16:09:43.035179+00:00,"Run - Aug 17, 2026 at 21:38:16"
Q39,8,0.9658445566736151,degraded,2026-08-17T16:09:43.043186+00:00,"Run - Aug 17, 2026 at 21:38:16"
Q40,8,0.9650657566736152,degraded,2026-08-17T16:09:43.050195+00:00,"Run - Aug 17, 2026 at 21:38:16"
Q41,8,0.9642869566736152,degraded,2026-08-17T16:09:43.059124+00:00,"Run - Aug 17, 2026 at 21:38:16"
Q42,8,0.963508156673615,degraded,2026-08-17T16:09:43.065120+00:00,"Run - Aug 17, 2026 at 21:38:16"
Q43,8,0.9627293566736151,degraded,2026-08-17T16:09:43.073124+00:00,"Run - Aug 17, 2026 at 21:38:16"
Q44,8,0.9619505566736152,degraded,2026-08-17T16:09:43.080133+00:00,"Run - Aug 17, 2026 at 21:38:16"
Q45,8,0.9611717566736152,degraded,2026-08-17T16:09:43.089140+00:00,"Run - Aug 17, 2026 at 21:38:16"
Q46,8,0.9603929566736151,degraded,2026-08-17T16:09:43.096865+00:00,"Run - Aug 17, 2026 at 21:38:16"
Q47,8,0.9596141566736152,degraded,2026-08-17T16:09:43.104863+00:00,"Run - Aug 17, 2026 at 21:38:16"
Q48,8,0.9588353566736152,degraded,2026-08-17T16:09:43.113419+00:00,"Run - Aug 17, 2026 at 21:38:16"
Q49,8,0.9580565566736152,degraded,2026-08-17T16:09:43.122420+00:00,"Run - Aug 17, 2026 at 21:38:16"
Q50,8,0.9572777566736153,degraded,2026-08-17T16:09:43.131797+00:00,"Run - Aug 17, 2026 at 21:38:16"
Q51,8,0.9564989566736151,degraded,2026-08-17T16:09:43.140777+00:00,"Run - Aug 17, 2026 at 21:38:16"
Q52,8,0.9557201566736152,degraded,2026-08-17T16:09:43.146932+00:00,"Run - Aug 17, 2026 at 21:38:16"
Q53,8,0.9549413566736151,degraded,2026-08-17T16:09:43.155261+00:00,"Run - Aug 17, 2026 at 21:38:16"
Q54,8,0.9541625566736152,degraded,2026-08-17T16:09:43.194568+00:00,"Run - Aug 17, 2026 at 21:38:16"
Q55,8,0.9533837566736152,degraded,2026-08-17T16:09:43.212420+00:00,"Run - Aug 17, 2026 at 21:38:16"
Q56,8,0.9526049566736152,degraded,2026-08-17T16:09:43.222806+00:00,"Run - Aug 17, 2026 at 21:38:16"
Q57,8,0.9518261566736151,degraded,2026-08-17T16:09:43.230136+00:00,"Run - Aug 17, 2026 at 21:38:16"
Q58,8,0.9510473566736151,degraded,2026-08-17T16:09:43.239030+00:00,"Run - Aug 17, 2026 at 21:38:16"
Q59,8,0.9502685566736151,degraded,2026-08-17T16:09:43.246164+00:00,"Run - Aug 17, 2026 at 21:38:16"
Q60,8,0.9494897566736151,degraded,2026-08-17T16:09:43.255911+00:00,"Run - Aug 17, 2026 at 21:38:16"
Q61,8,0.9487109566736152,degraded,2026-08-17T16:09:43.263983+00:00,"Run - Aug 17, 2026 at 21:38:16"
Q62,8,0.9479321566736152,degraded,2026-08-17T16:09:43.271990+00:00,"Run - Aug 17, 2026 at 21:38:16"
Q63,8,0.9471533566736151,degraded,2026-08-17T16:09:43.280013+00:00,"Run - Aug 17, 2026 at 21:38:16"
Q64,8,0.9463745566736151,degraded,2026-08-17T16:09:43.288216+00:00,"Run - Aug 17, 2026 at 21:38:16"
Q65,8,0.9455957566736152,degraded,2026-08-17T16:09:43.296769+00:00,"Run - Aug 17, 2026 at 21:38:16"
Q66,8,0.9448169566736152,degraded,2026-08-17T16:09:43.306541+00:00,"Run - Aug 17, 2026 at 21:38:16"
Q67,8,0.9440381566736151,degraded,2026-08-17T16:09:43.314561+00:00,"Run - Aug 17, 2026 at 21:38:16"
Q68,8,0.9432593566736152,degraded,2026-08-17T16:09:43.323484+00:00,"Run - Aug 17, 2026 at 21:38:16"
Q69,8,0.9424805566736152,degraded,2026-08-17T16:09:43.331317+00:00,"Run - Aug 17, 2026 at 21:38:16"
Q70,8,0.9417017566736152,degraded,2026-08-17T16:09:43.341491+00:00,"Run - Aug 17, 2026 at 21:38:16"
Q71,8,0.9409229566736153,degraded,2026-08-17T16:09:43.347073+00:00,"Run - Aug 17, 2026 at 21:38:16"
Q72,8,0.9401441566736153,degraded,2026-08-17T16:09:43.356444+00:00,"Run - Aug 17, 2026 at 21:38:16"
Q73,8,0.9393653566736152,degraded,2026-08-17T16:09:43.364339+00:00,"Run - Aug 17, 2026 at 21:38:16"
Q74,8,0.9385865566736151,degraded,2026-08-17T16:09:43.373447+00:00,"Run - Aug 17, 2026 at 21:38:16"
Q75,8,0.9378077566736152,degraded,2026-08-17T16:09:43.380466+00:00,"Run - Aug 17, 2026 at 21:38:16"
Q76,8,0.9370289566736152,degraded,2026-08-17T16:09:43.388477+00:00,"Run - Aug 17, 2026 at 21:38:16"
Q77,8,0.9362501566736152,degraded,2026-08-17T16:09:43.395469+00:00,"Run - Aug 17, 2026 at 21:38:16"
Q78,8,0.9354713566736153,degraded,2026-08-17T16:09:43.402482+00:00,"Run - Aug 17, 2026 at 21:38:16"
Q79,8,0.9346925566736151,degraded,2026-08-17T16:09:43.409482+00:00,"Run - Aug 17, 2026 at 21:38:16"
Q80,8,0.9339137566736151,degraded,2026-08-17T16:09:43.417012+00:00,"Run - Aug 17, 2026 at 21:38:16"
Q81,8,0.9331349566736151,degraded,2026-08-17T16:09:43.425301+00:00,"Run - Aug 17, 2026 at 21:38:16"
Q82,8,0.9323561566736152,degraded,2026-08-17T16:09:43.432315+00:00,"Run - Aug 17, 2026 at 21:38:16"
Q83,8,0.9315773566736152,degraded,2026-08-17T16:09:43.439391+00:00,"Run - Aug 17, 2026 at 21:38:16"
Q84,8,0.9307985566736151,degraded,2026-08-17T16:09:43.447405+00:00,"Run - Aug 17, 2026 at 21:38:16"
Q85,8,0.9300197566736151,degraded,2026-08-17T16:09:43.453408+00:00,"Run - Aug 17, 2026 at 21:38:16"
Q86,8,0.9292409566736152,degraded,2026-08-17T16:09:43.462769+00:00,"Run - Aug 17, 2026 at 21:38:16"
Q87,8,0.9284621566736152,degraded,2026-08-17T16:09:43.469767+00:00,"Run - Aug 17, 2026 at 21:38:16"
Q88,8,0.9276833566736152,degraded,2026-08-17T16:09:43.479225+00:00,"Run - Aug 17, 2026 at 21:38:16"
Q89,8,0.9269045566736152,degraded,2026-08-17T16:09:43.486224+00:00,"Run - Aug 17, 2026 at 21:38:16"
Q90,8,0.9261257566736152,degraded,2026-08-17T16:09:43.493468+00:00,"Run - Aug 17, 2026 at 21:38:16"
Q91,8,0.9253469566736152,degraded,2026-08-17T16:09:43.501469+00:00,"Run - Aug 17, 2026 at 21:38:16"
Q92,8,0.9245681566736152,degraded,2026-08-17T16:09:43.510462+00:00,"Run - Aug 17, 2026 at 21:38:16"
Q93,8,0.9237893566736153,degraded,2026-08-17T16:09:43.518291+00:00,"Run - Aug 17, 2026 at 21:38:16"
Q94,8,0.9230105566736151,degraded,2026-08-17T16:09:43.528729+00:00,"Run - Aug 17, 2026 at 21:38:16"
Q95,8,0.9222317566736151,degraded,2026-08-17T16:09:43.538380+00:00,"Run - Aug 17, 2026 at 21:38:16"
Q96,8,0.9214529566736152,degraded,2026-08-17T16:09:43.545857+00:00,"Run - Aug 17, 2026 at 21:38:16"
Q97,8,0.9206741566736152,degraded,2026-08-17T16:09:43.555107+00:00,"Run - Aug 17, 2026 at 21:38:16"
Q98,8,0.9198953566736152,degraded,2026-08-17T16:09:43.561860+00:00,"Run - Aug 17, 2026 at 21:38:16"
Q99,8,0.9191165566736151,degraded,2026-08-17T16:09:43.569871+00:00,"Run - Aug 17, 2026 at 21:38:16"
Q100,8,0.9183377566736151,degraded,2026-08-17T16:09:43.578075+00:00,"Run - Aug 17, 2026 at 21:38:16"
Q101,8,0.9175589566736151,degraded,2026-08-17T16:09:43.585112+00:00,"Run - Aug 17, 2026 at 21:38:16"
Q102,8,0.9167801566736151,degraded,2026-08-17T16:09:43.593100+00:00,"Run - Aug 17, 2026 at 21:38:16"
Q103,8,0.9160013566736152,degraded,2026-08-17T16:09:43.600727+00:00,"Run - Aug 17, 2026 at 21:38:16"
Q104,8,0.9152225566736152,degraded,2026-08-17T16:09:43.609169+00:00,"Run - Aug 17, 2026 at 21:38:16"
Q105,8,0.914443756673615,degraded,2026-08-17T16:09:43.615703+00:00,"Run - Aug 17, 2026 at 21:38:16"
Q106,8,0.9136649566736151,degraded,2026-08-17T16:09:43.624680+00:00,"Run - Aug 17, 2026 at 21:38:16"
Q107,8,0.9128861566736152,degraded,2026-08-17T16:09:43.631844+00:00,"Run - Aug 17, 2026 at 21:38:16"
Q108,8,0.9121073566736152,degraded,2026-08-17T16:09:43.639815+00:00,"Run - Aug 17, 2026 at 21:38:16"
Q109,8,0.9113285566736152,degraded,2026-08-17T16:09:43.646671+00:00,"Run - Aug 17, 2026 at 21:38:16"
Q110,8,0.9105497566736152,degraded,2026-08-17T16:09:43.655546+00:00,"Run - Aug 17, 2026 at 21:38:16"
Q111,8,0.9097709566736152,degraded,2026-08-17T16:09:43.663918+00:00,"Run - Aug 17, 2026 at 21:38:16"
Q112,8,0.9089921566736152,degraded,2026-08-17T16:09:43.673843+00:00,"Run - Aug 17, 2026 at 21:38:16"
Q113,8,0.9082133566736152,degraded,2026-08-17T16:09:43.680574+00:00,"Run - Aug 17, 2026 at 21:38:16"
Q114,8,0.9074345566736153,degraded,2026-08-17T16:09:43.691315+00:00,"Run - Aug 17, 2026 at 21:38:16"
Q115,8,0.9066557566736152,degraded,2026-08-17T16:09:43.697756+00:00,"Run - Aug 17, 2026 at 21:38:16"
Q116,8,0.9058769566736151,degraded,2026-08-17T16:09:43.702767+00:00,"Run - Aug 17, 2026 at 21:38:16"
Q117,8,0.9050981566736152,degraded,2026-08-17T16:09:43.711269+00:00,"Run - Aug 17, 2026 at 21:38:16"
Q118,8,0.9043193566736152,degraded,2026-08-17T16:09:43.716801+00:00,"Run - Aug 17, 2026 at 21:38:16"
Q119,8,0.9035405566736152,degraded,2026-08-17T16:09:43.725879+00:00,"Run - Aug 17, 2026 at 21:38:16"
Q120,8,0.9027617566736151,degraded,2026-08-17T16:09:43.731873+00:00,"Run - Aug 17, 2026 at 21:38:16"
Q121,8,0.901982956673615,degraded,2026-08-17T16:09:43.739978+00:00,"Run - Aug 17, 2026 at 21:38:16"
Q122,8,0.9012041566736151,degraded,2026-08-17T16:09:43.747418+00:00,"Run - Aug 17, 2026 at 21:38:16"
Q123,8,0.9004253566736151,degraded,2026-08-17T16:09:43.756217+00:00,"Run - Aug 17, 2026 at 21:38:16"
Q124,8,0.8996465566736151,degraded,2026-08-17T16:09:43.764030+00:00,"Run - Aug 17, 2026 at 21:38:16"
Q125,8,0.8988677566736152,degraded,2026-08-17T16:09:43.772576+00:00,"Run - Aug 17, 2026 at 21:38:16"
Q126,8,0.8980889566736152,degraded,2026-08-17T16:09:43.779578+00:00,"Run - Aug 17, 2026 at 21:38:16"
Q127,8,0.897310156673615,degraded,2026-08-17T16:09:43.786505+00:00,"Run - Aug 17, 2026 at 21:38:16"
Q128,8,0.8965313566736152,degraded,2026-08-17T16:09:43.804003+00:00,"Run - Aug 17, 2026 at 21:38:16"
Q129,8,0.8957525566736152,degraded,2026-08-17T16:09:43.844805+00:00,"Run - Aug 17, 2026 at 21:38:16"
Q130,8,0.8949737566736152,degraded,2026-08-17T16:09:43.852801+00:00,"Run - Aug 17, 2026 at 21:38:16"
Q131,8,0.894194956673615,degraded,2026-08-17T16:09:43.865616+00:00,"Run - Aug 17, 2026 at 21:38:16"
Q132,8,0.8934161566736152,degraded,2026-08-17T16:09:43.875133+00:00,"Run - Aug 17, 2026 at 21:38:16"
Q0,9,0.9961963997530349,degraded,2026-08-17T16:09:52.080870+00:00,"Run - Aug 17, 2026 at 21:38:16"
Q1,9,0.9954139997530349,degraded,2026-08-17T16:09:52.091608+00:00,"Run - Aug 17, 2026 at 21:38:16"
Q2,9,0.9946315997530351,degraded,2026-08-17T16:09:52.101607+00:00,"Run - Aug 17, 2026 at 21:38:16"
Q3,9,0.993849199753035,degraded,2026-08-17T16:09:52.111678+00:00,"Run - Aug 17, 2026 at 21:38:16"
Q4,9,0.9930667997530349,degraded,2026-08-17T16:09:52.121509+00:00,"Run - Aug 17, 2026 at 21:38:16"
Q5,9,0.9922843997530351,degraded,2026-08-17T16:09:52.131089+00:00,"Run - Aug 17, 2026 at 21:38:16"
Q6,9,0.991501999753035,degraded,2026-08-17T16:09:52.140945+00:00,"Run - Aug 17, 2026 at 21:38:16"
Q7,9,0.9907195997530349,degraded,2026-08-17T16:09:52.149017+00:00,"Run - Aug 17, 2026 at 21:38:16"
Q8,9,0.989937199753035,degraded,2026-08-17T16:09:52.159240+00:00,"Run - Aug 17, 2026 at 21:38:16"
Q9,9,0.989154799753035,degraded,2026-08-17T16:09:52.169260+00:00,"Run - Aug 17, 2026 at 21:38:16"
Q10,9,0.9883723997530349,degraded,2026-08-17T16:09:52.180105+00:00,"Run - Aug 17, 2026 at 21:38:16"
Q11,9,0.987589999753035,degraded,2026-08-17T16:09:52.189140+00:00,"Run - Aug 17, 2026 at 21:38:16"
Q12,9,0.986807599753035,degraded,2026-08-17T16:09:52.199757+00:00,"Run - Aug 17, 2026 at 21:38:16"
Q13,9,0.9860251997530349,degraded,2026-08-17T16:09:52.210970+00:00,"Run - Aug 17, 2026 at 21:38:16"
Q14,9,0.9852427997530349,degraded,2026-08-17T16:09:52.221180+00:00,"Run - Aug 17, 2026 at 21:38:16"
Q15,9,0.984460399753035,degraded,2026-08-17T16:09:52.230289+00:00,"Run - Aug 17, 2026 at 21:38:16"
Q16,9,0.9836779997530349,degraded,2026-08-17T16:09:52.240262+00:00,"Run - Aug 17, 2026 at 21:38:16"
Q17,9,0.9828955997530349,degraded,2026-08-17T16:09:52.249596+00:00,"Run - Aug 17, 2026 at 21:38:16"
Q18,9,0.982113199753035,degraded,2026-08-17T16:09:52.259861+00:00,"Run - Aug 17, 2026 at 21:38:16"
Q19,9,0.9813307997530349,degraded,2026-08-17T16:09:52.268021+00:00,"Run - Aug 17, 2026 at 21:38:16"
Q20,9,0.9805483997530349,degraded,2026-08-17T16:09:52.279030+00:00,"Run - Aug 17, 2026 at 21:38:16"
Q21,9,0.979765999753035,degraded,2026-08-17T16:09:52.288964+00:00,"Run - Aug 17, 2026 at 21:38:16"
Q22,9,0.9789835997530351,degraded,2026-08-17T16:09:52.299564+00:00,"Run - Aug 17, 2026 at 21:38:16"
Q23,9,0.9782011997530349,degraded,2026-08-17T16:09:52.309985+00:00,"Run - Aug 17, 2026 at 21:38:16"
Q24,9,0.9774187997530349,degraded,2026-08-17T16:09:52.317498+00:00,"Run - Aug 17, 2026 at 21:38:16"
Q25,9,0.976636399753035,degraded,2026-08-17T16:09:52.327049+00:00,"Run - Aug 17, 2026 at 21:38:16"
Q26,9,0.9758539997530349,degraded,2026-08-17T16:09:52.334654+00:00,"Run - Aug 17, 2026 at 21:38:16"
Q27,9,0.9750715997530349,degraded,2026-08-17T16:09:52.344760+00:00,"Run - Aug 17, 2026 at 21:38:16"
Q28,9,0.974289199753035,degraded,2026-08-17T16:09:52.352764+00:00,"Run - Aug 17, 2026 at 21:38:16"
Q29,9,0.9735067997530349,degraded,2026-08-17T16:09:52.361606+00:00,"Run - Aug 17, 2026 at 21:38:16"
Q30,9,0.9727243997530348,degraded,2026-08-17T16:09:52.370433+00:00,"Run - Aug 17, 2026 at 21:38:16"
Q31,9,0.971941999753035,degraded,2026-08-17T16:09:52.380254+00:00,"Run - Aug 17, 2026 at 21:38:16"
Q32,9,0.971159599753035,degraded,2026-08-17T16:09:52.388256+00:00,"Run - Aug 17, 2026 at 21:38:16"
Q33,9,0.970377199753035,degraded,2026-08-17T16:09:52.398287+00:00,"Run - Aug 17, 2026 at 21:38:16"
Q34,9,0.969594799753035,degraded,2026-08-17T16:09:52.406287+00:00,"Run - Aug 17, 2026 at 21:38:16"
Q35,9,0.968812399753035,degraded,2026-08-17T16:09:52.414621+00:00,"Run - Aug 17, 2026 at 21:38:16"
Q36,9,0.9680299997530349,degraded,2026-08-17T16:09:52.423103+00:00,"Run - Aug 17, 2026 at 21:38:16"
Q37,9,0.967247599753035,degraded,2026-08-17T16:09:52.430650+00:00,"Run - Aug 17, 2026 at 21:38:16"
Q38,9,0.9664651997530349,degraded,2026-08-17T16:09:52.439149+00:00,"Run - Aug 17, 2026 at 21:38:16"
Q39,9,0.9656827997530351,degraded,2026-08-17T16:09:52.447143+00:00,"Run - Aug 17, 2026 at 21:38:16"
Q40,9,0.964900399753035,degraded,2026-08-17T16:09:52.455730+00:00,"Run - Aug 17, 2026 at 21:38:16"
Q41,9,0.9641179997530349,degraded,2026-08-17T16:09:52.464741+00:00,"Run - Aug 17, 2026 at 21:38:16"
Q42,9,0.9633355997530348,degraded,2026-08-17T16:09:52.472654+00:00,"Run - Aug 17, 2026 at 21:38:16"
Q43,9,0.962553199753035,degraded,2026-08-17T16:09:52.482359+00:00,"Run - Aug 17, 2026 at 21:38:16"
Q44,9,0.9617707997530349,degraded,2026-08-17T16:09:52.492385+00:00,"Run - Aug 17, 2026 at 21:38:16"
Q45,9,0.9609883997530351,degraded,2026-08-17T16:09:52.501710+00:00,"Run - Aug 17, 2026 at 21:38:16"
Q46,9,0.960205999753035,degraded,2026-08-17T16:09:52.510123+00:00,"Run - Aug 17, 2026 at 21:38:16"
Q47,9,0.9594235997530349,degraded,2026-08-17T16:09:52.522970+00:00,"Run - Aug 17, 2026 at 21:38:16"
Q48,9,0.958641199753035,degraded,2026-08-17T16:09:52.537455+00:00,"Run - Aug 17, 2026 at 21:38:16"
Q49,9,0.957858799753035,degraded,2026-08-17T16:09:52.549477+00:00,"Run - Aug 17, 2026 at 21:38:16"
Q50,9,0.9570763997530349,degraded,2026-08-17T16:09:52.561352+00:00,"Run - Aug 17, 2026 at 21:38:16"
Q51,9,0.956293999753035,degraded,2026-08-17T16:09:52.572726+00:00,"Run - Aug 17, 2026 at 21:38:16"
Q52,9,0.955511599753035,degraded,2026-08-17T16:09:52.582762+00:00,"Run - Aug 17, 2026 at 21:38:16"
Q53,9,0.9547291997530349,degraded,2026-08-17T16:09:52.604725+00:00,"Run - Aug 17, 2026 at 21:38:16"
Q54,9,0.9539467997530349,degraded,2026-08-17T16:09:52.619025+00:00,"Run - Aug 17, 2026 at 21:38:16"
Q55,9,0.953164399753035,degraded,2026-08-17T16:09:52.633115+00:00,"Run - Aug 17, 2026 at 21:38:16"
Q56,9,0.952381999753035,degraded,2026-08-17T16:09:52.649341+00:00,"Run - Aug 17, 2026 at 21:38:16"
Q57,9,0.9515995997530349,degraded,2026-08-17T16:09:52.667103+00:00,"Run - Aug 17, 2026 at 21:38:16"
Q58,9,0.950817199753035,degraded,2026-08-17T16:09:52.682429+00:00,"Run - Aug 17, 2026 at 21:38:16"
Q59,9,0.950034799753035,degraded,2026-08-17T16:09:52.694576+00:00,"Run - Aug 17, 2026 at 21:38:16"
Q60,9,0.9492523997530349,degraded,2026-08-17T16:09:52.708710+00:00,"Run - Aug 17, 2026 at 21:38:16"
Q61,9,0.948469999753035,degraded,2026-08-17T16:09:52.722690+00:00,"Run - Aug 17, 2026 at 21:38:16"
Q62,9,0.947687599753035,degraded,2026-08-17T16:09:52.737006+00:00,"Run - Aug 17, 2026 at 21:38:16"
Q63,9,0.9469051997530349,degraded,2026-08-17T16:09:52.750033+00:00,"Run - Aug 17, 2026 at 21:38:16"
Q64,9,0.946122799753035,degraded,2026-08-17T16:09:52.764499+00:00,"Run - Aug 17, 2026 at 21:38:16"
Q65,9,0.945340399753035,degraded,2026-08-17T16:09:52.782010+00:00,"Run - Aug 17, 2026 at 21:38:16"
Q66,9,0.9445579997530349,degraded,2026-08-17T16:09:52.794744+00:00,"Run - Aug 17, 2026 at 21:38:16"
Q67,9,0.9437755997530349,degraded,2026-08-17T16:09:52.808769+00:00,"Run - Aug 17, 2026 at 21:38:16"
Q68,9,0.942993199753035,degraded,2026-08-17T16:09:52.822023+00:00,"Run - Aug 17, 2026 at 21:38:16"
Q69,9,0.9422107997530349,degraded,2026-08-17T16:09:52.835304+00:00,"Run - Aug 17, 2026 at 21:38:16"
Q70,9,0.9414283997530349,degraded,2026-08-17T16:09:52.848866+00:00,"Run - Aug 17, 2026 at 21:38:16"
Q71,9,0.940645999753035,degraded,2026-08-17T16:09:52.862810+00:00,"Run - Aug 17, 2026 at 21:38:16"
Q72,9,0.9398635997530349,degraded,2026-08-17T16:09:52.876826+00:00,"Run - Aug 17, 2026 at 21:38:16"
Q73,9,0.9390811997530348,degraded,2026-08-17T16:09:52.891073+00:00,"Run - Aug 17, 2026 at 21:38:16"
Q74,9,0.938298799753035,degraded,2026-08-17T16:09:52.904856+00:00,"Run - Aug 17, 2026 at 21:38:16"
Q75,9,0.937516399753035,degraded,2026-08-17T16:09:52.920379+00:00,"Run - Aug 17, 2026 at 21:38:16"
Q76,9,0.9367339997530348,degraded,2026-08-17T16:09:52.935054+00:00,"Run - Aug 17, 2026 at 21:38:16"
Q77,9,0.935951599753035,degraded,2026-08-17T16:09:52.948732+00:00,"Run - Aug 17, 2026 at 21:38:16"
Q78,9,0.9351691997530349,degraded,2026-08-17T16:09:52.962671+00:00,"Run - Aug 17, 2026 at 21:38:16"
Q79,9,0.934386799753035,degraded,2026-08-17T16:09:52.973721+00:00,"Run - Aug 17, 2026 at 21:38:16"
Q80,9,0.9336043997530349,degraded,2026-08-17T16:09:52.985270+00:00,"Run - Aug 17, 2026 at 21:38:16"
Q81,9,0.9328219997530349,degraded,2026-08-17T16:09:52.996899+00:00,"Run - Aug 17, 2026 at 21:38:16"
Q82,9,0.932039599753035,degraded,2026-08-17T16:09:53.010669+00:00,"Run - Aug 17, 2026 at 21:38:16"
Q83,9,0.9312571997530349,degraded,2026-08-17T16:09:53.024393+00:00,"Run - Aug 17, 2026 at 21:38:16"
Q84,9,0.9304747997530349,degraded,2026-08-17T16:09:53.036916+00:00,"Run - Aug 17, 2026 at 21:38:16"
Q85,9,0.9296923997530351,degraded,2026-08-17T16:09:53.050002+00:00,"Run - Aug 17, 2026 at 21:38:16"
Q86,9,0.928909999753035,degraded,2026-08-17T16:09:53.064599+00:00,"Run - Aug 17, 2026 at 21:38:16"
Q87,9,0.9281275997530349,degraded,2026-08-17T16:09:53.078670+00:00,"Run - Aug 17, 2026 at 21:38:16"
Q88,9,0.9273451997530351,degraded,2026-08-17T16:09:53.091525+00:00,"Run - Aug 17, 2026 at 21:38:16"
Q89,9,0.926562799753035,degraded,2026-08-17T16:09:53.104489+00:00,"Run - Aug 17, 2026 at 21:38:16"
Q90,9,0.9257803997530349,degraded,2026-08-17T16:09:53.117546+00:00,"Run - Aug 17, 2026 at 21:38:16"
Q91,9,0.924997999753035,degraded,2026-08-17T16:09:53.130079+00:00,"Run - Aug 17, 2026 at 21:38:16"
Q92,9,0.924215599753035,degraded,2026-08-17T16:09:53.142726+00:00,"Run - Aug 17, 2026 at 21:38:16"
Q93,9,0.923433199753035,degraded,2026-08-17T16:09:53.157375+00:00,"Run - Aug 17, 2026 at 21:38:16"
Q94,9,0.922650799753035,degraded,2026-08-17T16:09:53.215306+00:00,"Run - Aug 17, 2026 at 21:38:16"
Q95,9,0.921868399753035,degraded,2026-08-17T16:09:53.243091+00:00,"Run - Aug 17, 2026 at 21:38:16"
Q96,9,0.9210859997530348,degraded,2026-08-17T16:09:53.262941+00:00,"Run - Aug 17, 2026 at 21:38:16"
Q97,9,0.9203035997530349,degraded,2026-08-17T16:09:53.276962+00:00,"Run - Aug 17, 2026 at 21:38:16"
Q98,9,0.919521199753035,degraded,2026-08-17T16:09:53.292311+00:00,"Run - Aug 17, 2026 at 21:38:16"
Q99,9,0.918738799753035,degraded,2026-08-17T16:09:53.305176+00:00,"Run - Aug 17, 2026 at 21:38:16"
Q100,9,0.9179563997530349,degraded,2026-08-17T16:09:53.318646+00:00,"Run - Aug 17, 2026 at 21:38:16"
Q101,9,0.917173999753035,degraded,2026-08-17T16:09:53.336001+00:00,"Run - Aug 17, 2026 at 21:38:16"
Q102,9,0.916391599753035,degraded,2026-08-17T16:09:53.352443+00:00,"Run - Aug 17, 2026 at 21:38:16"
Q103,9,0.9156091997530349,degraded,2026-08-17T16:09:53.365767+00:00,"Run - Aug 17, 2026 at 21:38:16"
Q104,9,0.9148267997530349,degraded,2026-08-17T16:09:53.378920+00:00,"Run - Aug 17, 2026 at 21:38:16"
Q105,9,0.914044399753035,degraded,2026-08-17T16:09:53.392813+00:00,"Run - Aug 17, 2026 at 21:38:16"
Q106,9,0.9132619997530349,degraded,2026-08-17T16:09:53.407522+00:00,"Run - Aug 17, 2026 at 21:38:16"
Q107,9,0.9124795997530349,degraded,2026-08-17T16:09:53.422542+00:00,"Run - Aug 17, 2026 at 21:38:16"
Q108,9,0.911697199753035,degraded,2026-08-17T16:09:53.434693+00:00,"Run - Aug 17, 2026 at 21:38:16"
Q109,9,0.9109147997530349,degraded,2026-08-17T16:09:53.444183+00:00,"Run - Aug 17, 2026 at 21:38:16"
Q110,9,0.9101323997530348,degraded,2026-08-17T16:09:53.451540+00:00,"Run - Aug 17, 2026 at 21:38:16"
Q111,9,0.909349999753035,degraded,2026-08-17T16:09:53.460542+00:00,"Run - Aug 17, 2026 at 21:38:16"
Q112,9,0.9085675997530349,degraded,2026-08-17T16:09:53.469500+00:00,"Run - Aug 17, 2026 at 21:38:16"
Q113,9,0.9077851997530348,degraded,2026-08-17T16:09:53.479132+00:00,"Run - Aug 17, 2026 at 21:38:16"
Q114,9,0.907002799753035,degraded,2026-08-17T16:09:53.487726+00:00,"Run - Aug 17, 2026 at 21:38:16"
Q115,9,0.906220399753035,degraded,2026-08-17T16:09:53.497263+00:00,"Run - Aug 17, 2026 at 21:38:16"
Q116,9,0.905437999753035,degraded,2026-08-17T16:09:53.505318+00:00,"Run - Aug 17, 2026 at 21:38:16"
Q117,9,0.904655599753035,degraded,2026-08-17T16:09:53.515315+00:00,"Run - Aug 17, 2026 at 21:38:16"
Q118,9,0.903873199753035,degraded,2026-08-17T16:09:53.524335+00:00,"Run - Aug 17, 2026 at 21:38:16"
Q119,9,0.9030907997530351,degraded,2026-08-17T16:09:53.531837+00:00,"Run - Aug 17, 2026 at 21:38:16"
Q120,9,0.9023083997530349,degraded,2026-08-17T16:09:53.541999+00:00,"Run - Aug 17, 2026 at 21:38:16"
Q121,9,0.9015259997530349,degraded,2026-08-17T16:09:53.551135+00:00,"Run - Aug 17, 2026 at 21:38:16"
Q122,9,0.9007435997530351,degraded,2026-08-17T16:09:53.559675+00:00,"Run - Aug 17, 2026 at 21:38:16"
Q123,9,0.8999611997530349,degraded,2026-08-17T16:09:53.567296+00:00,"Run - Aug 17, 2026 at 21:38:16"
Q124,9,0.8991787997530349,degraded,2026-08-17T16:09:53.576654+00:00,"Run - Aug 17, 2026 at 21:38:16"
Q125,9,0.8983963997530351,degraded,2026-08-17T16:09:53.586166+00:00,"Run - Aug 17, 2026 at 21:38:16"
Q126,9,0.8976139997530348,degraded,2026-08-17T16:09:53.595466+00:00,"Run - Aug 17, 2026 at 21:38:16"
Q127,9,0.896831599753035,degraded,2026-08-17T16:09:53.604145+00:00,"Run - Aug 17, 2026 at 21:38:16"
Q128,9,0.896049199753035,degraded,2026-08-17T16:09:53.613442+00:00,"Run - Aug 17, 2026 at 21:38:16"
Q129,9,0.895266799753035,degraded,2026-08-17T16:09:53.622499+00:00,"Run - Aug 17, 2026 at 21:38:16"
Q130,9,0.894484399753035,degraded,2026-08-17T16:09:53.631610+00:00,"Run - Aug 17, 2026 at 21:38:16"
Q131,9,0.893701999753035,degraded,2026-08-17T16:09:53.640189+00:00,"Run - Aug 17, 2026 at 21:38:16"
Q132,9,0.8929195997530349,degraded,2026-08-17T16:09:53.648674+00:00,"Run - Aug 17, 2026 at 21:38:16"
Q0,10,0.9961755108899251,degraded,2026-08-17T16:10:02.527903+00:00,"Run - Aug 17, 2026 at 21:38:16"
Q1,10,0.9953895108899249,degraded,2026-08-17T16:10:02.536908+00:00,"Run - Aug 17, 2026 at 21:38:16"
Q2,10,0.9946035108899249,degraded,2026-08-17T16:10:02.545717+00:00,"Run - Aug 17, 2026 at 21:38:16"
Q3,10,0.993817510889925,degraded,2026-08-17T16:10:02.555244+00:00,"Run - Aug 17, 2026 at 21:38:16"
Q4,10,0.9930315108899249,degraded,2026-08-17T16:10:02.565281+00:00,"Run - Aug 17, 2026 at 21:38:16"
Q5,10,0.9922455108899251,degraded,2026-08-17T16:10:02.571945+00:00,"Run - Aug 17, 2026 at 21:38:16"
Q6,10,0.9914595108899249,degraded,2026-08-17T16:10:02.581952+00:00,"Run - Aug 17, 2026 at 21:38:16"
Q7,10,0.990673510889925,degraded,2026-08-17T16:10:02.590004+00:00,"Run - Aug 17, 2026 at 21:38:16"
Q8,10,0.989887510889925,degraded,2026-08-17T16:10:02.599781+00:00,"Run - Aug 17, 2026 at 21:38:16"
Q9,10,0.989101510889925,degraded,2026-08-17T16:10:02.608772+00:00,"Run - Aug 17, 2026 at 21:38:16"
Q10,10,0.9883155108899249,degraded,2026-08-17T16:10:02.617759+00:00,"Run - Aug 17, 2026 at 21:38:16"
Q11,10,0.9875295108899249,degraded,2026-08-17T16:10:02.626457+00:00,"Run - Aug 17, 2026 at 21:38:16"
Q12,10,0.986743510889925,degraded,2026-08-17T16:10:02.636808+00:00,"Run - Aug 17, 2026 at 21:38:16"
Q13,10,0.985957510889925,degraded,2026-08-17T16:10:02.645589+00:00,"Run - Aug 17, 2026 at 21:38:16"
Q14,10,0.985171510889925,degraded,2026-08-17T16:10:02.654149+00:00,"Run - Aug 17, 2026 at 21:38:16"
Q15,10,0.984385510889925,degraded,2026-08-17T16:10:02.663386+00:00,"Run - Aug 17, 2026 at 21:38:16"
Q16,10,0.9835995108899249,degraded,2026-08-17T16:10:02.672036+00:00,"Run - Aug 17, 2026 at 21:38:16"
Q17,10,0.982813510889925,degraded,2026-08-17T16:10:02.682846+00:00,"Run - Aug 17, 2026 at 21:38:16"
Q18,10,0.9820275108899249,degraded,2026-08-17T16:10:02.691307+00:00,"Run - Aug 17, 2026 at 21:38:16"
Q19,10,0.981241510889925,degraded,2026-08-17T16:10:02.703233+00:00,"Run - Aug 17, 2026 at 21:38:16"
Q20,10,0.9804555108899249,degraded,2026-08-17T16:10:02.712843+00:00,"Run - Aug 17, 2026 at 21:38:16"
Q21,10,0.9796695108899249,degraded,2026-08-17T16:10:02.720661+00:00,"Run - Aug 17, 2026 at 21:38:16"
Q22,10,0.978883510889925,degraded,2026-08-17T16:10:02.728899+00:00,"Run - Aug 17, 2026 at 21:38:16"
Q23,10,0.9780975108899249,degraded,2026-08-17T16:10:02.739963+00:00,"Run - Aug 17, 2026 at 21:38:16"
Q24,10,0.9773115108899251,degraded,2026-08-17T16:10:02.749542+00:00,"Run - Aug 17, 2026 at 21:38:16"
Q25,10,0.976525510889925,degraded,2026-08-17T16:10:02.757330+00:00,"Run - Aug 17, 2026 at 21:38:16"
Q26,10,0.9757395108899249,degraded,2026-08-17T16:10:02.767291+00:00,"Run - Aug 17, 2026 at 21:38:16"
Q27,10,0.974953510889925,degraded,2026-08-17T16:10:02.775273+00:00,"Run - Aug 17, 2026 at 21:38:16"
Q28,10,0.9741675108899249,degraded,2026-08-17T16:10:02.781991+00:00,"Run - Aug 17, 2026 at 21:38:16"
Q29,10,0.9733815108899251,degraded,2026-08-17T16:10:02.791377+00:00,"Run - Aug 17, 2026 at 21:38:16"
Q30,10,0.972595510889925,degraded,2026-08-17T16:10:02.799080+00:00,"Run - Aug 17, 2026 at 21:38:16"
Q31,10,0.971809510889925,degraded,2026-08-17T16:10:02.807815+00:00,"Run - Aug 17, 2026 at 21:38:16"
Q32,10,0.971023510889925,degraded,2026-08-17T16:10:02.815355+00:00,"Run - Aug 17, 2026 at 21:38:16"
Q33,10,0.9702375108899249,degraded,2026-08-17T16:10:02.823670+00:00,"Run - Aug 17, 2026 at 21:38:16"
Q34,10,0.9694515108899251,degraded,2026-08-17T16:10:02.831811+00:00,"Run - Aug 17, 2026 at 21:38:16"
Q35,10,0.9686655108899249,degraded,2026-08-17T16:10:02.840663+00:00,"Run - Aug 17, 2026 at 21:38:16"
Q36,10,0.967879510889925,degraded,2026-08-17T16:10:02.848164+00:00,"Run - Aug 17, 2026 at 21:38:16"
Q37,10,0.967093510889925,degraded,2026-08-17T16:10:02.856883+00:00,"Run - Aug 17, 2026 at 21:38:16"
Q38,10,0.966307510889925,degraded,2026-08-17T16:10:02.865753+00:00,"Run - Aug 17, 2026 at 21:38:16"
Q39,10,0.9655215108899251,degraded,2026-08-17T16:10:02.873143+00:00,"Run - Aug 17, 2026 at 21:38:16"
Q40,10,0.9647355108899249,degraded,2026-08-17T16:10:02.881006+00:00,"Run - Aug 17, 2026 at 21:38:16"
Q41,10,0.963949510889925,degraded,2026-08-17T16:10:02.890534+00:00,"Run - Aug 17, 2026 at 21:38:16"
Q42,10,0.9631635108899248,degraded,2026-08-17T16:10:02.898408+00:00,"Run - Aug 17, 2026 at 21:38:16"
Q43,10,0.962377510889925,degraded,2026-08-17T16:10:02.906427+00:00,"Run - Aug 17, 2026 at 21:38:16"
Q44,10,0.9615915108899249,degraded,2026-08-17T16:10:02.917426+00:00,"Run - Aug 17, 2026 at 21:38:16"
Q45,10,0.9608055108899249,degraded,2026-08-17T16:10:02.926421+00:00,"Run - Aug 17, 2026 at 21:38:16"
Q46,10,0.960019510889925,degraded,2026-08-17T16:10:02.934007+00:00,"Run - Aug 17, 2026 at 21:38:16"
Q47,10,0.9592335108899249,degraded,2026-08-17T16:10:02.942020+00:00,"Run - Aug 17, 2026 at 21:38:16"
Q48,10,0.958447510889925,degraded,2026-08-17T16:10:02.949891+00:00,"Run - Aug 17, 2026 at 21:38:16"
Q49,10,0.9576615108899249,degraded,2026-08-17T16:10:02.958244+00:00,"Run - Aug 17, 2026 at 21:38:16"
Q50,10,0.956875510889925,degraded,2026-08-17T16:10:02.965425+00:00,"Run - Aug 17, 2026 at 21:38:16"
Q51,10,0.956089510889925,degraded,2026-08-17T16:10:02.974313+00:00,"Run - Aug 17, 2026 at 21:38:16"
Q52,10,0.9553035108899248,degraded,2026-08-17T16:10:02.981350+00:00,"Run - Aug 17, 2026 at 21:38:16"
Q53,10,0.954517510889925,degraded,2026-08-17T16:10:02.990330+00:00,"Run - Aug 17, 2026 at 21:38:16"
Q54,10,0.9537315108899249,degraded,2026-08-17T16:10:02.997830+00:00,"Run - Aug 17, 2026 at 21:38:16"
Q55,10,0.952945510889925,degraded,2026-08-17T16:10:03.008074+00:00,"Run - Aug 17, 2026 at 21:38:16"
Q56,10,0.952159510889925,degraded,2026-08-17T16:10:03.018606+00:00,"Run - Aug 17, 2026 at 21:38:16"
Q57,10,0.951373510889925,degraded,2026-08-17T16:10:03.028009+00:00,"Run - Aug 17, 2026 at 21:38:16"
Q58,10,0.950587510889925,degraded,2026-08-17T16:10:03.037064+00:00,"Run - Aug 17, 2026 at 21:38:16"
Q59,10,0.9498015108899249,degraded,2026-08-17T16:10:03.046046+00:00,"Run - Aug 17, 2026 at 21:38:16"
Q60,10,0.949015510889925,degraded,2026-08-17T16:10:03.058125+00:00,"Run - Aug 17, 2026 at 21:38:16"
Q61,10,0.948229510889925,degraded,2026-08-17T16:10:03.066458+00:00,"Run - Aug 17, 2026 at 21:38:16"
Q62,10,0.947443510889925,degraded,2026-08-17T16:10:03.074183+00:00,"Run - Aug 17, 2026 at 21:38:16"
Q63,10,0.9466575108899251,degraded,2026-08-17T16:10:03.082177+00:00,"Run - Aug 17, 2026 at 21:38:16"
Q64,10,0.9458715108899249,degraded,2026-08-17T16:10:03.090292+00:00,"Run - Aug 17, 2026 at 21:38:16"
Q65,10,0.945085510889925,degraded,2026-08-17T16:10:03.097776+00:00,"Run - Aug 17, 2026 at 21:38:16"
Q66,10,0.944299510889925,degraded,2026-08-17T16:10:03.105663+00:00,"Run - Aug 17, 2026 at 21:38:16"
Q67,10,0.9435135108899249,degraded,2026-08-17T16:10:03.113378+00:00,"Run - Aug 17, 2026 at 21:38:16"
Q68,10,0.942727510889925,degraded,2026-08-17T16:10:03.122115+00:00,"Run - Aug 17, 2026 at 21:38:16"
Q69,10,0.941941510889925,degraded,2026-08-17T16:10:03.131119+00:00,"Run - Aug 17, 2026 at 21:38:16"
Q70,10,0.941155510889925,degraded,2026-08-17T16:10:03.139134+00:00,"Run - Aug 17, 2026 at 21:38:16"
Q71,10,0.940369510889925,degraded,2026-08-17T16:10:03.149134+00:00,"Run - Aug 17, 2026 at 21:38:16"
Q72,10,0.939583510889925,degraded,2026-08-17T16:10:03.186849+00:00,"Run - Aug 17, 2026 at 21:38:16"
Q73,10,0.938797510889925,degraded,2026-08-17T16:10:03.205427+00:00,"Run - Aug 17, 2026 at 21:38:16"
Q74,10,0.938011510889925,degraded,2026-08-17T16:10:03.215205+00:00,"Run - Aug 17, 2026 at 21:38:16"
Q75,10,0.937225510889925,degraded,2026-08-17T16:10:03.223491+00:00,"Run - Aug 17, 2026 at 21:38:16"
Q76,10,0.936439510889925,degraded,2026-08-17T16:10:03.231502+00:00,"Run - Aug 17, 2026 at 21:38:16"
Q77,10,0.935653510889925,degraded,2026-08-17T16:10:03.240502+00:00,"Run - Aug 17, 2026 at 21:38:16"
Q78,10,0.9348675108899251,degraded,2026-08-17T16:10:03.248611+00:00,"Run - Aug 17, 2026 at 21:38:16"
Q79,10,0.934081510889925,degraded,2026-08-17T16:10:03.255958+00:00,"Run - Aug 17, 2026 at 21:38:16"
Q80,10,0.933295510889925,degraded,2026-08-17T16:10:03.265269+00:00,"Run - Aug 17, 2026 at 21:38:16"
Q81,10,0.9325095108899248,degraded,2026-08-17T16:10:03.273561+00:00,"Run - Aug 17, 2026 at 21:38:16"
Q82,10,0.931723510889925,degraded,2026-08-17T16:10:03.284665+00:00,"Run - Aug 17, 2026 at 21:38:16"
Q83,10,0.9309375108899249,degraded,2026-08-17T16:10:03.293191+00:00,"Run - Aug 17, 2026 at 21:38:16"
Q84,10,0.930151510889925,degraded,2026-08-17T16:10:03.301719+00:00,"Run - Aug 17, 2026 at 21:38:16"
Q85,10,0.929365510889925,degraded,2026-08-17T16:10:03.311203+00:00,"Run - Aug 17, 2026 at 21:38:16"
Q86,10,0.9285795108899249,degraded,2026-08-17T16:10:03.320204+00:00,"Run - Aug 17, 2026 at 21:38:16"
Q87,10,0.927793510889925,degraded,2026-08-17T16:10:03.328370+00:00,"Run - Aug 17, 2026 at 21:38:16"
Q88,10,0.927007510889925,degraded,2026-08-17T16:10:03.336805+00:00,"Run - Aug 17, 2026 at 21:38:16"
Q89,10,0.926221510889925,degraded,2026-08-17T16:10:03.346085+00:00,"Run - Aug 17, 2026 at 21:38:16"
Q90,10,0.9254355108899249,degraded,2026-08-17T16:10:03.355209+00:00,"Run - Aug 17, 2026 at 21:38:16"
Q91,10,0.9246495108899249,degraded,2026-08-17T16:10:03.364219+00:00,"Run - Aug 17, 2026 at 21:38:16"
Q92,10,0.923863510889925,degraded,2026-08-17T16:10:03.372207+00:00,"Run - Aug 17, 2026 at 21:38:16"
Q93,10,0.923077510889925,degraded,2026-08-17T16:10:03.381879+00:00,"Run - Aug 17, 2026 at 21:38:16"
Q94,10,0.922291510889925,degraded,2026-08-17T16:10:03.390668+00:00,"Run - Aug 17, 2026 at 21:38:16"
Q95,10,0.9215055108899249,degraded,2026-08-17T16:10:03.398667+00:00,"Run - Aug 17, 2026 at 21:38:16"
Q96,10,0.9207195108899249,degraded,2026-08-17T16:10:03.406866+00:00,"Run - Aug 17, 2026 at 21:38:16"
Q97,10,0.919933510889925,degraded,2026-08-17T16:10:03.415337+00:00,"Run - Aug 17, 2026 at 21:38:16"
Q98,10,0.919147510889925,degraded,2026-08-17T16:10:03.423339+00:00,"Run - Aug 17, 2026 at 21:38:16"
Q99,10,0.918361510889925,degraded,2026-08-17T16:10:03.431133+00:00,"Run - Aug 17, 2026 at 21:38:16"
Q100,10,0.917575510889925,degraded,2026-08-17T16:10:03.440343+00:00,"Run - Aug 17, 2026 at 21:38:16"
Q101,10,0.9167895108899249,degraded,2026-08-17T16:10:03.451289+00:00,"Run - Aug 17, 2026 at 21:38:16"
Q102,10,0.916003510889925,degraded,2026-08-17T16:10:03.460366+00:00,"Run - Aug 17, 2026 at 21:38:16"
Q103,10,0.915217510889925,degraded,2026-08-17T16:10:03.470759+00:00,"Run - Aug 17, 2026 at 21:38:16"
Q104,10,0.914431510889925,degraded,2026-08-17T16:10:03.479758+00:00,"Run - Aug 17, 2026 at 21:38:16"
Q105,10,0.9136455108899249,degraded,2026-08-17T16:10:03.489260+00:00,"Run - Aug 17, 2026 at 21:38:16"
Q106,10,0.9128595108899249,degraded,2026-08-17T16:10:03.497336+00:00,"Run - Aug 17, 2026 at 21:38:16"
Q107,10,0.912073510889925,degraded,2026-08-17T16:10:03.505421+00:00,"Run - Aug 17, 2026 at 21:38:16"
Q108,10,0.911287510889925,degraded,2026-08-17T16:10:03.513733+00:00,"Run - Aug 17, 2026 at 21:38:16"
Q109,10,0.910501510889925,degraded,2026-08-17T16:10:03.521846+00:00,"Run - Aug 17, 2026 at 21:38:16"
Q110,10,0.9097155108899249,degraded,2026-08-17T16:10:03.530859+00:00,"Run - Aug 17, 2026 at 21:38:16"
Q111,10,0.9089295108899249,degraded,2026-08-17T16:10:03.539021+00:00,"Run - Aug 17, 2026 at 21:38:16"
Q112,10,0.908143510889925,degraded,2026-08-17T16:10:03.548750+00:00,"Run - Aug 17, 2026 at 21:38:16"
Q113,10,0.907357510889925,degraded,2026-08-17T16:10:03.557010+00:00,"Run - Aug 17, 2026 at 21:38:16"
Q114,10,0.906571510889925,degraded,2026-08-17T16:10:03.565002+00:00,"Run - Aug 17, 2026 at 21:38:16"
Q115,10,0.9057855108899249,degraded,2026-08-17T16:10:03.574207+00:00,"Run - Aug 17, 2026 at 21:38:16"
Q116,10,0.9049995108899249,degraded,2026-08-17T16:10:03.583979+00:00,"Run - Aug 17, 2026 at 21:38:16"
Q117,10,0.904213510889925,degraded,2026-08-17T16:10:03.594013+00:00,"Run - Aug 17, 2026 at 21:38:16"
Q118,10,0.903427510889925,degraded,2026-08-17T16:10:03.604434+00:00,"Run - Aug 17, 2026 at 21:38:16"
Q119,10,0.9026415108899251,degraded,2026-08-17T16:10:03.615491+00:00,"Run - Aug 17, 2026 at 21:38:16"
Q120,10,0.9018555108899249,degraded,2026-08-17T16:10:03.623025+00:00,"Run - Aug 17, 2026 at 21:38:16"
Q121,10,0.9010695108899249,degraded,2026-08-17T16:10:03.634541+00:00,"Run - Aug 17, 2026 at 21:38:16"
Q122,10,0.900283510889925,degraded,2026-08-17T16:10:03.642990+00:00,"Run - Aug 17, 2026 at 21:38:16"
Q123,10,0.899497510889925,degraded,2026-08-17T16:10:03.652233+00:00,"Run - Aug 17, 2026 at 21:38:16"
Q124,10,0.8987115108899251,degraded,2026-08-17T16:10:03.661782+00:00,"Run - Aug 17, 2026 at 21:38:16"
Q125,10,0.8979255108899249,degraded,2026-08-17T16:10:03.671660+00:00,"Run - Aug 17, 2026 at 21:38:16"
Q126,10,0.897139510889925,degraded,2026-08-17T16:10:03.681186+00:00,"Run - Aug 17, 2026 at 21:38:16"
Q127,10,0.896353510889925,degraded,2026-08-17T16:10:03.693248+00:00,"Run - Aug 17, 2026 at 21:38:16"
Q128,10,0.895567510889925,degraded,2026-08-17T16:10:03.705001+00:00,"Run - Aug 17, 2026 at 21:38:16"
Q129,10,0.894781510889925,degraded,2026-08-17T16:10:03.719220+00:00,"Run - Aug 17, 2026 at 21:38:16"
Q130,10,0.8939955108899249,degraded,2026-08-17T16:10:03.730534+00:00,"Run - Aug 17, 2026 at 21:38:16"
Q131,10,0.893209510889925,degraded,2026-08-17T16:10:03.750975+00:00,"Run - Aug 17, 2026 at 21:38:16"
Q132,10,0.8924235108899249,degraded,2026-08-17T16:10:03.764354+00:00,"Run - Aug 17, 2026 at 21:38:16"
Q0,11,0.996155125432387,degraded,2026-08-17T16:10:13.260548+00:00,"Run - Aug 17, 2026 at 21:38:16"
Q1,11,0.995365525432387,degraded,2026-08-17T16:10:13.270941+00:00,"Run - Aug 17, 2026 at 21:38:16"
Q2,11,0.9945759254323872,degraded,2026-08-17T16:10:13.280877+00:00,"Run - Aug 17, 2026 at 21:38:16"
Q3,11,0.993786325432387,degraded,2026-08-17T16:10:13.288877+00:00,"Run - Aug 17, 2026 at 21:38:16"
Q4,11,0.992996725432387,degraded,2026-08-17T16:10:13.297393+00:00,"Run - Aug 17, 2026 at 21:38:16"
Q5,11,0.992207125432387,degraded,2026-08-17T16:10:13.307202+00:00,"Run - Aug 17, 2026 at 21:38:16"
Q6,11,0.9914175254323869,degraded,2026-08-17T16:10:13.315204+00:00,"Run - Aug 17, 2026 at 21:38:16"
Q7,11,0.990627925432387,degraded,2026-08-17T16:10:13.324278+00:00,"Run - Aug 17, 2026 at 21:38:16"
Q8,11,0.989838325432387,degraded,2026-08-17T16:10:13.333269+00:00,"Run - Aug 17, 2026 at 21:38:16"
Q9,11,0.989048725432387,degraded,2026-08-17T16:10:13.342498+00:00,"Run - Aug 17, 2026 at 21:38:16"
Q10,11,0.9882591254323869,degraded,2026-08-17T16:10:13.351032+00:00,"Run - Aug 17, 2026 at 21:38:16"
Q11,11,0.987469525432387,degraded,2026-08-17T16:10:13.360681+00:00,"Run - Aug 17, 2026 at 21:38:16"
Q12,11,0.986679925432387,degraded,2026-08-17T16:10:13.369932+00:00,"Run - Aug 17, 2026 at 21:38:16"
Q13,11,0.985890325432387,degraded,2026-08-17T16:10:13.379464+00:00,"Run - Aug 17, 2026 at 21:38:16"
Q14,11,0.985100725432387,degraded,2026-08-17T16:10:13.387466+00:00,"Run - Aug 17, 2026 at 21:38:16"
Q15,11,0.9843111254323871,degraded,2026-08-17T16:10:13.396467+00:00,"Run - Aug 17, 2026 at 21:38:16"
Q16,11,0.9835215254323869,degraded,2026-08-17T16:10:13.404847+00:00,"Run - Aug 17, 2026 at 21:38:16"
Q17,11,0.9827319254323871,degraded,2026-08-17T16:10:13.414870+00:00,"Run - Aug 17, 2026 at 21:38:16"
Q18,11,0.9819423254323869,degraded,2026-08-17T16:10:13.422898+00:00,"Run - Aug 17, 2026 at 21:38:16"
Q19,11,0.9811527254323871,degraded,2026-08-17T16:10:13.430900+00:00,"Run - Aug 17, 2026 at 21:38:16"
Q20,11,0.980363125432387,degraded,2026-08-17T16:10:13.440270+00:00,"Run - Aug 17, 2026 at 21:38:16"
Q21,11,0.9795735254323871,degraded,2026-08-17T16:10:13.452132+00:00,"Run - Aug 17, 2026 at 21:38:16"
Q22,11,0.9787839254323869,degraded,2026-08-17T16:10:13.461159+00:00,"Run - Aug 17, 2026 at 21:38:16"
Q23,11,0.977994325432387,degraded,2026-08-17T16:10:13.468153+00:00,"Run - Aug 17, 2026 at 21:38:16"
Q24,11,0.977204725432387,degraded,2026-08-17T16:10:13.478253+00:00,"Run - Aug 17, 2026 at 21:38:16"
Q25,11,0.976415125432387,degraded,2026-08-17T16:10:13.485249+00:00,"Run - Aug 17, 2026 at 21:38:16"
Q26,11,0.9756255254323869,degraded,2026-08-17T16:10:13.494267+00:00,"Run - Aug 17, 2026 at 21:38:16"
Q27,11,0.9748359254323871,degraded,2026-08-17T16:10:13.502249+00:00,"Run - Aug 17, 2026 at 21:38:16"
Q28,11,0.974046325432387,degraded,2026-08-17T16:10:13.512273+00:00,"Run - Aug 17, 2026 at 21:38:16"
Q29,11,0.973256725432387,degraded,2026-08-17T16:10:13.520549+00:00,"Run - Aug 17, 2026 at 21:38:16"
Q30,11,0.972467125432387,degraded,2026-08-17T16:10:13.527771+00:00,"Run - Aug 17, 2026 at 21:38:16"
Q31,11,0.9716775254323871,degraded,2026-08-17T16:10:13.536773+00:00,"Run - Aug 17, 2026 at 21:38:16"
Q32,11,0.970887925432387,degraded,2026-08-17T16:10:13.545766+00:00,"Run - Aug 17, 2026 at 21:38:16"
Q33,11,0.9700983254323869,degraded,2026-08-17T16:10:13.554744+00:00,"Run - Aug 17, 2026 at 21:38:16"
Q34,11,0.969308725432387,degraded,2026-08-17T16:10:13.562309+00:00,"Run - Aug 17, 2026 at 21:38:16"
Q35,11,0.9685191254323868,degraded,2026-08-17T16:10:13.569824+00:00,"Run - Aug 17, 2026 at 21:38:16"
Q36,11,0.967729525432387,degraded,2026-08-17T16:10:13.578399+00:00,"Run - Aug 17, 2026 at 21:38:16"
Q37,11,0.9669399254323869,degraded,2026-08-17T16:10:13.586888+00:00,"Run - Aug 17, 2026 at 21:38:16"
Q38,11,0.9661503254323871,degraded,2026-08-17T16:10:13.595890+00:00,"Run - Aug 17, 2026 at 21:38:16"
Q39,11,0.9653607254323869,degraded,2026-08-17T16:10:13.603885+00:00,"Run - Aug 17, 2026 at 21:38:16"
Q40,11,0.964571125432387,degraded,2026-08-17T16:10:13.613429+00:00,"Run - Aug 17, 2026 at 21:38:16"
Q41,11,0.9637815254323869,degraded,2026-08-17T16:10:13.624243+00:00,"Run - Aug 17, 2026 at 21:38:16"
Q42,11,0.9629919254323871,degraded,2026-08-17T16:10:13.633687+00:00,"Run - Aug 17, 2026 at 21:38:16"
Q43,11,0.962202325432387,degraded,2026-08-17T16:10:13.643818+00:00,"Run - Aug 17, 2026 at 21:38:16"
Q44,11,0.9614127254323871,degraded,2026-08-17T16:10:13.651450+00:00,"Run - Aug 17, 2026 at 21:38:16"
Q45,11,0.9606231254323869,degraded,2026-08-17T16:10:13.660371+00:00,"Run - Aug 17, 2026 at 21:38:16"
Q46,11,0.959833525432387,degraded,2026-08-17T16:10:13.670841+00:00,"Run - Aug 17, 2026 at 21:38:16"
Q47,11,0.959043925432387,degraded,2026-08-17T16:10:13.680401+00:00,"Run - Aug 17, 2026 at 21:38:16"
Q48,11,0.958254325432387,degraded,2026-08-17T16:10:13.687246+00:00,"Run - Aug 17, 2026 at 21:38:16"
Q49,11,0.9574647254323869,degraded,2026-08-17T16:10:13.695931+00:00,"Run - Aug 17, 2026 at 21:38:16"
Q50,11,0.956675125432387,degraded,2026-08-17T16:10:13.705178+00:00,"Run - Aug 17, 2026 at 21:38:16"
Q51,11,0.955885525432387,degraded,2026-08-17T16:10:13.714332+00:00,"Run - Aug 17, 2026 at 21:38:16"
Q52,11,0.955095925432387,degraded,2026-08-17T16:10:13.722339+00:00,"Run - Aug 17, 2026 at 21:38:16"
Q53,11,0.954306325432387,degraded,2026-08-17T16:10:13.736140+00:00,"Run - Aug 17, 2026 at 21:38:16"
Q54,11,0.9535167254323871,degraded,2026-08-17T16:10:13.745050+00:00,"Run - Aug 17, 2026 at 21:38:16"
Q55,11,0.952727125432387,degraded,2026-08-17T16:10:13.753070+00:00,"Run - Aug 17, 2026 at 21:38:16"
Q56,11,0.951937525432387,degraded,2026-08-17T16:10:13.763196+00:00,"Run - Aug 17, 2026 at 21:38:16"
Q57,11,0.951147925432387,degraded,2026-08-17T16:10:13.773866+00:00,"Run - Aug 17, 2026 at 21:38:16"
Q58,11,0.9503583254323869,degraded,2026-08-17T16:10:13.785248+00:00,"Run - Aug 17, 2026 at 21:38:16"
Q59,11,0.949568725432387,degraded,2026-08-17T16:10:13.794512+00:00,"Run - Aug 17, 2026 at 21:38:16"
Q60,11,0.948779125432387,degraded,2026-08-17T16:10:13.803594+00:00,"Run - Aug 17, 2026 at 21:38:16"
Q61,11,0.9479895254323871,degraded,2026-08-17T16:10:13.813909+00:00,"Run - Aug 17, 2026 at 21:38:16"
Q62,11,0.947199925432387,degraded,2026-08-17T16:10:13.821251+00:00,"Run - Aug 17, 2026 at 21:38:16"
Q63,11,0.946410325432387,degraded,2026-08-17T16:10:13.831802+00:00,"Run - Aug 17, 2026 at 21:38:16"
Q64,11,0.945620725432387,degraded,2026-08-17T16:10:13.841056+00:00,"Run - Aug 17, 2026 at 21:38:16"
Q65,11,0.9448311254323869,degraded,2026-08-17T16:10:13.851665+00:00,"Run - Aug 17, 2026 at 21:38:16"
Q66,11,0.9440415254323871,degraded,2026-08-17T16:10:13.862285+00:00,"Run - Aug 17, 2026 at 21:38:16"
Q67,11,0.9432519254323871,degraded,2026-08-17T16:10:13.870133+00:00,"Run - Aug 17, 2026 at 21:38:16"
Q68,11,0.942462325432387,degraded,2026-08-17T16:10:13.880113+00:00,"Run - Aug 17, 2026 at 21:38:16"
Q69,11,0.941672725432387,degraded,2026-08-17T16:10:13.889112+00:00,"Run - Aug 17, 2026 at 21:38:16"
Q70,11,0.9408831254323871,degraded,2026-08-17T16:10:13.898415+00:00,"Run - Aug 17, 2026 at 21:38:16"
Q71,11,0.940093525432387,degraded,2026-08-17T16:10:13.909129+00:00,"Run - Aug 17, 2026 at 21:38:16"
Q72,11,0.9393039254323869,degraded,2026-08-17T16:10:13.929373+00:00,"Run - Aug 17, 2026 at 21:38:16"
Q73,11,0.938514325432387,degraded,2026-08-17T16:10:13.941763+00:00,"Run - Aug 17, 2026 at 21:38:16"
Q74,11,0.937724725432387,degraded,2026-08-17T16:10:13.951127+00:00,"Run - Aug 17, 2026 at 21:38:16"
Q75,11,0.936935125432387,degraded,2026-08-17T16:10:13.960424+00:00,"Run - Aug 17, 2026 at 21:38:16"
Q76,11,0.936145525432387,degraded,2026-08-17T16:10:13.969495+00:00,"Run - Aug 17, 2026 at 21:38:16"
Q77,11,0.9353559254323869,degraded,2026-08-17T16:10:13.981510+00:00,"Run - Aug 17, 2026 at 21:38:16"
Q78,11,0.934566325432387,degraded,2026-08-17T16:10:14.007131+00:00,"Run - Aug 17, 2026 at 21:38:16"
Q79,11,0.933776725432387,degraded,2026-08-17T16:10:14.018696+00:00,"Run - Aug 17, 2026 at 21:38:16"
Q80,11,0.932987125432387,degraded,2026-08-17T16:10:14.029767+00:00,"Run - Aug 17, 2026 at 21:38:16"
Q81,11,0.9321975254323869,degraded,2026-08-17T16:10:14.040270+00:00,"Run - Aug 17, 2026 at 21:38:16"
Q82,11,0.931407925432387,degraded,2026-08-17T16:10:14.056365+00:00,"Run - Aug 17, 2026 at 21:38:16"
Q83,11,0.930618325432387,degraded,2026-08-17T16:10:14.069690+00:00,"Run - Aug 17, 2026 at 21:38:16"
Q84,11,0.929828725432387,degraded,2026-08-17T16:10:14.086361+00:00,"Run - Aug 17, 2026 at 21:38:16"
Q85,11,0.9290391254323869,degraded,2026-08-17T16:10:14.111970+00:00,"Run - Aug 17, 2026 at 21:38:16"
Q86,11,0.928249525432387,degraded,2026-08-17T16:10:14.135156+00:00,"Run - Aug 17, 2026 at 21:38:16"
Q87,11,0.927459925432387,degraded,2026-08-17T16:10:14.170382+00:00,"Run - Aug 17, 2026 at 21:38:16"
Q88,11,0.9266703254323869,degraded,2026-08-17T16:10:14.196856+00:00,"Run - Aug 17, 2026 at 21:38:16"
Q89,11,0.925880725432387,degraded,2026-08-17T16:10:14.209146+00:00,"Run - Aug 17, 2026 at 21:38:16"
Q90,11,0.925091125432387,degraded,2026-08-17T16:10:14.224197+00:00,"Run - Aug 17, 2026 at 21:38:16"
Q91,11,0.924301525432387,degraded,2026-08-17T16:10:14.243263+00:00,"Run - Aug 17, 2026 at 21:38:16"
Q92,11,0.923511925432387,degraded,2026-08-17T16:10:14.251580+00:00,"Run - Aug 17, 2026 at 21:38:16"
Q93,11,0.9227223254323871,degraded,2026-08-17T16:10:14.258956+00:00,"Run - Aug 17, 2026 at 21:38:16"
Q94,11,0.9219327254323869,degraded,2026-08-17T16:10:14.267831+00:00,"Run - Aug 17, 2026 at 21:38:16"
Q95,11,0.921143125432387,degraded,2026-08-17T16:10:14.275662+00:00,"Run - Aug 17, 2026 at 21:38:16"
Q96,11,0.9203535254323869,degraded,2026-08-17T16:10:14.283310+00:00,"Run - Aug 17, 2026 at 21:38:16"
Q97,11,0.9195639254323871,degraded,2026-08-17T16:10:14.292578+00:00,"Run - Aug 17, 2026 at 21:38:16"
Q98,11,0.9187743254323869,degraded,2026-08-17T16:10:14.301958+00:00,"Run - Aug 17, 2026 at 21:38:16"
Q99,11,0.917984725432387,degraded,2026-08-17T16:10:14.313244+00:00,"Run - Aug 17, 2026 at 21:38:16"
Q100,11,0.9171951254323869,degraded,2026-08-17T16:10:14.323248+00:00,"Run - Aug 17, 2026 at 21:38:16"
Q101,11,0.9164055254323871,degraded,2026-08-17T16:10:14.335597+00:00,"Run - Aug 17, 2026 at 21:38:16"
Q102,11,0.915615925432387,degraded,2026-08-17T16:10:14.346174+00:00,"Run - Aug 17, 2026 at 21:38:16"
Q103,11,0.9148263254323871,degraded,2026-08-17T16:10:14.360258+00:00,"Run - Aug 17, 2026 at 21:38:16"
Q104,11,0.9140367254323869,degraded,2026-08-17T16:10:14.370205+00:00,"Run - Aug 17, 2026 at 21:38:16"
Q105,11,0.9132471254323871,degraded,2026-08-17T16:10:14.380740+00:00,"Run - Aug 17, 2026 at 21:38:16"
Q106,11,0.912457525432387,degraded,2026-08-17T16:10:14.389822+00:00,"Run - Aug 17, 2026 at 21:38:16"
Q107,11,0.9116679254323871,degraded,2026-08-17T16:10:14.402198+00:00,"Run - Aug 17, 2026 at 21:38:16"
Q108,11,0.9108783254323869,degraded,2026-08-17T16:10:14.411216+00:00,"Run - Aug 17, 2026 at 21:38:16"
Q109,11,0.9100887254323871,degraded,2026-08-17T16:10:14.420346+00:00,"Run - Aug 17, 2026 at 21:38:16"
Q110,11,0.909299125432387,degraded,2026-08-17T16:10:14.430901+00:00,"Run - Aug 17, 2026 at 21:38:16"
Q111,11,0.9085095254323869,degraded,2026-08-17T16:10:14.440603+00:00,"Run - Aug 17, 2026 at 21:38:16"
Q112,11,0.907719925432387,degraded,2026-08-17T16:10:14.452683+00:00,"Run - Aug 17, 2026 at 21:38:16"
Q113,11,0.906930325432387,degraded,2026-08-17T16:10:14.462498+00:00,"Run - Aug 17, 2026 at 21:38:16"
Q114,11,0.906140725432387,degraded,2026-08-17T16:10:14.470508+00:00,"Run - Aug 17, 2026 at 21:38:16"
Q115,11,0.9053511254323869,degraded,2026-08-17T16:10:14.481544+00:00,"Run - Aug 17, 2026 at 21:38:16"
Q116,11,0.9045615254323871,degraded,2026-08-17T16:10:14.489139+00:00,"Run - Aug 17, 2026 at 21:38:16"
Q117,11,0.9037719254323869,degraded,2026-08-17T16:10:14.498653+00:00,"Run - Aug 17, 2026 at 21:38:16"
Q118,11,0.902982325432387,degraded,2026-08-17T16:10:14.508921+00:00,"Run - Aug 17, 2026 at 21:38:16"
Q119,11,0.9021927254323869,degraded,2026-08-17T16:10:14.517994+00:00,"Run - Aug 17, 2026 at 21:38:16"
Q120,11,0.9014031254323871,degraded,2026-08-17T16:10:14.525991+00:00,"Run - Aug 17, 2026 at 21:38:16"
Q121,11,0.9006135254323869,degraded,2026-08-17T16:10:14.534905+00:00,"Run - Aug 17, 2026 at 21:38:16"
Q122,11,0.899823925432387,degraded,2026-08-17T16:10:14.544899+00:00,"Run - Aug 17, 2026 at 21:38:16"
Q123,11,0.8990343254323869,degraded,2026-08-17T16:10:14.553759+00:00,"Run - Aug 17, 2026 at 21:38:16"
Q124,11,0.8982447254323871,degraded,2026-08-17T16:10:14.564772+00:00,"Run - Aug 17, 2026 at 21:38:16"
Q125,11,0.8974551254323869,degraded,2026-08-17T16:10:14.575494+00:00,"Run - Aug 17, 2026 at 21:38:16"
Q126,11,0.8966655254323871,degraded,2026-08-17T16:10:14.585432+00:00,"Run - Aug 17, 2026 at 21:38:16"
Q127,11,0.8958759254323869,degraded,2026-08-17T16:10:14.598438+00:00,"Run - Aug 17, 2026 at 21:38:16"
Q128,11,0.8950863254323871,degraded,2026-08-17T16:10:14.607440+00:00,"Run - Aug 17, 2026 at 21:38:16"
Q129,11,0.894296725432387,degraded,2026-08-17T16:10:14.617721+00:00,"Run - Aug 17, 2026 at 21:38:16"
Q130,11,0.8935071254323871,degraded,2026-08-17T16:10:14.627323+00:00,"Run - Aug 17, 2026 at 21:38:16"
Q131,11,0.8927175254323869,degraded,2026-08-17T16:10:14.636327+00:00,"Run - Aug 17, 2026 at 21:38:16"
Q132,11,0.891927925432387,degraded,2026-08-17T16:10:14.646006+00:00,"Run - Aug 17, 2026 at 21:38:16"
Q0,12,0.9961352747743312,degraded,2026-08-17T16:10:24.343164+00:00,"Run - Aug 17, 2026 at 21:38:16"
Q1,12,0.9953420747743311,degraded,2026-08-17T16:10:24.352614+00:00,"Run - Aug 17, 2026 at 21:38:16"
Q2,12,0.9945488747743312,degraded,2026-08-17T16:10:24.362140+00:00,"Run - Aug 17, 2026 at 21:38:16"
Q3,12,0.9937556747743311,degraded,2026-08-17T16:10:24.370711+00:00,"Run - Aug 17, 2026 at 21:38:16"
Q4,12,0.9929624747743311,degraded,2026-08-17T16:10:24.379556+00:00,"Run - Aug 17, 2026 at 21:38:16"
Q5,12,0.9921692747743311,degraded,2026-08-17T16:10:24.388146+00:00,"Run - Aug 17, 2026 at 21:38:16"
Q6,12,0.9913760747743312,degraded,2026-08-17T16:10:24.398715+00:00,"Run - Aug 17, 2026 at 21:38:16"
Q7,12,0.990582874774331,degraded,2026-08-17T16:10:24.408332+00:00,"Run - Aug 17, 2026 at 21:38:16"
Q8,12,0.9897896747743312,degraded,2026-08-17T16:10:24.418368+00:00,"Run - Aug 17, 2026 at 21:38:16"
Q9,12,0.9889964747743312,degraded,2026-08-17T16:10:24.425654+00:00,"Run - Aug 17, 2026 at 21:38:16"
Q10,12,0.988203274774331,degraded,2026-08-17T16:10:24.434656+00:00,"Run - Aug 17, 2026 at 21:38:16"
Q11,12,0.9874100747743312,degraded,2026-08-17T16:10:24.443637+00:00,"Run - Aug 17, 2026 at 21:38:16"
Q12,12,0.9866168747743311,degraded,2026-08-17T16:10:24.452153+00:00,"Run - Aug 17, 2026 at 21:38:16"
Q13,12,0.9858236747743312,degraded,2026-08-17T16:10:24.461146+00:00,"Run - Aug 17, 2026 at 21:38:16"
Q14,12,0.9850304747743311,degraded,2026-08-17T16:10:24.468875+00:00,"Run - Aug 17, 2026 at 21:38:16"
Q15,12,0.9842372747743311,degraded,2026-08-17T16:10:24.477580+00:00,"Run - Aug 17, 2026 at 21:38:16"
Q16,12,0.9834440747743312,degraded,2026-08-17T16:10:24.486967+00:00,"Run - Aug 17, 2026 at 21:38:16"
Q17,12,0.9826508747743311,degraded,2026-08-17T16:10:24.496549+00:00,"Run - Aug 17, 2026 at 21:38:16"
Q18,12,0.9818576747743311,degraded,2026-08-17T16:10:24.504075+00:00,"Run - Aug 17, 2026 at 21:38:16"
Q19,12,0.9810644747743312,degraded,2026-08-17T16:10:24.513571+00:00,"Run - Aug 17, 2026 at 21:38:16"
Q20,12,0.9802712747743312,degraded,2026-08-17T16:10:24.524076+00:00,"Run - Aug 17, 2026 at 21:38:16"
Q21,12,0.979478074774331,degraded,2026-08-17T16:10:24.533287+00:00,"Run - Aug 17, 2026 at 21:38:16"
Q22,12,0.9786848747743312,degraded,2026-08-17T16:10:24.540285+00:00,"Run - Aug 17, 2026 at 21:38:16"
Q23,12,0.9778916747743311,degraded,2026-08-17T16:10:24.549566+00:00,"Run - Aug 17, 2026 at 21:38:16"
Q24,12,0.9770984747743311,degraded,2026-08-17T16:10:24.557581+00:00,"Run - Aug 17, 2026 at 21:38:16"
Q25,12,0.9763052747743312,degraded,2026-08-17T16:10:24.565580+00:00,"Run - Aug 17, 2026 at 21:38:16"
Q26,12,0.9755120747743311,degraded,2026-08-17T16:10:24.574120+00:00,"Run - Aug 17, 2026 at 21:38:16"
Q27,12,0.9747188747743312,degraded,2026-08-17T16:10:24.581537+00:00,"Run - Aug 17, 2026 at 21:38:16"
Q28,12,0.9739256747743311,degraded,2026-08-17T16:10:24.589625+00:00,"Run - Aug 17, 2026 at 21:38:16"
Q29,12,0.9731324747743311,degraded,2026-08-17T16:10:24.597597+00:00,"Run - Aug 17, 2026 at 21:38:16"
Q30,12,0.9723392747743311,degraded,2026-08-17T16:10:24.607207+00:00,"Run - Aug 17, 2026 at 21:38:16"
Q31,12,0.9715460747743311,degraded,2026-08-17T16:10:24.619185+00:00,"Run - Aug 17, 2026 at 21:38:16"
Q32,12,0.970752874774331,degraded,2026-08-17T16:10:24.626714+00:00,"Run - Aug 17, 2026 at 21:38:16"
Q33,12,0.9699596747743312,degraded,2026-08-17T16:10:24.636710+00:00,"Run - Aug 17, 2026 at 21:38:16"
Q34,12,0.9691664747743312,degraded,2026-08-17T16:10:24.645708+00:00,"Run - Aug 17, 2026 at 21:38:16"
Q35,12,0.9683732747743311,degraded,2026-08-17T16:10:24.655649+00:00,"Run - Aug 17, 2026 at 21:38:16"
Q36,12,0.9675800747743312,degraded,2026-08-17T16:10:24.663650+00:00,"Run - Aug 17, 2026 at 21:38:16"
Q37,12,0.9667868747743311,degraded,2026-08-17T16:10:24.673174+00:00,"Run - Aug 17, 2026 at 21:38:16"
Q38,12,0.9659936747743311,degraded,2026-08-17T16:10:24.682181+00:00,"Run - Aug 17, 2026 at 21:38:16"
Q39,12,0.9652004747743311,degraded,2026-08-17T16:10:24.690521+00:00,"Run - Aug 17, 2026 at 21:38:16"
Q40,12,0.9644072747743311,degraded,2026-08-17T16:10:24.698512+00:00,"Run - Aug 17, 2026 at 21:38:16"
Q41,12,0.9636140747743311,degraded,2026-08-17T16:10:24.708004+00:00,"Run - Aug 17, 2026 at 21:38:16"
Q42,12,0.9628208747743311,degraded,2026-08-17T16:10:24.720955+00:00,"Run - Aug 17, 2026 at 21:38:16"
Q43,12,0.962027674774331,degraded,2026-08-17T16:10:24.728492+00:00,"Run - Aug 17, 2026 at 21:38:16"
Q44,12,0.9612344747743311,degraded,2026-08-17T16:10:24.736996+00:00,"Run - Aug 17, 2026 at 21:38:16"
Q45,12,0.960441274774331,degraded,2026-08-17T16:10:24.744470+00:00,"Run - Aug 17, 2026 at 21:38:16"
Q46,12,0.9596480747743311,degraded,2026-08-17T16:10:24.752733+00:00,"Run - Aug 17, 2026 at 21:38:16"
Q47,12,0.9588548747743312,degraded,2026-08-17T16:10:24.762762+00:00,"Run - Aug 17, 2026 at 21:38:16"
Q48,12,0.9580616747743311,degraded,2026-08-17T16:10:24.772944+00:00,"Run - Aug 17, 2026 at 21:38:16"
Q49,12,0.9572684747743311,degraded,2026-08-17T16:10:24.782439+00:00,"Run - Aug 17, 2026 at 21:38:16"
Q50,12,0.9564752747743311,degraded,2026-08-17T16:10:24.790930+00:00,"Run - Aug 17, 2026 at 21:38:16"
Q51,12,0.9556820747743311,degraded,2026-08-17T16:10:24.800617+00:00,"Run - Aug 17, 2026 at 21:38:16"
Q52,12,0.9548888747743312,degraded,2026-08-17T16:10:24.808513+00:00,"Run - Aug 17, 2026 at 21:38:16"
Q53,12,0.9540956747743311,degraded,2026-08-17T16:10:24.817503+00:00,"Run - Aug 17, 2026 at 21:38:16"
Q54,12,0.953302474774331,degraded,2026-08-17T16:10:24.824027+00:00,"Run - Aug 17, 2026 at 21:38:16"
Q55,12,0.9525092747743311,degraded,2026-08-17T16:10:24.833193+00:00,"Run - Aug 17, 2026 at 21:38:16"
Q56,12,0.9517160747743311,degraded,2026-08-17T16:10:24.841119+00:00,"Run - Aug 17, 2026 at 21:38:16"
Q57,12,0.9509228747743311,degraded,2026-08-17T16:10:24.851902+00:00,"Run - Aug 17, 2026 at 21:38:16"
Q58,12,0.9501296747743311,degraded,2026-08-17T16:10:24.858905+00:00,"Run - Aug 17, 2026 at 21:38:16"
Q59,12,0.9493364747743311,degraded,2026-08-17T16:10:24.871250+00:00,"Run - Aug 17, 2026 at 21:38:16"
Q60,12,0.9485432747743311,degraded,2026-08-17T16:10:24.880078+00:00,"Run - Aug 17, 2026 at 21:38:16"
Q61,12,0.9477500747743312,degraded,2026-08-17T16:10:24.888712+00:00,"Run - Aug 17, 2026 at 21:38:16"
Q62,12,0.9469568747743311,degraded,2026-08-17T16:10:24.898896+00:00,"Run - Aug 17, 2026 at 21:38:16"
Q63,12,0.9461636747743312,degraded,2026-08-17T16:10:24.907910+00:00,"Run - Aug 17, 2026 at 21:38:16"
Q64,12,0.9453704747743311,degraded,2026-08-17T16:10:24.916265+00:00,"Run - Aug 17, 2026 at 21:38:16"
Q65,12,0.9445772747743311,degraded,2026-08-17T16:10:24.925116+00:00,"Run - Aug 17, 2026 at 21:38:16"
Q66,12,0.9437840747743311,degraded,2026-08-17T16:10:24.935857+00:00,"Run - Aug 17, 2026 at 21:38:16"
Q67,12,0.9429908747743311,degraded,2026-08-17T16:10:24.943857+00:00,"Run - Aug 17, 2026 at 21:38:16"
Q68,12,0.9421976747743311,degraded,2026-08-17T16:10:24.955854+00:00,"Run - Aug 17, 2026 at 21:38:16"
Q69,12,0.9414044747743311,degraded,2026-08-17T16:10:24.964869+00:00,"Run - Aug 17, 2026 at 21:38:16"
Q70,12,0.940611274774331,degraded,2026-08-17T16:10:24.973784+00:00,"Run - Aug 17, 2026 at 21:38:16"
Q71,12,0.9398180747743311,degraded,2026-08-17T16:10:24.982786+00:00,"Run - Aug 17, 2026 at 21:38:16"
Q72,12,0.939024874774331,degraded,2026-08-17T16:10:24.991770+00:00,"Run - Aug 17, 2026 at 21:38:16"
Q73,12,0.9382316747743311,degraded,2026-08-17T16:10:25.001772+00:00,"Run - Aug 17, 2026 at 21:38:16"
Q74,12,0.9374384747743312,degraded,2026-08-17T16:10:25.010940+00:00,"Run - Aug 17, 2026 at 21:38:16"
Q75,12,0.9366452747743311,degraded,2026-08-17T16:10:25.021637+00:00,"Run - Aug 17, 2026 at 21:38:16"
Q76,12,0.9358520747743311,degraded,2026-08-17T16:10:25.030878+00:00,"Run - Aug 17, 2026 at 21:38:16"
Q77,12,0.9350588747743311,degraded,2026-08-17T16:10:25.039382+00:00,"Run - Aug 17, 2026 at 21:38:16"
Q78,12,0.9342656747743311,degraded,2026-08-17T16:10:25.048648+00:00,"Run - Aug 17, 2026 at 21:38:16"
Q79,12,0.933472474774331,degraded,2026-08-17T16:10:25.055652+00:00,"Run - Aug 17, 2026 at 21:38:16"
Q80,12,0.9326792747743311,degraded,2026-08-17T16:10:25.065600+00:00,"Run - Aug 17, 2026 at 21:38:16"
Q81,12,0.931886074774331,degraded,2026-08-17T16:10:25.073041+00:00,"Run - Aug 17, 2026 at 21:38:16"
Q82,12,0.9310928747743311,degraded,2026-08-17T16:10:25.079148+00:00,"Run - Aug 17, 2026 at 21:38:16"
Q83,12,0.9302996747743311,degraded,2026-08-17T16:10:25.088353+00:00,"Run - Aug 17, 2026 at 21:38:16"
Q84,12,0.929506474774331,degraded,2026-08-17T16:10:25.098741+00:00,"Run - Aug 17, 2026 at 21:38:16"
Q85,12,0.9287132747743312,degraded,2026-08-17T16:10:25.108248+00:00,"Run - Aug 17, 2026 at 21:38:16"
Q86,12,0.927920074774331,degraded,2026-08-17T16:10:25.117539+00:00,"Run - Aug 17, 2026 at 21:38:16"
Q87,12,0.9271268747743311,degraded,2026-08-17T16:10:25.125243+00:00,"Run - Aug 17, 2026 at 21:38:16"
Q88,12,0.9263336747743312,degraded,2026-08-17T16:10:25.133779+00:00,"Run - Aug 17, 2026 at 21:38:16"
Q89,12,0.9255404747743311,degraded,2026-08-17T16:10:25.144430+00:00,"Run - Aug 17, 2026 at 21:38:16"
Q90,12,0.924747274774331,degraded,2026-08-17T16:10:25.151987+00:00,"Run - Aug 17, 2026 at 21:38:16"
Q91,12,0.9239540747743311,degraded,2026-08-17T16:10:25.161184+00:00,"Run - Aug 17, 2026 at 21:38:16"
Q92,12,0.9231608747743311,degraded,2026-08-17T16:10:25.204276+00:00,"Run - Aug 17, 2026 at 21:38:16"
Q93,12,0.922367674774331,degraded,2026-08-17T16:10:25.217934+00:00,"Run - Aug 17, 2026 at 21:38:16"
Q94,12,0.9215744747743311,degraded,2026-08-17T16:10:25.226047+00:00,"Run - Aug 17, 2026 at 21:38:16"
Q95,12,0.920781274774331,degraded,2026-08-17T16:10:25.235100+00:00,"Run - Aug 17, 2026 at 21:38:16"
Q96,12,0.9199880747743312,degraded,2026-08-17T16:10:25.242101+00:00,"Run - Aug 17, 2026 at 21:38:16"
Q97,12,0.919194874774331,degraded,2026-08-17T16:10:25.252993+00:00,"Run - Aug 17, 2026 at 21:38:16"
Q98,12,0.918401674774331,degraded,2026-08-17T16:10:25.261790+00:00,"Run - Aug 17, 2026 at 21:38:16"
Q99,12,0.9176084747743312,degraded,2026-08-17T16:10:25.269266+00:00,"Run - Aug 17, 2026 at 21:38:16"
Q100,12,0.916815274774331,degraded,2026-08-17T16:10:25.278126+00:00,"Run - Aug 17, 2026 at 21:38:16"
Q101,12,0.9160220747743311,degraded,2026-08-17T16:10:25.286626+00:00,"Run - Aug 17, 2026 at 21:38:16"
Q102,12,0.9152288747743311,degraded,2026-08-17T16:10:25.295006+00:00,"Run - Aug 17, 2026 at 21:38:16"
Q103,12,0.9144356747743311,degraded,2026-08-17T16:10:25.303418+00:00,"Run - Aug 17, 2026 at 21:38:16"
Q104,12,0.913642474774331,degraded,2026-08-17T16:10:25.312006+00:00,"Run - Aug 17, 2026 at 21:38:16"
Q105,12,0.9128492747743311,degraded,2026-08-17T16:10:25.321638+00:00,"Run - Aug 17, 2026 at 21:38:16"
Q106,12,0.912056074774331,degraded,2026-08-17T16:10:25.329162+00:00,"Run - Aug 17, 2026 at 21:38:16"
Q107,12,0.9112628747743312,degraded,2026-08-17T16:10:25.338366+00:00,"Run - Aug 17, 2026 at 21:38:16"
Q108,12,0.910469674774331,degraded,2026-08-17T16:10:25.346366+00:00,"Run - Aug 17, 2026 at 21:38:16"
Q109,12,0.9096764747743311,degraded,2026-08-17T16:10:25.355086+00:00,"Run - Aug 17, 2026 at 21:38:16"
Q110,12,0.9088832747743312,degraded,2026-08-17T16:10:25.365104+00:00,"Run - Aug 17, 2026 at 21:38:16"
Q111,12,0.908090074774331,degraded,2026-08-17T16:10:25.373850+00:00,"Run - Aug 17, 2026 at 21:38:16"
Q112,12,0.9072968747743311,degraded,2026-08-17T16:10:25.382589+00:00,"Run - Aug 17, 2026 at 21:38:16"
Q113,12,0.9065036747743311,degraded,2026-08-17T16:10:25.389753+00:00,"Run - Aug 17, 2026 at 21:38:16"
Q114,12,0.905710474774331,degraded,2026-08-17T16:10:25.399489+00:00,"Run - Aug 17, 2026 at 21:38:16"
Q115,12,0.9049172747743313,degraded,2026-08-17T16:10:25.406511+00:00,"Run - Aug 17, 2026 at 21:38:16"
Q116,12,0.9041240747743311,degraded,2026-08-17T16:10:25.417176+00:00,"Run - Aug 17, 2026 at 21:38:16"
Q117,12,0.903330874774331,degraded,2026-08-17T16:10:25.425607+00:00,"Run - Aug 17, 2026 at 21:38:16"
Q118,12,0.9025376747743312,degraded,2026-08-17T16:10:25.434569+00:00,"Run - Aug 17, 2026 at 21:38:16"
Q119,12,0.9017444747743311,degraded,2026-08-17T16:10:25.442413+00:00,"Run - Aug 17, 2026 at 21:38:16"
Q120,12,0.900951274774331,degraded,2026-08-17T16:10:25.450401+00:00,"Run - Aug 17, 2026 at 21:38:16"
Q121,12,0.9001580747743312,degraded,2026-08-17T16:10:25.460123+00:00,"Run - Aug 17, 2026 at 21:38:16"
Q122,12,0.899364874774331,degraded,2026-08-17T16:10:25.469733+00:00,"Run - Aug 17, 2026 at 21:38:16"
Q123,12,0.8985716747743313,degraded,2026-08-17T16:10:25.477086+00:00,"Run - Aug 17, 2026 at 21:38:16"
Q124,12,0.8977784747743311,degraded,2026-08-17T16:10:25.486191+00:00,"Run - Aug 17, 2026 at 21:38:16"
Q125,12,0.896985274774331,degraded,2026-08-17T16:10:25.494538+00:00,"Run - Aug 17, 2026 at 21:38:16"
Q126,12,0.8961920747743313,degraded,2026-08-17T16:10:25.503698+00:00,"Run - Aug 17, 2026 at 21:38:16"
Q127,12,0.8953988747743311,degraded,2026-08-17T16:10:25.512715+00:00,"Run - Aug 17, 2026 at 21:38:16"
Q128,12,0.894605674774331,degraded,2026-08-17T16:10:25.521720+00:00,"Run - Aug 17, 2026 at 21:38:16"
Q129,12,0.8938124747743312,degraded,2026-08-17T16:10:25.528247+00:00,"Run - Aug 17, 2026 at 21:38:16"
Q130,12,0.8930192747743311,degraded,2026-08-17T16:10:25.537658+00:00,"Run - Aug 17, 2026 at 21:38:16"
Q131,12,0.892226074774331,degraded,2026-08-17T16:10:25.546176+00:00,"Run - Aug 17, 2026 at 21:38:16"
Q132,12,0.8914328747743312,degraded,2026-08-17T16:10:25.555790+00:00,"Run - Aug 17, 2026 at 21:38:16"
Q0,13,0.9961159835791121,degraded,2026-08-17T16:10:35.955239+00:00,"Run - Aug 17, 2026 at 21:38:16"
Q1,13,0.9953191835791121,degraded,2026-08-17T16:10:35.965810+00:00,"Run - Aug 17, 2026 at 21:38:16"
Q2,13,0.9945223835791119,degraded,2026-08-17T16:10:35.972796+00:00,"Run - Aug 17, 2026 at 21:38:16"
Q3,13,0.9937255835791121,degraded,2026-08-17T16:10:35.980808+00:00,"Run - Aug 17, 2026 at 21:38:16"
Q4,13,0.9929287835791121,degraded,2026-08-17T16:10:35.988880+00:00,"Run - Aug 17, 2026 at 21:38:16"
Q5,13,0.992131983579112,degraded,2026-08-17T16:10:35.998883+00:00,"Run - Aug 17, 2026 at 21:38:16"
Q6,13,0.9913351835791121,degraded,2026-08-17T16:10:36.009419+00:00,"Run - Aug 17, 2026 at 21:38:16"
Q7,13,0.9905383835791121,degraded,2026-08-17T16:10:36.018031+00:00,"Run - Aug 17, 2026 at 21:38:16"
Q8,13,0.9897415835791121,degraded,2026-08-17T16:10:36.029290+00:00,"Run - Aug 17, 2026 at 21:38:16"
Q9,13,0.9889447835791121,degraded,2026-08-17T16:10:36.036308+00:00,"Run - Aug 17, 2026 at 21:38:16"
Q10,13,0.988147983579112,degraded,2026-08-17T16:10:36.045308+00:00,"Run - Aug 17, 2026 at 21:38:16"
Q11,13,0.987351183579112,degraded,2026-08-17T16:10:36.055130+00:00,"Run - Aug 17, 2026 at 21:38:16"
Q12,13,0.9865543835791122,degraded,2026-08-17T16:10:36.064859+00:00,"Run - Aug 17, 2026 at 21:38:16"
Q13,13,0.9857575835791121,degraded,2026-08-17T16:10:36.071825+00:00,"Run - Aug 17, 2026 at 21:38:16"
Q14,13,0.984960783579112,degraded,2026-08-17T16:10:36.081692+00:00,"Run - Aug 17, 2026 at 21:38:16"
Q15,13,0.9841639835791122,degraded,2026-08-17T16:10:36.087681+00:00,"Run - Aug 17, 2026 at 21:38:16"
Q16,13,0.9833671835791121,degraded,2026-08-17T16:10:36.096698+00:00,"Run - Aug 17, 2026 at 21:38:16"
Q17,13,0.9825703835791121,degraded,2026-08-17T16:10:36.106306+00:00,"Run - Aug 17, 2026 at 21:38:16"
Q18,13,0.9817735835791122,degraded,2026-08-17T16:10:36.117960+00:00,"Run - Aug 17, 2026 at 21:38:16"
Q19,13,0.9809767835791121,degraded,2026-08-17T16:10:36.126468+00:00,"Run - Aug 17, 2026 at 21:38:16"
Q20,13,0.9801799835791121,degraded,2026-08-17T16:10:36.140070+00:00,"Run - Aug 17, 2026 at 21:38:16"
Q21,13,0.979383183579112,degraded,2026-08-17T16:10:36.149117+00:00,"Run - Aug 17, 2026 at 21:38:16"
Q22,13,0.9785863835791121,degraded,2026-08-17T16:10:36.156555+00:00,"Run - Aug 17, 2026 at 21:38:16"
Q23,13,0.977789583579112,degraded,2026-08-17T16:10:36.167881+00:00,"Run - Aug 17, 2026 at 21:38:16"
Q24,13,0.9769927835791121,degraded,2026-08-17T16:10:36.178854+00:00,"Run - Aug 17, 2026 at 21:38:16"
Q25,13,0.9761959835791121,degraded,2026-08-17T16:10:36.186870+00:00,"Run - Aug 17, 2026 at 21:38:16"
Q26,13,0.975399183579112,degraded,2026-08-17T16:10:36.194900+00:00,"Run - Aug 17, 2026 at 21:38:16"
Q27,13,0.9746023835791122,degraded,2026-08-17T16:10:36.203417+00:00,"Run - Aug 17, 2026 at 21:38:16"
Q28,13,0.9738055835791122,degraded,2026-08-17T16:10:36.215431+00:00,"Run - Aug 17, 2026 at 21:38:16"
Q29,13,0.973008783579112,degraded,2026-08-17T16:10:36.226218+00:00,"Run - Aug 17, 2026 at 21:38:16"
Q30,13,0.9722119835791121,degraded,2026-08-17T16:10:36.235409+00:00,"Run - Aug 17, 2026 at 21:38:16"
Q31,13,0.9714151835791122,degraded,2026-08-17T16:10:36.268904+00:00,"Run - Aug 17, 2026 at 21:38:16"
Q32,13,0.9706183835791121,degraded,2026-08-17T16:10:36.278909+00:00,"Run - Aug 17, 2026 at 21:38:16"
Q33,13,0.969821583579112,degraded,2026-08-17T16:10:36.287204+00:00,"Run - Aug 17, 2026 at 21:38:16"
Q34,13,0.9690247835791121,degraded,2026-08-17T16:10:36.296873+00:00,"Run - Aug 17, 2026 at 21:38:16"
Q35,13,0.9682279835791121,degraded,2026-08-17T16:10:36.305237+00:00,"Run - Aug 17, 2026 at 21:38:16"
Q36,13,0.9674311835791121,degraded,2026-08-17T16:10:36.314242+00:00,"Run - Aug 17, 2026 at 21:38:16"
Q37,13,0.966634383579112,degraded,2026-08-17T16:10:36.324289+00:00,"Run - Aug 17, 2026 at 21:38:16"
Q38,13,0.9658375835791121,degraded,2026-08-17T16:10:36.333916+00:00,"Run - Aug 17, 2026 at 21:38:16"
Q39,13,0.9650407835791122,degraded,2026-08-17T16:10:36.343937+00:00,"Run - Aug 17, 2026 at 21:38:16"
Q40,13,0.9642439835791121,degraded,2026-08-17T16:10:36.351631+00:00,"Run - Aug 17, 2026 at 21:38:16"
Q41,13,0.9634471835791121,degraded,2026-08-17T16:10:36.362685+00:00,"Run - Aug 17, 2026 at 21:38:16"
Q42,13,0.962650383579112,degraded,2026-08-17T16:10:36.372251+00:00,"Run - Aug 17, 2026 at 21:38:16"
Q43,13,0.9618535835791122,degraded,2026-08-17T16:10:36.381947+00:00,"Run - Aug 17, 2026 at 21:38:16"
Q44,13,0.9610567835791122,degraded,2026-08-17T16:10:36.391216+00:00,"Run - Aug 17, 2026 at 21:38:16"
Q45,13,0.960259983579112,degraded,2026-08-17T16:10:36.400211+00:00,"Run - Aug 17, 2026 at 21:38:16"
Q46,13,0.9594631835791121,degraded,2026-08-17T16:10:36.407281+00:00,"Run - Aug 17, 2026 at 21:38:16"
Q47,13,0.9586663835791122,degraded,2026-08-17T16:10:36.417115+00:00,"Run - Aug 17, 2026 at 21:38:16"
Q48,13,0.9578695835791121,degraded,2026-08-17T16:10:36.426922+00:00,"Run - Aug 17, 2026 at 21:38:16"
Q49,13,0.957072783579112,degraded,2026-08-17T16:10:36.437447+00:00,"Run - Aug 17, 2026 at 21:38:16"
Q50,13,0.9562759835791121,degraded,2026-08-17T16:10:36.447175+00:00,"Run - Aug 17, 2026 at 21:38:16"
Q51,13,0.9554791835791121,degraded,2026-08-17T16:10:36.455192+00:00,"Run - Aug 17, 2026 at 21:38:16"
Q52,13,0.9546823835791121,degraded,2026-08-17T16:10:36.464674+00:00,"Run - Aug 17, 2026 at 21:38:16"
Q53,13,0.953885583579112,degraded,2026-08-17T16:10:36.476204+00:00,"Run - Aug 17, 2026 at 21:38:16"
Q54,13,0.9530887835791121,degraded,2026-08-17T16:10:36.485459+00:00,"Run - Aug 17, 2026 at 21:38:16"
Q55,13,0.9522919835791122,degraded,2026-08-17T16:10:36.494992+00:00,"Run - Aug 17, 2026 at 21:38:16"
Q56,13,0.9514951835791121,degraded,2026-08-17T16:10:36.507033+00:00,"Run - Aug 17, 2026 at 21:38:16"
Q57,13,0.9506983835791121,degraded,2026-08-17T16:10:36.518863+00:00,"Run - Aug 17, 2026 at 21:38:16"
Q58,13,0.949901583579112,degraded,2026-08-17T16:10:36.528143+00:00,"Run - Aug 17, 2026 at 21:38:16"
Q59,13,0.9491047835791122,degraded,2026-08-17T16:10:36.537522+00:00,"Run - Aug 17, 2026 at 21:38:16"
Q60,13,0.9483079835791122,degraded,2026-08-17T16:10:36.547646+00:00,"Run - Aug 17, 2026 at 21:38:16"
Q61,13,0.947511183579112,degraded,2026-08-17T16:10:36.556241+00:00,"Run - Aug 17, 2026 at 21:38:16"
Q62,13,0.9467143835791121,degraded,2026-08-17T16:10:36.565548+00:00,"Run - Aug 17, 2026 at 21:38:16"
Q63,13,0.9459175835791122,degraded,2026-08-17T16:10:36.572444+00:00,"Run - Aug 17, 2026 at 21:38:16"
Q64,13,0.9451207835791121,degraded,2026-08-17T16:10:36.580336+00:00,"Run - Aug 17, 2026 at 21:38:16"
Q65,13,0.944323983579112,degraded,2026-08-17T16:10:36.587629+00:00,"Run - Aug 17, 2026 at 21:38:16"
Q66,13,0.9435271835791121,degraded,2026-08-17T16:10:36.598130+00:00,"Run - Aug 17, 2026 at 21:38:16"
Q67,13,0.9427303835791121,degraded,2026-08-17T16:10:36.605871+00:00,"Run - Aug 17, 2026 at 21:38:16"
Q68,13,0.941933583579112,degraded,2026-08-17T16:10:36.615409+00:00,"Run - Aug 17, 2026 at 21:38:16"
Q69,13,0.941136783579112,degraded,2026-08-17T16:10:36.622813+00:00,"Run - Aug 17, 2026 at 21:38:16"
Q70,13,0.9403399835791121,degraded,2026-08-17T16:10:36.631910+00:00,"Run - Aug 17, 2026 at 21:38:16"
Q71,13,0.9395431835791122,degraded,2026-08-17T16:10:36.638646+00:00,"Run - Aug 17, 2026 at 21:38:16"
Q72,13,0.9387463835791121,degraded,2026-08-17T16:10:36.648918+00:00,"Run - Aug 17, 2026 at 21:38:16"
Q73,13,0.9379495835791121,degraded,2026-08-17T16:10:36.655812+00:00,"Run - Aug 17, 2026 at 21:38:16"
Q74,13,0.9371527835791122,degraded,2026-08-17T16:10:36.666236+00:00,"Run - Aug 17, 2026 at 21:38:16"
Q75,13,0.9363559835791121,degraded,2026-08-17T16:10:36.673230+00:00,"Run - Aug 17, 2026 at 21:38:16"
Q76,13,0.9355591835791122,degraded,2026-08-17T16:10:36.681624+00:00,"Run - Aug 17, 2026 at 21:38:16"
Q77,13,0.934762383579112,degraded,2026-08-17T16:10:36.689245+00:00,"Run - Aug 17, 2026 at 21:38:16"
Q78,13,0.9339655835791121,degraded,2026-08-17T16:10:36.699012+00:00,"Run - Aug 17, 2026 at 21:38:16"
Q79,13,0.933168783579112,degraded,2026-08-17T16:10:36.708206+00:00,"Run - Aug 17, 2026 at 21:38:16"
Q80,13,0.9323719835791121,degraded,2026-08-17T16:10:36.717190+00:00,"Run - Aug 17, 2026 at 21:38:16"
Q81,13,0.931575183579112,degraded,2026-08-17T16:10:36.725761+00:00,"Run - Aug 17, 2026 at 21:38:16"
Q82,13,0.9307783835791121,degraded,2026-08-17T16:10:36.733755+00:00,"Run - Aug 17, 2026 at 21:38:16"
Q83,13,0.9299815835791121,degraded,2026-08-17T16:10:36.740459+00:00,"Run - Aug 17, 2026 at 21:38:16"
Q84,13,0.929184783579112,degraded,2026-08-17T16:10:36.751199+00:00,"Run - Aug 17, 2026 at 21:38:16"
Q85,13,0.928387983579112,degraded,2026-08-17T16:10:36.759618+00:00,"Run - Aug 17, 2026 at 21:38:16"
Q86,13,0.9275911835791122,degraded,2026-08-17T16:10:36.768116+00:00,"Run - Aug 17, 2026 at 21:38:16"
Q87,13,0.9267943835791121,degraded,2026-08-17T16:10:36.775691+00:00,"Run - Aug 17, 2026 at 21:38:16"
Q88,13,0.9259975835791121,degraded,2026-08-17T16:10:36.783917+00:00,"Run - Aug 17, 2026 at 21:38:16"
Q89,13,0.9252007835791121,degraded,2026-08-17T16:10:36.792414+00:00,"Run - Aug 17, 2026 at 21:38:16"
Q90,13,0.924403983579112,degraded,2026-08-17T16:10:36.800401+00:00,"Run - Aug 17, 2026 at 21:38:16"
Q91,13,0.9236071835791121,degraded,2026-08-17T16:10:36.807901+00:00,"Run - Aug 17, 2026 at 21:38:16"
Q92,13,0.922810383579112,degraded,2026-08-17T16:10:36.817184+00:00,"Run - Aug 17, 2026 at 21:38:16"
Q93,13,0.9220135835791121,degraded,2026-08-17T16:10:36.826278+00:00,"Run - Aug 17, 2026 at 21:38:16"
Q94,13,0.9212167835791122,degraded,2026-08-17T16:10:36.832756+00:00,"Run - Aug 17, 2026 at 21:38:16"
Q95,13,0.920419983579112,degraded,2026-08-17T16:10:36.840198+00:00,"Run - Aug 17, 2026 at 21:38:16"
Q96,13,0.919623183579112,degraded,2026-08-17T16:10:36.850563+00:00,"Run - Aug 17, 2026 at 21:38:16"
Q97,13,0.918826383579112,degraded,2026-08-17T16:10:36.856982+00:00,"Run - Aug 17, 2026 at 21:38:16"
Q98,13,0.9180295835791121,degraded,2026-08-17T16:10:36.866592+00:00,"Run - Aug 17, 2026 at 21:38:16"
Q99,13,0.9172327835791121,degraded,2026-08-17T16:10:36.876202+00:00,"Run - Aug 17, 2026 at 21:38:16"
Q100,13,0.916435983579112,degraded,2026-08-17T16:10:36.883434+00:00,"Run - Aug 17, 2026 at 21:38:16"
Q101,13,0.915639183579112,degraded,2026-08-17T16:10:36.891847+00:00,"Run - Aug 17, 2026 at 21:38:16"
Q102,13,0.9148423835791122,degraded,2026-08-17T16:10:36.899699+00:00,"Run - Aug 17, 2026 at 21:38:16"
Q103,13,0.9140455835791121,degraded,2026-08-17T16:10:36.907335+00:00,"Run - Aug 17, 2026 at 21:38:16"
Q104,13,0.9132487835791121,degraded,2026-08-17T16:10:36.914853+00:00,"Run - Aug 17, 2026 at 21:38:16"
Q105,13,0.9124519835791121,degraded,2026-08-17T16:10:36.922366+00:00,"Run - Aug 17, 2026 at 21:38:16"
Q106,13,0.9116551835791122,degraded,2026-08-17T16:10:36.931172+00:00,"Run - Aug 17, 2026 at 21:38:16"
Q107,13,0.9108583835791121,degraded,2026-08-17T16:10:36.938447+00:00,"Run - Aug 17, 2026 at 21:38:16"
Q108,13,0.910061583579112,degraded,2026-08-17T16:10:36.948448+00:00,"Run - Aug 17, 2026 at 21:38:16"
Q109,13,0.909264783579112,degraded,2026-08-17T16:10:36.955675+00:00,"Run - Aug 17, 2026 at 21:38:16"
Q110,13,0.9084679835791122,degraded,2026-08-17T16:10:36.965208+00:00,"Run - Aug 17, 2026 at 21:38:16"
Q111,13,0.907671183579112,degraded,2026-08-17T16:10:36.973806+00:00,"Run - Aug 17, 2026 at 21:38:16"
Q112,13,0.906874383579112,degraded,2026-08-17T16:10:36.982853+00:00,"Run - Aug 17, 2026 at 21:38:16"
Q113,13,0.906077583579112,degraded,2026-08-17T16:10:36.992100+00:00,"Run - Aug 17, 2026 at 21:38:16"
Q114,13,0.9052807835791121,degraded,2026-08-17T16:10:37.000518+00:00,"Run - Aug 17, 2026 at 21:38:16"
Q115,13,0.9044839835791121,degraded,2026-08-17T16:10:37.009863+00:00,"Run - Aug 17, 2026 at 21:38:16"
Q116,13,0.903687183579112,degraded,2026-08-17T16:10:37.019382+00:00,"Run - Aug 17, 2026 at 21:38:16"
Q117,13,0.9028903835791121,degraded,2026-08-17T16:10:37.027930+00:00,"Run - Aug 17, 2026 at 21:38:16"
Q118,13,0.9020935835791122,degraded,2026-08-17T16:10:37.036604+00:00,"Run - Aug 17, 2026 at 21:38:16"
Q119,13,0.9012967835791121,degraded,2026-08-17T16:10:37.044487+00:00,"Run - Aug 17, 2026 at 21:38:16"
Q120,13,0.9004999835791121,degraded,2026-08-17T16:10:37.053718+00:00,"Run - Aug 17, 2026 at 21:38:16"
Q121,13,0.899703183579112,degraded,2026-08-17T16:10:37.059716+00:00,"Run - Aug 17, 2026 at 21:38:16"
Q122,13,0.8989063835791122,degraded,2026-08-17T16:10:37.069512+00:00,"Run - Aug 17, 2026 at 21:38:16"
Q123,13,0.8981095835791121,degraded,2026-08-17T16:10:37.077663+00:00,"Run - Aug 17, 2026 at 21:38:16"
Q124,13,0.897312783579112,degraded,2026-08-17T16:10:37.086446+00:00,"Run - Aug 17, 2026 at 21:38:16"
Q125,13,0.8965159835791122,degraded,2026-08-17T16:10:37.094763+00:00,"Run - Aug 17, 2026 at 21:38:16"
Q126,13,0.8957191835791122,degraded,2026-08-17T16:10:37.103609+00:00,"Run - Aug 17, 2026 at 21:38:16"
Q127,13,0.894922383579112,degraded,2026-08-17T16:10:37.110514+00:00,"Run - Aug 17, 2026 at 21:38:16"
Q128,13,0.894125583579112,degraded,2026-08-17T16:10:37.120081+00:00,"Run - Aug 17, 2026 at 21:38:16"
Q129,13,0.8933287835791122,degraded,2026-08-17T16:10:37.130799+00:00,"Run - Aug 17, 2026 at 21:38:16"
Q130,13,0.8925319835791121,degraded,2026-08-17T16:10:37.137786+00:00,"Run - Aug 17, 2026 at 21:38:16"
Q131,13,0.8917351835791121,degraded,2026-08-17T16:10:37.148994+00:00,"Run - Aug 17, 2026 at 21:38:16"
Q132,13,0.890938383579112,degraded,2026-08-17T16:10:37.156366+00:00,"Run - Aug 17, 2026 at 21:38:16"
Q0,14,0.996097270754494,degraded,2026-08-17T16:10:47.706691+00:00,"Run - Aug 17, 2026 at 21:38:16"
Q1,14,0.995296870754494,degraded,2026-08-17T16:10:47.716544+00:00,"Run - Aug 17, 2026 at 21:38:16"
Q2,14,0.9944964707544939,degraded,2026-08-17T16:10:47.725608+00:00,"Run - Aug 17, 2026 at 21:38:16"
Q3,14,0.9936960707544938,degraded,2026-08-17T16:10:47.734525+00:00,"Run - Aug 17, 2026 at 21:38:16"
Q4,14,0.992895670754494,degraded,2026-08-17T16:10:47.743585+00:00,"Run - Aug 17, 2026 at 21:38:16"
Q5,14,0.9920952707544939,degraded,2026-08-17T16:10:47.752902+00:00,"Run - Aug 17, 2026 at 21:38:16"
Q6,14,0.991294870754494,degraded,2026-08-17T16:10:47.762415+00:00,"Run - Aug 17, 2026 at 21:38:16"
Q7,14,0.990494470754494,degraded,2026-08-17T16:10:47.770328+00:00,"Run - Aug 17, 2026 at 21:38:16"
Q8,14,0.9896940707544939,degraded,2026-08-17T16:10:47.780774+00:00,"Run - Aug 17, 2026 at 21:38:16"
Q9,14,0.988893670754494,degraded,2026-08-17T16:10:47.789651+00:00,"Run - Aug 17, 2026 at 21:38:16"
Q10,14,0.9880932707544938,degraded,2026-08-17T16:10:47.798474+00:00,"Run - Aug 17, 2026 at 21:38:16"
Q11,14,0.9872928707544939,degraded,2026-08-17T16:10:47.806993+00:00,"Run - Aug 17, 2026 at 21:38:16"
Q12,14,0.986492470754494,degraded,2026-08-17T16:10:47.816114+00:00,"Run - Aug 17, 2026 at 21:38:16"
Q13,14,0.985692070754494,degraded,2026-08-17T16:10:47.824303+00:00,"Run - Aug 17, 2026 at 21:38:16"
Q14,14,0.9848916707544939,degraded,2026-08-17T16:10:47.833642+00:00,"Run - Aug 17, 2026 at 21:38:16"
Q15,14,0.984091270754494,degraded,2026-08-17T16:10:47.842251+00:00,"Run - Aug 17, 2026 at 21:38:16"
Q16,14,0.9832908707544938,degraded,2026-08-17T16:10:47.851231+00:00,"Run - Aug 17, 2026 at 21:38:16"
Q17,14,0.9824904707544939,degraded,2026-08-17T16:10:47.859761+00:00,"Run - Aug 17, 2026 at 21:38:16"
Q18,14,0.981690070754494,degraded,2026-08-17T16:10:47.868591+00:00,"Run - Aug 17, 2026 at 21:38:16"
Q19,14,0.9808896707544938,degraded,2026-08-17T16:10:47.878656+00:00,"Run - Aug 17, 2026 at 21:38:16"
Q20,14,0.9800892707544939,degraded,2026-08-17T16:10:47.886720+00:00,"Run - Aug 17, 2026 at 21:38:16"
Q21,14,0.979288870754494,degraded,2026-08-17T16:10:47.896719+00:00,"Run - Aug 17, 2026 at 21:38:16"
Q22,14,0.9784884707544939,degraded,2026-08-17T16:10:47.905934+00:00,"Run - Aug 17, 2026 at 21:38:16"
Q23,14,0.9776880707544939,degraded,2026-08-17T16:10:47.915661+00:00,"Run - Aug 17, 2026 at 21:38:16"
Q24,14,0.9768876707544939,degraded,2026-08-17T16:10:47.924192+00:00,"Run - Aug 17, 2026 at 21:38:16"
Q25,14,0.976087270754494,degraded,2026-08-17T16:10:47.933329+00:00,"Run - Aug 17, 2026 at 21:38:16"
Q26,14,0.9752868707544939,degraded,2026-08-17T16:10:47.942547+00:00,"Run - Aug 17, 2026 at 21:38:16"
Q27,14,0.974486470754494,degraded,2026-08-17T16:10:47.951329+00:00,"Run - Aug 17, 2026 at 21:38:16"
Q28,14,0.973686070754494,degraded,2026-08-17T16:10:47.961325+00:00,"Run - Aug 17, 2026 at 21:38:16"
Q29,14,0.972885670754494,degraded,2026-08-17T16:10:47.970737+00:00,"Run - Aug 17, 2026 at 21:38:16"
Q30,14,0.9720852707544939,degraded,2026-08-17T16:10:47.981054+00:00,"Run - Aug 17, 2026 at 21:38:16"
Q31,14,0.9712848707544939,degraded,2026-08-17T16:10:47.988066+00:00,"Run - Aug 17, 2026 at 21:38:16"
Q32,14,0.970484470754494,degraded,2026-08-17T16:10:47.998517+00:00,"Run - Aug 17, 2026 at 21:38:16"
Q33,14,0.9696840707544939,degraded,2026-08-17T16:10:48.008156+00:00,"Run - Aug 17, 2026 at 21:38:16"
Q34,14,0.9688836707544939,degraded,2026-08-17T16:10:48.017352+00:00,"Run - Aug 17, 2026 at 21:38:16"
Q35,14,0.968083270754494,degraded,2026-08-17T16:10:48.026253+00:00,"Run - Aug 17, 2026 at 21:38:16"
Q36,14,0.9672828707544939,degraded,2026-08-17T16:10:48.034590+00:00,"Run - Aug 17, 2026 at 21:38:16"
Q37,14,0.9664824707544939,degraded,2026-08-17T16:10:48.044496+00:00,"Run - Aug 17, 2026 at 21:38:16"
Q38,14,0.965682070754494,degraded,2026-08-17T16:10:48.051846+00:00,"Run - Aug 17, 2026 at 21:38:16"
Q39,14,0.9648816707544939,degraded,2026-08-17T16:10:48.061865+00:00,"Run - Aug 17, 2026 at 21:38:16"
Q40,14,0.9640812707544939,degraded,2026-08-17T16:10:48.070262+00:00,"Run - Aug 17, 2026 at 21:38:16"
Q41,14,0.963280870754494,degraded,2026-08-17T16:10:48.078553+00:00,"Run - Aug 17, 2026 at 21:38:16"
Q42,14,0.962480470754494,degraded,2026-08-17T16:10:48.087100+00:00,"Run - Aug 17, 2026 at 21:38:16"
Q43,14,0.9616800707544939,degraded,2026-08-17T16:10:48.096105+00:00,"Run - Aug 17, 2026 at 21:38:16"
Q44,14,0.960879670754494,degraded,2026-08-17T16:10:48.103102+00:00,"Run - Aug 17, 2026 at 21:38:16"
Q45,14,0.9600792707544938,degraded,2026-08-17T16:10:48.112121+00:00,"Run - Aug 17, 2026 at 21:38:16"
Q46,14,0.9592788707544939,degraded,2026-08-17T16:10:48.121119+00:00,"Run - Aug 17, 2026 at 21:38:16"
Q47,14,0.958478470754494,degraded,2026-08-17T16:10:48.130645+00:00,"Run - Aug 17, 2026 at 21:38:16"
Q48,14,0.9576780707544938,degraded,2026-08-17T16:10:48.141176+00:00,"Run - Aug 17, 2026 at 21:38:16"
Q49,14,0.9568776707544939,degraded,2026-08-17T16:10:48.155171+00:00,"Run - Aug 17, 2026 at 21:38:16"
Q50,14,0.956077270754494,degraded,2026-08-17T16:10:48.164719+00:00,"Run - Aug 17, 2026 at 21:38:16"
Q51,14,0.9552768707544939,degraded,2026-08-17T16:10:48.174744+00:00,"Run - Aug 17, 2026 at 21:38:16"
Q52,14,0.9544764707544939,degraded,2026-08-17T16:10:48.185259+00:00,"Run - Aug 17, 2026 at 21:38:16"
Q53,14,0.953676070754494,degraded,2026-08-17T16:10:48.192774+00:00,"Run - Aug 17, 2026 at 21:38:16"
Q54,14,0.9528756707544939,degraded,2026-08-17T16:10:48.202372+00:00,"Run - Aug 17, 2026 at 21:38:16"
Q55,14,0.9520752707544939,degraded,2026-08-17T16:10:48.212397+00:00,"Run - Aug 17, 2026 at 21:38:16"
Q56,14,0.951274870754494,degraded,2026-08-17T16:10:48.219390+00:00,"Run - Aug 17, 2026 at 21:38:16"
Q57,14,0.9504744707544939,degraded,2026-08-17T16:10:48.228526+00:00,"Run - Aug 17, 2026 at 21:38:16"
Q58,14,0.949674070754494,degraded,2026-08-17T16:10:48.236535+00:00,"Run - Aug 17, 2026 at 21:38:16"
Q59,14,0.9488736707544938,degraded,2026-08-17T16:10:48.246638+00:00,"Run - Aug 17, 2026 at 21:38:16"
Q60,14,0.9480732707544939,degraded,2026-08-17T16:10:48.254476+00:00,"Run - Aug 17, 2026 at 21:38:16"
Q61,14,0.947272870754494,degraded,2026-08-17T16:10:48.264373+00:00,"Run - Aug 17, 2026 at 21:38:16"
Q62,14,0.9464724707544939,degraded,2026-08-17T16:10:48.272643+00:00,"Run - Aug 17, 2026 at 21:38:16"
Q63,14,0.9456720707544939,degraded,2026-08-17T16:10:48.282683+00:00,"Run - Aug 17, 2026 at 21:38:16"
Q64,14,0.944871670754494,degraded,2026-08-17T16:10:48.289903+00:00,"Run - Aug 17, 2026 at 21:38:16"
Q65,14,0.9440712707544939,degraded,2026-08-17T16:10:48.299923+00:00,"Run - Aug 17, 2026 at 21:38:16"
Q66,14,0.9432708707544939,degraded,2026-08-17T16:10:48.309042+00:00,"Run - Aug 17, 2026 at 21:38:16"
Q67,14,0.9424704707544939,degraded,2026-08-17T16:10:48.318022+00:00,"Run - Aug 17, 2026 at 21:38:16"
Q68,14,0.9416700707544939,degraded,2026-08-17T16:10:48.327590+00:00,"Run - Aug 17, 2026 at 21:38:16"
Q69,14,0.9408696707544939,degraded,2026-08-17T16:10:48.335904+00:00,"Run - Aug 17, 2026 at 21:38:16"
Q70,14,0.940069270754494,degraded,2026-08-17T16:10:48.346910+00:00,"Run - Aug 17, 2026 at 21:38:16"
Q71,14,0.939268870754494,degraded,2026-08-17T16:10:48.354100+00:00,"Run - Aug 17, 2026 at 21:38:16"
Q72,14,0.9384684707544939,degraded,2026-08-17T16:10:48.362570+00:00,"Run - Aug 17, 2026 at 21:38:16"
Q73,14,0.9376680707544939,degraded,2026-08-17T16:10:48.372447+00:00,"Run - Aug 17, 2026 at 21:38:16"
Q74,14,0.9368676707544938,degraded,2026-08-17T16:10:48.382462+00:00,"Run - Aug 17, 2026 at 21:38:16"
Q75,14,0.9360672707544939,degraded,2026-08-17T16:10:48.392456+00:00,"Run - Aug 17, 2026 at 21:38:16"
Q76,14,0.935266870754494,degraded,2026-08-17T16:10:48.400453+00:00,"Run - Aug 17, 2026 at 21:38:16"
Q77,14,0.934466470754494,degraded,2026-08-17T16:10:48.407465+00:00,"Run - Aug 17, 2026 at 21:38:16"
Q78,14,0.9336660707544939,degraded,2026-08-17T16:10:48.416775+00:00,"Run - Aug 17, 2026 at 21:38:16"
Q79,14,0.9328656707544939,degraded,2026-08-17T16:10:48.430326+00:00,"Run - Aug 17, 2026 at 21:38:16"
Q80,14,0.9320652707544939,degraded,2026-08-17T16:10:48.440630+00:00,"Run - Aug 17, 2026 at 21:38:16"
Q81,14,0.9312648707544939,degraded,2026-08-17T16:10:48.453192+00:00,"Run - Aug 17, 2026 at 21:38:16"
Q82,14,0.9304644707544938,degraded,2026-08-17T16:10:48.464183+00:00,"Run - Aug 17, 2026 at 21:38:16"
Q83,14,0.9296640707544941,degraded,2026-08-17T16:10:48.471285+00:00,"Run - Aug 17, 2026 at 21:38:16"
Q84,14,0.9288636707544939,degraded,2026-08-17T16:10:48.481877+00:00,"Run - Aug 17, 2026 at 21:38:16"
Q85,14,0.928063270754494,degraded,2026-08-17T16:10:48.488875+00:00,"Run - Aug 17, 2026 at 21:38:16"
Q86,14,0.9272628707544939,degraded,2026-08-17T16:10:48.499043+00:00,"Run - Aug 17, 2026 at 21:38:16"
Q87,14,0.926462470754494,degraded,2026-08-17T16:10:48.506038+00:00,"Run - Aug 17, 2026 at 21:38:16"
Q88,14,0.9256620707544938,degraded,2026-08-17T16:10:48.516268+00:00,"Run - Aug 17, 2026 at 21:38:16"
Q89,14,0.9248616707544939,degraded,2026-08-17T16:10:48.524119+00:00,"Run - Aug 17, 2026 at 21:38:16"
Q90,14,0.924061270754494,degraded,2026-08-17T16:10:48.533651+00:00,"Run - Aug 17, 2026 at 21:38:16"
Q91,14,0.923260870754494,degraded,2026-08-17T16:10:48.540645+00:00,"Run - Aug 17, 2026 at 21:38:16"
Q92,14,0.9224604707544939,degraded,2026-08-17T16:10:48.549833+00:00,"Run - Aug 17, 2026 at 21:38:16"
Q93,14,0.921660070754494,degraded,2026-08-17T16:10:48.558312+00:00,"Run - Aug 17, 2026 at 21:38:16"
Q94,14,0.9208596707544938,degraded,2026-08-17T16:10:48.568310+00:00,"Run - Aug 17, 2026 at 21:38:16"
Q95,14,0.9200592707544939,degraded,2026-08-17T16:10:48.579436+00:00,"Run - Aug 17, 2026 at 21:38:16"
Q96,14,0.9192588707544938,degraded,2026-08-17T16:10:48.586605+00:00,"Run - Aug 17, 2026 at 21:38:16"
Q97,14,0.918458470754494,degraded,2026-08-17T16:10:48.597144+00:00,"Run - Aug 17, 2026 at 21:38:16"
Q98,14,0.917658070754494,degraded,2026-08-17T16:10:48.604159+00:00,"Run - Aug 17, 2026 at 21:38:16"
Q99,14,0.916857670754494,degraded,2026-08-17T16:10:48.613186+00:00,"Run - Aug 17, 2026 at 21:38:16"
Q100,14,0.9160572707544938,degraded,2026-08-17T16:10:48.622187+00:00,"Run - Aug 17, 2026 at 21:38:16"
Q101,14,0.9152568707544939,degraded,2026-08-17T16:10:48.632724+00:00,"Run - Aug 17, 2026 at 21:38:16"
Q102,14,0.9144564707544939,degraded,2026-08-17T16:10:48.643739+00:00,"Run - Aug 17, 2026 at 21:38:16"
Q103,14,0.9136560707544938,degraded,2026-08-17T16:10:48.651772+00:00,"Run - Aug 17, 2026 at 21:38:16"
Q104,14,0.9128556707544939,degraded,2026-08-17T16:10:48.663473+00:00,"Run - Aug 17, 2026 at 21:38:16"
Q105,14,0.912055270754494,degraded,2026-08-17T16:10:48.674469+00:00,"Run - Aug 17, 2026 at 21:38:16"
Q106,14,0.911254870754494,degraded,2026-08-17T16:10:48.686511+00:00,"Run - Aug 17, 2026 at 21:38:16"
Q107,14,0.9104544707544939,degraded,2026-08-17T16:10:48.697082+00:00,"Run - Aug 17, 2026 at 21:38:16"
Q108,14,0.9096540707544939,degraded,2026-08-17T16:10:48.708750+00:00,"Run - Aug 17, 2026 at 21:38:16"
Q109,14,0.9088536707544939,degraded,2026-08-17T16:10:48.717398+00:00,"Run - Aug 17, 2026 at 21:38:16"
Q110,14,0.9080532707544938,degraded,2026-08-17T16:10:48.728953+00:00,"Run - Aug 17, 2026 at 21:38:16"
Q111,14,0.907252870754494,degraded,2026-08-17T16:10:48.737135+00:00,"Run - Aug 17, 2026 at 21:38:16"
Q112,14,0.906452470754494,degraded,2026-08-17T16:10:48.756894+00:00,"Run - Aug 17, 2026 at 21:38:16"
Q113,14,0.9056520707544939,degraded,2026-08-17T16:10:48.813654+00:00,"Run - Aug 17, 2026 at 21:38:16"
Q114,14,0.9048516707544939,degraded,2026-08-17T16:10:48.868884+00:00,"Run - Aug 17, 2026 at 21:38:16"
Q115,14,0.9040512707544939,degraded,2026-08-17T16:10:48.928594+00:00,"Run - Aug 17, 2026 at 21:38:16"
Q116,14,0.9032508707544938,degraded,2026-08-17T16:10:49.006955+00:00,"Run - Aug 17, 2026 at 21:38:16"
Q117,14,0.9024504707544938,degraded,2026-08-17T16:10:49.052680+00:00,"Run - Aug 17, 2026 at 21:38:16"
Q118,14,0.9016500707544939,degraded,2026-08-17T16:10:49.097527+00:00,"Run - Aug 17, 2026 at 21:38:16"
Q119,14,0.900849670754494,degraded,2026-08-17T16:10:49.113149+00:00,"Run - Aug 17, 2026 at 21:38:16"
Q120,14,0.900049270754494,degraded,2026-08-17T16:10:49.122725+00:00,"Run - Aug 17, 2026 at 21:38:16"
Q121,14,0.8992488707544939,degraded,2026-08-17T16:10:49.133145+00:00,"Run - Aug 17, 2026 at 21:38:16"
Q122,14,0.898448470754494,degraded,2026-08-17T16:10:49.145455+00:00,"Run - Aug 17, 2026 at 21:38:16"
Q123,14,0.8976480707544938,degraded,2026-08-17T16:10:49.154656+00:00,"Run - Aug 17, 2026 at 21:38:16"
Q124,14,0.8968476707544939,degraded,2026-08-17T16:10:49.166973+00:00,"Run - Aug 17, 2026 at 21:38:16"
Q125,14,0.896047270754494,degraded,2026-08-17T16:10:49.217036+00:00,"Run - Aug 17, 2026 at 21:38:16"
Q126,14,0.895246870754494,degraded,2026-08-17T16:10:49.235240+00:00,"Run - Aug 17, 2026 at 21:38:16"
Q127,14,0.8944464707544939,degraded,2026-08-17T16:10:49.245670+00:00,"Run - Aug 17, 2026 at 21:38:16"
Q128,14,0.893646070754494,degraded,2026-08-17T16:10:49.253583+00:00,"Run - Aug 17, 2026 at 21:38:16"
Q129,14,0.8928456707544938,degraded,2026-08-17T16:10:49.264459+00:00,"Run - Aug 17, 2026 at 21:38:16"
Q130,14,0.8920452707544939,degraded,2026-08-17T16:10:49.272828+00:00,"Run - Aug 17, 2026 at 21:38:16"
Q131,14,0.8912448707544938,degraded,2026-08-17T16:10:49.282953+00:00,"Run - Aug 17, 2026 at 21:38:16"
Q132,14,0.8904444707544938,degraded,2026-08-17T16:10:49.291511+00:00,"Run - Aug 17, 2026 at 21:38:16"
Q0,15,0.9960791492608978,degraded,2026-08-17T16:11:00.300276+00:00,"Run - Aug 17, 2026 at 21:38:16"
Q1,15,0.9952751492608978,degraded,2026-08-17T16:11:00.306023+00:00,"Run - Aug 17, 2026 at 21:38:16"
Q2,15,0.9944711492608977,degraded,2026-08-17T16:11:00.315239+00:00,"Run - Aug 17, 2026 at 21:38:16"
Q3,15,0.9936671492608977,degraded,2026-08-17T16:11:00.322827+00:00,"Run - Aug 17, 2026 at 21:38:16"
Q4,15,0.9928631492608977,degraded,2026-08-17T16:11:00.330822+00:00,"Run - Aug 17, 2026 at 21:38:16"
Q5,15,0.9920591492608978,degraded,2026-08-17T16:11:00.336837+00:00,"Run - Aug 17, 2026 at 21:38:16"
Q6,15,0.9912551492608977,degraded,2026-08-17T16:11:00.345831+00:00,"Run - Aug 17, 2026 at 21:38:16"
Q7,15,0.9904511492608978,degraded,2026-08-17T16:11:00.354322+00:00,"Run - Aug 17, 2026 at 21:38:16"
Q8,15,0.9896471492608978,degraded,2026-08-17T16:11:00.364038+00:00,"Run - Aug 17, 2026 at 21:38:16"
Q9,15,0.9888431492608978,degraded,2026-08-17T16:11:00.370599+00:00,"Run - Aug 17, 2026 at 21:38:16"
Q10,15,0.9880391492608978,degraded,2026-08-17T16:11:00.379716+00:00,"Run - Aug 17, 2026 at 21:38:16"
Q11,15,0.9872351492608977,degraded,2026-08-17T16:11:00.387955+00:00,"Run - Aug 17, 2026 at 21:38:16"
Q12,15,0.9864311492608977,degraded,2026-08-17T16:11:00.395967+00:00,"Run - Aug 17, 2026 at 21:38:16"
Q13,15,0.9856271492608977,degraded,2026-08-17T16:11:00.404263+00:00,"Run - Aug 17, 2026 at 21:38:16"
Q14,15,0.9848231492608979,degraded,2026-08-17T16:11:00.411414+00:00,"Run - Aug 17, 2026 at 21:38:16"
Q15,15,0.9840191492608978,degraded,2026-08-17T16:11:00.418408+00:00,"Run - Aug 17, 2026 at 21:38:16"
Q16,15,0.9832151492608978,degraded,2026-08-17T16:11:00.426411+00:00,"Run - Aug 17, 2026 at 21:38:16"
Q17,15,0.9824111492608978,degraded,2026-08-17T16:11:00.432683+00:00,"Run - Aug 17, 2026 at 21:38:16"
Q18,15,0.9816071492608978,degraded,2026-08-17T16:11:00.437670+00:00,"Run - Aug 17, 2026 at 21:38:16"
Q19,15,0.9808031492608977,degraded,2026-08-17T16:11:00.447224+00:00,"Run - Aug 17, 2026 at 21:38:16"
Q20,15,0.9799991492608978,degraded,2026-08-17T16:11:00.456239+00:00,"Run - Aug 17, 2026 at 21:38:16"
Q21,15,0.9791951492608978,degraded,2026-08-17T16:11:00.464420+00:00,"Run - Aug 17, 2026 at 21:38:16"
Q22,15,0.9783911492608979,degraded,2026-08-17T16:11:00.473453+00:00,"Run - Aug 17, 2026 at 21:38:16"
Q23,15,0.9775871492608978,degraded,2026-08-17T16:11:00.480454+00:00,"Run - Aug 17, 2026 at 21:38:16"
Q24,15,0.9767831492608978,degraded,2026-08-17T16:11:00.487822+00:00,"Run - Aug 17, 2026 at 21:38:16"
Q25,15,0.9759791492608978,degraded,2026-08-17T16:11:00.496852+00:00,"Run - Aug 17, 2026 at 21:38:16"
Q26,15,0.9751751492608978,degraded,2026-08-17T16:11:00.506853+00:00,"Run - Aug 17, 2026 at 21:38:16"
Q27,15,0.9743711492608979,degraded,2026-08-17T16:11:00.514813+00:00,"Run - Aug 17, 2026 at 21:38:16"
Q28,15,0.9735671492608978,degraded,2026-08-17T16:11:00.521670+00:00,"Run - Aug 17, 2026 at 21:38:16"
Q29,15,0.9727631492608979,degraded,2026-08-17T16:11:00.529993+00:00,"Run - Aug 17, 2026 at 21:38:16"
Q30,15,0.9719591492608979,degraded,2026-08-17T16:11:00.539002+00:00,"Run - Aug 17, 2026 at 21:38:16"
Q31,15,0.9711551492608979,degraded,2026-08-17T16:11:00.546011+00:00,"Run - Aug 17, 2026 at 21:38:16"
Q32,15,0.9703511492608978,degraded,2026-08-17T16:11:00.554741+00:00,"Run - Aug 17, 2026 at 21:38:16"
Q33,15,0.9695471492608978,degraded,2026-08-17T16:11:00.564201+00:00,"Run - Aug 17, 2026 at 21:38:16"
Q34,15,0.9687431492608978,degraded,2026-08-17T16:11:00.573339+00:00,"Run - Aug 17, 2026 at 21:38:16"
Q35,15,0.9679391492608977,degraded,2026-08-17T16:11:00.581814+00:00,"Run - Aug 17, 2026 at 21:38:16"
Q36,15,0.9671351492608977,degraded,2026-08-17T16:11:00.589952+00:00,"Run - Aug 17, 2026 at 21:38:16"
Q37,15,0.9663311492608977,degraded,2026-08-17T16:11:00.597975+00:00,"Run - Aug 17, 2026 at 21:38:16"
Q38,15,0.9655271492608978,degraded,2026-08-17T16:11:00.621032+00:00,"Run - Aug 17, 2026 at 21:38:16"
Q39,15,0.9647231492608977,degraded,2026-08-17T16:11:00.630142+00:00,"Run - Aug 17, 2026 at 21:38:16"
Q40,15,0.9639191492608978,degraded,2026-08-17T16:11:00.637177+00:00,"Run - Aug 17, 2026 at 21:38:16"
Q41,15,0.9631151492608978,degraded,2026-08-17T16:11:00.646160+00:00,"Run - Aug 17, 2026 at 21:38:16"
Q42,15,0.9623111492608978,degraded,2026-08-17T16:11:00.652713+00:00,"Run - Aug 17, 2026 at 21:38:16"
Q43,15,0.9615071492608978,degraded,2026-08-17T16:11:00.659577+00:00,"Run - Aug 17, 2026 at 21:38:16"
Q44,15,0.9607031492608977,degraded,2026-08-17T16:11:00.667637+00:00,"Run - Aug 17, 2026 at 21:38:16"
Q45,15,0.9598991492608977,degraded,2026-08-17T16:11:00.677742+00:00,"Run - Aug 17, 2026 at 21:38:16"
Q46,15,0.9590951492608979,degraded,2026-08-17T16:11:00.685232+00:00,"Run - Aug 17, 2026 at 21:38:16"
Q47,15,0.9582911492608979,degraded,2026-08-17T16:11:00.695211+00:00,"Run - Aug 17, 2026 at 21:38:16"
Q48,15,0.9574871492608976,degraded,2026-08-17T16:11:00.702208+00:00,"Run - Aug 17, 2026 at 21:38:16"
Q49,15,0.9566831492608978,degraded,2026-08-17T16:11:00.709672+00:00,"Run - Aug 17, 2026 at 21:38:16"
Q50,15,0.9558791492608978,degraded,2026-08-17T16:11:00.718820+00:00,"Run - Aug 17, 2026 at 21:38:16"
Q51,15,0.9550751492608978,degraded,2026-08-17T16:11:00.726346+00:00,"Run - Aug 17, 2026 at 21:38:16"
Q52,15,0.9542711492608977,degraded,2026-08-17T16:11:00.734384+00:00,"Run - Aug 17, 2026 at 21:38:16"
Q53,15,0.9534671492608978,degraded,2026-08-17T16:11:00.740376+00:00,"Run - Aug 17, 2026 at 21:38:16"
Q54,15,0.9526631492608979,degraded,2026-08-17T16:11:00.750096+00:00,"Run - Aug 17, 2026 at 21:38:16"
Q55,15,0.9518591492608978,degraded,2026-08-17T16:11:00.758765+00:00,"Run - Aug 17, 2026 at 21:38:16"
Q56,15,0.9510551492608978,degraded,2026-08-17T16:11:00.767026+00:00,"Run - Aug 17, 2026 at 21:38:16"
Q57,15,0.9502511492608978,degraded,2026-08-17T16:11:00.773602+00:00,"Run - Aug 17, 2026 at 21:38:16"
Q58,15,0.9494471492608978,degraded,2026-08-17T16:11:00.782623+00:00,"Run - Aug 17, 2026 at 21:38:16"
Q59,15,0.9486431492608978,degraded,2026-08-17T16:11:00.792654+00:00,"Run - Aug 17, 2026 at 21:38:16"
Q60,15,0.9478391492608979,degraded,2026-08-17T16:11:00.800669+00:00,"Run - Aug 17, 2026 at 21:38:16"
Q61,15,0.9470351492608978,degraded,2026-08-17T16:11:00.810707+00:00,"Run - Aug 17, 2026 at 21:38:16"
Q62,15,0.9462311492608979,degraded,2026-08-17T16:11:00.817712+00:00,"Run - Aug 17, 2026 at 21:38:16"
Q63,15,0.9454271492608979,degraded,2026-08-17T16:11:00.825257+00:00,"Run - Aug 17, 2026 at 21:38:16"
Q64,15,0.9446231492608979,degraded,2026-08-17T16:11:00.833328+00:00,"Run - Aug 17, 2026 at 21:38:16"
Q65,15,0.9438191492608978,degraded,2026-08-17T16:11:00.840360+00:00,"Run - Aug 17, 2026 at 21:38:16"
Q66,15,0.9430151492608978,degraded,2026-08-17T16:11:00.849670+00:00,"Run - Aug 17, 2026 at 21:38:16"
Q67,15,0.9422111492608978,degraded,2026-08-17T16:11:00.859709+00:00,"Run - Aug 17, 2026 at 21:38:16"
Q68,15,0.9414071492608977,degraded,2026-08-17T16:11:00.867232+00:00,"Run - Aug 17, 2026 at 21:38:16"
Q69,15,0.9406031492608977,degraded,2026-08-17T16:11:00.875807+00:00,"Run - Aug 17, 2026 at 21:38:16"
Q70,15,0.9397991492608977,degraded,2026-08-17T16:11:00.883331+00:00,"Run - Aug 17, 2026 at 21:38:16"
Q71,15,0.9389951492608978,degraded,2026-08-17T16:11:00.893319+00:00,"Run - Aug 17, 2026 at 21:38:16"
Q72,15,0.9381911492608977,degraded,2026-08-17T16:11:00.900930+00:00,"Run - Aug 17, 2026 at 21:38:16"
Q73,15,0.9373871492608978,degraded,2026-08-17T16:11:00.911213+00:00,"Run - Aug 17, 2026 at 21:38:16"
Q74,15,0.9365831492608978,degraded,2026-08-17T16:11:00.919874+00:00,"Run - Aug 17, 2026 at 21:38:16"
Q75,15,0.9357791492608978,degraded,2026-08-17T16:11:00.928393+00:00,"Run - Aug 17, 2026 at 21:38:16"
Q76,15,0.9349751492608978,degraded,2026-08-17T16:11:00.936413+00:00,"Run - Aug 17, 2026 at 21:38:16"
Q77,15,0.9341711492608977,degraded,2026-08-17T16:11:00.945435+00:00,"Run - Aug 17, 2026 at 21:38:16"
Q78,15,0.9333671492608977,degraded,2026-08-17T16:11:00.954528+00:00,"Run - Aug 17, 2026 at 21:38:16"
Q79,15,0.9325631492608977,degraded,2026-08-17T16:11:00.963539+00:00,"Run - Aug 17, 2026 at 21:38:16"
Q80,15,0.9317591492608976,degraded,2026-08-17T16:11:00.972639+00:00,"Run - Aug 17, 2026 at 21:38:16"
Q81,15,0.9309551492608976,degraded,2026-08-17T16:11:00.979952+00:00,"Run - Aug 17, 2026 at 21:38:16"
Q82,15,0.9301511492608978,degraded,2026-08-17T16:11:00.985985+00:00,"Run - Aug 17, 2026 at 21:38:16"
Q83,15,0.9293471492608978,degraded,2026-08-17T16:11:00.995388+00:00,"Run - Aug 17, 2026 at 21:38:16"
Q84,15,0.9285431492608978,degraded,2026-08-17T16:11:01.003748+00:00,"Run - Aug 17, 2026 at 21:38:16"
Q85,15,0.9277391492608977,degraded,2026-08-17T16:11:01.015975+00:00,"Run - Aug 17, 2026 at 21:38:16"
Q86,15,0.9269351492608978,degraded,2026-08-17T16:11:01.023496+00:00,"Run - Aug 17, 2026 at 21:38:16"
Q87,15,0.9261311492608978,degraded,2026-08-17T16:11:01.031973+00:00,"Run - Aug 17, 2026 at 21:38:16"
Q88,15,0.9253271492608979,degraded,2026-08-17T16:11:01.041979+00:00,"Run - Aug 17, 2026 at 21:38:16"
Q89,15,0.9245231492608978,degraded,2026-08-17T16:11:01.049548+00:00,"Run - Aug 17, 2026 at 21:38:16"
Q90,15,0.9237191492608978,degraded,2026-08-17T16:11:01.056563+00:00,"Run - Aug 17, 2026 at 21:38:16"
Q91,15,0.9229151492608978,degraded,2026-08-17T16:11:01.066034+00:00,"Run - Aug 17, 2026 at 21:38:16"
Q92,15,0.9221111492608979,degraded,2026-08-17T16:11:01.073564+00:00,"Run - Aug 17, 2026 at 21:38:16"
Q93,15,0.9213071492608979,degraded,2026-08-17T16:11:01.082928+00:00,"Run - Aug 17, 2026 at 21:38:16"
Q94,15,0.9205031492608978,degraded,2026-08-17T16:11:01.089959+00:00,"Run - Aug 17, 2026 at 21:38:16"
Q95,15,0.9196991492608979,degraded,2026-08-17T16:11:01.098930+00:00,"Run - Aug 17, 2026 at 21:38:16"
Q96,15,0.9188951492608979,degraded,2026-08-17T16:11:01.107397+00:00,"Run - Aug 17, 2026 at 21:38:16"
Q97,15,0.9180911492608979,degraded,2026-08-17T16:11:01.116719+00:00,"Run - Aug 17, 2026 at 21:38:16"
Q98,15,0.9172871492608978,degraded,2026-08-17T16:11:01.126098+00:00,"Run - Aug 17, 2026 at 21:38:16"
Q99,15,0.9164831492608978,degraded,2026-08-17T16:11:01.133570+00:00,"Run - Aug 17, 2026 at 21:38:16"
Q100,15,0.9156791492608978,degraded,2026-08-17T16:11:01.144811+00:00,"Run - Aug 17, 2026 at 21:38:16"
Q101,15,0.9148751492608977,degraded,2026-08-17T16:11:01.151346+00:00,"Run - Aug 17, 2026 at 21:38:16"
Q102,15,0.9140711492608977,degraded,2026-08-17T16:11:01.162361+00:00,"Run - Aug 17, 2026 at 21:38:16"
Q103,15,0.9132671492608977,degraded,2026-08-17T16:11:01.206298+00:00,"Run - Aug 17, 2026 at 21:38:16"
Q104,15,0.9124631492608978,degraded,2026-08-17T16:11:01.219828+00:00,"Run - Aug 17, 2026 at 21:38:16"
Q105,15,0.9116591492608977,degraded,2026-08-17T16:11:01.230602+00:00,"Run - Aug 17, 2026 at 21:38:16"
Q106,15,0.9108551492608978,degraded,2026-08-17T16:11:01.238663+00:00,"Run - Aug 17, 2026 at 21:38:16"
Q107,15,0.9100511492608978,degraded,2026-08-17T16:11:01.248675+00:00,"Run - Aug 17, 2026 at 21:38:16"
Q108,15,0.9092471492608978,degraded,2026-08-17T16:11:01.258689+00:00,"Run - Aug 17, 2026 at 21:38:16"
Q109,15,0.9084431492608978,degraded,2026-08-17T16:11:01.266447+00:00,"Run - Aug 17, 2026 at 21:38:16"
Q110,15,0.9076391492608977,degraded,2026-08-17T16:11:01.275959+00:00,"Run - Aug 17, 2026 at 21:38:16"
Q111,15,0.9068351492608977,degraded,2026-08-17T16:11:01.285041+00:00,"Run - Aug 17, 2026 at 21:38:16"
Q112,15,0.9060311492608977,degraded,2026-08-17T16:11:01.295256+00:00,"Run - Aug 17, 2026 at 21:38:16"
Q113,15,0.9052271492608976,degraded,2026-08-17T16:11:01.301246+00:00,"Run - Aug 17, 2026 at 21:38:16"
Q114,15,0.9044231492608978,degraded,2026-08-17T16:11:01.310047+00:00,"Run - Aug 17, 2026 at 21:38:16"
Q115,15,0.9036191492608977,degraded,2026-08-17T16:11:01.318049+00:00,"Run - Aug 17, 2026 at 21:38:16"
Q116,15,0.9028151492608979,degraded,2026-08-17T16:11:01.327790+00:00,"Run - Aug 17, 2026 at 21:38:16"
Q117,15,0.9020111492608978,degraded,2026-08-17T16:11:01.337808+00:00,"Run - Aug 17, 2026 at 21:38:16"
Q118,15,0.9012071492608977,degraded,2026-08-17T16:11:01.349876+00:00,"Run - Aug 17, 2026 at 21:38:16"
Q119,15,0.9004031492608979,degraded,2026-08-17T16:11:01.359236+00:00,"Run - Aug 17, 2026 at 21:38:16"
Q120,15,0.8995991492608979,degraded,2026-08-17T16:11:01.367356+00:00,"Run - Aug 17, 2026 at 21:38:16"
Q121,15,0.8987951492608979,degraded,2026-08-17T16:11:01.378663+00:00,"Run - Aug 17, 2026 at 21:38:16"
Q122,15,0.8979911492608978,degraded,2026-08-17T16:11:01.386349+00:00,"Run - Aug 17, 2026 at 21:38:16"
Q123,15,0.8971871492608978,degraded,2026-08-17T16:11:01.395433+00:00,"Run - Aug 17, 2026 at 21:38:16"
Q124,15,0.8963831492608978,degraded,2026-08-17T16:11:01.402561+00:00,"Run - Aug 17, 2026 at 21:38:16"
Q125,15,0.8955791492608979,degraded,2026-08-17T16:11:01.412997+00:00,"Run - Aug 17, 2026 at 21:38:16"
Q126,15,0.8947751492608979,degraded,2026-08-17T16:11:01.422694+00:00,"Run - Aug 17, 2026 at 21:38:16"
Q127,15,0.8939711492608978,degraded,2026-08-17T16:11:01.432927+00:00,"Run - Aug 17, 2026 at 21:38:16"
Q128,15,0.8931671492608979,degraded,2026-08-17T16:11:01.443249+00:00,"Run - Aug 17, 2026 at 21:38:16"
Q129,15,0.8923631492608979,degraded,2026-08-17T16:11:01.453214+00:00,"Run - Aug 17, 2026 at 21:38:16"
Q130,15,0.8915591492608979,degraded,2026-08-17T16:11:01.464541+00:00,"Run - Aug 17, 2026 at 21:38:16"
Q131,15,0.8907551492608978,degraded,2026-08-17T16:11:01.472634+00:00,"Run - Aug 17, 2026 at 21:38:16"
Q132,15,0.8899511492608978,degraded,2026-08-17T16:11:01.482054+00:00,"Run - Aug 17, 2026 at 21:38:16"
Q0,16,0.9960616251473173,degraded,2026-08-17T16:11:13.703156+00:00,"Run - Aug 17, 2026 at 21:38:16"
Q1,16,0.9952540251473174,degraded,2026-08-17T16:11:13.713429+00:00,"Run - Aug 17, 2026 at 21:38:16"
Q2,16,0.9944464251473174,degraded,2026-08-17T16:11:13.724897+00:00,"Run - Aug 17, 2026 at 21:38:16"
Q3,16,0.9936388251473174,degraded,2026-08-17T16:11:13.735893+00:00,"Run - Aug 17, 2026 at 21:38:16"
Q4,16,0.9928312251473173,degraded,2026-08-17T16:11:13.745382+00:00,"Run - Aug 17, 2026 at 21:38:16"
Q5,16,0.9920236251473173,degraded,2026-08-17T16:11:13.759953+00:00,"Run - Aug 17, 2026 at 21:38:16"
Q6,16,0.9912160251473174,degraded,2026-08-17T16:11:13.770771+00:00,"Run - Aug 17, 2026 at 21:38:16"
Q7,16,0.9904084251473174,degraded,2026-08-17T16:11:13.785789+00:00,"Run - Aug 17, 2026 at 21:38:16"
Q8,16,0.9896008251473174,degraded,2026-08-17T16:11:13.797324+00:00,"Run - Aug 17, 2026 at 21:38:16"
Q9,16,0.9887932251473175,degraded,2026-08-17T16:11:13.808156+00:00,"Run - Aug 17, 2026 at 21:38:16"
Q10,16,0.9879856251473175,degraded,2026-08-17T16:11:13.817204+00:00,"Run - Aug 17, 2026 at 21:38:16"
Q11,16,0.9871780251473175,degraded,2026-08-17T16:11:13.827465+00:00,"Run - Aug 17, 2026 at 21:38:16"
Q12,16,0.9863704251473175,degraded,2026-08-17T16:11:13.838467+00:00,"Run - Aug 17, 2026 at 21:38:16"
Q13,16,0.9855628251473174,degraded,2026-08-17T16:11:13.846475+00:00,"Run - Aug 17, 2026 at 21:38:16"
Q14,16,0.9847552251473174,degraded,2026-08-17T16:11:13.857016+00:00,"Run - Aug 17, 2026 at 21:38:16"
Q15,16,0.9839476251473174,degraded,2026-08-17T16:11:13.866391+00:00,"Run - Aug 17, 2026 at 21:38:16"
Q16,16,0.9831400251473174,degraded,2026-08-17T16:11:13.875930+00:00,"Run - Aug 17, 2026 at 21:38:16"
Q17,16,0.9823324251473173,degraded,2026-08-17T16:11:13.888182+00:00,"Run - Aug 17, 2026 at 21:38:16"
Q18,16,0.9815248251473174,degraded,2026-08-17T16:11:13.897196+00:00,"Run - Aug 17, 2026 at 21:38:16"
Q19,16,0.9807172251473174,degraded,2026-08-17T16:11:13.906798+00:00,"Run - Aug 17, 2026 at 21:38:16"
Q20,16,0.9799096251473174,degraded,2026-08-17T16:11:13.916011+00:00,"Run - Aug 17, 2026 at 21:38:16"
Q21,16,0.9791020251473175,degraded,2026-08-17T16:11:13.926611+00:00,"Run - Aug 17, 2026 at 21:38:16"
Q22,16,0.9782944251473175,degraded,2026-08-17T16:11:13.937608+00:00,"Run - Aug 17, 2026 at 21:38:16"
Q23,16,0.9774868251473174,degraded,2026-08-17T16:11:13.947154+00:00,"Run - Aug 17, 2026 at 21:38:16"
Q24,16,0.9766792251473173,degraded,2026-08-17T16:11:13.961221+00:00,"Run - Aug 17, 2026 at 21:38:16"
Q25,16,0.9758716251473174,degraded,2026-08-17T16:11:13.971724+00:00,"Run - Aug 17, 2026 at 21:38:16"
Q26,16,0.9750640251473175,degraded,2026-08-17T16:11:13.982794+00:00,"Run - Aug 17, 2026 at 21:38:16"
Q27,16,0.9742564251473174,degraded,2026-08-17T16:11:13.990807+00:00,"Run - Aug 17, 2026 at 21:38:16"
Q28,16,0.9734488251473173,degraded,2026-08-17T16:11:14.002443+00:00,"Run - Aug 17, 2026 at 21:38:16"
Q29,16,0.9726412251473173,degraded,2026-08-17T16:11:14.013612+00:00,"Run - Aug 17, 2026 at 21:38:16"
Q30,16,0.9718336251473174,degraded,2026-08-17T16:11:14.023147+00:00,"Run - Aug 17, 2026 at 21:38:16"
Q31,16,0.9710260251473174,degraded,2026-08-17T16:11:14.033816+00:00,"Run - Aug 17, 2026 at 21:38:16"
Q32,16,0.9702184251473174,degraded,2026-08-17T16:11:14.044846+00:00,"Run - Aug 17, 2026 at 21:38:16"
Q33,16,0.9694108251473175,degraded,2026-08-17T16:11:14.055385+00:00,"Run - Aug 17, 2026 at 21:38:16"
Q34,16,0.9686032251473174,degraded,2026-08-17T16:11:14.066404+00:00,"Run - Aug 17, 2026 at 21:38:16"
Q35,16,0.9677956251473174,degraded,2026-08-17T16:11:14.075925+00:00,"Run - Aug 17, 2026 at 21:38:16"
Q36,16,0.9669880251473175,degraded,2026-08-17T16:11:14.085921+00:00,"Run - Aug 17, 2026 at 21:38:16"
Q37,16,0.9661804251473174,degraded,2026-08-17T16:11:14.094937+00:00,"Run - Aug 17, 2026 at 21:38:16"
Q38,16,0.9653728251473174,degraded,2026-08-17T16:11:14.104942+00:00,"Run - Aug 17, 2026 at 21:38:16"
Q39,16,0.9645652251473174,degraded,2026-08-17T16:11:14.115468+00:00,"Run - Aug 17, 2026 at 21:38:16"
Q40,16,0.9637576251473174,degraded,2026-08-17T16:11:14.124468+00:00,"Run - Aug 17, 2026 at 21:38:16"
Q41,16,0.9629500251473173,degraded,2026-08-17T16:11:14.134470+00:00,"Run - Aug 17, 2026 at 21:38:16"
Q42,16,0.9621424251473174,degraded,2026-08-17T16:11:14.142004+00:00,"Run - Aug 17, 2026 at 21:38:16"
Q43,16,0.9613348251473174,degraded,2026-08-17T16:11:14.151384+00:00,"Run - Aug 17, 2026 at 21:38:16"
Q44,16,0.9605272251473174,degraded,2026-08-17T16:11:14.159661+00:00,"Run - Aug 17, 2026 at 21:38:16"
Q45,16,0.9597196251473175,degraded,2026-08-17T16:11:14.167984+00:00,"Run - Aug 17, 2026 at 21:38:16"
Q46,16,0.9589120251473174,degraded,2026-08-17T16:11:14.178506+00:00,"Run - Aug 17, 2026 at 21:38:16"
Q47,16,0.9581044251473174,degraded,2026-08-17T16:11:14.187508+00:00,"Run - Aug 17, 2026 at 21:38:16"
Q48,16,0.9572968251473175,degraded,2026-08-17T16:11:14.195990+00:00,"Run - Aug 17, 2026 at 21:38:16"
Q49,16,0.9564892251473175,degraded,2026-08-17T16:11:14.203387+00:00,"Run - Aug 17, 2026 at 21:38:16"
Q50,16,0.9556816251473175,degraded,2026-08-17T16:11:14.210919+00:00,"Run - Aug 17, 2026 at 21:38:16"
Q51,16,0.9548740251473175,degraded,2026-08-17T16:11:14.219483+00:00,"Run - Aug 17, 2026 at 21:38:16"
Q52,16,0.9540664251473173,degraded,2026-08-17T16:11:14.228829+00:00,"Run - Aug 17, 2026 at 21:38:16"
Q53,16,0.9532588251473173,degraded,2026-08-17T16:11:14.237309+00:00,"Run - Aug 17, 2026 at 21:38:16"
Q54,16,0.9524512251473174,degraded,2026-08-17T16:11:14.246576+00:00,"Run - Aug 17, 2026 at 21:38:16"
Q55,16,0.9516436251473174,degraded,2026-08-17T16:11:14.254522+00:00,"Run - Aug 17, 2026 at 21:38:16"
Q56,16,0.9508360251473174,degraded,2026-08-17T16:11:14.263123+00:00,"Run - Aug 17, 2026 at 21:38:16"
Q57,16,0.9500284251473174,degraded,2026-08-17T16:11:14.273872+00:00,"Run - Aug 17, 2026 at 21:38:16"
Q58,16,0.9492208251473174,degraded,2026-08-17T16:11:14.282894+00:00,"Run - Aug 17, 2026 at 21:38:16"
Q59,16,0.9484132251473174,degraded,2026-08-17T16:11:14.291428+00:00,"Run - Aug 17, 2026 at 21:38:16"
Q60,16,0.9476056251473175,degraded,2026-08-17T16:11:14.300975+00:00,"Run - Aug 17, 2026 at 21:38:16"
Q61,16,0.9467980251473174,degraded,2026-08-17T16:11:14.311557+00:00,"Run - Aug 17, 2026 at 21:38:16"
Q62,16,0.9459904251473175,degraded,2026-08-17T16:11:14.319560+00:00,"Run - Aug 17, 2026 at 21:38:16"
Q63,16,0.9451828251473173,degraded,2026-08-17T16:11:14.330559+00:00,"Run - Aug 17, 2026 at 21:38:16"
Q64,16,0.9443752251473174,degraded,2026-08-17T16:11:14.340604+00:00,"Run - Aug 17, 2026 at 21:38:16"
Q65,16,0.9435676251473173,degraded,2026-08-17T16:11:14.350620+00:00,"Run - Aug 17, 2026 at 21:38:16"
Q66,16,0.9427600251473174,degraded,2026-08-17T16:11:14.359683+00:00,"Run - Aug 17, 2026 at 21:38:16"
Q67,16,0.9419524251473174,degraded,2026-08-17T16:11:14.369687+00:00,"Run - Aug 17, 2026 at 21:38:16"
Q68,16,0.9411448251473173,degraded,2026-08-17T16:11:14.378765+00:00,"Run - Aug 17, 2026 at 21:38:16"
Q69,16,0.9403372251473174,degraded,2026-08-17T16:11:14.386980+00:00,"Run - Aug 17, 2026 at 21:38:16"
Q70,16,0.9395296251473174,degraded,2026-08-17T16:11:14.396014+00:00,"Run - Aug 17, 2026 at 21:38:16"
Q71,16,0.9387220251473174,degraded,2026-08-17T16:11:14.404003+00:00,"Run - Aug 17, 2026 at 21:38:16"
Q72,16,0.9379144251473175,degraded,2026-08-17T16:11:14.414211+00:00,"Run - Aug 17, 2026 at 21:38:16"
Q73,16,0.9371068251473175,degraded,2026-08-17T16:11:14.422223+00:00,"Run - Aug 17, 2026 at 21:38:16"
Q74,16,0.9362992251473174,degraded,2026-08-17T16:11:14.430840+00:00,"Run - Aug 17, 2026 at 21:38:16"
Q75,16,0.9354916251473174,degraded,2026-08-17T16:11:14.437848+00:00,"Run - Aug 17, 2026 at 21:38:16"
Q76,16,0.9346840251473173,degraded,2026-08-17T16:11:14.446353+00:00,"Run - Aug 17, 2026 at 21:38:16"
Q77,16,0.9338764251473173,degraded,2026-08-17T16:11:14.454352+00:00,"Run - Aug 17, 2026 at 21:38:16"
Q78,16,0.9330688251473174,degraded,2026-08-17T16:11:14.464966+00:00,"Run - Aug 17, 2026 at 21:38:16"
Q79,16,0.9322612251473174,degraded,2026-08-17T16:11:14.473185+00:00,"Run - Aug 17, 2026 at 21:38:16"
Q80,16,0.9314536251473173,degraded,2026-08-17T16:11:14.483238+00:00,"Run - Aug 17, 2026 at 21:38:16"
Q81,16,0.9306460251473174,degraded,2026-08-17T16:11:14.492236+00:00,"Run - Aug 17, 2026 at 21:38:16"
Q82,16,0.9298384251473174,degraded,2026-08-17T16:11:14.501253+00:00,"Run - Aug 17, 2026 at 21:38:16"
Q83,16,0.9290308251473174,degraded,2026-08-17T16:11:14.510790+00:00,"Run - Aug 17, 2026 at 21:38:16"
Q84,16,0.9282232251473175,degraded,2026-08-17T16:11:14.518795+00:00,"Run - Aug 17, 2026 at 21:38:16"
Q85,16,0.9274156251473176,degraded,2026-08-17T16:11:14.527806+00:00,"Run - Aug 17, 2026 at 21:38:16"
Q86,16,0.9266080251473174,degraded,2026-08-17T16:11:14.535806+00:00,"Run - Aug 17, 2026 at 21:38:16"
Q87,16,0.9258004251473174,degraded,2026-08-17T16:11:14.544480+00:00,"Run - Aug 17, 2026 at 21:38:16"
Q88,16,0.9249928251473174,degraded,2026-08-17T16:11:14.553481+00:00,"Run - Aug 17, 2026 at 21:38:16"
Q89,16,0.9241852251473173,degraded,2026-08-17T16:11:14.562474+00:00,"Run - Aug 17, 2026 at 21:38:16"
Q90,16,0.9233776251473174,degraded,2026-08-17T16:11:14.570690+00:00,"Run - Aug 17, 2026 at 21:38:16"
Q91,16,0.9225700251473173,degraded,2026-08-17T16:11:14.579772+00:00,"Run - Aug 17, 2026 at 21:38:16"
Q92,16,0.9217624251473173,degraded,2026-08-17T16:11:14.587769+00:00,"Run - Aug 17, 2026 at 21:38:16"
Q93,16,0.9209548251473174,degraded,2026-08-17T16:11:14.596695+00:00,"Run - Aug 17, 2026 at 21:38:16"
Q94,16,0.9201472251473175,degraded,2026-08-17T16:11:14.604691+00:00,"Run - Aug 17, 2026 at 21:38:16"
Q95,16,0.9193396251473174,degraded,2026-08-17T16:11:14.613691+00:00,"Run - Aug 17, 2026 at 21:38:16"
Q96,16,0.9185320251473175,degraded,2026-08-17T16:11:14.621818+00:00,"Run - Aug 17, 2026 at 21:38:16"
Q97,16,0.9177244251473174,degraded,2026-08-17T16:11:14.630986+00:00,"Run - Aug 17, 2026 at 21:38:16"
Q98,16,0.9169168251473174,degraded,2026-08-17T16:11:14.638987+00:00,"Run - Aug 17, 2026 at 21:38:16"
Q99,16,0.9161092251473174,degraded,2026-08-17T16:11:14.648847+00:00,"Run - Aug 17, 2026 at 21:38:16"
Q100,16,0.9153016251473174,degraded,2026-08-17T16:11:14.657850+00:00,"Run - Aug 17, 2026 at 21:38:16"
Q101,16,0.9144940251473173,degraded,2026-08-17T16:11:14.666964+00:00,"Run - Aug 17, 2026 at 21:38:16"
Q102,16,0.9136864251473173,degraded,2026-08-17T16:11:14.676493+00:00,"Run - Aug 17, 2026 at 21:38:16"
Q103,16,0.9128788251473174,degraded,2026-08-17T16:11:14.685777+00:00,"Run - Aug 17, 2026 at 21:38:16"
Q104,16,0.9120712251473173,degraded,2026-08-17T16:11:14.695102+00:00,"Run - Aug 17, 2026 at 21:38:16"
Q105,16,0.9112636251473174,degraded,2026-08-17T16:11:14.706359+00:00,"Run - Aug 17, 2026 at 21:38:16"
Q106,16,0.9104560251473174,degraded,2026-08-17T16:11:14.715831+00:00,"Run - Aug 17, 2026 at 21:38:16"
Q107,16,0.9096484251473174,degraded,2026-08-17T16:11:14.724356+00:00,"Run - Aug 17, 2026 at 21:38:16"
Q108,16,0.9088408251473175,degraded,2026-08-17T16:11:14.733048+00:00,"Run - Aug 17, 2026 at 21:38:16"
Q109,16,0.9080332251473175,degraded,2026-08-17T16:11:14.742444+00:00,"Run - Aug 17, 2026 at 21:38:16"
Q110,16,0.9072256251473174,degraded,2026-08-17T16:11:14.750751+00:00,"Run - Aug 17, 2026 at 21:38:16"
Q111,16,0.9064180251473175,degraded,2026-08-17T16:11:14.759299+00:00,"Run - Aug 17, 2026 at 21:38:16"
Q112,16,0.9056104251473174,degraded,2026-08-17T16:11:14.767294+00:00,"Run - Aug 17, 2026 at 21:38:16"
Q113,16,0.9048028251473172,degraded,2026-08-17T16:11:14.776001+00:00,"Run - Aug 17, 2026 at 21:38:16"
Q114,16,0.9039952251473173,degraded,2026-08-17T16:11:14.786017+00:00,"Run - Aug 17, 2026 at 21:38:16"
Q115,16,0.9031876251473173,degraded,2026-08-17T16:11:14.794040+00:00,"Run - Aug 17, 2026 at 21:38:16"
Q116,16,0.9023800251473173,degraded,2026-08-17T16:11:14.808269+00:00,"Run - Aug 17, 2026 at 21:38:16"
Q117,16,0.9015724251473174,degraded,2026-08-17T16:11:14.818292+00:00,"Run - Aug 17, 2026 at 21:38:16"
Q118,16,0.9007648251473175,degraded,2026-08-17T16:11:14.829480+00:00,"Run - Aug 17, 2026 at 21:38:16"
Q119,16,0.8999572251473174,degraded,2026-08-17T16:11:14.844544+00:00,"Run - Aug 17, 2026 at 21:38:16"
Q120,16,0.8991496251473174,degraded,2026-08-17T16:11:14.853543+00:00,"Run - Aug 17, 2026 at 21:38:16"
Q121,16,0.8983420251473175,degraded,2026-08-17T16:11:14.863163+00:00,"Run - Aug 17, 2026 at 21:38:16"
Q122,16,0.8975344251473174,degraded,2026-08-17T16:11:14.871879+00:00,"Run - Aug 17, 2026 at 21:38:16"
Q123,16,0.8967268251473175,degraded,2026-08-17T16:11:14.881110+00:00,"Run - Aug 17, 2026 at 21:38:16"
Q124,16,0.8959192251473174,degraded,2026-08-17T16:11:14.892521+00:00,"Run - Aug 17, 2026 at 21:38:16"
Q125,16,0.8951116251473172,degraded,2026-08-17T16:11:14.900515+00:00,"Run - Aug 17, 2026 at 21:38:16"
Q126,16,0.8943040251473173,degraded,2026-08-17T16:11:14.909881+00:00,"Run - Aug 17, 2026 at 21:38:16"
Q127,16,0.8934964251473174,degraded,2026-08-17T16:11:14.918898+00:00,"Run - Aug 17, 2026 at 21:38:16"
Q128,16,0.8926888251473173,degraded,2026-08-17T16:11:14.928897+00:00,"Run - Aug 17, 2026 at 21:38:16"
Q129,16,0.8918812251473174,degraded,2026-08-17T16:11:14.935891+00:00,"Run - Aug 17, 2026 at 21:38:16"
Q130,16,0.8910736251473175,degraded,2026-08-17T16:11:14.944896+00:00,"Run - Aug 17, 2026 at 21:38:16"
Q131,16,0.8902660251473173,degraded,2026-08-17T16:11:14.952917+00:00,"Run - Aug 17, 2026 at 21:38:16"
Q132,16,0.8894584251473174,degraded,2026-08-17T16:11:14.961970+00:00,"Run - Aug 17, 2026 at 21:38:16"
Q0,17,0.9960446983053372,degraded,2026-08-17T16:11:26.709281+00:00,"Run - Aug 17, 2026 at 21:38:16"
Q1,17,0.995233498305337,degraded,2026-08-17T16:11:26.719331+00:00,"Run - Aug 17, 2026 at 21:38:16"
Q2,17,0.9944222983053371,degraded,2026-08-17T16:11:26.727825+00:00,"Run - Aug 17, 2026 at 21:38:16"
Q3,17,0.9936110983053372,degraded,2026-08-17T16:11:26.736825+00:00,"Run - Aug 17, 2026 at 21:38:16"
Q4,17,0.9927998983053372,degraded,2026-08-17T16:11:26.746003+00:00,"Run - Aug 17, 2026 at 21:38:16"
Q5,17,0.9919886983053372,degraded,2026-08-17T16:11:26.755145+00:00,"Run - Aug 17, 2026 at 21:38:16"
Q6,17,0.9911774983053371,degraded,2026-08-17T16:11:26.763145+00:00,"Run - Aug 17, 2026 at 21:38:16"
Q7,17,0.9903662983053372,degraded,2026-08-17T16:11:26.774146+00:00,"Run - Aug 17, 2026 at 21:38:16"
Q8,17,0.9895550983053372,degraded,2026-08-17T16:11:26.786171+00:00,"Run - Aug 17, 2026 at 21:38:16"
Q9,17,0.9887438983053372,degraded,2026-08-17T16:11:26.795653+00:00,"Run - Aug 17, 2026 at 21:38:16"
Q10,17,0.9879326983053371,degraded,2026-08-17T16:11:26.805156+00:00,"Run - Aug 17, 2026 at 21:38:16"
Q11,17,0.9871214983053371,degraded,2026-08-17T16:11:26.813146+00:00,"Run - Aug 17, 2026 at 21:38:16"
Q12,17,0.9863102983053371,degraded,2026-08-17T16:11:26.822295+00:00,"Run - Aug 17, 2026 at 21:38:16"
Q13,17,0.9854990983053371,degraded,2026-08-17T16:11:26.832248+00:00,"Run - Aug 17, 2026 at 21:38:16"
Q14,17,0.9846878983053372,degraded,2026-08-17T16:11:26.843523+00:00,"Run - Aug 17, 2026 at 21:38:16"
Q15,17,0.9838766983053371,degraded,2026-08-17T16:11:26.852794+00:00,"Run - Aug 17, 2026 at 21:38:16"
Q16,17,0.9830654983053372,degraded,2026-08-17T16:11:26.861814+00:00,"Run - Aug 17, 2026 at 21:38:16"
Q17,17,0.9822542983053371,degraded,2026-08-17T16:11:26.868825+00:00,"Run - Aug 17, 2026 at 21:38:16"
Q18,17,0.9814430983053372,degraded,2026-08-17T16:11:26.878956+00:00,"Run - Aug 17, 2026 at 21:38:16"
Q19,17,0.9806318983053373,degraded,2026-08-17T16:11:26.884955+00:00,"Run - Aug 17, 2026 at 21:38:16"
Q20,17,0.9798206983053371,degraded,2026-08-17T16:11:26.894497+00:00,"Run - Aug 17, 2026 at 21:38:16"
Q21,17,0.9790094983053372,degraded,2026-08-17T16:11:26.901495+00:00,"Run - Aug 17, 2026 at 21:38:16"
Q22,17,0.978198298305337,degraded,2026-08-17T16:11:26.912037+00:00,"Run - Aug 17, 2026 at 21:38:16"
Q23,17,0.9773870983053372,degraded,2026-08-17T16:11:26.921988+00:00,"Run - Aug 17, 2026 at 21:38:16"
Q24,17,0.9765758983053372,degraded,2026-08-17T16:11:26.929288+00:00,"Run - Aug 17, 2026 at 21:38:16"
Q25,17,0.9757646983053371,degraded,2026-08-17T16:11:26.939308+00:00,"Run - Aug 17, 2026 at 21:38:16"
Q26,17,0.9749534983053372,degraded,2026-08-17T16:11:26.948750+00:00,"Run - Aug 17, 2026 at 21:38:16"
Q27,17,0.9741422983053372,degraded,2026-08-17T16:11:26.959481+00:00,"Run - Aug 17, 2026 at 21:38:16"
Q28,17,0.9733310983053372,degraded,2026-08-17T16:11:26.967013+00:00,"Run - Aug 17, 2026 at 21:38:16"
Q29,17,0.9725198983053371,degraded,2026-08-17T16:11:26.978027+00:00,"Run - Aug 17, 2026 at 21:38:16"
Q30,17,0.9717086983053372,degraded,2026-08-17T16:11:26.986060+00:00,"Run - Aug 17, 2026 at 21:38:16"
Q31,17,0.9708974983053371,degraded,2026-08-17T16:11:26.995681+00:00,"Run - Aug 17, 2026 at 21:38:16"
Q32,17,0.9700862983053371,degraded,2026-08-17T16:11:27.014303+00:00,"Run - Aug 17, 2026 at 21:38:16"
Q33,17,0.9692750983053371,degraded,2026-08-17T16:11:27.028098+00:00,"Run - Aug 17, 2026 at 21:38:16"
Q34,17,0.9684638983053371,degraded,2026-08-17T16:11:27.039886+00:00,"Run - Aug 17, 2026 at 21:38:16"
Q35,17,0.9676526983053372,degraded,2026-08-17T16:11:27.048259+00:00,"Run - Aug 17, 2026 at 21:38:16"
Q36,17,0.9668414983053372,degraded,2026-08-17T16:11:27.059280+00:00,"Run - Aug 17, 2026 at 21:38:16"
Q37,17,0.966030298305337,degraded,2026-08-17T16:11:27.066821+00:00,"Run - Aug 17, 2026 at 21:38:16"
Q38,17,0.965219098305337,degraded,2026-08-17T16:11:27.076552+00:00,"Run - Aug 17, 2026 at 21:38:16"
Q39,17,0.9644078983053372,degraded,2026-08-17T16:11:27.083873+00:00,"Run - Aug 17, 2026 at 21:38:16"
Q40,17,0.9635966983053372,degraded,2026-08-17T16:11:27.093901+00:00,"Run - Aug 17, 2026 at 21:38:16"
Q41,17,0.9627854983053371,degraded,2026-08-17T16:11:27.100928+00:00,"Run - Aug 17, 2026 at 21:38:16"
Q42,17,0.9619742983053371,degraded,2026-08-17T16:11:27.110928+00:00,"Run - Aug 17, 2026 at 21:38:16"
Q43,17,0.9611630983053371,degraded,2026-08-17T16:11:27.118951+00:00,"Run - Aug 17, 2026 at 21:38:16"
Q44,17,0.9603518983053372,degraded,2026-08-17T16:11:27.128947+00:00,"Run - Aug 17, 2026 at 21:38:16"
Q45,17,0.9595406983053372,degraded,2026-08-17T16:11:27.135944+00:00,"Run - Aug 17, 2026 at 21:38:16"
Q46,17,0.9587294983053372,degraded,2026-08-17T16:11:27.145149+00:00,"Run - Aug 17, 2026 at 21:38:16"
Q47,17,0.957918298305337,degraded,2026-08-17T16:11:27.160591+00:00,"Run - Aug 17, 2026 at 21:38:16"
Q48,17,0.9571070983053371,degraded,2026-08-17T16:11:27.199093+00:00,"Run - Aug 17, 2026 at 21:38:16"
Q49,17,0.9562958983053371,degraded,2026-08-17T16:11:27.213807+00:00,"Run - Aug 17, 2026 at 21:38:16"
Q50,17,0.9554846983053371,degraded,2026-08-17T16:11:27.224826+00:00,"Run - Aug 17, 2026 at 21:38:16"
Q51,17,0.9546734983053371,degraded,2026-08-17T16:11:27.233276+00:00,"Run - Aug 17, 2026 at 21:38:16"
Q52,17,0.9538622983053371,degraded,2026-08-17T16:11:27.244280+00:00,"Run - Aug 17, 2026 at 21:38:16"
Q53,17,0.9530510983053371,degraded,2026-08-17T16:11:27.250467+00:00,"Run - Aug 17, 2026 at 21:38:16"
Q54,17,0.9522398983053371,degraded,2026-08-17T16:11:27.260358+00:00,"Run - Aug 17, 2026 at 21:38:16"
Q55,17,0.9514286983053372,degraded,2026-08-17T16:11:27.269512+00:00,"Run - Aug 17, 2026 at 21:38:16"
Q56,17,0.9506174983053373,degraded,2026-08-17T16:11:27.278536+00:00,"Run - Aug 17, 2026 at 21:38:16"
Q57,17,0.9498062983053371,degraded,2026-08-17T16:11:27.284532+00:00,"Run - Aug 17, 2026 at 21:38:16"
Q58,17,0.948995098305337,degraded,2026-08-17T16:11:27.293462+00:00,"Run - Aug 17, 2026 at 21:38:16"
Q59,17,0.9481838983053371,degraded,2026-08-17T16:11:27.301645+00:00,"Run - Aug 17, 2026 at 21:38:16"
Q60,17,0.9473726983053372,degraded,2026-08-17T16:11:27.310918+00:00,"Run - Aug 17, 2026 at 21:38:16"
Q61,17,0.9465614983053372,degraded,2026-08-17T16:11:27.319500+00:00,"Run - Aug 17, 2026 at 21:38:16"
Q62,17,0.9457502983053372,degraded,2026-08-17T16:11:27.328836+00:00,"Run - Aug 17, 2026 at 21:38:16"
Q63,17,0.9449390983053371,degraded,2026-08-17T16:11:27.334833+00:00,"Run - Aug 17, 2026 at 21:38:16"
Q64,17,0.9441278983053372,degraded,2026-08-17T16:11:27.344839+00:00,"Run - Aug 17, 2026 at 21:38:16"
Q65,17,0.9433166983053372,degraded,2026-08-17T16:11:27.356271+00:00,"Run - Aug 17, 2026 at 21:38:16"
Q66,17,0.9425054983053371,degraded,2026-08-17T16:11:27.363965+00:00,"Run - Aug 17, 2026 at 21:38:16"
Q67,17,0.9416942983053371,degraded,2026-08-17T16:11:27.374218+00:00,"Run - Aug 17, 2026 at 21:38:16"
Q68,17,0.9408830983053371,degraded,2026-08-17T16:11:27.381227+00:00,"Run - Aug 17, 2026 at 21:38:16"
Q69,17,0.9400718983053371,degraded,2026-08-17T16:11:27.390323+00:00,"Run - Aug 17, 2026 at 21:38:16"
Q70,17,0.9392606983053371,degraded,2026-08-17T16:11:27.397863+00:00,"Run - Aug 17, 2026 at 21:38:16"
Q71,17,0.9384494983053372,degraded,2026-08-17T16:11:27.405963+00:00,"Run - Aug 17, 2026 at 21:38:16"
Q72,17,0.9376382983053373,degraded,2026-08-17T16:11:27.413718+00:00,"Run - Aug 17, 2026 at 21:38:16"
Q73,17,0.9368270983053372,degraded,2026-08-17T16:11:27.423876+00:00,"Run - Aug 17, 2026 at 21:38:16"
Q74,17,0.936015898305337,degraded,2026-08-17T16:11:27.430257+00:00,"Run - Aug 17, 2026 at 21:38:16"
Q75,17,0.9352046983053371,degraded,2026-08-17T16:11:27.439266+00:00,"Run - Aug 17, 2026 at 21:38:16"
Q76,17,0.9343934983053372,degraded,2026-08-17T16:11:27.450318+00:00,"Run - Aug 17, 2026 at 21:38:16"
Q77,17,0.9335822983053372,degraded,2026-08-17T16:11:27.460685+00:00,"Run - Aug 17, 2026 at 21:38:16"
Q78,17,0.9327710983053372,degraded,2026-08-17T16:11:27.470100+00:00,"Run - Aug 17, 2026 at 21:38:16"
Q79,17,0.9319598983053371,degraded,2026-08-17T16:11:27.477506+00:00,"Run - Aug 17, 2026 at 21:38:16"
Q80,17,0.9311486983053372,degraded,2026-08-17T16:11:27.489168+00:00,"Run - Aug 17, 2026 at 21:38:16"
Q81,17,0.9303374983053372,degraded,2026-08-17T16:11:27.495716+00:00,"Run - Aug 17, 2026 at 21:38:16"
Q82,17,0.9295262983053372,degraded,2026-08-17T16:11:27.506800+00:00,"Run - Aug 17, 2026 at 21:38:16"
Q83,17,0.9287150983053372,degraded,2026-08-17T16:11:27.515390+00:00,"Run - Aug 17, 2026 at 21:38:16"
Q84,17,0.9279038983053371,degraded,2026-08-17T16:11:27.524397+00:00,"Run - Aug 17, 2026 at 21:38:16"
Q85,17,0.9270926983053371,degraded,2026-08-17T16:11:27.532376+00:00,"Run - Aug 17, 2026 at 21:38:16"
Q86,17,0.9262814983053371,degraded,2026-08-17T16:11:27.542173+00:00,"Run - Aug 17, 2026 at 21:38:16"
Q87,17,0.9254702983053371,degraded,2026-08-17T16:11:27.552279+00:00,"Run - Aug 17, 2026 at 21:38:16"
Q88,17,0.9246590983053371,degraded,2026-08-17T16:11:27.562555+00:00,"Run - Aug 17, 2026 at 21:38:16"
Q89,17,0.9238478983053371,degraded,2026-08-17T16:11:27.573101+00:00,"Run - Aug 17, 2026 at 21:38:16"
Q90,17,0.9230366983053371,degraded,2026-08-17T16:11:27.584186+00:00,"Run - Aug 17, 2026 at 21:38:16"
Q91,17,0.9222254983053372,degraded,2026-08-17T16:11:27.593799+00:00,"Run - Aug 17, 2026 at 21:38:16"
Q92,17,0.9214142983053373,degraded,2026-08-17T16:11:27.604817+00:00,"Run - Aug 17, 2026 at 21:38:16"
Q93,17,0.9206030983053373,degraded,2026-08-17T16:11:27.612458+00:00,"Run - Aug 17, 2026 at 21:38:16"
Q94,17,0.919791898305337,degraded,2026-08-17T16:11:27.619586+00:00,"Run - Aug 17, 2026 at 21:38:16"
Q95,17,0.9189806983053371,degraded,2026-08-17T16:11:27.629708+00:00,"Run - Aug 17, 2026 at 21:38:16"
Q96,17,0.9181694983053371,degraded,2026-08-17T16:11:27.640712+00:00,"Run - Aug 17, 2026 at 21:38:16"
Q97,17,0.9173582983053372,degraded,2026-08-17T16:11:27.647739+00:00,"Run - Aug 17, 2026 at 21:38:16"
Q98,17,0.9165470983053372,degraded,2026-08-17T16:11:27.657973+00:00,"Run - Aug 17, 2026 at 21:38:16"
Q99,17,0.915735898305337,degraded,2026-08-17T16:11:27.665530+00:00,"Run - Aug 17, 2026 at 21:38:16"
Q100,17,0.9149246983053372,degraded,2026-08-17T16:11:27.678436+00:00,"Run - Aug 17, 2026 at 21:38:16"
Q101,17,0.9141134983053372,degraded,2026-08-17T16:11:27.690435+00:00,"Run - Aug 17, 2026 at 21:38:16"
Q102,17,0.9133022983053372,degraded,2026-08-17T16:11:27.700488+00:00,"Run - Aug 17, 2026 at 21:38:16"
Q103,17,0.9124910983053373,degraded,2026-08-17T16:11:27.709955+00:00,"Run - Aug 17, 2026 at 21:38:16"
Q104,17,0.9116798983053371,degraded,2026-08-17T16:11:27.720372+00:00,"Run - Aug 17, 2026 at 21:38:16"
Q105,17,0.9108686983053371,degraded,2026-08-17T16:11:27.730640+00:00,"Run - Aug 17, 2026 at 21:38:16"
Q106,17,0.9100574983053371,degraded,2026-08-17T16:11:27.741165+00:00,"Run - Aug 17, 2026 at 21:38:16"
Q107,17,0.9092462983053372,degraded,2026-08-17T16:11:27.750713+00:00,"Run - Aug 17, 2026 at 21:38:16"
Q108,17,0.9084350983053372,degraded,2026-08-17T16:11:27.761846+00:00,"Run - Aug 17, 2026 at 21:38:16"
Q109,17,0.9076238983053371,degraded,2026-08-17T16:11:27.772252+00:00,"Run - Aug 17, 2026 at 21:38:16"
Q110,17,0.9068126983053371,degraded,2026-08-17T16:11:27.782011+00:00,"Run - Aug 17, 2026 at 21:38:16"
Q111,17,0.906001498305337,degraded,2026-08-17T16:11:27.793373+00:00,"Run - Aug 17, 2026 at 21:38:16"
Q112,17,0.9051902983053371,degraded,2026-08-17T16:11:27.804802+00:00,"Run - Aug 17, 2026 at 21:38:16"
Q113,17,0.9043790983053372,degraded,2026-08-17T16:11:27.813794+00:00,"Run - Aug 17, 2026 at 21:38:16"
Q114,17,0.9035678983053372,degraded,2026-08-17T16:11:27.825189+00:00,"Run - Aug 17, 2026 at 21:38:16"
Q115,17,0.902756698305337,degraded,2026-08-17T16:11:27.834224+00:00,"Run - Aug 17, 2026 at 21:38:16"
Q116,17,0.9019454983053372,degraded,2026-08-17T16:11:27.847211+00:00,"Run - Aug 17, 2026 at 21:38:16"
Q117,17,0.9011342983053372,degraded,2026-08-17T16:11:27.859226+00:00,"Run - Aug 17, 2026 at 21:38:16"
Q118,17,0.9003230983053372,degraded,2026-08-17T16:11:27.869662+00:00,"Run - Aug 17, 2026 at 21:38:16"
Q119,17,0.8995118983053372,degraded,2026-08-17T16:11:27.878681+00:00,"Run - Aug 17, 2026 at 21:38:16"
Q120,17,0.898700698305337,degraded,2026-08-17T16:11:27.889685+00:00,"Run - Aug 17, 2026 at 21:38:16"
Q121,17,0.8978894983053372,degraded,2026-08-17T16:11:27.898460+00:00,"Run - Aug 17, 2026 at 21:38:16"
Q122,17,0.8970782983053371,degraded,2026-08-17T16:11:27.909815+00:00,"Run - Aug 17, 2026 at 21:38:16"
Q123,17,0.8962670983053371,degraded,2026-08-17T16:11:27.917734+00:00,"Run - Aug 17, 2026 at 21:38:16"
Q124,17,0.8954558983053372,degraded,2026-08-17T16:11:27.926999+00:00,"Run - Aug 17, 2026 at 21:38:16"
Q125,17,0.8946446983053371,degraded,2026-08-17T16:11:27.934516+00:00,"Run - Aug 17, 2026 at 21:38:16"
Q126,17,0.8938334983053371,degraded,2026-08-17T16:11:27.944597+00:00,"Run - Aug 17, 2026 at 21:38:16"
Q127,17,0.8930222983053371,degraded,2026-08-17T16:11:27.958669+00:00,"Run - Aug 17, 2026 at 21:38:16"
Q128,17,0.8922110983053372,degraded,2026-08-17T16:11:27.966042+00:00,"Run - Aug 17, 2026 at 21:38:16"
Q129,17,0.8913998983053373,degraded,2026-08-17T16:11:27.975644+00:00,"Run - Aug 17, 2026 at 21:38:16"
Q130,17,0.890588698305337,degraded,2026-08-17T16:11:27.983655+00:00,"Run - Aug 17, 2026 at 21:38:16"
Q131,17,0.889777498305337,degraded,2026-08-17T16:11:27.993639+00:00,"Run - Aug 17, 2026 at 21:38:16"
Q132,17,0.8889662983053371,degraded,2026-08-17T16:11:28.002899+00:00,"Run - Aug 17, 2026 at 21:38:16"
Q0,18,0.9960283664087566,degraded,2026-08-17T16:11:39.678870+00:00,"Run - Aug 17, 2026 at 21:38:16"
Q1,18,0.9952135664087565,degraded,2026-08-17T16:11:39.689447+00:00,"Run - Aug 17, 2026 at 21:38:16"
Q2,18,0.9943987664087566,degraded,2026-08-17T16:11:39.699494+00:00,"Run - Aug 17, 2026 at 21:38:16"
Q3,18,0.9935839664087565,degraded,2026-08-17T16:11:39.708496+00:00,"Run - Aug 17, 2026 at 21:38:16"
Q4,18,0.9927691664087565,degraded,2026-08-17T16:11:39.718126+00:00,"Run - Aug 17, 2026 at 21:38:16"
Q5,18,0.9919543664087566,degraded,2026-08-17T16:11:39.726581+00:00,"Run - Aug 17, 2026 at 21:38:16"
Q6,18,0.9911395664087566,degraded,2026-08-17T16:11:39.735891+00:00,"Run - Aug 17, 2026 at 21:38:16"
Q7,18,0.9903247664087564,degraded,2026-08-17T16:11:39.745801+00:00,"Run - Aug 17, 2026 at 21:38:16"
Q8,18,0.9895099664087565,degraded,2026-08-17T16:11:39.756038+00:00,"Run - Aug 17, 2026 at 21:38:16"
Q9,18,0.9886951664087564,degraded,2026-08-17T16:11:39.765003+00:00,"Run - Aug 17, 2026 at 21:38:16"
Q10,18,0.9878803664087564,degraded,2026-08-17T16:11:39.774465+00:00,"Run - Aug 17, 2026 at 21:38:16"
Q11,18,0.9870655664087564,degraded,2026-08-17T16:11:39.782168+00:00,"Run - Aug 17, 2026 at 21:38:16"
Q12,18,0.9862507664087565,degraded,2026-08-17T16:11:39.792547+00:00,"Run - Aug 17, 2026 at 21:38:16"
Q13,18,0.9854359664087565,degraded,2026-08-17T16:11:39.802753+00:00,"Run - Aug 17, 2026 at 21:38:16"
Q14,18,0.9846211664087565,degraded,2026-08-17T16:11:39.811761+00:00,"Run - Aug 17, 2026 at 21:38:16"
Q15,18,0.9838063664087566,degraded,2026-08-17T16:11:39.824325+00:00,"Run - Aug 17, 2026 at 21:38:16"
Q16,18,0.9829915664087565,degraded,2026-08-17T16:11:39.837128+00:00,"Run - Aug 17, 2026 at 21:38:16"
Q17,18,0.9821767664087564,degraded,2026-08-17T16:11:39.848563+00:00,"Run - Aug 17, 2026 at 21:38:16"
Q18,18,0.9813619664087565,degraded,2026-08-17T16:11:39.859560+00:00,"Run - Aug 17, 2026 at 21:38:16"
Q19,18,0.9805471664087566,degraded,2026-08-17T16:11:39.869713+00:00,"Run - Aug 17, 2026 at 21:38:16"
Q20,18,0.9797323664087565,degraded,2026-08-17T16:11:39.880213+00:00,"Run - Aug 17, 2026 at 21:38:16"
Q21,18,0.9789175664087566,degraded,2026-08-17T16:11:39.891256+00:00,"Run - Aug 17, 2026 at 21:38:16"
Q22,18,0.9781027664087566,degraded,2026-08-17T16:11:39.901838+00:00,"Run - Aug 17, 2026 at 21:38:16"
Q23,18,0.9772879664087564,degraded,2026-08-17T16:11:39.911531+00:00,"Run - Aug 17, 2026 at 21:38:16"
Q24,18,0.9764731664087565,degraded,2026-08-17T16:11:39.922386+00:00,"Run - Aug 17, 2026 at 21:38:16"
Q25,18,0.9756583664087566,degraded,2026-08-17T16:11:39.931836+00:00,"Run - Aug 17, 2026 at 21:38:16"
Q26,18,0.9748435664087565,degraded,2026-08-17T16:11:39.941236+00:00,"Run - Aug 17, 2026 at 21:38:16"
Q27,18,0.9740287664087566,degraded,2026-08-17T16:11:39.951233+00:00,"Run - Aug 17, 2026 at 21:38:16"
Q28,18,0.9732139664087565,degraded,2026-08-17T16:11:39.961354+00:00,"Run - Aug 17, 2026 at 21:38:16"
Q29,18,0.9723991664087566,degraded,2026-08-17T16:11:39.971354+00:00,"Run - Aug 17, 2026 at 21:38:16"
Q30,18,0.9715843664087565,degraded,2026-08-17T16:11:39.981813+00:00,"Run - Aug 17, 2026 at 21:38:16"
Q31,18,0.9707695664087566,degraded,2026-08-17T16:11:39.991433+00:00,"Run - Aug 17, 2026 at 21:38:16"
Q32,18,0.9699547664087567,degraded,2026-08-17T16:11:40.004060+00:00,"Run - Aug 17, 2026 at 21:38:16"
Q33,18,0.9691399664087565,degraded,2026-08-17T16:11:40.017290+00:00,"Run - Aug 17, 2026 at 21:38:16"
Q34,18,0.9683251664087564,degraded,2026-08-17T16:11:40.031423+00:00,"Run - Aug 17, 2026 at 21:38:16"
Q35,18,0.9675103664087565,degraded,2026-08-17T16:11:40.039978+00:00,"Run - Aug 17, 2026 at 21:38:16"
Q36,18,0.9666955664087564,degraded,2026-08-17T16:11:40.052068+00:00,"Run - Aug 17, 2026 at 21:38:16"
Q37,18,0.9658807664087565,degraded,2026-08-17T16:11:40.063139+00:00,"Run - Aug 17, 2026 at 21:38:16"
Q38,18,0.9650659664087566,degraded,2026-08-17T16:11:40.075954+00:00,"Run - Aug 17, 2026 at 21:38:16"
Q39,18,0.9642511664087565,degraded,2026-08-17T16:11:40.086680+00:00,"Run - Aug 17, 2026 at 21:38:16"
Q40,18,0.9634363664087564,degraded,2026-08-17T16:11:40.095596+00:00,"Run - Aug 17, 2026 at 21:38:16"
Q41,18,0.9626215664087565,degraded,2026-08-17T16:11:40.104619+00:00,"Run - Aug 17, 2026 at 21:38:16"
Q42,18,0.9618067664087565,degraded,2026-08-17T16:11:40.114355+00:00,"Run - Aug 17, 2026 at 21:38:16"
Q43,18,0.9609919664087565,degraded,2026-08-17T16:11:40.126389+00:00,"Run - Aug 17, 2026 at 21:38:16"
Q44,18,0.9601771664087566,degraded,2026-08-17T16:11:40.135021+00:00,"Run - Aug 17, 2026 at 21:38:16"
Q45,18,0.9593623664087565,degraded,2026-08-17T16:11:40.143558+00:00,"Run - Aug 17, 2026 at 21:38:16"
Q46,18,0.9585475664087566,degraded,2026-08-17T16:11:40.150937+00:00,"Run - Aug 17, 2026 at 21:38:16"
Q47,18,0.9577327664087565,degraded,2026-08-17T16:11:40.158980+00:00,"Run - Aug 17, 2026 at 21:38:16"
Q48,18,0.9569179664087566,degraded,2026-08-17T16:11:40.166974+00:00,"Run - Aug 17, 2026 at 21:38:16"
Q49,18,0.9561031664087565,degraded,2026-08-17T16:11:40.174626+00:00,"Run - Aug 17, 2026 at 21:38:16"
Q50,18,0.9552883664087565,degraded,2026-08-17T16:11:40.183417+00:00,"Run - Aug 17, 2026 at 21:38:16"
Q51,18,0.9544735664087565,degraded,2026-08-17T16:11:40.191997+00:00,"Run - Aug 17, 2026 at 21:38:16"
Q52,18,0.9536587664087566,degraded,2026-08-17T16:11:40.201691+00:00,"Run - Aug 17, 2026 at 21:38:16"
Q53,18,0.9528439664087565,degraded,2026-08-17T16:11:40.210689+00:00,"Run - Aug 17, 2026 at 21:38:16"
Q54,18,0.9520291664087566,degraded,2026-08-17T16:11:40.220288+00:00,"Run - Aug 17, 2026 at 21:38:16"
Q55,18,0.9512143664087567,degraded,2026-08-17T16:11:40.228318+00:00,"Run - Aug 17, 2026 at 21:38:16"
Q56,18,0.9503995664087564,degraded,2026-08-17T16:11:40.238350+00:00,"Run - Aug 17, 2026 at 21:38:16"
Q57,18,0.9495847664087564,degraded,2026-08-17T16:11:40.250623+00:00,"Run - Aug 17, 2026 at 21:38:16"
Q58,18,0.9487699664087565,degraded,2026-08-17T16:11:40.260694+00:00,"Run - Aug 17, 2026 at 21:38:16"
Q59,18,0.9479551664087565,degraded,2026-08-17T16:11:40.273264+00:00,"Run - Aug 17, 2026 at 21:38:16"
Q60,18,0.9471403664087565,degraded,2026-08-17T16:11:40.282944+00:00,"Run - Aug 17, 2026 at 21:38:16"
Q61,18,0.9463255664087566,degraded,2026-08-17T16:11:40.291474+00:00,"Run - Aug 17, 2026 at 21:38:16"
Q62,18,0.9455107664087565,degraded,2026-08-17T16:11:40.299502+00:00,"Run - Aug 17, 2026 at 21:38:16"
Q63,18,0.9446959664087564,degraded,2026-08-17T16:11:40.310368+00:00,"Run - Aug 17, 2026 at 21:38:16"
Q64,18,0.9438811664087565,degraded,2026-08-17T16:11:40.320909+00:00,"Run - Aug 17, 2026 at 21:38:16"
Q65,18,0.9430663664087565,degraded,2026-08-17T16:11:40.329478+00:00,"Run - Aug 17, 2026 at 21:38:16"
Q66,18,0.9422515664087565,degraded,2026-08-17T16:11:40.339753+00:00,"Run - Aug 17, 2026 at 21:38:16"
Q67,18,0.9414367664087565,degraded,2026-08-17T16:11:40.348668+00:00,"Run - Aug 17, 2026 at 21:38:16"
Q68,18,0.9406219664087565,degraded,2026-08-17T16:11:40.358414+00:00,"Run - Aug 17, 2026 at 21:38:16"
Q69,18,0.9398071664087564,degraded,2026-08-17T16:11:40.371897+00:00,"Run - Aug 17, 2026 at 21:38:16"
Q70,18,0.9389923664087565,degraded,2026-08-17T16:11:40.381495+00:00,"Run - Aug 17, 2026 at 21:38:16"
Q71,18,0.9381775664087566,degraded,2026-08-17T16:11:40.390511+00:00,"Run - Aug 17, 2026 at 21:38:16"
Q72,18,0.9373627664087565,degraded,2026-08-17T16:11:40.400624+00:00,"Run - Aug 17, 2026 at 21:38:16"
Q73,18,0.9365479664087565,degraded,2026-08-17T16:11:40.409678+00:00,"Run - Aug 17, 2026 at 21:38:16"
Q74,18,0.9357331664087565,degraded,2026-08-17T16:11:40.419701+00:00,"Run - Aug 17, 2026 at 21:38:16"
Q75,18,0.9349183664087565,degraded,2026-08-17T16:11:40.427732+00:00,"Run - Aug 17, 2026 at 21:38:16"
Q76,18,0.9341035664087565,degraded,2026-08-17T16:11:40.439224+00:00,"Run - Aug 17, 2026 at 21:38:16"
Q77,18,0.9332887664087566,degraded,2026-08-17T16:11:40.448757+00:00,"Run - Aug 17, 2026 at 21:38:16"
Q78,18,0.9324739664087567,degraded,2026-08-17T16:11:40.458281+00:00,"Run - Aug 17, 2026 at 21:38:16"
Q79,18,0.9316591664087563,degraded,2026-08-17T16:11:40.472925+00:00,"Run - Aug 17, 2026 at 21:38:16"
Q80,18,0.9308443664087565,degraded,2026-08-17T16:11:40.484001+00:00,"Run - Aug 17, 2026 at 21:38:16"
Q81,18,0.9300295664087566,degraded,2026-08-17T16:11:40.495538+00:00,"Run - Aug 17, 2026 at 21:38:16"
Q82,18,0.9292147664087566,degraded,2026-08-17T16:11:40.513548+00:00,"Run - Aug 17, 2026 at 21:38:16"
Q83,18,0.9283999664087565,degraded,2026-08-17T16:11:40.523536+00:00,"Run - Aug 17, 2026 at 21:38:16"
Q84,18,0.9275851664087565,degraded,2026-08-17T16:11:40.533426+00:00,"Run - Aug 17, 2026 at 21:38:16"
Q85,18,0.9267703664087565,degraded,2026-08-17T16:11:40.542427+00:00,"Run - Aug 17, 2026 at 21:38:16"
Q86,18,0.9259555664087564,degraded,2026-08-17T16:11:40.554018+00:00,"Run - Aug 17, 2026 at 21:38:16"
Q87,18,0.9251407664087565,degraded,2026-08-17T16:11:40.565022+00:00,"Run - Aug 17, 2026 at 21:38:16"
Q88,18,0.9243259664087566,degraded,2026-08-17T16:11:40.575017+00:00,"Run - Aug 17, 2026 at 21:38:16"
Q89,18,0.9235111664087565,degraded,2026-08-17T16:11:40.585423+00:00,"Run - Aug 17, 2026 at 21:38:16"
Q90,18,0.9226963664087565,degraded,2026-08-17T16:11:40.594428+00:00,"Run - Aug 17, 2026 at 21:38:16"
Q91,18,0.9218815664087565,degraded,2026-08-17T16:11:40.604605+00:00,"Run - Aug 17, 2026 at 21:38:16"
Q92,18,0.9210667664087564,degraded,2026-08-17T16:11:40.613124+00:00,"Run - Aug 17, 2026 at 21:38:16"
Q93,18,0.9202519664087565,degraded,2026-08-17T16:11:40.625583+00:00,"Run - Aug 17, 2026 at 21:38:16"
Q94,18,0.9194371664087566,degraded,2026-08-17T16:11:40.635595+00:00,"Run - Aug 17, 2026 at 21:38:16"
Q95,18,0.9186223664087565,degraded,2026-08-17T16:11:40.646240+00:00,"Run - Aug 17, 2026 at 21:38:16"
Q96,18,0.9178075664087565,degraded,2026-08-17T16:11:40.655293+00:00,"Run - Aug 17, 2026 at 21:38:16"
Q97,18,0.9169927664087565,degraded,2026-08-17T16:11:40.665265+00:00,"Run - Aug 17, 2026 at 21:38:16"
Q98,18,0.9161779664087565,degraded,2026-08-17T16:11:40.675231+00:00,"Run - Aug 17, 2026 at 21:38:16"
Q99,18,0.9153631664087565,degraded,2026-08-17T16:11:40.686052+00:00,"Run - Aug 17, 2026 at 21:38:16"
Q100,18,0.9145483664087566,degraded,2026-08-17T16:11:40.694582+00:00,"Run - Aug 17, 2026 at 21:38:16"
Q101,18,0.9137335664087566,degraded,2026-08-17T16:11:40.703114+00:00,"Run - Aug 17, 2026 at 21:38:16"
Q102,18,0.9129187664087565,degraded,2026-08-17T16:11:40.711782+00:00,"Run - Aug 17, 2026 at 21:38:16"
Q103,18,0.9121039664087565,degraded,2026-08-17T16:11:40.719565+00:00,"Run - Aug 17, 2026 at 21:38:16"
Q104,18,0.9112891664087566,degraded,2026-08-17T16:11:40.728317+00:00,"Run - Aug 17, 2026 at 21:38:16"
Q105,18,0.9104743664087565,degraded,2026-08-17T16:11:40.737213+00:00,"Run - Aug 17, 2026 at 21:38:16"
Q106,18,0.9096595664087566,degraded,2026-08-17T16:11:40.799309+00:00,"Run - Aug 17, 2026 at 21:38:16"
Q107,18,0.9088447664087566,degraded,2026-08-17T16:11:40.820574+00:00,"Run - Aug 17, 2026 at 21:38:16"
Q108,18,0.9080299664087566,degraded,2026-08-17T16:11:40.829654+00:00,"Run - Aug 17, 2026 at 21:38:16"
Q109,18,0.9072151664087564,degraded,2026-08-17T16:11:40.840065+00:00,"Run - Aug 17, 2026 at 21:38:16"
Q110,18,0.9064003664087565,degraded,2026-08-17T16:11:40.848972+00:00,"Run - Aug 17, 2026 at 21:38:16"
Q111,18,0.9055855664087566,degraded,2026-08-17T16:11:40.857057+00:00,"Run - Aug 17, 2026 at 21:38:16"
Q112,18,0.9047707664087565,degraded,2026-08-17T16:11:40.863796+00:00,"Run - Aug 17, 2026 at 21:38:16"
Q113,18,0.9039559664087565,degraded,2026-08-17T16:11:40.873888+00:00,"Run - Aug 17, 2026 at 21:38:16"
Q114,18,0.9031411664087565,degraded,2026-08-17T16:11:40.881265+00:00,"Run - Aug 17, 2026 at 21:38:16"
Q115,18,0.9023263664087564,degraded,2026-08-17T16:11:40.891563+00:00,"Run - Aug 17, 2026 at 21:38:16"
Q116,18,0.9015115664087565,degraded,2026-08-17T16:11:40.899416+00:00,"Run - Aug 17, 2026 at 21:38:16"
Q117,18,0.9006967664087566,degraded,2026-08-17T16:11:40.908529+00:00,"Run - Aug 17, 2026 at 21:38:16"
Q118,18,0.8998819664087564,degraded,2026-08-17T16:11:40.915528+00:00,"Run - Aug 17, 2026 at 21:38:16"
Q119,18,0.8990671664087565,degraded,2026-08-17T16:11:40.925528+00:00,"Run - Aug 17, 2026 at 21:38:16"
Q120,18,0.8982523664087565,degraded,2026-08-17T16:11:40.932693+00:00,"Run - Aug 17, 2026 at 21:38:16"
Q121,18,0.8974375664087565,degraded,2026-08-17T16:11:40.941779+00:00,"Run - Aug 17, 2026 at 21:38:16"
Q122,18,0.8966227664087565,degraded,2026-08-17T16:11:40.953274+00:00,"Run - Aug 17, 2026 at 21:38:16"
Q123,18,0.8958079664087566,degraded,2026-08-17T16:11:40.961828+00:00,"Run - Aug 17, 2026 at 21:38:16"
Q124,18,0.8949931664087566,degraded,2026-08-17T16:11:40.969824+00:00,"Run - Aug 17, 2026 at 21:38:16"
Q125,18,0.8941783664087565,degraded,2026-08-17T16:11:40.977354+00:00,"Run - Aug 17, 2026 at 21:38:16"
Q126,18,0.8933635664087565,degraded,2026-08-17T16:11:40.985360+00:00,"Run - Aug 17, 2026 at 21:38:16"
Q127,18,0.8925487664087566,degraded,2026-08-17T16:11:40.993351+00:00,"Run - Aug 17, 2026 at 21:38:16"
Q128,18,0.8917339664087565,degraded,2026-08-17T16:11:41.001372+00:00,"Run - Aug 17, 2026 at 21:38:16"
Q129,18,0.8909191664087566,degraded,2026-08-17T16:11:41.009377+00:00,"Run - Aug 17, 2026 at 21:38:16"
Q130,18,0.8901043664087566,degraded,2026-08-17T16:11:41.017442+00:00,"Run - Aug 17, 2026 at 21:38:16"
Q131,18,0.8892895664087566,degraded,2026-08-17T16:11:41.026118+00:00,"Run - Aug 17, 2026 at 21:38:16"
Q132,18,0.8884747664087564,degraded,2026-08-17T16:11:41.032293+00:00,"Run - Aug 17, 2026 at 21:38:16"
Q0,19,0.9960126190032224,degraded,2026-08-17T16:11:52.596340+00:00,"Run - Aug 17, 2026 at 21:38:16"
Q1,19,0.9951942190032221,degraded,2026-08-17T16:11:52.605435+00:00,"Run - Aug 17, 2026 at 21:38:16"
Q2,19,0.9943758190032224,degraded,2026-08-17T16:11:52.613431+00:00,"Run - Aug 17, 2026 at 21:38:16"
Q3,19,0.9935574190032223,degraded,2026-08-17T16:11:52.623433+00:00,"Run - Aug 17, 2026 at 21:38:16"
Q4,19,0.9927390190032223,degraded,2026-08-17T16:11:52.632426+00:00,"Run - Aug 17, 2026 at 21:38:16"
Q5,19,0.9919206190032224,degraded,2026-08-17T16:11:52.640803+00:00,"Run - Aug 17, 2026 at 21:38:16"
Q6,19,0.9911022190032222,degraded,2026-08-17T16:11:52.650912+00:00,"Run - Aug 17, 2026 at 21:38:16"
Q7,19,0.9902838190032224,degraded,2026-08-17T16:11:52.660241+00:00,"Run - Aug 17, 2026 at 21:38:16"
Q8,19,0.9894654190032223,degraded,2026-08-17T16:11:52.668600+00:00,"Run - Aug 17, 2026 at 21:38:16"
Q9,19,0.9886470190032223,degraded,2026-08-17T16:11:52.678157+00:00,"Run - Aug 17, 2026 at 21:38:16"
Q10,19,0.9878286190032224,degraded,2026-08-17T16:11:52.686766+00:00,"Run - Aug 17, 2026 at 21:38:16"
Q11,19,0.9870102190032222,degraded,2026-08-17T16:11:52.695362+00:00,"Run - Aug 17, 2026 at 21:38:16"
Q12,19,0.9861918190032224,degraded,2026-08-17T16:11:52.704914+00:00,"Run - Aug 17, 2026 at 21:38:16"
Q13,19,0.9853734190032222,degraded,2026-08-17T16:11:52.713602+00:00,"Run - Aug 17, 2026 at 21:38:16"
Q14,19,0.9845550190032223,degraded,2026-08-17T16:11:52.722725+00:00,"Run - Aug 17, 2026 at 21:38:16"
Q15,19,0.9837366190032223,degraded,2026-08-17T16:11:52.732116+00:00,"Run - Aug 17, 2026 at 21:38:16"
Q16,19,0.9829182190032222,degraded,2026-08-17T16:11:52.742034+00:00,"Run - Aug 17, 2026 at 21:38:16"
Q17,19,0.9820998190032224,degraded,2026-08-17T16:11:52.750836+00:00,"Run - Aug 17, 2026 at 21:38:16"
Q18,19,0.9812814190032222,degraded,2026-08-17T16:11:52.758996+00:00,"Run - Aug 17, 2026 at 21:38:16"
Q19,19,0.9804630190032223,degraded,2026-08-17T16:11:52.769008+00:00,"Run - Aug 17, 2026 at 21:38:16"
Q20,19,0.9796446190032223,degraded,2026-08-17T16:11:52.778012+00:00,"Run - Aug 17, 2026 at 21:38:16"
Q21,19,0.9788262190032223,degraded,2026-08-17T16:11:52.786640+00:00,"Run - Aug 17, 2026 at 21:38:16"
Q22,19,0.9780078190032222,degraded,2026-08-17T16:11:52.795250+00:00,"Run - Aug 17, 2026 at 21:38:16"
Q23,19,0.9771894190032222,degraded,2026-08-17T16:11:52.803914+00:00,"Run - Aug 17, 2026 at 21:38:16"
Q24,19,0.9763710190032223,degraded,2026-08-17T16:11:52.812466+00:00,"Run - Aug 17, 2026 at 21:38:16"
Q25,19,0.9755526190032223,degraded,2026-08-17T16:11:52.822099+00:00,"Run - Aug 17, 2026 at 21:38:16"
Q26,19,0.9747342190032222,degraded,2026-08-17T16:11:52.831097+00:00,"Run - Aug 17, 2026 at 21:38:16"
Q27,19,0.9739158190032222,degraded,2026-08-17T16:11:52.840053+00:00,"Run - Aug 17, 2026 at 21:38:16"
Q28,19,0.9730974190032222,degraded,2026-08-17T16:11:52.879533+00:00,"Run - Aug 17, 2026 at 21:38:16"
Q29,19,0.9722790190032223,degraded,2026-08-17T16:11:52.893807+00:00,"Run - Aug 17, 2026 at 21:38:16"
Q30,19,0.9714606190032222,degraded,2026-08-17T16:11:52.903530+00:00,"Run - Aug 17, 2026 at 21:38:16"
Q31,19,0.9706422190032222,degraded,2026-08-17T16:11:52.912573+00:00,"Run - Aug 17, 2026 at 21:38:16"
Q32,19,0.9698238190032222,degraded,2026-08-17T16:11:52.922124+00:00,"Run - Aug 17, 2026 at 21:38:16"
Q33,19,0.9690054190032222,degraded,2026-08-17T16:11:52.931803+00:00,"Run - Aug 17, 2026 at 21:38:16"
Q34,19,0.9681870190032223,degraded,2026-08-17T16:11:52.940526+00:00,"Run - Aug 17, 2026 at 21:38:16"
Q35,19,0.9673686190032222,degraded,2026-08-17T16:11:52.948054+00:00,"Run - Aug 17, 2026 at 21:38:16"
Q36,19,0.9665502190032224,degraded,2026-08-17T16:11:52.957073+00:00,"Run - Aug 17, 2026 at 21:38:16"
Q37,19,0.9657318190032222,degraded,2026-08-17T16:11:52.965040+00:00,"Run - Aug 17, 2026 at 21:38:16"
Q38,19,0.9649134190032223,degraded,2026-08-17T16:11:52.974113+00:00,"Run - Aug 17, 2026 at 21:38:16"
Q39,19,0.9640950190032223,degraded,2026-08-17T16:11:52.982771+00:00,"Run - Aug 17, 2026 at 21:38:16"
Q40,19,0.9632766190032223,degraded,2026-08-17T16:11:52.991545+00:00,"Run - Aug 17, 2026 at 21:38:16"
Q41,19,0.9624582190032224,degraded,2026-08-17T16:11:53.000083+00:00,"Run - Aug 17, 2026 at 21:38:16"
Q42,19,0.9616398190032223,degraded,2026-08-17T16:11:53.008741+00:00,"Run - Aug 17, 2026 at 21:38:16"
Q43,19,0.9608214190032223,degraded,2026-08-17T16:11:53.017745+00:00,"Run - Aug 17, 2026 at 21:38:16"
Q44,19,0.9600030190032223,degraded,2026-08-17T16:11:53.026816+00:00,"Run - Aug 17, 2026 at 21:38:16"
Q45,19,0.9591846190032223,degraded,2026-08-17T16:11:53.035338+00:00,"Run - Aug 17, 2026 at 21:38:16"
Q46,19,0.9583662190032223,degraded,2026-08-17T16:11:53.043984+00:00,"Run - Aug 17, 2026 at 21:38:16"
Q47,19,0.9575478190032223,degraded,2026-08-17T16:11:53.052982+00:00,"Run - Aug 17, 2026 at 21:38:16"
Q48,19,0.9567294190032223,degraded,2026-08-17T16:11:53.060535+00:00,"Run - Aug 17, 2026 at 21:38:16"
Q49,19,0.9559110190032222,degraded,2026-08-17T16:11:53.069750+00:00,"Run - Aug 17, 2026 at 21:38:16"
Q50,19,0.9550926190032223,degraded,2026-08-17T16:11:53.078284+00:00,"Run - Aug 17, 2026 at 21:38:16"
Q51,19,0.9542742190032223,degraded,2026-08-17T16:11:53.087462+00:00,"Run - Aug 17, 2026 at 21:38:16"
Q52,19,0.9534558190032223,degraded,2026-08-17T16:11:53.095477+00:00,"Run - Aug 17, 2026 at 21:38:16"
Q53,19,0.9526374190032223,degraded,2026-08-17T16:11:53.104478+00:00,"Run - Aug 17, 2026 at 21:38:16"
Q54,19,0.9518190190032222,degraded,2026-08-17T16:11:53.112011+00:00,"Run - Aug 17, 2026 at 21:38:16"
Q55,19,0.9510006190032223,degraded,2026-08-17T16:11:53.121191+00:00,"Run - Aug 17, 2026 at 21:38:16"
Q56,19,0.9501822190032223,degraded,2026-08-17T16:11:53.128225+00:00,"Run - Aug 17, 2026 at 21:38:16"
Q57,19,0.9493638190032223,degraded,2026-08-17T16:11:53.137883+00:00,"Run - Aug 17, 2026 at 21:38:16"
Q58,19,0.9485454190032223,degraded,2026-08-17T16:11:53.145080+00:00,"Run - Aug 17, 2026 at 21:38:16"
Q59,19,0.9477270190032223,degraded,2026-08-17T16:11:53.153799+00:00,"Run - Aug 17, 2026 at 21:38:16"
Q60,19,0.9469086190032223,degraded,2026-08-17T16:11:53.162817+00:00,"Run - Aug 17, 2026 at 21:38:16"
Q61,19,0.9460902190032223,degraded,2026-08-17T16:11:53.211314+00:00,"Run - Aug 17, 2026 at 21:38:16"
Q62,19,0.9452718190032223,degraded,2026-08-17T16:11:53.220475+00:00,"Run - Aug 17, 2026 at 21:38:16"
Q63,19,0.9444534190032223,degraded,2026-08-17T16:11:53.230192+00:00,"Run - Aug 17, 2026 at 21:38:16"
Q64,19,0.9436350190032222,degraded,2026-08-17T16:11:53.239724+00:00,"Run - Aug 17, 2026 at 21:38:16"
Q65,19,0.9428166190032223,degraded,2026-08-17T16:11:53.248284+00:00,"Run - Aug 17, 2026 at 21:38:16"
Q66,19,0.9419982190032222,degraded,2026-08-17T16:11:53.256934+00:00,"Run - Aug 17, 2026 at 21:38:16"
Q67,19,0.9411798190032223,degraded,2026-08-17T16:11:53.264945+00:00,"Run - Aug 17, 2026 at 21:38:16"
Q68,19,0.9403614190032223,degraded,2026-08-17T16:11:53.273476+00:00,"Run - Aug 17, 2026 at 21:38:16"
Q69,19,0.9395430190032222,degraded,2026-08-17T16:11:53.282478+00:00,"Run - Aug 17, 2026 at 21:38:16"
Q70,19,0.9387246190032223,degraded,2026-08-17T16:11:53.293444+00:00,"Run - Aug 17, 2026 at 21:38:16"
Q71,19,0.9379062190032222,degraded,2026-08-17T16:11:53.302715+00:00,"Run - Aug 17, 2026 at 21:38:16"
Q72,19,0.9370878190032224,degraded,2026-08-17T16:11:53.311506+00:00,"Run - Aug 17, 2026 at 21:38:16"
Q73,19,0.9362694190032224,degraded,2026-08-17T16:11:53.321311+00:00,"Run - Aug 17, 2026 at 21:38:16"
Q74,19,0.9354510190032224,degraded,2026-08-17T16:11:53.331052+00:00,"Run - Aug 17, 2026 at 21:38:16"
Q75,19,0.9346326190032223,degraded,2026-08-17T16:11:53.341252+00:00,"Run - Aug 17, 2026 at 21:38:16"
Q76,19,0.9338142190032223,degraded,2026-08-17T16:11:53.350378+00:00,"Run - Aug 17, 2026 at 21:38:16"
Q77,19,0.9329958190032224,degraded,2026-08-17T16:11:53.359700+00:00,"Run - Aug 17, 2026 at 21:38:16"
Q78,19,0.9321774190032222,degraded,2026-08-17T16:11:53.369343+00:00,"Run - Aug 17, 2026 at 21:38:16"
Q79,19,0.9313590190032224,degraded,2026-08-17T16:11:53.378664+00:00,"Run - Aug 17, 2026 at 21:38:16"
Q80,19,0.9305406190032223,degraded,2026-08-17T16:11:53.386876+00:00,"Run - Aug 17, 2026 at 21:38:16"
Q81,19,0.9297222190032223,degraded,2026-08-17T16:11:53.397104+00:00,"Run - Aug 17, 2026 at 21:38:16"
Q82,19,0.9289038190032224,degraded,2026-08-17T16:11:53.406803+00:00,"Run - Aug 17, 2026 at 21:38:16"
Q83,19,0.9280854190032222,degraded,2026-08-17T16:11:53.418816+00:00,"Run - Aug 17, 2026 at 21:38:16"
Q84,19,0.9272670190032223,degraded,2026-08-17T16:11:53.430348+00:00,"Run - Aug 17, 2026 at 21:38:16"
Q85,19,0.9264486190032222,degraded,2026-08-17T16:11:53.437886+00:00,"Run - Aug 17, 2026 at 21:38:16"
Q86,19,0.9256302190032223,degraded,2026-08-17T16:11:53.446879+00:00,"Run - Aug 17, 2026 at 21:38:16"
Q87,19,0.9248118190032224,degraded,2026-08-17T16:11:53.456879+00:00,"Run - Aug 17, 2026 at 21:38:16"
Q88,19,0.9239934190032222,degraded,2026-08-17T16:11:53.463886+00:00,"Run - Aug 17, 2026 at 21:38:16"
Q89,19,0.9231750190032224,degraded,2026-08-17T16:11:53.470888+00:00,"Run - Aug 17, 2026 at 21:38:16"
Q90,19,0.9223566190032222,degraded,2026-08-17T16:11:53.477416+00:00,"Run - Aug 17, 2026 at 21:38:16"
Q91,19,0.9215382190032223,degraded,2026-08-17T16:11:53.485197+00:00,"Run - Aug 17, 2026 at 21:38:16"
Q92,19,0.9207198190032222,degraded,2026-08-17T16:11:53.493298+00:00,"Run - Aug 17, 2026 at 21:38:16"
Q93,19,0.9199014190032222,degraded,2026-08-17T16:11:53.501502+00:00,"Run - Aug 17, 2026 at 21:38:16"
Q94,19,0.9190830190032224,degraded,2026-08-17T16:11:53.510170+00:00,"Run - Aug 17, 2026 at 21:38:16"
Q95,19,0.9182646190032222,degraded,2026-08-17T16:11:53.518587+00:00,"Run - Aug 17, 2026 at 21:38:16"
Q96,19,0.9174462190032223,degraded,2026-08-17T16:11:53.525703+00:00,"Run - Aug 17, 2026 at 21:38:16"
Q97,19,0.9166278190032222,degraded,2026-08-17T16:11:53.532688+00:00,"Run - Aug 17, 2026 at 21:38:16"
Q98,19,0.9158094190032222,degraded,2026-08-17T16:11:53.540531+00:00,"Run - Aug 17, 2026 at 21:38:16"
Q99,19,0.9149910190032224,degraded,2026-08-17T16:11:53.547049+00:00,"Run - Aug 17, 2026 at 21:38:16"
Q100,19,0.9141726190032222,degraded,2026-08-17T16:11:53.554050+00:00,"Run - Aug 17, 2026 at 21:38:16"
Q101,19,0.9133542190032223,degraded,2026-08-17T16:11:53.561563+00:00,"Run - Aug 17, 2026 at 21:38:16"
Q102,19,0.9125358190032222,degraded,2026-08-17T16:11:53.568838+00:00,"Run - Aug 17, 2026 at 21:38:16"
Q103,19,0.9117174190032222,degraded,2026-08-17T16:11:53.576902+00:00,"Run - Aug 17, 2026 at 21:38:16"
Q104,19,0.9108990190032222,degraded,2026-08-17T16:11:53.584898+00:00,"Run - Aug 17, 2026 at 21:38:16"
Q105,19,0.9100806190032222,degraded,2026-08-17T16:11:53.591158+00:00,"Run - Aug 17, 2026 at 21:38:16"
Q106,19,0.9092622190032223,degraded,2026-08-17T16:11:53.598675+00:00,"Run - Aug 17, 2026 at 21:38:16"
Q107,19,0.9084438190032222,degraded,2026-08-17T16:11:53.607205+00:00,"Run - Aug 17, 2026 at 21:38:16"
Q108,19,0.9076254190032222,degraded,2026-08-17T16:11:53.616512+00:00,"Run - Aug 17, 2026 at 21:38:16"
Q109,19,0.9068070190032222,degraded,2026-08-17T16:11:53.625555+00:00,"Run - Aug 17, 2026 at 21:38:16"
Q110,19,0.9059886190032223,degraded,2026-08-17T16:11:53.634458+00:00,"Run - Aug 17, 2026 at 21:38:16"
Q111,19,0.9051702190032224,degraded,2026-08-17T16:11:53.643512+00:00,"Run - Aug 17, 2026 at 21:38:16"
Q112,19,0.9043518190032223,degraded,2026-08-17T16:11:53.651252+00:00,"Run - Aug 17, 2026 at 21:38:16"
Q113,19,0.9035334190032223,degraded,2026-08-17T16:11:53.659782+00:00,"Run - Aug 17, 2026 at 21:38:16"
Q114,19,0.9027150190032223,degraded,2026-08-17T16:11:53.668800+00:00,"Run - Aug 17, 2026 at 21:38:16"
Q115,19,0.9018966190032223,degraded,2026-08-17T16:11:53.677870+00:00,"Run - Aug 17, 2026 at 21:38:16"
Q116,19,0.9010782190032223,degraded,2026-08-17T16:11:53.686407+00:00,"Run - Aug 17, 2026 at 21:38:16"
Q117,19,0.9002598190032223,degraded,2026-08-17T16:11:53.695475+00:00,"Run - Aug 17, 2026 at 21:38:16"
Q118,19,0.8994414190032223,degraded,2026-08-17T16:11:53.704510+00:00,"Run - Aug 17, 2026 at 21:38:16"
Q119,19,0.8986230190032223,degraded,2026-08-17T16:11:53.713057+00:00,"Run - Aug 17, 2026 at 21:38:16"
Q120,19,0.8978046190032223,degraded,2026-08-17T16:11:53.721820+00:00,"Run - Aug 17, 2026 at 21:38:16"
Q121,19,0.8969862190032222,degraded,2026-08-17T16:11:53.730179+00:00,"Run - Aug 17, 2026 at 21:38:16"
Q122,19,0.8961678190032223,degraded,2026-08-17T16:11:53.739674+00:00,"Run - Aug 17, 2026 at 21:38:16"
Q123,19,0.8953494190032223,degraded,2026-08-17T16:11:53.747654+00:00,"Run - Aug 17, 2026 at 21:38:16"
Q124,19,0.8945310190032223,degraded,2026-08-17T16:11:53.758083+00:00,"Run - Aug 17, 2026 at 21:38:16"
Q125,19,0.8937126190032223,degraded,2026-08-17T16:11:53.765749+00:00,"Run - Aug 17, 2026 at 21:38:16"
Q126,19,0.8928942190032222,degraded,2026-08-17T16:11:53.774958+00:00,"Run - Aug 17, 2026 at 21:38:16"
Q127,19,0.8920758190032223,degraded,2026-08-17T16:11:53.784226+00:00,"Run - Aug 17, 2026 at 21:38:16"
Q128,19,0.8912574190032223,degraded,2026-08-17T16:11:53.792928+00:00,"Run - Aug 17, 2026 at 21:38:16"
Q129,19,0.8904390190032223,degraded,2026-08-17T16:11:53.800689+00:00,"Run - Aug 17, 2026 at 21:38:16"
Q130,19,0.8896206190032223,degraded,2026-08-17T16:11:53.810232+00:00,"Run - Aug 17, 2026 at 21:38:16"
Q131,19,0.8888022190032222,degraded,2026-08-17T16:11:53.817756+00:00,"Run - Aug 17, 2026 at 21:38:16"
Q132,19,0.8879838190032223,degraded,2026-08-17T16:11:53.826194+00:00,"Run - Aug 17, 2026 at 21:38:16"
Q0,20,0.9959974396371759,degraded,2026-08-17T16:12:05.131978+00:00,"Run - Aug 17, 2026 at 21:38:16"
Q1,20,0.9951754396371759,degraded,2026-08-17T16:12:05.143342+00:00,"Run - Aug 17, 2026 at 21:38:16"
Q2,20,0.9943534396371758,degraded,2026-08-17T16:12:05.154312+00:00,"Run - Aug 17, 2026 at 21:38:16"
Q3,20,0.9935314396371759,degraded,2026-08-17T16:12:05.218342+00:00,"Run - Aug 17, 2026 at 21:38:16"
Q4,20,0.9927094396371758,degraded,2026-08-17T16:12:05.228803+00:00,"Run - Aug 17, 2026 at 21:38:16"
Q5,20,0.991887439637176,degraded,2026-08-17T16:12:05.238221+00:00,"Run - Aug 17, 2026 at 21:38:16"
Q6,20,0.9910654396371759,degraded,2026-08-17T16:12:05.249738+00:00,"Run - Aug 17, 2026 at 21:38:16"
Q7,20,0.9902434396371758,degraded,2026-08-17T16:12:05.259792+00:00,"Run - Aug 17, 2026 at 21:38:16"
Q8,20,0.9894214396371759,degraded,2026-08-17T16:12:05.270466+00:00,"Run - Aug 17, 2026 at 21:38:16"
Q9,20,0.9885994396371758,degraded,2026-08-17T16:12:05.278305+00:00,"Run - Aug 17, 2026 at 21:38:16"
Q10,20,0.9877774396371759,degraded,2026-08-17T16:12:05.287161+00:00,"Run - Aug 17, 2026 at 21:38:16"
Q11,20,0.9869554396371758,degraded,2026-08-17T16:12:05.294783+00:00,"Run - Aug 17, 2026 at 21:38:16"
Q12,20,0.9861334396371759,degraded,2026-08-17T16:12:05.303980+00:00,"Run - Aug 17, 2026 at 21:38:16"
Q13,20,0.9853114396371758,degraded,2026-08-17T16:12:05.313530+00:00,"Run - Aug 17, 2026 at 21:38:16"
Q14,20,0.984489439637176,degraded,2026-08-17T16:12:05.322182+00:00,"Run - Aug 17, 2026 at 21:38:16"
Q15,20,0.9836674396371758,degraded,2026-08-17T16:12:05.332181+00:00,"Run - Aug 17, 2026 at 21:38:16"
Q16,20,0.982845439637176,degraded,2026-08-17T16:12:05.341955+00:00,"Run - Aug 17, 2026 at 21:38:16"
Q17,20,0.9820234396371759,degraded,2026-08-17T16:12:05.350854+00:00,"Run - Aug 17, 2026 at 21:38:16"
Q18,20,0.9812014396371759,degraded,2026-08-17T16:12:05.359951+00:00,"Run - Aug 17, 2026 at 21:38:16"
Q19,20,0.9803794396371758,degraded,2026-08-17T16:12:05.369887+00:00,"Run - Aug 17, 2026 at 21:38:16"
Q20,20,0.9795574396371759,degraded,2026-08-17T16:12:05.379933+00:00,"Run - Aug 17, 2026 at 21:38:16"
Q21,20,0.9787354396371758,degraded,2026-08-17T16:12:05.388365+00:00,"Run - Aug 17, 2026 at 21:38:16"
Q22,20,0.9779134396371759,degraded,2026-08-17T16:12:05.399367+00:00,"Run - Aug 17, 2026 at 21:38:16"
Q23,20,0.9770914396371758,degraded,2026-08-17T16:12:05.408404+00:00,"Run - Aug 17, 2026 at 21:38:16"
Q24,20,0.9762694396371759,degraded,2026-08-17T16:12:05.416949+00:00,"Run - Aug 17, 2026 at 21:38:16"
Q25,20,0.9754474396371758,degraded,2026-08-17T16:12:05.426794+00:00,"Run - Aug 17, 2026 at 21:38:16"
Q26,20,0.974625439637176,degraded,2026-08-17T16:12:05.434793+00:00,"Run - Aug 17, 2026 at 21:38:16"
Q27,20,0.9738034396371759,degraded,2026-08-17T16:12:05.445210+00:00,"Run - Aug 17, 2026 at 21:38:16"
Q28,20,0.972981439637176,degraded,2026-08-17T16:12:05.454746+00:00,"Run - Aug 17, 2026 at 21:38:16"
Q29,20,0.9721594396371759,degraded,2026-08-17T16:12:05.464769+00:00,"Run - Aug 17, 2026 at 21:38:16"
Q30,20,0.9713374396371759,degraded,2026-08-17T16:12:05.474314+00:00,"Run - Aug 17, 2026 at 21:38:16"
Q31,20,0.9705154396371759,degraded,2026-08-17T16:12:05.483654+00:00,"Run - Aug 17, 2026 at 21:38:16"
Q32,20,0.9696934396371759,degraded,2026-08-17T16:12:05.492673+00:00,"Run - Aug 17, 2026 at 21:38:16"
Q33,20,0.9688714396371758,degraded,2026-08-17T16:12:05.501608+00:00,"Run - Aug 17, 2026 at 21:38:16"
Q34,20,0.9680494396371757,degraded,2026-08-17T16:12:05.510356+00:00,"Run - Aug 17, 2026 at 21:38:16"
Q35,20,0.9672274396371758,degraded,2026-08-17T16:12:05.519017+00:00,"Run - Aug 17, 2026 at 21:38:16"
Q36,20,0.9664054396371757,degraded,2026-08-17T16:12:05.527508+00:00,"Run - Aug 17, 2026 at 21:38:16"
Q37,20,0.9655834396371759,degraded,2026-08-17T16:12:05.536872+00:00,"Run - Aug 17, 2026 at 21:38:16"
Q38,20,0.9647614396371758,degraded,2026-08-17T16:12:05.546150+00:00,"Run - Aug 17, 2026 at 21:38:16"
Q39,20,0.9639394396371759,degraded,2026-08-17T16:12:05.554679+00:00,"Run - Aug 17, 2026 at 21:38:16"
Q40,20,0.9631174396371758,degraded,2026-08-17T16:12:05.562693+00:00,"Run - Aug 17, 2026 at 21:38:16"
Q41,20,0.9622954396371759,degraded,2026-08-17T16:12:05.574236+00:00,"Run - Aug 17, 2026 at 21:38:16"
Q42,20,0.9614734396371758,degraded,2026-08-17T16:12:05.585243+00:00,"Run - Aug 17, 2026 at 21:38:16"
Q43,20,0.9606514396371759,degraded,2026-08-17T16:12:05.594946+00:00,"Run - Aug 17, 2026 at 21:38:16"
Q44,20,0.9598294396371758,degraded,2026-08-17T16:12:05.603725+00:00,"Run - Aug 17, 2026 at 21:38:16"
Q45,20,0.9590074396371758,degraded,2026-08-17T16:12:05.611946+00:00,"Run - Aug 17, 2026 at 21:38:16"
Q46,20,0.9581854396371758,degraded,2026-08-17T16:12:05.620941+00:00,"Run - Aug 17, 2026 at 21:38:16"
Q47,20,0.9573634396371759,degraded,2026-08-17T16:12:05.631129+00:00,"Run - Aug 17, 2026 at 21:38:16"
Q48,20,0.9565414396371759,degraded,2026-08-17T16:12:05.640141+00:00,"Run - Aug 17, 2026 at 21:38:16"
Q49,20,0.9557194396371759,degraded,2026-08-17T16:12:05.649485+00:00,"Run - Aug 17, 2026 at 21:38:16"
Q50,20,0.9548974396371759,degraded,2026-08-17T16:12:05.659613+00:00,"Run - Aug 17, 2026 at 21:38:16"
Q51,20,0.9540754396371759,degraded,2026-08-17T16:12:05.668611+00:00,"Run - Aug 17, 2026 at 21:38:16"
Q52,20,0.9532534396371759,degraded,2026-08-17T16:12:05.678207+00:00,"Run - Aug 17, 2026 at 21:38:16"
Q53,20,0.9524314396371759,degraded,2026-08-17T16:12:05.687209+00:00,"Run - Aug 17, 2026 at 21:38:16"
Q54,20,0.9516094396371759,degraded,2026-08-17T16:12:05.698196+00:00,"Run - Aug 17, 2026 at 21:38:16"
Q55,20,0.9507874396371758,degraded,2026-08-17T16:12:05.709198+00:00,"Run - Aug 17, 2026 at 21:38:16"
Q56,20,0.949965439637176,degraded,2026-08-17T16:12:05.719817+00:00,"Run - Aug 17, 2026 at 21:38:16"
Q57,20,0.9491434396371758,degraded,2026-08-17T16:12:05.731358+00:00,"Run - Aug 17, 2026 at 21:38:16"
Q58,20,0.948321439637176,degraded,2026-08-17T16:12:05.740900+00:00,"Run - Aug 17, 2026 at 21:38:16"
Q59,20,0.9474994396371759,degraded,2026-08-17T16:12:05.751195+00:00,"Run - Aug 17, 2026 at 21:38:16"
Q60,20,0.946677439637176,degraded,2026-08-17T16:12:05.760925+00:00,"Run - Aug 17, 2026 at 21:38:16"
Q61,20,0.9458554396371759,degraded,2026-08-17T16:12:05.770163+00:00,"Run - Aug 17, 2026 at 21:38:16"
Q62,20,0.9450334396371758,degraded,2026-08-17T16:12:05.778716+00:00,"Run - Aug 17, 2026 at 21:38:16"
Q63,20,0.9442114396371759,degraded,2026-08-17T16:12:05.787714+00:00,"Run - Aug 17, 2026 at 21:38:16"
Q64,20,0.9433894396371758,degraded,2026-08-17T16:12:05.796799+00:00,"Run - Aug 17, 2026 at 21:38:16"
Q65,20,0.9425674396371759,degraded,2026-08-17T16:12:05.805791+00:00,"Run - Aug 17, 2026 at 21:38:16"
Q66,20,0.9417454396371758,degraded,2026-08-17T16:12:05.814813+00:00,"Run - Aug 17, 2026 at 21:38:16"
Q67,20,0.940923439637176,degraded,2026-08-17T16:12:05.824891+00:00,"Run - Aug 17, 2026 at 21:38:16"
Q68,20,0.9401014396371759,degraded,2026-08-17T16:12:05.834055+00:00,"Run - Aug 17, 2026 at 21:38:16"
Q69,20,0.939279439637176,degraded,2026-08-17T16:12:05.844306+00:00,"Run - Aug 17, 2026 at 21:38:16"
Q70,20,0.9384574396371759,degraded,2026-08-17T16:12:05.854902+00:00,"Run - Aug 17, 2026 at 21:38:16"
Q71,20,0.9376354396371759,degraded,2026-08-17T16:12:05.866834+00:00,"Run - Aug 17, 2026 at 21:38:16"
Q72,20,0.9368134396371758,degraded,2026-08-17T16:12:05.876970+00:00,"Run - Aug 17, 2026 at 21:38:16"
Q73,20,0.9359914396371759,degraded,2026-08-17T16:12:05.889026+00:00,"Run - Aug 17, 2026 at 21:38:16"
Q74,20,0.9351694396371758,degraded,2026-08-17T16:12:05.899021+00:00,"Run - Aug 17, 2026 at 21:38:16"
Q75,20,0.9343474396371759,degraded,2026-08-17T16:12:05.909022+00:00,"Run - Aug 17, 2026 at 21:38:16"
Q76,20,0.9335254396371758,degraded,2026-08-17T16:12:05.923036+00:00,"Run - Aug 17, 2026 at 21:38:16"
Q77,20,0.9327034396371758,degraded,2026-08-17T16:12:05.932570+00:00,"Run - Aug 17, 2026 at 21:38:16"
Q78,20,0.9318814396371757,degraded,2026-08-17T16:12:05.944238+00:00,"Run - Aug 17, 2026 at 21:38:16"
Q79,20,0.9310594396371759,degraded,2026-08-17T16:12:05.954003+00:00,"Run - Aug 17, 2026 at 21:38:16"
Q80,20,0.9302374396371758,degraded,2026-08-17T16:12:05.966571+00:00,"Run - Aug 17, 2026 at 21:38:16"
Q81,20,0.9294154396371759,degraded,2026-08-17T16:12:05.976266+00:00,"Run - Aug 17, 2026 at 21:38:16"
Q82,20,0.9285934396371758,degraded,2026-08-17T16:12:05.985793+00:00,"Run - Aug 17, 2026 at 21:38:16"
Q83,20,0.9277714396371759,degraded,2026-08-17T16:12:05.994913+00:00,"Run - Aug 17, 2026 at 21:38:16"
Q84,20,0.9269494396371758,degraded,2026-08-17T16:12:06.007504+00:00,"Run - Aug 17, 2026 at 21:38:16"
Q85,20,0.9261274396371759,degraded,2026-08-17T16:12:06.017601+00:00,"Run - Aug 17, 2026 at 21:38:16"
Q86,20,0.9253054396371758,degraded,2026-08-17T16:12:06.025824+00:00,"Run - Aug 17, 2026 at 21:38:16"
Q87,20,0.9244834396371757,degraded,2026-08-17T16:12:06.034840+00:00,"Run - Aug 17, 2026 at 21:38:16"
Q88,20,0.9236614396371758,degraded,2026-08-17T16:12:06.043959+00:00,"Run - Aug 17, 2026 at 21:38:16"
Q89,20,0.9228394396371757,degraded,2026-08-17T16:12:06.052442+00:00,"Run - Aug 17, 2026 at 21:38:16"
Q90,20,0.9220174396371759,degraded,2026-08-17T16:12:06.061963+00:00,"Run - Aug 17, 2026 at 21:38:16"
Q91,20,0.9211954396371758,degraded,2026-08-17T16:12:06.070643+00:00,"Run - Aug 17, 2026 at 21:38:16"
Q92,20,0.9203734396371759,degraded,2026-08-17T16:12:06.079773+00:00,"Run - Aug 17, 2026 at 21:38:16"
Q93,20,0.9195514396371758,degraded,2026-08-17T16:12:06.089766+00:00,"Run - Aug 17, 2026 at 21:38:16"
Q94,20,0.9187294396371759,degraded,2026-08-17T16:12:06.100297+00:00,"Run - Aug 17, 2026 at 21:38:16"
Q95,20,0.9179074396371758,degraded,2026-08-17T16:12:06.110301+00:00,"Run - Aug 17, 2026 at 21:38:16"
Q96,20,0.9170854396371759,degraded,2026-08-17T16:12:06.121326+00:00,"Run - Aug 17, 2026 at 21:38:16"
Q97,20,0.9162634396371758,degraded,2026-08-17T16:12:06.129953+00:00,"Run - Aug 17, 2026 at 21:38:16"
Q98,20,0.9154414396371758,degraded,2026-08-17T16:12:06.139971+00:00,"Run - Aug 17, 2026 at 21:38:16"
Q99,20,0.9146194396371758,degraded,2026-08-17T16:12:06.149971+00:00,"Run - Aug 17, 2026 at 21:38:16"
Q100,20,0.9137974396371759,degraded,2026-08-17T16:12:06.159578+00:00,"Run - Aug 17, 2026 at 21:38:16"
Q101,20,0.9129754396371759,degraded,2026-08-17T16:12:06.167579+00:00,"Run - Aug 17, 2026 at 21:38:16"
Q102,20,0.9121534396371759,degraded,2026-08-17T16:12:06.177675+00:00,"Run - Aug 17, 2026 at 21:38:16"
Q103,20,0.9113314396371759,degraded,2026-08-17T16:12:06.188848+00:00,"Run - Aug 17, 2026 at 21:38:16"
Q104,20,0.9105094396371758,degraded,2026-08-17T16:12:06.215160+00:00,"Run - Aug 17, 2026 at 21:38:16"
Q105,20,0.9096874396371759,degraded,2026-08-17T16:12:06.224160+00:00,"Run - Aug 17, 2026 at 21:38:16"
Q106,20,0.9088654396371758,degraded,2026-08-17T16:12:06.234045+00:00,"Run - Aug 17, 2026 at 21:38:16"
Q107,20,0.9080434396371759,degraded,2026-08-17T16:12:06.243174+00:00,"Run - Aug 17, 2026 at 21:38:16"
Q108,20,0.9072214396371758,degraded,2026-08-17T16:12:06.252316+00:00,"Run - Aug 17, 2026 at 21:38:16"
Q109,20,0.906399439637176,degraded,2026-08-17T16:12:06.263859+00:00,"Run - Aug 17, 2026 at 21:38:16"
Q110,20,0.9055774396371759,degraded,2026-08-17T16:12:06.273968+00:00,"Run - Aug 17, 2026 at 21:38:16"
Q111,20,0.904755439637176,degraded,2026-08-17T16:12:06.283491+00:00,"Run - Aug 17, 2026 at 21:38:16"
Q112,20,0.9039334396371759,degraded,2026-08-17T16:12:06.292106+00:00,"Run - Aug 17, 2026 at 21:38:16"
Q113,20,0.903111439637176,degraded,2026-08-17T16:12:06.301015+00:00,"Run - Aug 17, 2026 at 21:38:16"
Q114,20,0.9022894396371758,degraded,2026-08-17T16:12:06.310059+00:00,"Run - Aug 17, 2026 at 21:38:16"
Q115,20,0.9014674396371759,degraded,2026-08-17T16:12:06.322382+00:00,"Run - Aug 17, 2026 at 21:38:16"
Q116,20,0.9006454396371758,degraded,2026-08-17T16:12:06.332886+00:00,"Run - Aug 17, 2026 at 21:38:16"
Q117,20,0.8998234396371759,degraded,2026-08-17T16:12:06.344748+00:00,"Run - Aug 17, 2026 at 21:38:16"
Q118,20,0.8990014396371758,degraded,2026-08-17T16:12:06.357307+00:00,"Run - Aug 17, 2026 at 21:38:16"
Q119,20,0.8981794396371758,degraded,2026-08-17T16:12:06.367861+00:00,"Run - Aug 17, 2026 at 21:38:16"
Q120,20,0.8973574396371758,degraded,2026-08-17T16:12:06.376858+00:00,"Run - Aug 17, 2026 at 21:38:16"
Q121,20,0.8965354396371759,degraded,2026-08-17T16:12:06.387395+00:00,"Run - Aug 17, 2026 at 21:38:16"
Q122,20,0.8957134396371759,degraded,2026-08-17T16:12:06.402396+00:00,"Run - Aug 17, 2026 at 21:38:16"
Q123,20,0.8948914396371759,degraded,2026-08-17T16:12:06.415761+00:00,"Run - Aug 17, 2026 at 21:38:16"
Q124,20,0.8940694396371759,degraded,2026-08-17T16:12:06.424543+00:00,"Run - Aug 17, 2026 at 21:38:16"
Q125,20,0.8932474396371759,degraded,2026-08-17T16:12:06.433066+00:00,"Run - Aug 17, 2026 at 21:38:16"
Q126,20,0.8924254396371759,degraded,2026-08-17T16:12:06.445076+00:00,"Run - Aug 17, 2026 at 21:38:16"
Q127,20,0.8916034396371758,degraded,2026-08-17T16:12:06.454080+00:00,"Run - Aug 17, 2026 at 21:38:16"
Q128,20,0.8907814396371759,degraded,2026-08-17T16:12:06.464622+00:00,"Run - Aug 17, 2026 at 21:38:16"
Q129,20,0.8899594396371757,degraded,2026-08-17T16:12:06.476711+00:00,"Run - Aug 17, 2026 at 21:38:16"
Q130,20,0.8891374396371758,degraded,2026-08-17T16:12:06.486485+00:00,"Run - Aug 17, 2026 at 21:38:16"
Q131,20,0.8883154396371757,degraded,2026-08-17T16:12:06.496513+00:00,"Run - Aug 17, 2026 at 21:38:16"
Q132,20,0.8874934396371759,degraded,2026-08-17T16:12:06.506270+00:00,"Run - Aug 17, 2026 at 21:38:16"
Q0,21,0.9959828060113902,degraded,2026-08-17T16:12:20.240612+00:00,"Run - Aug 17, 2026 at 21:38:16"
Q1,21,0.9951572060113902,degraded,2026-08-17T16:12:20.249285+00:00,"Run - Aug 17, 2026 at 21:38:16"
Q2,21,0.9943316060113903,degraded,2026-08-17T16:12:20.257747+00:00,"Run - Aug 17, 2026 at 21:38:16"
Q3,21,0.9935060060113903,degraded,2026-08-17T16:12:20.266323+00:00,"Run - Aug 17, 2026 at 21:38:16"
Q4,21,0.9926804060113903,degraded,2026-08-17T16:12:20.274474+00:00,"Run - Aug 17, 2026 at 21:38:16"
Q5,21,0.9918548060113903,degraded,2026-08-17T16:12:20.282389+00:00,"Run - Aug 17, 2026 at 21:38:16"
Q6,21,0.9910292060113902,degraded,2026-08-17T16:12:20.290938+00:00,"Run - Aug 17, 2026 at 21:38:16"
Q7,21,0.9902036060113903,degraded,2026-08-17T16:12:20.299884+00:00,"Run - Aug 17, 2026 at 21:38:16"
Q8,21,0.9893780060113904,degraded,2026-08-17T16:12:20.308544+00:00,"Run - Aug 17, 2026 at 21:38:16"
Q9,21,0.9885524060113904,degraded,2026-08-17T16:12:20.318910+00:00,"Run - Aug 17, 2026 at 21:38:16"
Q10,21,0.9877268060113904,degraded,2026-08-17T16:12:20.326900+00:00,"Run - Aug 17, 2026 at 21:38:16"
Q11,21,0.9869012060113902,degraded,2026-08-17T16:12:20.335929+00:00,"Run - Aug 17, 2026 at 21:38:16"
Q12,21,0.9860756060113902,degraded,2026-08-17T16:12:20.344253+00:00,"Run - Aug 17, 2026 at 21:38:16"
Q13,21,0.9852500060113903,degraded,2026-08-17T16:12:20.354787+00:00,"Run - Aug 17, 2026 at 21:38:16"
Q14,21,0.9844244060113903,degraded,2026-08-17T16:12:20.363786+00:00,"Run - Aug 17, 2026 at 21:38:16"
Q15,21,0.9835988060113903,degraded,2026-08-17T16:12:20.372426+00:00,"Run - Aug 17, 2026 at 21:38:16"
Q16,21,0.9827732060113903,degraded,2026-08-17T16:12:20.381377+00:00,"Run - Aug 17, 2026 at 21:38:16"
Q17,21,0.9819476060113902,degraded,2026-08-17T16:12:20.390391+00:00,"Run - Aug 17, 2026 at 21:38:16"
Q18,21,0.9811220060113903,degraded,2026-08-17T16:12:20.398749+00:00,"Run - Aug 17, 2026 at 21:38:16"
Q19,21,0.9802964060113903,degraded,2026-08-17T16:12:20.406745+00:00,"Run - Aug 17, 2026 at 21:38:16"
Q20,21,0.9794708060113902,degraded,2026-08-17T16:12:20.414190+00:00,"Run - Aug 17, 2026 at 21:38:16"
Q21,21,0.9786452060113904,degraded,2026-08-17T16:12:20.422198+00:00,"Run - Aug 17, 2026 at 21:38:16"
Q22,21,0.9778196060113903,degraded,2026-08-17T16:12:20.431201+00:00,"Run - Aug 17, 2026 at 21:38:16"
Q23,21,0.9769940060113902,degraded,2026-08-17T16:12:20.440215+00:00,"Run - Aug 17, 2026 at 21:38:16"
Q24,21,0.9761684060113903,degraded,2026-08-17T16:12:20.447748+00:00,"Run - Aug 17, 2026 at 21:38:16"
Q25,21,0.9753428060113902,degraded,2026-08-17T16:12:20.455784+00:00,"Run - Aug 17, 2026 at 21:38:16"
Q26,21,0.9745172060113902,degraded,2026-08-17T16:12:20.464214+00:00,"Run - Aug 17, 2026 at 21:38:16"
Q27,21,0.9736916060113903,degraded,2026-08-17T16:12:20.474040+00:00,"Run - Aug 17, 2026 at 21:38:16"
Q28,21,0.9728660060113903,degraded,2026-08-17T16:12:20.483779+00:00,"Run - Aug 17, 2026 at 21:38:16"
Q29,21,0.9720404060113903,degraded,2026-08-17T16:12:20.491942+00:00,"Run - Aug 17, 2026 at 21:38:16"
Q30,21,0.9712148060113903,degraded,2026-08-17T16:12:20.500673+00:00,"Run - Aug 17, 2026 at 21:38:16"
Q31,21,0.9703892060113902,degraded,2026-08-17T16:12:20.511823+00:00,"Run - Aug 17, 2026 at 21:38:16"
Q32,21,0.9695636060113904,degraded,2026-08-17T16:12:20.521412+00:00,"Run - Aug 17, 2026 at 21:38:16"
Q33,21,0.9687380060113903,degraded,2026-08-17T16:12:20.531367+00:00,"Run - Aug 17, 2026 at 21:38:16"
Q34,21,0.9679124060113904,degraded,2026-08-17T16:12:20.540432+00:00,"Run - Aug 17, 2026 at 21:38:16"
Q35,21,0.9670868060113904,degraded,2026-08-17T16:12:20.548561+00:00,"Run - Aug 17, 2026 at 21:38:16"
Q36,21,0.9662612060113902,degraded,2026-08-17T16:12:20.558542+00:00,"Run - Aug 17, 2026 at 21:38:16"
Q37,21,0.9654356060113902,degraded,2026-08-17T16:12:20.567582+00:00,"Run - Aug 17, 2026 at 21:38:16"
Q38,21,0.9646100060113902,degraded,2026-08-17T16:12:20.579483+00:00,"Run - Aug 17, 2026 at 21:38:16"
Q39,21,0.9637844060113903,degraded,2026-08-17T16:12:20.590189+00:00,"Run - Aug 17, 2026 at 21:38:16"
Q40,21,0.9629588060113903,degraded,2026-08-17T16:12:20.599845+00:00,"Run - Aug 17, 2026 at 21:38:16"
Q41,21,0.9621332060113903,degraded,2026-08-17T16:12:20.608843+00:00,"Run - Aug 17, 2026 at 21:38:16"
Q42,21,0.9613076060113902,degraded,2026-08-17T16:12:20.618858+00:00,"Run - Aug 17, 2026 at 21:38:16"
Q43,21,0.9604820060113903,degraded,2026-08-17T16:12:20.627843+00:00,"Run - Aug 17, 2026 at 21:38:16"
Q44,21,0.9596564060113904,degraded,2026-08-17T16:12:20.637407+00:00,"Run - Aug 17, 2026 at 21:38:16"
Q45,21,0.9588308060113904,degraded,2026-08-17T16:12:20.647320+00:00,"Run - Aug 17, 2026 at 21:38:16"
Q46,21,0.9580052060113904,degraded,2026-08-17T16:12:20.657189+00:00,"Run - Aug 17, 2026 at 21:38:16"
Q47,21,0.9571796060113903,degraded,2026-08-17T16:12:20.667360+00:00,"Run - Aug 17, 2026 at 21:38:16"
Q48,21,0.9563540060113903,degraded,2026-08-17T16:12:20.676357+00:00,"Run - Aug 17, 2026 at 21:38:16"
Q49,21,0.9555284060113903,degraded,2026-08-17T16:12:20.685915+00:00,"Run - Aug 17, 2026 at 21:38:16"
Q50,21,0.9547028060113902,degraded,2026-08-17T16:12:20.697113+00:00,"Run - Aug 17, 2026 at 21:38:16"
Q51,21,0.9538772060113903,degraded,2026-08-17T16:12:20.706493+00:00,"Run - Aug 17, 2026 at 21:38:16"
Q52,21,0.9530516060113903,degraded,2026-08-17T16:12:20.714542+00:00,"Run - Aug 17, 2026 at 21:38:16"
Q53,21,0.9522260060113903,degraded,2026-08-17T16:12:20.723537+00:00,"Run - Aug 17, 2026 at 21:38:16"
Q54,21,0.9514004060113903,degraded,2026-08-17T16:12:20.733847+00:00,"Run - Aug 17, 2026 at 21:38:16"
Q55,21,0.9505748060113903,degraded,2026-08-17T16:12:20.745392+00:00,"Run - Aug 17, 2026 at 21:38:16"
Q56,21,0.9497492060113901,degraded,2026-08-17T16:12:20.753940+00:00,"Run - Aug 17, 2026 at 21:38:16"
Q57,21,0.9489236060113904,degraded,2026-08-17T16:12:20.763948+00:00,"Run - Aug 17, 2026 at 21:38:16"
Q58,21,0.9480980060113903,degraded,2026-08-17T16:12:20.773105+00:00,"Run - Aug 17, 2026 at 21:38:16"
Q59,21,0.9472724060113903,degraded,2026-08-17T16:12:20.782666+00:00,"Run - Aug 17, 2026 at 21:38:16"
Q60,21,0.9464468060113904,degraded,2026-08-17T16:12:20.792679+00:00,"Run - Aug 17, 2026 at 21:38:16"
Q61,21,0.9456212060113902,degraded,2026-08-17T16:12:20.804241+00:00,"Run - Aug 17, 2026 at 21:38:16"
Q62,21,0.9447956060113902,degraded,2026-08-17T16:12:20.814078+00:00,"Run - Aug 17, 2026 at 21:38:16"
Q63,21,0.9439700060113903,degraded,2026-08-17T16:12:20.825085+00:00,"Run - Aug 17, 2026 at 21:38:16"
Q64,21,0.9431444060113903,degraded,2026-08-17T16:12:20.834562+00:00,"Run - Aug 17, 2026 at 21:38:16"
Q65,21,0.9423188060113904,degraded,2026-08-17T16:12:20.846296+00:00,"Run - Aug 17, 2026 at 21:38:16"
Q66,21,0.9414932060113903,degraded,2026-08-17T16:12:20.855755+00:00,"Run - Aug 17, 2026 at 21:38:16"
Q67,21,0.9406676060113902,degraded,2026-08-17T16:12:20.866258+00:00,"Run - Aug 17, 2026 at 21:38:16"
Q68,21,0.9398420060113902,degraded,2026-08-17T16:12:20.875269+00:00,"Run - Aug 17, 2026 at 21:38:16"
Q69,21,0.9390164060113902,degraded,2026-08-17T16:12:20.883107+00:00,"Run - Aug 17, 2026 at 21:38:16"
Q70,21,0.9381908060113904,degraded,2026-08-17T16:12:20.892131+00:00,"Run - Aug 17, 2026 at 21:38:16"
Q71,21,0.9373652060113904,degraded,2026-08-17T16:12:20.904807+00:00,"Run - Aug 17, 2026 at 21:38:16"
Q72,21,0.9365396060113902,degraded,2026-08-17T16:12:20.914461+00:00,"Run - Aug 17, 2026 at 21:38:16"
Q73,21,0.9357140060113903,degraded,2026-08-17T16:12:20.923183+00:00,"Run - Aug 17, 2026 at 21:38:16"
Q74,21,0.9348884060113903,degraded,2026-08-17T16:12:20.932445+00:00,"Run - Aug 17, 2026 at 21:38:16"
Q75,21,0.9340628060113902,degraded,2026-08-17T16:12:20.942018+00:00,"Run - Aug 17, 2026 at 21:38:16"
Q76,21,0.9332372060113903,degraded,2026-08-17T16:12:20.949510+00:00,"Run - Aug 17, 2026 at 21:38:16"
Q77,21,0.9324116060113903,degraded,2026-08-17T16:12:20.960070+00:00,"Run - Aug 17, 2026 at 21:38:16"
Q78,21,0.9315860060113903,degraded,2026-08-17T16:12:20.970691+00:00,"Run - Aug 17, 2026 at 21:38:16"
Q79,21,0.9307604060113903,degraded,2026-08-17T16:12:20.979220+00:00,"Run - Aug 17, 2026 at 21:38:16"
Q80,21,0.9299348060113903,degraded,2026-08-17T16:12:20.987776+00:00,"Run - Aug 17, 2026 at 21:38:16"
Q81,21,0.9291092060113901,degraded,2026-08-17T16:12:20.998690+00:00,"Run - Aug 17, 2026 at 21:38:16"
Q82,21,0.9282836060113904,degraded,2026-08-17T16:12:21.006750+00:00,"Run - Aug 17, 2026 at 21:38:16"
Q83,21,0.9274580060113903,degraded,2026-08-17T16:12:21.017658+00:00,"Run - Aug 17, 2026 at 21:38:16"
Q84,21,0.9266324060113902,degraded,2026-08-17T16:12:21.026582+00:00,"Run - Aug 17, 2026 at 21:38:16"
Q85,21,0.9258068060113903,degraded,2026-08-17T16:12:21.035986+00:00,"Run - Aug 17, 2026 at 21:38:16"
Q86,21,0.9249812060113902,degraded,2026-08-17T16:12:21.050077+00:00,"Run - Aug 17, 2026 at 21:38:16"
Q87,21,0.9241556060113902,degraded,2026-08-17T16:12:21.059142+00:00,"Run - Aug 17, 2026 at 21:38:16"
Q88,21,0.9233300060113903,degraded,2026-08-17T16:12:21.071342+00:00,"Run - Aug 17, 2026 at 21:38:16"
Q89,21,0.9225044060113903,degraded,2026-08-17T16:12:21.081665+00:00,"Run - Aug 17, 2026 at 21:38:16"
Q90,21,0.9216788060113903,degraded,2026-08-17T16:12:21.091645+00:00,"Run - Aug 17, 2026 at 21:38:16"
Q91,21,0.9208532060113903,degraded,2026-08-17T16:12:21.102283+00:00,"Run - Aug 17, 2026 at 21:38:16"
Q92,21,0.9200276060113902,degraded,2026-08-17T16:12:21.116877+00:00,"Run - Aug 17, 2026 at 21:38:16"
Q93,21,0.9192020060113903,degraded,2026-08-17T16:12:21.124878+00:00,"Run - Aug 17, 2026 at 21:38:16"
Q94,21,0.9183764060113903,degraded,2026-08-17T16:12:21.135153+00:00,"Run - Aug 17, 2026 at 21:38:16"
Q95,21,0.9175508060113903,degraded,2026-08-17T16:12:21.144630+00:00,"Run - Aug 17, 2026 at 21:38:16"
Q96,21,0.9167252060113904,degraded,2026-08-17T16:12:21.156192+00:00,"Run - Aug 17, 2026 at 21:38:16"
Q97,21,0.9158996060113902,degraded,2026-08-17T16:12:21.167214+00:00,"Run - Aug 17, 2026 at 21:38:16"
Q98,21,0.9150740060113902,degraded,2026-08-17T16:12:21.206121+00:00,"Run - Aug 17, 2026 at 21:38:16"
Q99,21,0.9142484060113903,degraded,2026-08-17T16:12:21.224618+00:00,"Run - Aug 17, 2026 at 21:38:16"
Q100,21,0.9134228060113903,degraded,2026-08-17T16:12:21.234682+00:00,"Run - Aug 17, 2026 at 21:38:16"
Q101,21,0.9125972060113903,degraded,2026-08-17T16:12:21.243433+00:00,"Run - Aug 17, 2026 at 21:38:16"
Q102,21,0.9117716060113903,degraded,2026-08-17T16:12:21.253676+00:00,"Run - Aug 17, 2026 at 21:38:16"
Q103,21,0.9109460060113902,degraded,2026-08-17T16:12:21.260849+00:00,"Run - Aug 17, 2026 at 21:38:16"
Q104,21,0.9101204060113903,degraded,2026-08-17T16:12:21.269872+00:00,"Run - Aug 17, 2026 at 21:38:16"
Q105,21,0.9092948060113903,degraded,2026-08-17T16:12:21.280405+00:00,"Run - Aug 17, 2026 at 21:38:16"
Q106,21,0.9084692060113901,degraded,2026-08-17T16:12:21.288571+00:00,"Run - Aug 17, 2026 at 21:38:16"
Q107,21,0.9076436060113904,degraded,2026-08-17T16:12:21.299111+00:00,"Run - Aug 17, 2026 at 21:38:16"
Q108,21,0.9068180060113902,degraded,2026-08-17T16:12:21.307785+00:00,"Run - Aug 17, 2026 at 21:38:16"
Q109,21,0.9059924060113904,degraded,2026-08-17T16:12:21.317438+00:00,"Run - Aug 17, 2026 at 21:38:16"
Q110,21,0.9051668060113903,degraded,2026-08-17T16:12:21.326753+00:00,"Run - Aug 17, 2026 at 21:38:16"
Q111,21,0.9043412060113902,degraded,2026-08-17T16:12:21.335937+00:00,"Run - Aug 17, 2026 at 21:38:16"
Q112,21,0.9035156060113902,degraded,2026-08-17T16:12:21.347902+00:00,"Run - Aug 17, 2026 at 21:38:16"
Q113,21,0.9026900060113903,degraded,2026-08-17T16:12:21.356497+00:00,"Run - Aug 17, 2026 at 21:38:16"
Q114,21,0.9018644060113903,degraded,2026-08-17T16:12:21.365703+00:00,"Run - Aug 17, 2026 at 21:38:16"
Q115,21,0.9010388060113903,degraded,2026-08-17T16:12:21.374728+00:00,"Run - Aug 17, 2026 at 21:38:16"
Q116,21,0.9002132060113903,degraded,2026-08-17T16:12:21.383653+00:00,"Run - Aug 17, 2026 at 21:38:16"
Q117,21,0.8993876060113902,degraded,2026-08-17T16:12:21.391941+00:00,"Run - Aug 17, 2026 at 21:38:16"
Q118,21,0.8985620060113904,degraded,2026-08-17T16:12:21.401007+00:00,"Run - Aug 17, 2026 at 21:38:16"
Q119,21,0.8977364060113903,degraded,2026-08-17T16:12:21.410009+00:00,"Run - Aug 17, 2026 at 21:38:16"
Q120,21,0.8969108060113903,degraded,2026-08-17T16:12:21.419709+00:00,"Run - Aug 17, 2026 at 21:38:16"
Q121,21,0.8960852060113903,degraded,2026-08-17T16:12:21.427673+00:00,"Run - Aug 17, 2026 at 21:38:16"
Q122,21,0.8952596060113902,degraded,2026-08-17T16:12:21.436717+00:00,"Run - Aug 17, 2026 at 21:38:16"
Q123,21,0.8944340060113902,degraded,2026-08-17T16:12:21.444720+00:00,"Run - Aug 17, 2026 at 21:38:16"
Q124,21,0.8936084060113902,degraded,2026-08-17T16:12:21.454199+00:00,"Run - Aug 17, 2026 at 21:38:16"
Q125,21,0.8927828060113903,degraded,2026-08-17T16:12:21.463629+00:00,"Run - Aug 17, 2026 at 21:38:16"
Q126,21,0.8919572060113904,degraded,2026-08-17T16:12:21.471994+00:00,"Run - Aug 17, 2026 at 21:38:16"
Q127,21,0.8911316060113903,degraded,2026-08-17T16:12:21.482032+00:00,"Run - Aug 17, 2026 at 21:38:16"
Q128,21,0.8903060060113902,degraded,2026-08-17T16:12:21.491578+00:00,"Run - Aug 17, 2026 at 21:38:16"
Q129,21,0.8894804060113903,degraded,2026-08-17T16:12:21.500262+00:00,"Run - Aug 17, 2026 at 21:38:16"
Q130,21,0.8886548060113902,degraded,2026-08-17T16:12:21.508848+00:00,"Run - Aug 17, 2026 at 21:38:16"
Q131,21,0.8878292060113901,degraded,2026-08-17T16:12:21.517238+00:00,"Run - Aug 17, 2026 at 21:38:16"
Q132,21,0.8870036060113904,degraded,2026-08-17T16:12:21.525472+00:00,"Run - Aug 17, 2026 at 21:38:16"
Q0,22,0.9959686902024937,degraded,2026-08-17T16:12:34.605253+00:00,"Run - Aug 17, 2026 at 21:38:16"
Q1,22,0.9951394902024937,degraded,2026-08-17T16:12:34.613276+00:00,"Run - Aug 17, 2026 at 21:38:16"
Q2,22,0.9943102902024938,degraded,2026-08-17T16:12:34.621303+00:00,"Run - Aug 17, 2026 at 21:38:16"
Q3,22,0.9934810902024938,degraded,2026-08-17T16:12:34.630414+00:00,"Run - Aug 17, 2026 at 21:38:16"
Q4,22,0.9926518902024937,degraded,2026-08-17T16:12:34.638248+00:00,"Run - Aug 17, 2026 at 21:38:16"
Q5,22,0.9918226902024938,degraded,2026-08-17T16:12:34.648222+00:00,"Run - Aug 17, 2026 at 21:38:16"
Q6,22,0.9909934902024938,degraded,2026-08-17T16:12:34.656477+00:00,"Run - Aug 17, 2026 at 21:38:16"
Q7,22,0.9901642902024937,degraded,2026-08-17T16:12:34.665004+00:00,"Run - Aug 17, 2026 at 21:38:16"
Q8,22,0.9893350902024937,degraded,2026-08-17T16:12:34.672651+00:00,"Run - Aug 17, 2026 at 21:38:16"
Q9,22,0.9885058902024937,degraded,2026-08-17T16:12:34.681618+00:00,"Run - Aug 17, 2026 at 21:38:16"
Q10,22,0.9876766902024938,degraded,2026-08-17T16:12:34.691121+00:00,"Run - Aug 17, 2026 at 21:38:16"
Q11,22,0.9868474902024937,degraded,2026-08-17T16:12:34.700045+00:00,"Run - Aug 17, 2026 at 21:38:16"
Q12,22,0.9860182902024937,degraded,2026-08-17T16:12:34.710441+00:00,"Run - Aug 17, 2026 at 21:38:16"
Q13,22,0.9851890902024938,degraded,2026-08-17T16:12:34.719777+00:00,"Run - Aug 17, 2026 at 21:38:16"
Q14,22,0.9843598902024938,degraded,2026-08-17T16:12:34.728409+00:00,"Run - Aug 17, 2026 at 21:38:16"
Q15,22,0.9835306902024938,degraded,2026-08-17T16:12:34.736430+00:00,"Run - Aug 17, 2026 at 21:38:16"
Q16,22,0.9827014902024938,degraded,2026-08-17T16:12:34.746568+00:00,"Run - Aug 17, 2026 at 21:38:16"
Q17,22,0.9818722902024937,degraded,2026-08-17T16:12:34.755022+00:00,"Run - Aug 17, 2026 at 21:38:16"
Q18,22,0.9810430902024938,degraded,2026-08-17T16:12:34.762992+00:00,"Run - Aug 17, 2026 at 21:38:16"
Q19,22,0.9802138902024937,degraded,2026-08-17T16:12:34.772265+00:00,"Run - Aug 17, 2026 at 21:38:16"
Q20,22,0.9793846902024936,degraded,2026-08-17T16:12:34.779786+00:00,"Run - Aug 17, 2026 at 21:38:16"
Q21,22,0.9785554902024938,degraded,2026-08-17T16:12:34.788779+00:00,"Run - Aug 17, 2026 at 21:38:16"
Q22,22,0.9777262902024938,degraded,2026-08-17T16:12:34.797251+00:00,"Run - Aug 17, 2026 at 21:38:16"
Q23,22,0.9768970902024938,degraded,2026-08-17T16:12:34.805867+00:00,"Run - Aug 17, 2026 at 21:38:16"
Q24,22,0.9760678902024937,degraded,2026-08-17T16:12:34.813878+00:00,"Run - Aug 17, 2026 at 21:38:16"
Q25,22,0.9752386902024938,degraded,2026-08-17T16:12:34.823106+00:00,"Run - Aug 17, 2026 at 21:38:16"
Q26,22,0.9744094902024938,degraded,2026-08-17T16:12:34.831234+00:00,"Run - Aug 17, 2026 at 21:38:16"
Q27,22,0.9735802902024937,degraded,2026-08-17T16:12:34.840249+00:00,"Run - Aug 17, 2026 at 21:38:16"
Q28,22,0.9727510902024936,degraded,2026-08-17T16:12:34.847062+00:00,"Run - Aug 17, 2026 at 21:38:16"
Q29,22,0.9719218902024938,degraded,2026-08-17T16:12:34.855821+00:00,"Run - Aug 17, 2026 at 21:38:16"
Q30,22,0.9710926902024938,degraded,2026-08-17T16:12:34.864229+00:00,"Run - Aug 17, 2026 at 21:38:16"
Q31,22,0.9702634902024938,degraded,2026-08-17T16:12:34.873598+00:00,"Run - Aug 17, 2026 at 21:38:16"
Q32,22,0.9694342902024937,degraded,2026-08-17T16:12:34.881589+00:00,"Run - Aug 17, 2026 at 21:38:16"
Q33,22,0.9686050902024937,degraded,2026-08-17T16:12:34.890376+00:00,"Run - Aug 17, 2026 at 21:38:16"
Q34,22,0.9677758902024938,degraded,2026-08-17T16:12:34.899486+00:00,"Run - Aug 17, 2026 at 21:38:16"
Q35,22,0.9669466902024937,degraded,2026-08-17T16:12:34.906550+00:00,"Run - Aug 17, 2026 at 21:38:16"
Q36,22,0.9661174902024937,degraded,2026-08-17T16:12:34.915126+00:00,"Run - Aug 17, 2026 at 21:38:16"
Q37,22,0.9652882902024937,degraded,2026-08-17T16:12:34.923126+00:00,"Run - Aug 17, 2026 at 21:38:16"
Q38,22,0.9644590902024939,degraded,2026-08-17T16:12:34.931417+00:00,"Run - Aug 17, 2026 at 21:38:16"
Q39,22,0.9636298902024938,degraded,2026-08-17T16:12:34.939154+00:00,"Run - Aug 17, 2026 at 21:38:16"
Q40,22,0.9628006902024937,degraded,2026-08-17T16:12:34.948596+00:00,"Run - Aug 17, 2026 at 21:38:16"
Q41,22,0.9619714902024937,degraded,2026-08-17T16:12:34.956886+00:00,"Run - Aug 17, 2026 at 21:38:16"
Q42,22,0.9611422902024938,degraded,2026-08-17T16:12:34.965451+00:00,"Run - Aug 17, 2026 at 21:38:16"
Q43,22,0.9603130902024938,degraded,2026-08-17T16:12:34.972456+00:00,"Run - Aug 17, 2026 at 21:38:16"
Q44,22,0.9594838902024937,degraded,2026-08-17T16:12:34.981110+00:00,"Run - Aug 17, 2026 at 21:38:16"
Q45,22,0.9586546902024937,degraded,2026-08-17T16:12:34.989282+00:00,"Run - Aug 17, 2026 at 21:38:16"
Q46,22,0.9578254902024939,degraded,2026-08-17T16:12:34.998689+00:00,"Run - Aug 17, 2026 at 21:38:16"
Q47,22,0.9569962902024938,degraded,2026-08-17T16:12:35.007778+00:00,"Run - Aug 17, 2026 at 21:38:16"
Q48,22,0.9561670902024937,degraded,2026-08-17T16:12:35.016372+00:00,"Run - Aug 17, 2026 at 21:38:16"
Q49,22,0.9553378902024938,degraded,2026-08-17T16:12:35.026030+00:00,"Run - Aug 17, 2026 at 21:38:16"
Q50,22,0.9545086902024937,degraded,2026-08-17T16:12:35.034048+00:00,"Run - Aug 17, 2026 at 21:38:16"
Q51,22,0.9536794902024938,degraded,2026-08-17T16:12:35.042767+00:00,"Run - Aug 17, 2026 at 21:38:16"
Q52,22,0.9528502902024937,degraded,2026-08-17T16:12:35.051838+00:00,"Run - Aug 17, 2026 at 21:38:16"
Q53,22,0.9520210902024937,degraded,2026-08-17T16:12:35.061793+00:00,"Run - Aug 17, 2026 at 21:38:16"
Q54,22,0.9511918902024938,degraded,2026-08-17T16:12:35.071562+00:00,"Run - Aug 17, 2026 at 21:38:16"
Q55,22,0.9503626902024938,degraded,2026-08-17T16:12:35.080908+00:00,"Run - Aug 17, 2026 at 21:38:16"
Q56,22,0.9495334902024937,degraded,2026-08-17T16:12:35.090673+00:00,"Run - Aug 17, 2026 at 21:38:16"
Q57,22,0.9487042902024938,degraded,2026-08-17T16:12:35.099870+00:00,"Run - Aug 17, 2026 at 21:38:16"
Q58,22,0.9478750902024937,degraded,2026-08-17T16:12:35.107659+00:00,"Run - Aug 17, 2026 at 21:38:16"
Q59,22,0.9470458902024937,degraded,2026-08-17T16:12:35.116652+00:00,"Run - Aug 17, 2026 at 21:38:16"
Q60,22,0.9462166902024938,degraded,2026-08-17T16:12:35.124838+00:00,"Run - Aug 17, 2026 at 21:38:16"
Q61,22,0.9453874902024937,degraded,2026-08-17T16:12:35.134513+00:00,"Run - Aug 17, 2026 at 21:38:16"
Q62,22,0.9445582902024938,degraded,2026-08-17T16:12:35.143778+00:00,"Run - Aug 17, 2026 at 21:38:16"
Q63,22,0.9437290902024937,degraded,2026-08-17T16:12:35.152386+00:00,"Run - Aug 17, 2026 at 21:38:16"
Q64,22,0.9428998902024937,degraded,2026-08-17T16:12:35.162071+00:00,"Run - Aug 17, 2026 at 21:38:16"
Q65,22,0.9420706902024937,degraded,2026-08-17T16:12:35.201620+00:00,"Run - Aug 17, 2026 at 21:38:16"
Q66,22,0.9412414902024938,degraded,2026-08-17T16:12:35.211298+00:00,"Run - Aug 17, 2026 at 21:38:16"
Q67,22,0.9404122902024937,degraded,2026-08-17T16:12:35.220434+00:00,"Run - Aug 17, 2026 at 21:38:16"
Q68,22,0.9395830902024938,degraded,2026-08-17T16:12:35.228689+00:00,"Run - Aug 17, 2026 at 21:38:16"
Q69,22,0.9387538902024937,degraded,2026-08-17T16:12:35.237224+00:00,"Run - Aug 17, 2026 at 21:38:16"
Q70,22,0.9379246902024938,degraded,2026-08-17T16:12:35.245352+00:00,"Run - Aug 17, 2026 at 21:38:16"
Q71,22,0.9370954902024937,degraded,2026-08-17T16:12:35.253423+00:00,"Run - Aug 17, 2026 at 21:38:16"
Q72,22,0.9362662902024936,degraded,2026-08-17T16:12:35.263188+00:00,"Run - Aug 17, 2026 at 21:38:16"
Q73,22,0.9354370902024937,degraded,2026-08-17T16:12:35.271502+00:00,"Run - Aug 17, 2026 at 21:38:16"
Q74,22,0.9346078902024938,degraded,2026-08-17T16:12:35.279443+00:00,"Run - Aug 17, 2026 at 21:38:16"
Q75,22,0.9337786902024938,degraded,2026-08-17T16:12:35.288369+00:00,"Run - Aug 17, 2026 at 21:38:16"
Q76,22,0.9329494902024937,degraded,2026-08-17T16:12:35.297562+00:00,"Run - Aug 17, 2026 at 21:38:16"
Q77,22,0.9321202902024937,degraded,2026-08-17T16:12:35.306366+00:00,"Run - Aug 17, 2026 at 21:38:16"
Q78,22,0.9312910902024938,degraded,2026-08-17T16:12:35.317417+00:00,"Run - Aug 17, 2026 at 21:38:16"
Q79,22,0.9304618902024937,degraded,2026-08-17T16:12:35.326724+00:00,"Run - Aug 17, 2026 at 21:38:16"
Q80,22,0.9296326902024936,degraded,2026-08-17T16:12:35.336131+00:00,"Run - Aug 17, 2026 at 21:38:16"
Q81,22,0.9288034902024936,degraded,2026-08-17T16:12:35.344683+00:00,"Run - Aug 17, 2026 at 21:38:16"
Q82,22,0.9279742902024939,degraded,2026-08-17T16:12:35.352784+00:00,"Run - Aug 17, 2026 at 21:38:16"
Q83,22,0.9271450902024938,degraded,2026-08-17T16:12:35.362193+00:00,"Run - Aug 17, 2026 at 21:38:16"
Q84,22,0.9263158902024937,degraded,2026-08-17T16:12:35.371316+00:00,"Run - Aug 17, 2026 at 21:38:16"
Q85,22,0.9254866902024936,degraded,2026-08-17T16:12:35.379530+00:00,"Run - Aug 17, 2026 at 21:38:16"
Q86,22,0.9246574902024938,degraded,2026-08-17T16:12:35.387586+00:00,"Run - Aug 17, 2026 at 21:38:16"
Q87,22,0.9238282902024937,degraded,2026-08-17T16:12:35.395729+00:00,"Run - Aug 17, 2026 at 21:38:16"
Q88,22,0.9229990902024937,degraded,2026-08-17T16:12:35.404233+00:00,"Run - Aug 17, 2026 at 21:38:16"
Q89,22,0.9221698902024936,degraded,2026-08-17T16:12:35.410633+00:00,"Run - Aug 17, 2026 at 21:38:16"
Q90,22,0.9213406902024939,degraded,2026-08-17T16:12:35.418823+00:00,"Run - Aug 17, 2026 at 21:38:16"
Q91,22,0.9205114902024938,degraded,2026-08-17T16:12:35.427526+00:00,"Run - Aug 17, 2026 at 21:38:16"
Q92,22,0.9196822902024937,degraded,2026-08-17T16:12:35.435386+00:00,"Run - Aug 17, 2026 at 21:38:16"
Q93,22,0.9188530902024936,degraded,2026-08-17T16:12:35.443990+00:00,"Run - Aug 17, 2026 at 21:38:16"
Q94,22,0.9180238902024938,degraded,2026-08-17T16:12:35.452528+00:00,"Run - Aug 17, 2026 at 21:38:16"
Q95,22,0.9171946902024938,degraded,2026-08-17T16:12:35.460688+00:00,"Run - Aug 17, 2026 at 21:38:16"
Q96,22,0.9163654902024937,degraded,2026-08-17T16:12:35.468705+00:00,"Run - Aug 17, 2026 at 21:38:16"
Q97,22,0.9155362902024936,degraded,2026-08-17T16:12:35.477442+00:00,"Run - Aug 17, 2026 at 21:38:16"
Q98,22,0.9147070902024939,degraded,2026-08-17T16:12:35.485396+00:00,"Run - Aug 17, 2026 at 21:38:16"
Q99,22,0.9138778902024938,degraded,2026-08-17T16:12:35.493066+00:00,"Run - Aug 17, 2026 at 21:38:16"
Q100,22,0.9130486902024937,degraded,2026-08-17T16:12:35.501033+00:00,"Run - Aug 17, 2026 at 21:38:16"
Q101,22,0.9122194902024936,degraded,2026-08-17T16:12:35.508164+00:00,"Run - Aug 17, 2026 at 21:38:16"
Q102,22,0.9113902902024937,degraded,2026-08-17T16:12:35.516281+00:00,"Run - Aug 17, 2026 at 21:38:16"
Q103,22,0.9105610902024938,degraded,2026-08-17T16:12:35.524268+00:00,"Run - Aug 17, 2026 at 21:38:16"
Q104,22,0.9097318902024938,degraded,2026-08-17T16:12:35.533127+00:00,"Run - Aug 17, 2026 at 21:38:16"
Q105,22,0.9089026902024937,degraded,2026-08-17T16:12:35.541374+00:00,"Run - Aug 17, 2026 at 21:38:16"
Q106,22,0.9080734902024938,degraded,2026-08-17T16:12:35.549169+00:00,"Run - Aug 17, 2026 at 21:38:16"
Q107,22,0.9072442902024938,degraded,2026-08-17T16:12:35.557484+00:00,"Run - Aug 17, 2026 at 21:38:16"
Q108,22,0.9064150902024937,degraded,2026-08-17T16:12:35.565006+00:00,"Run - Aug 17, 2026 at 21:38:16"
Q109,22,0.9055858902024936,degraded,2026-08-17T16:12:35.572150+00:00,"Run - Aug 17, 2026 at 21:38:16"
Q110,22,0.9047566902024938,degraded,2026-08-17T16:12:35.579237+00:00,"Run - Aug 17, 2026 at 21:38:16"
Q111,22,0.9039274902024937,degraded,2026-08-17T16:12:35.586681+00:00,"Run - Aug 17, 2026 at 21:38:16"
Q112,22,0.9030982902024938,degraded,2026-08-17T16:12:35.594813+00:00,"Run - Aug 17, 2026 at 21:38:16"
Q113,22,0.9022690902024937,degraded,2026-08-17T16:12:35.602817+00:00,"Run - Aug 17, 2026 at 21:38:16"
Q114,22,0.9014398902024938,degraded,2026-08-17T16:12:35.609652+00:00,"Run - Aug 17, 2026 at 21:38:16"
Q115,22,0.9006106902024937,degraded,2026-08-17T16:12:35.618104+00:00,"Run - Aug 17, 2026 at 21:38:16"
Q116,22,0.8997814902024937,degraded,2026-08-17T16:12:35.626514+00:00,"Run - Aug 17, 2026 at 21:38:16"
Q117,22,0.8989522902024937,degraded,2026-08-17T16:12:35.634458+00:00,"Run - Aug 17, 2026 at 21:38:16"
Q118,22,0.8981230902024938,degraded,2026-08-17T16:12:35.642458+00:00,"Run - Aug 17, 2026 at 21:38:16"
Q119,22,0.8972938902024937,degraded,2026-08-17T16:12:35.650893+00:00,"Run - Aug 17, 2026 at 21:38:16"
Q120,22,0.8964646902024938,degraded,2026-08-17T16:12:35.658451+00:00,"Run - Aug 17, 2026 at 21:38:16"
Q121,22,0.8956354902024937,degraded,2026-08-17T16:12:35.667057+00:00,"Run - Aug 17, 2026 at 21:38:16"
Q122,22,0.8948062902024938,degraded,2026-08-17T16:12:35.674695+00:00,"Run - Aug 17, 2026 at 21:38:16"
Q123,22,0.8939770902024937,degraded,2026-08-17T16:12:35.682369+00:00,"Run - Aug 17, 2026 at 21:38:16"
Q124,22,0.8931478902024936,degraded,2026-08-17T16:12:35.691387+00:00,"Run - Aug 17, 2026 at 21:38:16"
Q125,22,0.8923186902024937,degraded,2026-08-17T16:12:35.699556+00:00,"Run - Aug 17, 2026 at 21:38:16"
Q126,22,0.8914894902024939,degraded,2026-08-17T16:12:35.708268+00:00,"Run - Aug 17, 2026 at 21:38:16"
Q127,22,0.8906602902024938,degraded,2026-08-17T16:12:35.715617+00:00,"Run - Aug 17, 2026 at 21:38:16"
Q128,22,0.8898310902024937,degraded,2026-08-17T16:12:35.725024+00:00,"Run - Aug 17, 2026 at 21:38:16"
Q129,22,0.8890018902024936,degraded,2026-08-17T16:12:35.733362+00:00,"Run - Aug 17, 2026 at 21:38:16"
Q130,22,0.8881726902024938,degraded,2026-08-17T16:12:35.741104+00:00,"Run - Aug 17, 2026 at 21:38:16"
Q131,22,0.8873434902024937,degraded,2026-08-17T16:12:35.748257+00:00,"Run - Aug 17, 2026 at 21:38:16"
Q132,22,0.8865142902024937,degraded,2026-08-17T16:12:35.757523+00:00,"Run - Aug 17, 2026 at 21:38:16"
Q0,23,0.9959550562373551,degraded,2026-08-17T16:12:47.713043+00:00,"Run - Aug 17, 2026 at 21:38:16"
Q1,23,0.9951222562373552,degraded,2026-08-17T16:12:47.721281+00:00,"Run - Aug 17, 2026 at 21:38:16"
Q2,23,0.9942894562373552,degraded,2026-08-17T16:12:47.730896+00:00,"Run - Aug 17, 2026 at 21:38:16"
Q3,23,0.993456656237355,degraded,2026-08-17T16:12:47.740509+00:00,"Run - Aug 17, 2026 at 21:38:16"
Q4,23,0.992623856237355,degraded,2026-08-17T16:12:47.751519+00:00,"Run - Aug 17, 2026 at 21:38:16"
Q5,23,0.9917910562373551,degraded,2026-08-17T16:12:47.761522+00:00,"Run - Aug 17, 2026 at 21:38:16"
Q6,23,0.9909582562373551,degraded,2026-08-17T16:12:47.772575+00:00,"Run - Aug 17, 2026 at 21:38:16"
Q7,23,0.9901254562373552,degraded,2026-08-17T16:12:47.781590+00:00,"Run - Aug 17, 2026 at 21:38:16"
Q8,23,0.9892926562373552,degraded,2026-08-17T16:12:47.789229+00:00,"Run - Aug 17, 2026 at 21:38:16"
Q9,23,0.9884598562373552,degraded,2026-08-17T16:12:47.797255+00:00,"Run - Aug 17, 2026 at 21:38:16"
Q10,23,0.987627056237355,degraded,2026-08-17T16:12:47.805445+00:00,"Run - Aug 17, 2026 at 21:38:16"
Q11,23,0.9867942562373551,degraded,2026-08-17T16:12:47.813220+00:00,"Run - Aug 17, 2026 at 21:38:16"
Q12,23,0.9859614562373551,degraded,2026-08-17T16:12:47.820782+00:00,"Run - Aug 17, 2026 at 21:38:16"
Q13,23,0.9851286562373551,degraded,2026-08-17T16:12:47.828633+00:00,"Run - Aug 17, 2026 at 21:38:16"
Q14,23,0.9842958562373552,degraded,2026-08-17T16:12:47.837023+00:00,"Run - Aug 17, 2026 at 21:38:16"
Q15,23,0.9834630562373552,degraded,2026-08-17T16:12:47.843777+00:00,"Run - Aug 17, 2026 at 21:38:16"
Q16,23,0.9826302562373552,degraded,2026-08-17T16:12:47.851954+00:00,"Run - Aug 17, 2026 at 21:38:16"
Q17,23,0.981797456237355,degraded,2026-08-17T16:12:47.860370+00:00,"Run - Aug 17, 2026 at 21:38:16"
Q18,23,0.9809646562373551,degraded,2026-08-17T16:12:47.870052+00:00,"Run - Aug 17, 2026 at 21:38:16"
Q19,23,0.9801318562373551,degraded,2026-08-17T16:12:47.879146+00:00,"Run - Aug 17, 2026 at 21:38:16"
Q20,23,0.9792990562373551,degraded,2026-08-17T16:12:47.887864+00:00,"Run - Aug 17, 2026 at 21:38:16"
Q21,23,0.9784662562373552,degraded,2026-08-17T16:12:47.895930+00:00,"Run - Aug 17, 2026 at 21:38:16"
Q22,23,0.9776334562373552,degraded,2026-08-17T16:12:47.903471+00:00,"Run - Aug 17, 2026 at 21:38:16"
Q23,23,0.9768006562373552,degraded,2026-08-17T16:12:47.913282+00:00,"Run - Aug 17, 2026 at 21:38:16"
Q24,23,0.975967856237355,degraded,2026-08-17T16:12:47.923382+00:00,"Run - Aug 17, 2026 at 21:38:16"
Q25,23,0.9751350562373551,degraded,2026-08-17T16:12:47.931973+00:00,"Run - Aug 17, 2026 at 21:38:16"
Q26,23,0.9743022562373551,degraded,2026-08-17T16:12:47.940686+00:00,"Run - Aug 17, 2026 at 21:38:16"
Q27,23,0.9734694562373551,degraded,2026-08-17T16:12:47.948698+00:00,"Run - Aug 17, 2026 at 21:38:16"
Q28,23,0.9726366562373552,degraded,2026-08-17T16:12:47.956303+00:00,"Run - Aug 17, 2026 at 21:38:16"
Q29,23,0.9718038562373552,degraded,2026-08-17T16:12:47.965309+00:00,"Run - Aug 17, 2026 at 21:38:16"
Q30,23,0.9709710562373552,degraded,2026-08-17T16:12:47.975463+00:00,"Run - Aug 17, 2026 at 21:38:16"
Q31,23,0.9701382562373551,degraded,2026-08-17T16:12:47.984460+00:00,"Run - Aug 17, 2026 at 21:38:16"
Q32,23,0.9693054562373551,degraded,2026-08-17T16:12:47.993084+00:00,"Run - Aug 17, 2026 at 21:38:16"
Q33,23,0.9684726562373551,degraded,2026-08-17T16:12:48.003101+00:00,"Run - Aug 17, 2026 at 21:38:16"
Q34,23,0.9676398562373552,degraded,2026-08-17T16:12:48.012159+00:00,"Run - Aug 17, 2026 at 21:38:16"
Q35,23,0.9668070562373552,degraded,2026-08-17T16:12:48.022901+00:00,"Run - Aug 17, 2026 at 21:38:16"
Q36,23,0.9659742562373552,degraded,2026-08-17T16:12:48.033449+00:00,"Run - Aug 17, 2026 at 21:38:16"
Q37,23,0.9651414562373553,degraded,2026-08-17T16:12:48.044140+00:00,"Run - Aug 17, 2026 at 21:38:16"
Q38,23,0.9643086562373551,degraded,2026-08-17T16:12:48.052904+00:00,"Run - Aug 17, 2026 at 21:38:16"
Q39,23,0.9634758562373551,degraded,2026-08-17T16:12:48.062396+00:00,"Run - Aug 17, 2026 at 21:38:16"
Q40,23,0.9626430562373551,degraded,2026-08-17T16:12:48.072028+00:00,"Run - Aug 17, 2026 at 21:38:16"
Q41,23,0.961810256237355,degraded,2026-08-17T16:12:48.082077+00:00,"Run - Aug 17, 2026 at 21:38:16"
Q42,23,0.9609774562373552,degraded,2026-08-17T16:12:48.096414+00:00,"Run - Aug 17, 2026 at 21:38:16"
Q43,23,0.960144656237355,degraded,2026-08-17T16:12:48.112760+00:00,"Run - Aug 17, 2026 at 21:38:16"
Q44,23,0.9593118562373552,degraded,2026-08-17T16:12:48.137670+00:00,"Run - Aug 17, 2026 at 21:38:16"
Q45,23,0.9584790562373551,degraded,2026-08-17T16:12:48.147917+00:00,"Run - Aug 17, 2026 at 21:38:16"
Q46,23,0.9576462562373551,degraded,2026-08-17T16:12:48.158357+00:00,"Run - Aug 17, 2026 at 21:38:16"
Q47,23,0.9568134562373551,degraded,2026-08-17T16:12:48.167596+00:00,"Run - Aug 17, 2026 at 21:38:16"
Q48,23,0.9559806562373551,degraded,2026-08-17T16:12:48.176253+00:00,"Run - Aug 17, 2026 at 21:38:16"
Q49,23,0.9551478562373551,degraded,2026-08-17T16:12:48.186778+00:00,"Run - Aug 17, 2026 at 21:38:16"
Q50,23,0.954315056237355,degraded,2026-08-17T16:12:48.196638+00:00,"Run - Aug 17, 2026 at 21:38:16"
Q51,23,0.9534822562373552,degraded,2026-08-17T16:12:48.206061+00:00,"Run - Aug 17, 2026 at 21:38:16"
Q52,23,0.9526494562373551,degraded,2026-08-17T16:12:48.215297+00:00,"Run - Aug 17, 2026 at 21:38:16"
Q53,23,0.9518166562373551,degraded,2026-08-17T16:12:48.222638+00:00,"Run - Aug 17, 2026 at 21:38:16"
Q54,23,0.9509838562373552,degraded,2026-08-17T16:12:48.231161+00:00,"Run - Aug 17, 2026 at 21:38:16"
Q55,23,0.9501510562373551,degraded,2026-08-17T16:12:48.240250+00:00,"Run - Aug 17, 2026 at 21:38:16"
Q56,23,0.9493182562373551,degraded,2026-08-17T16:12:48.250328+00:00,"Run - Aug 17, 2026 at 21:38:16"
Q57,23,0.9484854562373553,degraded,2026-08-17T16:12:48.258910+00:00,"Run - Aug 17, 2026 at 21:38:16"
Q58,23,0.9476526562373552,degraded,2026-08-17T16:12:48.268915+00:00,"Run - Aug 17, 2026 at 21:38:16"
Q59,23,0.9468198562373551,degraded,2026-08-17T16:12:48.277018+00:00,"Run - Aug 17, 2026 at 21:38:16"
Q60,23,0.9459870562373551,degraded,2026-08-17T16:12:48.286968+00:00,"Run - Aug 17, 2026 at 21:38:16"
Q61,23,0.9451542562373552,degraded,2026-08-17T16:12:48.295530+00:00,"Run - Aug 17, 2026 at 21:38:16"
Q62,23,0.9443214562373551,degraded,2026-08-17T16:12:48.304342+00:00,"Run - Aug 17, 2026 at 21:38:16"
Q63,23,0.9434886562373551,degraded,2026-08-17T16:12:48.312971+00:00,"Run - Aug 17, 2026 at 21:38:16"
Q64,23,0.942655856237355,degraded,2026-08-17T16:12:48.323118+00:00,"Run - Aug 17, 2026 at 21:38:16"
Q65,23,0.9418230562373552,degraded,2026-08-17T16:12:48.332684+00:00,"Run - Aug 17, 2026 at 21:38:16"
Q66,23,0.9409902562373551,degraded,2026-08-17T16:12:48.342454+00:00,"Run - Aug 17, 2026 at 21:38:16"
Q67,23,0.9401574562373551,degraded,2026-08-17T16:12:48.352726+00:00,"Run - Aug 17, 2026 at 21:38:16"
Q68,23,0.9393246562373551,degraded,2026-08-17T16:12:48.362899+00:00,"Run - Aug 17, 2026 at 21:38:16"
Q69,23,0.9384918562373551,degraded,2026-08-17T16:12:48.372645+00:00,"Run - Aug 17, 2026 at 21:38:16"
Q70,23,0.937659056237355,degraded,2026-08-17T16:12:48.382795+00:00,"Run - Aug 17, 2026 at 21:38:16"
Q71,23,0.936826256237355,degraded,2026-08-17T16:12:48.392273+00:00,"Run - Aug 17, 2026 at 21:38:16"
Q72,23,0.9359934562373552,degraded,2026-08-17T16:12:48.401484+00:00,"Run - Aug 17, 2026 at 21:38:16"
Q73,23,0.9351606562373551,degraded,2026-08-17T16:12:48.413106+00:00,"Run - Aug 17, 2026 at 21:38:16"
Q74,23,0.9343278562373551,degraded,2026-08-17T16:12:48.424438+00:00,"Run - Aug 17, 2026 at 21:38:16"
Q75,23,0.9334950562373551,degraded,2026-08-17T16:12:48.435210+00:00,"Run - Aug 17, 2026 at 21:38:16"
Q76,23,0.9326622562373551,degraded,2026-08-17T16:12:48.444410+00:00,"Run - Aug 17, 2026 at 21:38:16"
Q77,23,0.931829456237355,degraded,2026-08-17T16:12:48.456681+00:00,"Run - Aug 17, 2026 at 21:38:16"
Q78,23,0.9309966562373551,degraded,2026-08-17T16:12:48.468309+00:00,"Run - Aug 17, 2026 at 21:38:16"
Q79,23,0.9301638562373551,degraded,2026-08-17T16:12:48.480057+00:00,"Run - Aug 17, 2026 at 21:38:16"
Q80,23,0.9293310562373551,degraded,2026-08-17T16:12:48.489606+00:00,"Run - Aug 17, 2026 at 21:38:16"
Q81,23,0.9284982562373552,degraded,2026-08-17T16:12:48.499293+00:00,"Run - Aug 17, 2026 at 21:38:16"
Q82,23,0.9276654562373551,degraded,2026-08-17T16:12:48.508832+00:00,"Run - Aug 17, 2026 at 21:38:16"
Q83,23,0.9268326562373551,degraded,2026-08-17T16:12:48.521367+00:00,"Run - Aug 17, 2026 at 21:38:16"
Q84,23,0.925999856237355,degraded,2026-08-17T16:12:48.530689+00:00,"Run - Aug 17, 2026 at 21:38:16"
Q85,23,0.9251670562373551,degraded,2026-08-17T16:12:48.540224+00:00,"Run - Aug 17, 2026 at 21:38:16"
Q86,23,0.9243342562373551,degraded,2026-08-17T16:12:48.549725+00:00,"Run - Aug 17, 2026 at 21:38:16"
Q87,23,0.9235014562373551,degraded,2026-08-17T16:12:48.559326+00:00,"Run - Aug 17, 2026 at 21:38:16"
Q88,23,0.9226686562373552,degraded,2026-08-17T16:12:48.569140+00:00,"Run - Aug 17, 2026 at 21:38:16"
Q89,23,0.9218358562373551,degraded,2026-08-17T16:12:48.579725+00:00,"Run - Aug 17, 2026 at 21:38:16"
Q90,23,0.9210030562373551,degraded,2026-08-17T16:12:48.590273+00:00,"Run - Aug 17, 2026 at 21:38:16"
Q91,23,0.920170256237355,degraded,2026-08-17T16:12:48.599826+00:00,"Run - Aug 17, 2026 at 21:38:16"
Q92,23,0.9193374562373551,degraded,2026-08-17T16:12:48.609431+00:00,"Run - Aug 17, 2026 at 21:38:16"
Q93,23,0.9185046562373551,degraded,2026-08-17T16:12:48.619004+00:00,"Run - Aug 17, 2026 at 21:38:16"
Q94,23,0.9176718562373551,degraded,2026-08-17T16:12:48.629789+00:00,"Run - Aug 17, 2026 at 21:38:16"
Q95,23,0.9168390562373552,degraded,2026-08-17T16:12:48.637845+00:00,"Run - Aug 17, 2026 at 21:38:16"
Q96,23,0.9160062562373551,degraded,2026-08-17T16:12:48.647268+00:00,"Run - Aug 17, 2026 at 21:38:16"
Q97,23,0.9151734562373551,degraded,2026-08-17T16:12:48.657032+00:00,"Run - Aug 17, 2026 at 21:38:16"
Q98,23,0.914340656237355,degraded,2026-08-17T16:12:48.666840+00:00,"Run - Aug 17, 2026 at 21:38:16"
Q99,23,0.9135078562373551,degraded,2026-08-17T16:12:48.678799+00:00,"Run - Aug 17, 2026 at 21:38:16"
Q100,23,0.9126750562373551,degraded,2026-08-17T16:12:48.689802+00:00,"Run - Aug 17, 2026 at 21:38:16"
Q101,23,0.9118422562373552,degraded,2026-08-17T16:12:48.701883+00:00,"Run - Aug 17, 2026 at 21:38:16"
Q102,23,0.9110094562373552,degraded,2026-08-17T16:12:48.713442+00:00,"Run - Aug 17, 2026 at 21:38:16"
Q103,23,0.9101766562373551,degraded,2026-08-17T16:12:48.724398+00:00,"Run - Aug 17, 2026 at 21:38:16"
Q104,23,0.909343856237355,degraded,2026-08-17T16:12:48.734933+00:00,"Run - Aug 17, 2026 at 21:38:16"
Q105,23,0.9085110562373551,degraded,2026-08-17T16:12:48.745092+00:00,"Run - Aug 17, 2026 at 21:38:16"
Q106,23,0.9076782562373551,degraded,2026-08-17T16:12:48.754322+00:00,"Run - Aug 17, 2026 at 21:38:16"
Q107,23,0.9068454562373551,degraded,2026-08-17T16:12:48.764380+00:00,"Run - Aug 17, 2026 at 21:38:16"
Q108,23,0.9060126562373552,degraded,2026-08-17T16:12:48.772990+00:00,"Run - Aug 17, 2026 at 21:38:16"
Q109,23,0.9051798562373552,degraded,2026-08-17T16:12:48.784610+00:00,"Run - Aug 17, 2026 at 21:38:16"
Q110,23,0.9043470562373551,degraded,2026-08-17T16:12:48.794027+00:00,"Run - Aug 17, 2026 at 21:38:16"
Q111,23,0.903514256237355,degraded,2026-08-17T16:12:48.803858+00:00,"Run - Aug 17, 2026 at 21:38:16"
Q112,23,0.9026814562373551,degraded,2026-08-17T16:12:48.812635+00:00,"Run - Aug 17, 2026 at 21:38:16"
Q113,23,0.9018486562373551,degraded,2026-08-17T16:12:48.822791+00:00,"Run - Aug 17, 2026 at 21:38:16"
Q114,23,0.9010158562373551,degraded,2026-08-17T16:12:48.832977+00:00,"Run - Aug 17, 2026 at 21:38:16"
Q115,23,0.9001830562373552,degraded,2026-08-17T16:12:48.842467+00:00,"Run - Aug 17, 2026 at 21:38:16"
Q116,23,0.8993502562373552,degraded,2026-08-17T16:12:48.853692+00:00,"Run - Aug 17, 2026 at 21:38:16"
Q117,23,0.8985174562373551,degraded,2026-08-17T16:12:48.864080+00:00,"Run - Aug 17, 2026 at 21:38:16"
Q118,23,0.897684656237355,degraded,2026-08-17T16:12:48.874142+00:00,"Run - Aug 17, 2026 at 21:38:16"
Q119,23,0.8968518562373551,degraded,2026-08-17T16:12:48.884788+00:00,"Run - Aug 17, 2026 at 21:38:16"
Q120,23,0.8960190562373551,degraded,2026-08-17T16:12:48.895507+00:00,"Run - Aug 17, 2026 at 21:38:16"
Q121,23,0.895186256237355,degraded,2026-08-17T16:12:48.905330+00:00,"Run - Aug 17, 2026 at 21:38:16"
Q122,23,0.8943534562373552,degraded,2026-08-17T16:12:48.916089+00:00,"Run - Aug 17, 2026 at 21:38:16"
Q123,23,0.8935206562373552,degraded,2026-08-17T16:12:48.927148+00:00,"Run - Aug 17, 2026 at 21:38:16"
Q124,23,0.8926878562373551,degraded,2026-08-17T16:12:48.939308+00:00,"Run - Aug 17, 2026 at 21:38:16"
Q125,23,0.8918550562373551,degraded,2026-08-17T16:12:48.952796+00:00,"Run - Aug 17, 2026 at 21:38:16"
Q126,23,0.8910222562373551,degraded,2026-08-17T16:12:48.965093+00:00,"Run - Aug 17, 2026 at 21:38:16"
Q127,23,0.8901894562373551,degraded,2026-08-17T16:12:48.975682+00:00,"Run - Aug 17, 2026 at 21:38:16"
Q128,23,0.8893566562373549,degraded,2026-08-17T16:12:48.988222+00:00,"Run - Aug 17, 2026 at 21:38:16"
Q129,23,0.8885238562373552,degraded,2026-08-17T16:12:48.999336+00:00,"Run - Aug 17, 2026 at 21:38:16"
Q130,23,0.8876910562373552,degraded,2026-08-17T16:12:49.011506+00:00,"Run - Aug 17, 2026 at 21:38:16"
Q131,23,0.8868582562373551,degraded,2026-08-17T16:12:49.022581+00:00,"Run - Aug 17, 2026 at 21:38:16"
Q132,23,0.8860254562373551,degraded,2026-08-17T16:12:49.034117+00:00,"Run - Aug 17, 2026 at 21:38:16"
Q0,24,0.995941869677605,degraded,2026-08-17T16:13:03.109708+00:00,"Run - Aug 17, 2026 at 21:38:16"
Q1,24,0.995105469677605,degraded,2026-08-17T16:13:03.119302+00:00,"Run - Aug 17, 2026 at 21:38:16"
Q2,24,0.9942690696776051,degraded,2026-08-17T16:13:03.128814+00:00,"Run - Aug 17, 2026 at 21:38:16"
Q3,24,0.993432669677605,degraded,2026-08-17T16:13:03.137853+00:00,"Run - Aug 17, 2026 at 21:38:16"
Q4,24,0.9925962696776051,degraded,2026-08-17T16:13:03.146364+00:00,"Run - Aug 17, 2026 at 21:38:16"
Q5,24,0.9917598696776051,degraded,2026-08-17T16:13:03.153031+00:00,"Run - Aug 17, 2026 at 21:38:16"
Q6,24,0.990923469677605,degraded,2026-08-17T16:13:03.161003+00:00,"Run - Aug 17, 2026 at 21:38:16"
Q7,24,0.990087069677605,degraded,2026-08-17T16:13:03.168659+00:00,"Run - Aug 17, 2026 at 21:38:16"
Q8,24,0.9892506696776051,degraded,2026-08-17T16:13:03.178649+00:00,"Run - Aug 17, 2026 at 21:38:16"
Q9,24,0.988414269677605,degraded,2026-08-17T16:13:03.187243+00:00,"Run - Aug 17, 2026 at 21:38:16"
Q10,24,0.9875778696776052,degraded,2026-08-17T16:13:03.194224+00:00,"Run - Aug 17, 2026 at 21:38:16"
Q11,24,0.9867414696776051,degraded,2026-08-17T16:13:03.201302+00:00,"Run - Aug 17, 2026 at 21:38:16"
Q12,24,0.985905069677605,degraded,2026-08-17T16:13:03.206283+00:00,"Run - Aug 17, 2026 at 21:38:16"
Q13,24,0.9850686696776051,degraded,2026-08-17T16:13:03.212303+00:00,"Run - Aug 17, 2026 at 21:38:16"
Q14,24,0.9842322696776051,degraded,2026-08-17T16:13:03.218915+00:00,"Run - Aug 17, 2026 at 21:38:16"
Q15,24,0.9833958696776051,degraded,2026-08-17T16:13:03.224919+00:00,"Run - Aug 17, 2026 at 21:38:16"
Q16,24,0.9825594696776051,degraded,2026-08-17T16:13:03.229927+00:00,"Run - Aug 17, 2026 at 21:38:16"
Q17,24,0.9817230696776051,degraded,2026-08-17T16:13:03.236982+00:00,"Run - Aug 17, 2026 at 21:38:16"
Q18,24,0.9808866696776051,degraded,2026-08-17T16:13:03.243630+00:00,"Run - Aug 17, 2026 at 21:38:16"
Q19,24,0.980050269677605,degraded,2026-08-17T16:13:03.250228+00:00,"Run - Aug 17, 2026 at 21:38:16"
Q20,24,0.979213869677605,degraded,2026-08-17T16:13:03.256290+00:00,"Run - Aug 17, 2026 at 21:38:16"
Q21,24,0.9783774696776051,degraded,2026-08-17T16:13:03.262857+00:00,"Run - Aug 17, 2026 at 21:38:16"
Q22,24,0.977541069677605,degraded,2026-08-17T16:13:03.269918+00:00,"Run - Aug 17, 2026 at 21:38:16"
Q23,24,0.976704669677605,degraded,2026-08-17T16:13:03.302034+00:00,"Run - Aug 17, 2026 at 21:38:16"
Q24,24,0.9758682696776051,degraded,2026-08-17T16:13:03.311648+00:00,"Run - Aug 17, 2026 at 21:38:16"
Q25,24,0.975031869677605,degraded,2026-08-17T16:13:03.320271+00:00,"Run - Aug 17, 2026 at 21:38:16"
Q26,24,0.9741954696776051,degraded,2026-08-17T16:13:03.327288+00:00,"Run - Aug 17, 2026 at 21:38:16"
Q27,24,0.9733590696776051,degraded,2026-08-17T16:13:03.336338+00:00,"Run - Aug 17, 2026 at 21:38:16"
Q28,24,0.972522669677605,degraded,2026-08-17T16:13:03.345332+00:00,"Run - Aug 17, 2026 at 21:38:16"
Q29,24,0.971686269677605,degraded,2026-08-17T16:13:03.360952+00:00,"Run - Aug 17, 2026 at 21:38:16"
Q30,24,0.970849869677605,degraded,2026-08-17T16:13:03.369879+00:00,"Run - Aug 17, 2026 at 21:38:16"
Q31,24,0.970013469677605,degraded,2026-08-17T16:13:03.410148+00:00,"Run - Aug 17, 2026 at 21:38:16"
Q32,24,0.969177069677605,degraded,2026-08-17T16:13:03.427462+00:00,"Run - Aug 17, 2026 at 21:38:16"
Q33,24,0.9683406696776049,degraded,2026-08-17T16:13:03.436589+00:00,"Run - Aug 17, 2026 at 21:38:16"
Q34,24,0.967504269677605,degraded,2026-08-17T16:13:03.446586+00:00,"Run - Aug 17, 2026 at 21:38:16"
Q35,24,0.966667869677605,degraded,2026-08-17T16:13:03.467505+00:00,"Run - Aug 17, 2026 at 21:38:16"
Q36,24,0.9658314696776049,degraded,2026-08-17T16:13:03.480831+00:00,"Run - Aug 17, 2026 at 21:38:16"
Q37,24,0.964995069677605,degraded,2026-08-17T16:13:03.487982+00:00,"Run - Aug 17, 2026 at 21:38:16"
Q38,24,0.964158669677605,degraded,2026-08-17T16:13:03.493971+00:00,"Run - Aug 17, 2026 at 21:38:16"
Q39,24,0.9633222696776051,degraded,2026-08-17T16:13:03.497976+00:00,"Run - Aug 17, 2026 at 21:38:16"
Q40,24,0.9624858696776051,degraded,2026-08-17T16:13:03.500976+00:00,"Run - Aug 17, 2026 at 21:38:16"
Q41,24,0.961649469677605,degraded,2026-08-17T16:13:03.503976+00:00,"Run - Aug 17, 2026 at 21:38:16"
Q42,24,0.960813069677605,degraded,2026-08-17T16:13:03.508973+00:00,"Run - Aug 17, 2026 at 21:38:16"
Q43,24,0.9599766696776051,degraded,2026-08-17T16:13:03.516129+00:00,"Run - Aug 17, 2026 at 21:38:16"
Q44,24,0.9591402696776051,degraded,2026-08-17T16:13:03.523117+00:00,"Run - Aug 17, 2026 at 21:38:16"
Q45,24,0.9583038696776052,degraded,2026-08-17T16:13:03.528895+00:00,"Run - Aug 17, 2026 at 21:38:16"
Q46,24,0.9574674696776051,degraded,2026-08-17T16:13:03.534896+00:00,"Run - Aug 17, 2026 at 21:38:16"
Q47,24,0.9566310696776051,degraded,2026-08-17T16:13:03.542060+00:00,"Run - Aug 17, 2026 at 21:38:16"
Q48,24,0.9557946696776052,degraded,2026-08-17T16:13:03.548060+00:00,"Run - Aug 17, 2026 at 21:38:16"
Q49,24,0.9549582696776051,degraded,2026-08-17T16:13:03.553853+00:00,"Run - Aug 17, 2026 at 21:38:16"
Q50,24,0.954121869677605,degraded,2026-08-17T16:13:03.572982+00:00,"Run - Aug 17, 2026 at 21:38:16"
Q51,24,0.9532854696776051,degraded,2026-08-17T16:13:03.591379+00:00,"Run - Aug 17, 2026 at 21:38:16"
Q52,24,0.9524490696776051,degraded,2026-08-17T16:13:03.927379+00:00,"Run - Aug 17, 2026 at 21:38:16"
Q53,24,0.951612669677605,degraded,2026-08-17T16:13:04.215849+00:00,"Run - Aug 17, 2026 at 21:38:16"
Q54,24,0.9507762696776051,degraded,2026-08-17T16:13:04.330190+00:00,"Run - Aug 17, 2026 at 21:38:16"
Q55,24,0.9499398696776051,degraded,2026-08-17T16:13:04.433592+00:00,"Run - Aug 17, 2026 at 21:38:16"
Q56,24,0.9491034696776051,degraded,2026-08-17T16:13:04.447658+00:00,"Run - Aug 17, 2026 at 21:38:16"
Q57,24,0.9482670696776051,degraded,2026-08-17T16:13:04.462888+00:00,"Run - Aug 17, 2026 at 21:38:16"
Q58,24,0.9474306696776051,degraded,2026-08-17T16:13:04.470881+00:00,"Run - Aug 17, 2026 at 21:38:16"
Q59,24,0.9465942696776051,degraded,2026-08-17T16:13:04.476869+00:00,"Run - Aug 17, 2026 at 21:38:16"
Q60,24,0.945757869677605,degraded,2026-08-17T16:13:04.482876+00:00,"Run - Aug 17, 2026 at 21:38:16"
Q61,24,0.944921469677605,degraded,2026-08-17T16:13:04.491929+00:00,"Run - Aug 17, 2026 at 21:38:16"
Q62,24,0.9440850696776051,degraded,2026-08-17T16:13:04.498723+00:00,"Run - Aug 17, 2026 at 21:38:16"
Q63,24,0.943248669677605,degraded,2026-08-17T16:13:04.505721+00:00,"Run - Aug 17, 2026 at 21:38:16"
Q64,24,0.9424122696776049,degraded,2026-08-17T16:13:04.513350+00:00,"Run - Aug 17, 2026 at 21:38:16"
Q65,24,0.9415758696776051,degraded,2026-08-17T16:13:04.520355+00:00,"Run - Aug 17, 2026 at 21:38:16"
Q66,24,0.940739469677605,degraded,2026-08-17T16:13:04.528349+00:00,"Run - Aug 17, 2026 at 21:38:16"
Q67,24,0.939903069677605,degraded,2026-08-17T16:13:04.537347+00:00,"Run - Aug 17, 2026 at 21:38:16"
Q68,24,0.939066669677605,degraded,2026-08-17T16:13:04.546411+00:00,"Run - Aug 17, 2026 at 21:38:16"
Q69,24,0.938230269677605,degraded,2026-08-17T16:13:04.553479+00:00,"Run - Aug 17, 2026 at 21:38:16"
Q70,24,0.937393869677605,degraded,2026-08-17T16:13:04.563129+00:00,"Run - Aug 17, 2026 at 21:38:16"
Q71,24,0.936557469677605,degraded,2026-08-17T16:13:04.572132+00:00,"Run - Aug 17, 2026 at 21:38:16"
Q72,24,0.935721069677605,degraded,2026-08-17T16:13:04.582136+00:00,"Run - Aug 17, 2026 at 21:38:16"
Q73,24,0.934884669677605,degraded,2026-08-17T16:13:04.593198+00:00,"Run - Aug 17, 2026 at 21:38:16"
Q74,24,0.9340482696776049,degraded,2026-08-17T16:13:04.602188+00:00,"Run - Aug 17, 2026 at 21:38:16"
Q75,24,0.9332118696776049,degraded,2026-08-17T16:13:04.610648+00:00,"Run - Aug 17, 2026 at 21:38:16"
Q76,24,0.932375469677605,degraded,2026-08-17T16:13:04.619644+00:00,"Run - Aug 17, 2026 at 21:38:16"
Q77,24,0.9315390696776049,degraded,2026-08-17T16:13:04.628640+00:00,"Run - Aug 17, 2026 at 21:38:16"
Q78,24,0.9307026696776051,degraded,2026-08-17T16:13:04.636638+00:00,"Run - Aug 17, 2026 at 21:38:16"
Q79,24,0.929866269677605,degraded,2026-08-17T16:13:04.643699+00:00,"Run - Aug 17, 2026 at 21:38:16"
Q80,24,0.929029869677605,degraded,2026-08-17T16:13:04.650697+00:00,"Run - Aug 17, 2026 at 21:38:16"
Q81,24,0.9281934696776051,degraded,2026-08-17T16:13:04.658950+00:00,"Run - Aug 17, 2026 at 21:38:16"
Q82,24,0.927357069677605,degraded,2026-08-17T16:13:04.665950+00:00,"Run - Aug 17, 2026 at 21:38:16"
Q83,24,0.926520669677605,degraded,2026-08-17T16:13:04.673735+00:00,"Run - Aug 17, 2026 at 21:38:16"
Q84,24,0.9256842696776051,degraded,2026-08-17T16:13:04.680740+00:00,"Run - Aug 17, 2026 at 21:38:16"
Q85,24,0.9248478696776051,degraded,2026-08-17T16:13:04.688748+00:00,"Run - Aug 17, 2026 at 21:38:16"
Q86,24,0.9240114696776052,degraded,2026-08-17T16:13:04.695806+00:00,"Run - Aug 17, 2026 at 21:38:16"
Q87,24,0.9231750696776051,degraded,2026-08-17T16:13:04.703804+00:00,"Run - Aug 17, 2026 at 21:38:16"
Q88,24,0.9223386696776051,degraded,2026-08-17T16:13:04.712431+00:00,"Run - Aug 17, 2026 at 21:38:16"
Q89,24,0.9215022696776052,degraded,2026-08-17T16:13:04.721213+00:00,"Run - Aug 17, 2026 at 21:38:16"
Q90,24,0.9206658696776051,degraded,2026-08-17T16:13:04.729213+00:00,"Run - Aug 17, 2026 at 21:38:16"
Q91,24,0.919829469677605,degraded,2026-08-17T16:13:04.736682+00:00,"Run - Aug 17, 2026 at 21:38:16"
Q92,24,0.9189930696776051,degraded,2026-08-17T16:13:04.746751+00:00,"Run - Aug 17, 2026 at 21:38:16"
Q93,24,0.9181566696776051,degraded,2026-08-17T16:13:04.754353+00:00,"Run - Aug 17, 2026 at 21:38:16"
Q94,24,0.917320269677605,degraded,2026-08-17T16:13:04.762950+00:00,"Run - Aug 17, 2026 at 21:38:16"
Q95,24,0.916483869677605,degraded,2026-08-17T16:13:04.772949+00:00,"Run - Aug 17, 2026 at 21:38:16"
Q96,24,0.9156474696776051,degraded,2026-08-17T16:13:04.779956+00:00,"Run - Aug 17, 2026 at 21:38:16"
Q97,24,0.9148110696776051,degraded,2026-08-17T16:13:04.789305+00:00,"Run - Aug 17, 2026 at 21:38:16"
Q98,24,0.913974669677605,degraded,2026-08-17T16:13:04.797364+00:00,"Run - Aug 17, 2026 at 21:38:16"
Q99,24,0.913138269677605,degraded,2026-08-17T16:13:04.806368+00:00,"Run - Aug 17, 2026 at 21:38:16"
Q100,24,0.9123018696776051,degraded,2026-08-17T16:13:04.812991+00:00,"Run - Aug 17, 2026 at 21:38:16"
Q101,24,0.911465469677605,degraded,2026-08-17T16:13:04.820026+00:00,"Run - Aug 17, 2026 at 21:38:16"
Q102,24,0.910629069677605,degraded,2026-08-17T16:13:04.826023+00:00,"Run - Aug 17, 2026 at 21:38:16"
Q103,24,0.9097926696776051,degraded,2026-08-17T16:13:04.835030+00:00,"Run - Aug 17, 2026 at 21:38:16"
Q104,24,0.908956269677605,degraded,2026-08-17T16:13:04.843079+00:00,"Run - Aug 17, 2026 at 21:38:16"
Q105,24,0.9081198696776049,degraded,2026-08-17T16:13:04.850628+00:00,"Run - Aug 17, 2026 at 21:38:16"
Q106,24,0.907283469677605,degraded,2026-08-17T16:13:04.858294+00:00,"Run - Aug 17, 2026 at 21:38:16"
Q107,24,0.906447069677605,degraded,2026-08-17T16:13:04.864995+00:00,"Run - Aug 17, 2026 at 21:38:16"
Q108,24,0.905610669677605,degraded,2026-08-17T16:13:04.871946+00:00,"Run - Aug 17, 2026 at 21:38:16"
Q109,24,0.904774269677605,degraded,2026-08-17T16:13:04.878996+00:00,"Run - Aug 17, 2026 at 21:38:16"
Q110,24,0.903937869677605,degraded,2026-08-17T16:13:04.884948+00:00,"Run - Aug 17, 2026 at 21:38:16"
Q111,24,0.9031014696776051,degraded,2026-08-17T16:13:04.891958+00:00,"Run - Aug 17, 2026 at 21:38:16"
Q112,24,0.9022650696776051,degraded,2026-08-17T16:13:04.900016+00:00,"Run - Aug 17, 2026 at 21:38:16"
Q113,24,0.901428669677605,degraded,2026-08-17T16:13:04.908021+00:00,"Run - Aug 17, 2026 at 21:38:16"
Q114,24,0.9005922696776051,degraded,2026-08-17T16:13:04.916236+00:00,"Run - Aug 17, 2026 at 21:38:16"
Q115,24,0.8997558696776051,degraded,2026-08-17T16:13:04.923369+00:00,"Run - Aug 17, 2026 at 21:38:16"
Q116,24,0.898919469677605,degraded,2026-08-17T16:13:04.930355+00:00,"Run - Aug 17, 2026 at 21:38:16"
Q117,24,0.898083069677605,degraded,2026-08-17T16:13:04.938469+00:00,"Run - Aug 17, 2026 at 21:38:16"
Q118,24,0.897246669677605,degraded,2026-08-17T16:13:04.946478+00:00,"Run - Aug 17, 2026 at 21:38:16"
Q119,24,0.8964102696776051,degraded,2026-08-17T16:13:04.957841+00:00,"Run - Aug 17, 2026 at 21:38:16"
Q120,24,0.8955738696776052,degraded,2026-08-17T16:13:04.967349+00:00,"Run - Aug 17, 2026 at 21:38:16"
Q121,24,0.8947374696776051,degraded,2026-08-17T16:13:04.975328+00:00,"Run - Aug 17, 2026 at 21:38:16"
Q122,24,0.8939010696776051,degraded,2026-08-17T16:13:04.982329+00:00,"Run - Aug 17, 2026 at 21:38:16"
Q123,24,0.8930646696776051,degraded,2026-08-17T16:13:04.990329+00:00,"Run - Aug 17, 2026 at 21:38:16"
Q124,24,0.8922282696776052,degraded,2026-08-17T16:13:04.998380+00:00,"Run - Aug 17, 2026 at 21:38:16"
Q125,24,0.8913918696776051,degraded,2026-08-17T16:13:05.007387+00:00,"Run - Aug 17, 2026 at 21:38:16"
Q126,24,0.890555469677605,degraded,2026-08-17T16:13:05.016037+00:00,"Run - Aug 17, 2026 at 21:38:16"
Q127,24,0.8897190696776052,degraded,2026-08-17T16:13:05.028785+00:00,"Run - Aug 17, 2026 at 21:38:16"
Q128,24,0.8888826696776051,degraded,2026-08-17T16:13:05.037801+00:00,"Run - Aug 17, 2026 at 21:38:16"
Q129,24,0.888046269677605,degraded,2026-08-17T16:13:05.044855+00:00,"Run - Aug 17, 2026 at 21:38:16"
Q130,24,0.8872098696776051,degraded,2026-08-17T16:13:05.052864+00:00,"Run - Aug 17, 2026 at 21:38:16"
Q131,24,0.8863734696776051,degraded,2026-08-17T16:13:05.060045+00:00,"Run - Aug 17, 2026 at 21:38:16"
Q132,24,0.885537069677605,degraded,2026-08-17T16:13:05.067104+00:00,"Run - Aug 17, 2026 at 21:38:16"
Q0,25,0.9959290886779589,degraded,2026-08-17T16:13:25.644536+00:00,"Run - Aug 17, 2026 at 21:38:16"
Q1,25,0.9950890886779589,degraded,2026-08-17T16:13:25.652538+00:00,"Run - Aug 17, 2026 at 21:38:16"
Q2,25,0.9942490886779589,degraded,2026-08-17T16:13:25.660530+00:00,"Run - Aug 17, 2026 at 21:38:16"
Q3,25,0.993409088677959,degraded,2026-08-17T16:13:25.669598+00:00,"Run - Aug 17, 2026 at 21:38:16"
Q4,25,0.992569088677959,degraded,2026-08-17T16:13:25.678597+00:00,"Run - Aug 17, 2026 at 21:38:16"
Q5,25,0.9917290886779591,degraded,2026-08-17T16:13:25.686207+00:00,"Run - Aug 17, 2026 at 21:38:16"
Q6,25,0.9908890886779589,degraded,2026-08-17T16:13:25.693871+00:00,"Run - Aug 17, 2026 at 21:38:16"
Q7,25,0.9900490886779589,degraded,2026-08-17T16:13:25.702857+00:00,"Run - Aug 17, 2026 at 21:38:16"
Q8,25,0.989209088677959,degraded,2026-08-17T16:13:25.710914+00:00,"Run - Aug 17, 2026 at 21:38:16"
Q9,25,0.9883690886779588,degraded,2026-08-17T16:13:25.719115+00:00,"Run - Aug 17, 2026 at 21:38:16"
Q10,25,0.9875290886779589,degraded,2026-08-17T16:13:25.726729+00:00,"Run - Aug 17, 2026 at 21:38:16"
Q11,25,0.9866890886779589,degraded,2026-08-17T16:13:25.736342+00:00,"Run - Aug 17, 2026 at 21:38:16"
Q12,25,0.985849088677959,degraded,2026-08-17T16:13:25.745354+00:00,"Run - Aug 17, 2026 at 21:38:16"
Q13,25,0.985009088677959,degraded,2026-08-17T16:13:25.753353+00:00,"Run - Aug 17, 2026 at 21:38:16"
Q14,25,0.9841690886779589,degraded,2026-08-17T16:13:25.762359+00:00,"Run - Aug 17, 2026 at 21:38:16"
Q15,25,0.9833290886779589,degraded,2026-08-17T16:13:25.771419+00:00,"Run - Aug 17, 2026 at 21:38:16"
Q16,25,0.9824890886779589,degraded,2026-08-17T16:13:25.780397+00:00,"Run - Aug 17, 2026 at 21:38:16"
Q17,25,0.981649088677959,degraded,2026-08-17T16:13:25.789571+00:00,"Run - Aug 17, 2026 at 21:38:16"
Q18,25,0.9808090886779589,degraded,2026-08-17T16:13:25.798630+00:00,"Run - Aug 17, 2026 at 21:38:16"
Q19,25,0.9799690886779588,degraded,2026-08-17T16:13:25.807631+00:00,"Run - Aug 17, 2026 at 21:38:16"
Q20,25,0.9791290886779589,degraded,2026-08-17T16:13:25.817634+00:00,"Run - Aug 17, 2026 at 21:38:16"
Q21,25,0.9782890886779589,degraded,2026-08-17T16:13:25.825711+00:00,"Run - Aug 17, 2026 at 21:38:16"
Q22,25,0.9774490886779589,degraded,2026-08-17T16:13:25.834689+00:00,"Run - Aug 17, 2026 at 21:38:16"
Q23,25,0.9766090886779588,degraded,2026-08-17T16:13:25.843321+00:00,"Run - Aug 17, 2026 at 21:38:16"
Q24,25,0.9757690886779589,degraded,2026-08-17T16:13:25.851318+00:00,"Run - Aug 17, 2026 at 21:38:16"
Q25,25,0.9749290886779589,degraded,2026-08-17T16:13:25.860312+00:00,"Run - Aug 17, 2026 at 21:38:16"
Q26,25,0.974089088677959,degraded,2026-08-17T16:13:25.868313+00:00,"Run - Aug 17, 2026 at 21:38:16"
Q27,25,0.973249088677959,degraded,2026-08-17T16:13:25.876370+00:00,"Run - Aug 17, 2026 at 21:38:16"
Q28,25,0.9724090886779589,degraded,2026-08-17T16:13:25.884373+00:00,"Run - Aug 17, 2026 at 21:38:16"
Q29,25,0.971569088677959,degraded,2026-08-17T16:13:25.891612+00:00,"Run - Aug 17, 2026 at 21:38:16"
Q30,25,0.9707290886779589,degraded,2026-08-17T16:13:25.899616+00:00,"Run - Aug 17, 2026 at 21:38:16"
Q31,25,0.969889088677959,degraded,2026-08-17T16:13:25.906612+00:00,"Run - Aug 17, 2026 at 21:38:16"
Q32,25,0.9690490886779589,degraded,2026-08-17T16:13:25.914627+00:00,"Run - Aug 17, 2026 at 21:38:16"
Q33,25,0.9682090886779589,degraded,2026-08-17T16:13:25.921663+00:00,"Run - Aug 17, 2026 at 21:38:16"
Q34,25,0.9673690886779589,degraded,2026-08-17T16:13:25.929664+00:00,"Run - Aug 17, 2026 at 21:38:16"
Q35,25,0.966529088677959,degraded,2026-08-17T16:13:25.937543+00:00,"Run - Aug 17, 2026 at 21:38:16"
Q36,25,0.9656890886779589,degraded,2026-08-17T16:13:25.945372+00:00,"Run - Aug 17, 2026 at 21:38:16"
Q37,25,0.9648490886779589,degraded,2026-08-17T16:13:25.953342+00:00,"Run - Aug 17, 2026 at 21:38:16"
Q38,25,0.9640090886779589,degraded,2026-08-17T16:13:25.960056+00:00,"Run - Aug 17, 2026 at 21:38:16"
Q39,25,0.9631690886779589,degraded,2026-08-17T16:13:25.968057+00:00,"Run - Aug 17, 2026 at 21:38:16"
Q40,25,0.962329088677959,degraded,2026-08-17T16:13:25.975192+00:00,"Run - Aug 17, 2026 at 21:38:16"
Q41,25,0.961489088677959,degraded,2026-08-17T16:13:25.983186+00:00,"Run - Aug 17, 2026 at 21:38:16"
Q42,25,0.9606490886779588,degraded,2026-08-17T16:13:25.990365+00:00,"Run - Aug 17, 2026 at 21:38:16"
Q43,25,0.9598090886779589,degraded,2026-08-17T16:13:25.998434+00:00,"Run - Aug 17, 2026 at 21:38:16"
Q44,25,0.9589690886779588,degraded,2026-08-17T16:13:26.006421+00:00,"Run - Aug 17, 2026 at 21:38:16"
Q45,25,0.9581290886779589,degraded,2026-08-17T16:13:26.013428+00:00,"Run - Aug 17, 2026 at 21:38:16"
Q46,25,0.9572890886779588,degraded,2026-08-17T16:13:26.020423+00:00,"Run - Aug 17, 2026 at 21:38:16"
Q47,25,0.9564490886779589,degraded,2026-08-17T16:13:26.028480+00:00,"Run - Aug 17, 2026 at 21:38:16"
Q48,25,0.9556090886779589,degraded,2026-08-17T16:13:26.035487+00:00,"Run - Aug 17, 2026 at 21:38:16"
Q49,25,0.954769088677959,degraded,2026-08-17T16:13:26.043351+00:00,"Run - Aug 17, 2026 at 21:38:16"
Q50,25,0.953929088677959,degraded,2026-08-17T16:13:26.050363+00:00,"Run - Aug 17, 2026 at 21:38:16"
Q51,25,0.953089088677959,degraded,2026-08-17T16:13:26.058352+00:00,"Run - Aug 17, 2026 at 21:38:16"
Q52,25,0.952249088677959,degraded,2026-08-17T16:13:26.065346+00:00,"Run - Aug 17, 2026 at 21:38:16"
Q53,25,0.9514090886779589,degraded,2026-08-17T16:13:26.072348+00:00,"Run - Aug 17, 2026 at 21:38:16"
Q54,25,0.950569088677959,degraded,2026-08-17T16:13:26.078410+00:00,"Run - Aug 17, 2026 at 21:38:16"
Q55,25,0.949729088677959,degraded,2026-08-17T16:13:26.084410+00:00,"Run - Aug 17, 2026 at 21:38:16"
Q56,25,0.948889088677959,degraded,2026-08-17T16:13:26.091670+00:00,"Run - Aug 17, 2026 at 21:38:16"
Q57,25,0.9480490886779589,degraded,2026-08-17T16:13:26.099129+00:00,"Run - Aug 17, 2026 at 21:38:16"
Q58,25,0.9472090886779589,degraded,2026-08-17T16:13:26.105940+00:00,"Run - Aug 17, 2026 at 21:38:16"
Q59,25,0.9463690886779589,degraded,2026-08-17T16:13:26.112894+00:00,"Run - Aug 17, 2026 at 21:38:16"
Q60,25,0.9455290886779589,degraded,2026-08-17T16:13:26.119233+00:00,"Run - Aug 17, 2026 at 21:38:16"
Q61,25,0.9446890886779589,degraded,2026-08-17T16:13:26.125585+00:00,"Run - Aug 17, 2026 at 21:38:16"
Q62,25,0.9438490886779589,degraded,2026-08-17T16:13:26.134245+00:00,"Run - Aug 17, 2026 at 21:38:16"
Q63,25,0.943009088677959,degraded,2026-08-17T16:13:26.140845+00:00,"Run - Aug 17, 2026 at 21:38:16"
Q64,25,0.942169088677959,degraded,2026-08-17T16:13:26.147850+00:00,"Run - Aug 17, 2026 at 21:38:16"
Q65,25,0.9413290886779588,degraded,2026-08-17T16:13:26.155892+00:00,"Run - Aug 17, 2026 at 21:38:16"
Q66,25,0.9404890886779589,degraded,2026-08-17T16:13:26.162913+00:00,"Run - Aug 17, 2026 at 21:38:16"
Q67,25,0.9396490886779589,degraded,2026-08-17T16:13:26.170304+00:00,"Run - Aug 17, 2026 at 21:38:16"
Q68,25,0.938809088677959,degraded,2026-08-17T16:13:26.176972+00:00,"Run - Aug 17, 2026 at 21:38:16"
Q69,25,0.9379690886779588,degraded,2026-08-17T16:13:26.184927+00:00,"Run - Aug 17, 2026 at 21:38:16"
Q70,25,0.9371290886779589,degraded,2026-08-17T16:13:26.192071+00:00,"Run - Aug 17, 2026 at 21:38:16"
Q71,25,0.9362890886779589,degraded,2026-08-17T16:13:26.200070+00:00,"Run - Aug 17, 2026 at 21:38:16"
Q72,25,0.935449088677959,degraded,2026-08-17T16:13:26.207191+00:00,"Run - Aug 17, 2026 at 21:38:16"
Q73,25,0.934609088677959,degraded,2026-08-17T16:13:26.215200+00:00,"Run - Aug 17, 2026 at 21:38:16"
Q74,25,0.9337690886779589,degraded,2026-08-17T16:13:26.222257+00:00,"Run - Aug 17, 2026 at 21:38:16"
Q75,25,0.932929088677959,degraded,2026-08-17T16:13:26.229861+00:00,"Run - Aug 17, 2026 at 21:38:16"
Q76,25,0.9320890886779589,degraded,2026-08-17T16:13:26.236902+00:00,"Run - Aug 17, 2026 at 21:38:16"
Q77,25,0.931249088677959,degraded,2026-08-17T16:13:26.245431+00:00,"Run - Aug 17, 2026 at 21:38:16"
Q78,25,0.9304090886779589,degraded,2026-08-17T16:13:26.253320+00:00,"Run - Aug 17, 2026 at 21:38:16"
Q79,25,0.9295690886779588,degraded,2026-08-17T16:13:26.261311+00:00,"Run - Aug 17, 2026 at 21:38:16"
Q80,25,0.9287290886779589,degraded,2026-08-17T16:13:26.268311+00:00,"Run - Aug 17, 2026 at 21:38:16"
Q81,25,0.9278890886779588,degraded,2026-08-17T16:13:26.276517+00:00,"Run - Aug 17, 2026 at 21:38:16"
Q82,25,0.9270490886779589,degraded,2026-08-17T16:13:26.284459+00:00,"Run - Aug 17, 2026 at 21:38:16"
Q83,25,0.9262090886779588,degraded,2026-08-17T16:13:26.293237+00:00,"Run - Aug 17, 2026 at 21:38:16"
Q84,25,0.9253690886779589,degraded,2026-08-17T16:13:26.300917+00:00,"Run - Aug 17, 2026 at 21:38:16"
Q85,25,0.9245290886779589,degraded,2026-08-17T16:13:26.307002+00:00,"Run - Aug 17, 2026 at 21:38:16"
Q86,25,0.923689088677959,degraded,2026-08-17T16:13:26.312930+00:00,"Run - Aug 17, 2026 at 21:38:16"
Q87,25,0.922849088677959,degraded,2026-08-17T16:13:26.319942+00:00,"Run - Aug 17, 2026 at 21:38:16"
Q88,25,0.922009088677959,degraded,2026-08-17T16:13:26.326976+00:00,"Run - Aug 17, 2026 at 21:38:16"
Q89,25,0.921169088677959,degraded,2026-08-17T16:13:26.333979+00:00,"Run - Aug 17, 2026 at 21:38:16"
Q90,25,0.9203290886779589,degraded,2026-08-17T16:13:26.342156+00:00,"Run - Aug 17, 2026 at 21:38:16"
Q91,25,0.9194890886779588,degraded,2026-08-17T16:13:26.349136+00:00,"Run - Aug 17, 2026 at 21:38:16"
Q92,25,0.9186490886779588,degraded,2026-08-17T16:13:26.356617+00:00,"Run - Aug 17, 2026 at 21:38:16"
Q93,25,0.9178090886779589,degraded,2026-08-17T16:13:26.364583+00:00,"Run - Aug 17, 2026 at 21:38:16"
Q94,25,0.9169690886779589,degraded,2026-08-17T16:13:26.374003+00:00,"Run - Aug 17, 2026 at 21:38:16"
Q95,25,0.916129088677959,degraded,2026-08-17T16:13:26.382170+00:00,"Run - Aug 17, 2026 at 21:38:16"
Q96,25,0.915289088677959,degraded,2026-08-17T16:13:26.388729+00:00,"Run - Aug 17, 2026 at 21:38:16"
Q97,25,0.9144490886779589,degraded,2026-08-17T16:13:26.396945+00:00,"Run - Aug 17, 2026 at 21:38:16"
Q98,25,0.913609088677959,degraded,2026-08-17T16:13:26.404990+00:00,"Run - Aug 17, 2026 at 21:38:16"
Q99,25,0.9127690886779589,degraded,2026-08-17T16:13:26.411593+00:00,"Run - Aug 17, 2026 at 21:38:16"
Q100,25,0.911929088677959,degraded,2026-08-17T16:13:26.419205+00:00,"Run - Aug 17, 2026 at 21:38:16"
Q101,25,0.9110890886779589,degraded,2026-08-17T16:13:26.426211+00:00,"Run - Aug 17, 2026 at 21:38:16"
Q102,25,0.910249088677959,degraded,2026-08-17T16:13:26.433833+00:00,"Run - Aug 17, 2026 at 21:38:16"
Q103,25,0.9094090886779589,degraded,2026-08-17T16:13:26.441003+00:00,"Run - Aug 17, 2026 at 21:38:16"
Q104,25,0.9085690886779589,degraded,2026-08-17T16:13:26.449620+00:00,"Run - Aug 17, 2026 at 21:38:16"
Q105,25,0.9077290886779589,degraded,2026-08-17T16:13:26.458668+00:00,"Run - Aug 17, 2026 at 21:38:16"
Q106,25,0.9068890886779589,degraded,2026-08-17T16:13:26.467271+00:00,"Run - Aug 17, 2026 at 21:38:16"
Q107,25,0.9060490886779589,degraded,2026-08-17T16:13:26.474898+00:00,"Run - Aug 17, 2026 at 21:38:16"
Q108,25,0.9052090886779589,degraded,2026-08-17T16:13:26.482505+00:00,"Run - Aug 17, 2026 at 21:38:16"
Q109,25,0.904369088677959,degraded,2026-08-17T16:13:26.489512+00:00,"Run - Aug 17, 2026 at 21:38:16"
Q110,25,0.903529088677959,degraded,2026-08-17T16:13:26.498128+00:00,"Run - Aug 17, 2026 at 21:38:16"
Q111,25,0.902689088677959,degraded,2026-08-17T16:13:26.504721+00:00,"Run - Aug 17, 2026 at 21:38:16"
Q112,25,0.9018490886779591,degraded,2026-08-17T16:13:26.512280+00:00,"Run - Aug 17, 2026 at 21:38:16"
Q113,25,0.9010090886779589,degraded,2026-08-17T16:13:26.519332+00:00,"Run - Aug 17, 2026 at 21:38:16"
Q114,25,0.900169088677959,degraded,2026-08-17T16:13:26.527950+00:00,"Run - Aug 17, 2026 at 21:38:16"
Q115,25,0.8993290886779588,degraded,2026-08-17T16:13:26.535563+00:00,"Run - Aug 17, 2026 at 21:38:16"
Q116,25,0.8984890886779588,degraded,2026-08-17T16:13:26.544022+00:00,"Run - Aug 17, 2026 at 21:38:16"
Q117,25,0.8976490886779589,degraded,2026-08-17T16:13:26.550754+00:00,"Run - Aug 17, 2026 at 21:38:16"
Q118,25,0.8968090886779589,degraded,2026-08-17T16:13:26.558380+00:00,"Run - Aug 17, 2026 at 21:38:16"
Q119,25,0.895969088677959,degraded,2026-08-17T16:13:26.565313+00:00,"Run - Aug 17, 2026 at 21:38:16"
Q120,25,0.8951290886779589,degraded,2026-08-17T16:13:26.572920+00:00,"Run - Aug 17, 2026 at 21:38:16"
Q121,25,0.894289088677959,degraded,2026-08-17T16:13:26.580888+00:00,"Run - Aug 17, 2026 at 21:38:16"
Q122,25,0.8934490886779589,degraded,2026-08-17T16:13:26.588848+00:00,"Run - Aug 17, 2026 at 21:38:16"
Q123,25,0.892609088677959,degraded,2026-08-17T16:13:26.596540+00:00,"Run - Aug 17, 2026 at 21:38:16"
Q124,25,0.891769088677959,degraded,2026-08-17T16:13:26.603543+00:00,"Run - Aug 17, 2026 at 21:38:16"
Q125,25,0.8909290886779588,degraded,2026-08-17T16:13:26.609531+00:00,"Run - Aug 17, 2026 at 21:38:16"
Q126,25,0.8900890886779589,degraded,2026-08-17T16:13:26.617533+00:00,"Run - Aug 17, 2026 at 21:38:16"
Q127,25,0.8892490886779588,degraded,2026-08-17T16:13:26.623582+00:00,"Run - Aug 17, 2026 at 21:38:16"
Q128,25,0.8884090886779589,degraded,2026-08-17T16:13:26.630593+00:00,"Run - Aug 17, 2026 at 21:38:16"
Q129,25,0.8875690886779588,degraded,2026-08-17T16:13:26.637588+00:00,"Run - Aug 17, 2026 at 21:38:16"
Q130,25,0.8867290886779589,degraded,2026-08-17T16:13:26.645230+00:00,"Run - Aug 17, 2026 at 21:38:16"
Q131,25,0.8858890886779589,degraded,2026-08-17T16:13:26.653221+00:00,"Run - Aug 17, 2026 at 21:38:16"
Q132,25,0.885049088677959,degraded,2026-08-17T16:13:26.661224+00:00,"Run - Aug 17, 2026 at 21:38:16"
Q0,26,0.9959166671953503,degraded,2026-08-17T16:13:47.508604+00:00,"Run - Aug 17, 2026 at 21:38:16"
Q1,26,0.9950730671953503,degraded,2026-08-17T16:13:47.516670+00:00,"Run - Aug 17, 2026 at 21:38:16"
Q2,26,0.9942294671953503,degraded,2026-08-17T16:13:47.524674+00:00,"Run - Aug 17, 2026 at 21:38:16"
Q3,26,0.9933858671953504,degraded,2026-08-17T16:13:47.532303+00:00,"Run - Aug 17, 2026 at 21:38:16"
Q4,26,0.9925422671953503,degraded,2026-08-17T16:13:47.551940+00:00,"Run - Aug 17, 2026 at 21:38:16"
Q5,26,0.9916986671953505,degraded,2026-08-17T16:13:47.559942+00:00,"Run - Aug 17, 2026 at 21:38:16"
Q6,26,0.9908550671953504,degraded,2026-08-17T16:13:47.566938+00:00,"Run - Aug 17, 2026 at 21:38:16"
Q7,26,0.9900114671953504,degraded,2026-08-17T16:13:47.573945+00:00,"Run - Aug 17, 2026 at 21:38:16"
Q8,26,0.9891678671953503,degraded,2026-08-17T16:13:47.580995+00:00,"Run - Aug 17, 2026 at 21:38:16"
Q9,26,0.9883242671953504,degraded,2026-08-17T16:13:47.587999+00:00,"Run - Aug 17, 2026 at 21:38:16"
Q10,26,0.9874806671953504,degraded,2026-08-17T16:13:47.595935+00:00,"Run - Aug 17, 2026 at 21:38:16"
Q11,26,0.9866370671953504,degraded,2026-08-17T16:13:47.602794+00:00,"Run - Aug 17, 2026 at 21:38:16"
Q12,26,0.9857934671953503,degraded,2026-08-17T16:13:47.610784+00:00,"Run - Aug 17, 2026 at 21:38:16"
Q13,26,0.9849498671953504,degraded,2026-08-17T16:13:47.620991+00:00,"Run - Aug 17, 2026 at 21:38:16"
Q14,26,0.9841062671953504,degraded,2026-08-17T16:13:47.627350+00:00,"Run - Aug 17, 2026 at 21:38:16"
Q15,26,0.9832626671953504,degraded,2026-08-17T16:13:47.633673+00:00,"Run - Aug 17, 2026 at 21:38:16"
Q16,26,0.9824190671953503,degraded,2026-08-17T16:13:47.640667+00:00,"Run - Aug 17, 2026 at 21:38:16"
Q17,26,0.9815754671953503,degraded,2026-08-17T16:13:47.648280+00:00,"Run - Aug 17, 2026 at 21:38:16"
Q18,26,0.9807318671953504,degraded,2026-08-17T16:13:47.655366+00:00,"Run - Aug 17, 2026 at 21:38:16"
Q19,26,0.9798882671953504,degraded,2026-08-17T16:13:47.662370+00:00,"Run - Aug 17, 2026 at 21:38:16"
Q20,26,0.9790446671953504,degraded,2026-08-17T16:13:47.669302+00:00,"Run - Aug 17, 2026 at 21:38:16"
Q21,26,0.9782010671953504,degraded,2026-08-17T16:13:47.676318+00:00,"Run - Aug 17, 2026 at 21:38:16"
Q22,26,0.9773574671953503,degraded,2026-08-17T16:13:47.684361+00:00,"Run - Aug 17, 2026 at 21:38:16"
Q23,26,0.9765138671953504,degraded,2026-08-17T16:13:47.692214+00:00,"Run - Aug 17, 2026 at 21:38:16"
Q24,26,0.9756702671953503,degraded,2026-08-17T16:13:47.698826+00:00,"Run - Aug 17, 2026 at 21:38:16"
Q25,26,0.9748266671953505,degraded,2026-08-17T16:13:47.706818+00:00,"Run - Aug 17, 2026 at 21:38:16"
Q26,26,0.9739830671953503,degraded,2026-08-17T16:13:47.714840+00:00,"Run - Aug 17, 2026 at 21:38:16"
Q27,26,0.9731394671953503,degraded,2026-08-17T16:13:47.723890+00:00,"Run - Aug 17, 2026 at 21:38:16"
Q28,26,0.9722958671953503,degraded,2026-08-17T16:13:47.730942+00:00,"Run - Aug 17, 2026 at 21:38:16"
Q29,26,0.9714522671953504,degraded,2026-08-17T16:13:47.739004+00:00,"Run - Aug 17, 2026 at 21:38:16"
Q30,26,0.9706086671953504,degraded,2026-08-17T16:13:47.745631+00:00,"Run - Aug 17, 2026 at 21:38:16"
Q31,26,0.9697650671953504,degraded,2026-08-17T16:13:47.751668+00:00,"Run - Aug 17, 2026 at 21:38:16"
Q32,26,0.9689214671953503,degraded,2026-08-17T16:13:47.759629+00:00,"Run - Aug 17, 2026 at 21:38:16"
Q33,26,0.9680778671953503,degraded,2026-08-17T16:13:47.766632+00:00,"Run - Aug 17, 2026 at 21:38:16"
Q34,26,0.9672342671953504,degraded,2026-08-17T16:13:47.773637+00:00,"Run - Aug 17, 2026 at 21:38:16"
Q35,26,0.9663906671953504,degraded,2026-08-17T16:13:47.780677+00:00,"Run - Aug 17, 2026 at 21:38:16"
Q36,26,0.9655470671953503,degraded,2026-08-17T16:13:47.788689+00:00,"Run - Aug 17, 2026 at 21:38:16"
Q37,26,0.9647034671953504,degraded,2026-08-17T16:13:47.796320+00:00,"Run - Aug 17, 2026 at 21:38:16"
Q38,26,0.9638598671953503,degraded,2026-08-17T16:13:47.804324+00:00,"Run - Aug 17, 2026 at 21:38:16"
Q39,26,0.9630162671953504,degraded,2026-08-17T16:13:47.813325+00:00,"Run - Aug 17, 2026 at 21:38:16"
Q40,26,0.9621726671953504,degraded,2026-08-17T16:13:47.822393+00:00,"Run - Aug 17, 2026 at 21:38:16"
Q41,26,0.9613290671953503,degraded,2026-08-17T16:13:47.833983+00:00,"Run - Aug 17, 2026 at 21:38:16"
Q42,26,0.9604854671953502,degraded,2026-08-17T16:13:47.847062+00:00,"Run - Aug 17, 2026 at 21:38:16"
Q43,26,0.9596418671953504,degraded,2026-08-17T16:13:47.856054+00:00,"Run - Aug 17, 2026 at 21:38:16"
Q44,26,0.9587982671953503,degraded,2026-08-17T16:13:47.863054+00:00,"Run - Aug 17, 2026 at 21:38:16"
Q45,26,0.9579546671953505,degraded,2026-08-17T16:13:47.879060+00:00,"Run - Aug 17, 2026 at 21:38:16"
Q46,26,0.9571110671953504,degraded,2026-08-17T16:13:47.893069+00:00,"Run - Aug 17, 2026 at 21:38:16"
Q47,26,0.9562674671953504,degraded,2026-08-17T16:13:47.901069+00:00,"Run - Aug 17, 2026 at 21:38:16"
Q48,26,0.9554238671953503,degraded,2026-08-17T16:13:47.909070+00:00,"Run - Aug 17, 2026 at 21:38:16"
Q49,26,0.9545802671953504,degraded,2026-08-17T16:13:47.916117+00:00,"Run - Aug 17, 2026 at 21:38:16"
Q50,26,0.9537366671953504,degraded,2026-08-17T16:13:47.924118+00:00,"Run - Aug 17, 2026 at 21:38:16"
Q51,26,0.9528930671953504,degraded,2026-08-17T16:13:47.930676+00:00,"Run - Aug 17, 2026 at 21:38:16"
Q52,26,0.9520494671953503,degraded,2026-08-17T16:13:47.938740+00:00,"Run - Aug 17, 2026 at 21:38:16"
Q53,26,0.9512058671953503,degraded,2026-08-17T16:13:47.945733+00:00,"Run - Aug 17, 2026 at 21:38:16"
Q54,26,0.9503622671953504,degraded,2026-08-17T16:13:47.967734+00:00,"Run - Aug 17, 2026 at 21:38:16"
Q55,26,0.9495186671953504,degraded,2026-08-17T16:13:47.980567+00:00,"Run - Aug 17, 2026 at 21:38:16"
Q56,26,0.9486750671953503,degraded,2026-08-17T16:13:47.988575+00:00,"Run - Aug 17, 2026 at 21:38:16"
Q57,26,0.9478314671953503,degraded,2026-08-17T16:13:47.995571+00:00,"Run - Aug 17, 2026 at 21:38:16"
Q58,26,0.9469878671953502,degraded,2026-08-17T16:13:48.002568+00:00,"Run - Aug 17, 2026 at 21:38:16"
Q59,26,0.9461442671953504,degraded,2026-08-17T16:13:48.011605+00:00,"Run - Aug 17, 2026 at 21:38:16"
Q60,26,0.9453006671953503,degraded,2026-08-17T16:13:48.019626+00:00,"Run - Aug 17, 2026 at 21:38:16"
Q61,26,0.9444570671953505,degraded,2026-08-17T16:13:48.027623+00:00,"Run - Aug 17, 2026 at 21:38:16"
Q62,26,0.9436134671953504,degraded,2026-08-17T16:13:48.035249+00:00,"Run - Aug 17, 2026 at 21:38:16"
Q63,26,0.9427698671953503,degraded,2026-08-17T16:13:48.042242+00:00,"Run - Aug 17, 2026 at 21:38:16"
Q64,26,0.9419262671953503,degraded,2026-08-17T16:13:48.049233+00:00,"Run - Aug 17, 2026 at 21:38:16"
Q65,26,0.9410826671953504,degraded,2026-08-17T16:13:48.056645+00:00,"Run - Aug 17, 2026 at 21:38:16"
Q66,26,0.9402390671953504,degraded,2026-08-17T16:13:48.063649+00:00,"Run - Aug 17, 2026 at 21:38:16"
Q67,26,0.9393954671953504,degraded,2026-08-17T16:13:48.070641+00:00,"Run - Aug 17, 2026 at 21:38:16"
Q68,26,0.9385518671953503,degraded,2026-08-17T16:13:48.076643+00:00,"Run - Aug 17, 2026 at 21:38:16"
Q69,26,0.9377082671953503,degraded,2026-08-17T16:13:48.082641+00:00,"Run - Aug 17, 2026 at 21:38:16"
Q70,26,0.9368646671953504,degraded,2026-08-17T16:13:48.091672+00:00,"Run - Aug 17, 2026 at 21:38:16"
Q71,26,0.9360210671953504,degraded,2026-08-17T16:13:48.098640+00:00,"Run - Aug 17, 2026 at 21:38:16"
Q72,26,0.9351774671953503,degraded,2026-08-17T16:13:48.105694+00:00,"Run - Aug 17, 2026 at 21:38:16"
Q73,26,0.9343338671953503,degraded,2026-08-17T16:13:48.112751+00:00,"Run - Aug 17, 2026 at 21:38:16"
Q74,26,0.9334902671953503,degraded,2026-08-17T16:13:48.119806+00:00,"Run - Aug 17, 2026 at 21:38:16"
Q75,26,0.9326466671953504,degraded,2026-08-17T16:13:48.127801+00:00,"Run - Aug 17, 2026 at 21:38:16"
Q76,26,0.9318030671953504,degraded,2026-08-17T16:13:48.135409+00:00,"Run - Aug 17, 2026 at 21:38:16"
Q77,26,0.9309594671953504,degraded,2026-08-17T16:13:48.143464+00:00,"Run - Aug 17, 2026 at 21:38:16"
Q78,26,0.9301158671953502,degraded,2026-08-17T16:13:48.152026+00:00,"Run - Aug 17, 2026 at 21:38:16"
Q79,26,0.9292722671953504,degraded,2026-08-17T16:13:48.159072+00:00,"Run - Aug 17, 2026 at 21:38:16"
Q80,26,0.9284286671953503,degraded,2026-08-17T16:13:48.165067+00:00,"Run - Aug 17, 2026 at 21:38:16"
Q81,26,0.9275850671953505,degraded,2026-08-17T16:13:48.173770+00:00,"Run - Aug 17, 2026 at 21:38:16"
Q82,26,0.9267414671953504,degraded,2026-08-17T16:13:48.179782+00:00,"Run - Aug 17, 2026 at 21:38:16"
Q83,26,0.9258978671953503,degraded,2026-08-17T16:13:48.186770+00:00,"Run - Aug 17, 2026 at 21:38:16"
Q84,26,0.9250542671953503,degraded,2026-08-17T16:13:48.193829+00:00,"Run - Aug 17, 2026 at 21:38:16"
Q85,26,0.9242106671953504,degraded,2026-08-17T16:13:48.202393+00:00,"Run - Aug 17, 2026 at 21:38:16"
Q86,26,0.9233670671953504,degraded,2026-08-17T16:13:48.209457+00:00,"Run - Aug 17, 2026 at 21:38:16"
Q87,26,0.9225234671953504,degraded,2026-08-17T16:13:48.216505+00:00,"Run - Aug 17, 2026 at 21:38:16"
Q88,26,0.9216798671953503,degraded,2026-08-17T16:13:48.223501+00:00,"Run - Aug 17, 2026 at 21:38:16"
Q89,26,0.9208362671953503,degraded,2026-08-17T16:13:48.229506+00:00,"Run - Aug 17, 2026 at 21:38:16"
Q90,26,0.9199926671953504,degraded,2026-08-17T16:13:48.237116+00:00,"Run - Aug 17, 2026 at 21:38:16"
Q91,26,0.9191490671953504,degraded,2026-08-17T16:13:48.244114+00:00,"Run - Aug 17, 2026 at 21:38:16"
Q92,26,0.9183054671953503,degraded,2026-08-17T16:13:48.251756+00:00,"Run - Aug 17, 2026 at 21:38:16"
Q93,26,0.9174618671953504,degraded,2026-08-17T16:13:48.259072+00:00,"Run - Aug 17, 2026 at 21:38:16"
Q94,26,0.9166182671953503,degraded,2026-08-17T16:13:48.266123+00:00,"Run - Aug 17, 2026 at 21:38:16"
Q95,26,0.9157746671953504,degraded,2026-08-17T16:13:48.274128+00:00,"Run - Aug 17, 2026 at 21:38:16"
Q96,26,0.9149310671953503,degraded,2026-08-17T16:13:48.292298+00:00,"Run - Aug 17, 2026 at 21:38:16"
Q97,26,0.9140874671953505,degraded,2026-08-17T16:13:48.300294+00:00,"Run - Aug 17, 2026 at 21:38:16"
Q98,26,0.9132438671953502,degraded,2026-08-17T16:13:48.308732+00:00,"Run - Aug 17, 2026 at 21:38:16"
Q99,26,0.9124002671953504,degraded,2026-08-17T16:13:48.315723+00:00,"Run - Aug 17, 2026 at 21:38:16"
Q100,26,0.9115566671953503,degraded,2026-08-17T16:13:48.322772+00:00,"Run - Aug 17, 2026 at 21:38:16"
Q101,26,0.9107130671953504,degraded,2026-08-17T16:13:48.329776+00:00,"Run - Aug 17, 2026 at 21:38:16"
Q102,26,0.9098694671953504,degraded,2026-08-17T16:13:48.337395+00:00,"Run - Aug 17, 2026 at 21:38:16"
Q103,26,0.9090258671953503,degraded,2026-08-17T16:13:48.345459+00:00,"Run - Aug 17, 2026 at 21:38:16"
Q104,26,0.9081822671953503,degraded,2026-08-17T16:13:48.351465+00:00,"Run - Aug 17, 2026 at 21:38:16"
Q105,26,0.9073386671953503,degraded,2026-08-17T16:13:48.359097+00:00,"Run - Aug 17, 2026 at 21:38:16"
Q106,26,0.9064950671953504,degraded,2026-08-17T16:13:48.366153+00:00,"Run - Aug 17, 2026 at 21:38:16"
Q107,26,0.9056514671953504,degraded,2026-08-17T16:13:48.376272+00:00,"Run - Aug 17, 2026 at 21:38:16"
Q108,26,0.9048078671953503,degraded,2026-08-17T16:13:48.385342+00:00,"Run - Aug 17, 2026 at 21:38:16"
Q109,26,0.9039642671953503,degraded,2026-08-17T16:13:48.413894+00:00,"Run - Aug 17, 2026 at 21:38:16"
Q110,26,0.9031206671953503,degraded,2026-08-17T16:13:48.435825+00:00,"Run - Aug 17, 2026 at 21:38:16"
Q111,26,0.9022770671953504,degraded,2026-08-17T16:13:48.446952+00:00,"Run - Aug 17, 2026 at 21:38:16"
Q112,26,0.9014334671953504,degraded,2026-08-17T16:13:48.480760+00:00,"Run - Aug 17, 2026 at 21:38:16"
Q113,26,0.9005898671953504,degraded,2026-08-17T16:13:48.509896+00:00,"Run - Aug 17, 2026 at 21:38:16"
Q114,26,0.8997462671953503,degraded,2026-08-17T16:13:48.533496+00:00,"Run - Aug 17, 2026 at 21:38:16"
Q115,26,0.8989026671953504,degraded,2026-08-17T16:13:48.553512+00:00,"Run - Aug 17, 2026 at 21:38:16"
Q116,26,0.8980590671953503,degraded,2026-08-17T16:13:48.570257+00:00,"Run - Aug 17, 2026 at 21:38:16"
Q117,26,0.8972154671953505,degraded,2026-08-17T16:13:48.592394+00:00,"Run - Aug 17, 2026 at 21:38:16"
Q118,26,0.8963718671953504,degraded,2026-08-17T16:13:48.600392+00:00,"Run - Aug 17, 2026 at 21:38:16"
Q119,26,0.8955282671953504,degraded,2026-08-17T16:13:48.609427+00:00,"Run - Aug 17, 2026 at 21:38:16"
Q120,26,0.8946846671953503,degraded,2026-08-17T16:13:48.616423+00:00,"Run - Aug 17, 2026 at 21:38:16"
Q121,26,0.8938410671953504,degraded,2026-08-17T16:13:48.629231+00:00,"Run - Aug 17, 2026 at 21:38:16"
Q122,26,0.8929974671953504,degraded,2026-08-17T16:13:48.730429+00:00,"Run - Aug 17, 2026 at 21:38:16"
Q123,26,0.8921538671953504,degraded,2026-08-17T16:13:48.754818+00:00,"Run - Aug 17, 2026 at 21:38:16"
Q124,26,0.8913102671953503,degraded,2026-08-17T16:13:48.822607+00:00,"Run - Aug 17, 2026 at 21:38:16"
Q125,26,0.8904666671953503,degraded,2026-08-17T16:13:48.876232+00:00,"Run - Aug 17, 2026 at 21:38:16"
Q126,26,0.8896230671953504,degraded,2026-08-17T16:13:48.891570+00:00,"Run - Aug 17, 2026 at 21:38:16"
Q127,26,0.8887794671953504,degraded,2026-08-17T16:13:48.900561+00:00,"Run - Aug 17, 2026 at 21:38:16"
Q128,26,0.8879358671953503,degraded,2026-08-17T16:13:48.911625+00:00,"Run - Aug 17, 2026 at 21:38:16"
Q129,26,0.8870922671953503,degraded,2026-08-17T16:13:48.923613+00:00,"Run - Aug 17, 2026 at 21:38:16"
Q130,26,0.8862486671953503,degraded,2026-08-17T16:13:48.938241+00:00,"Run - Aug 17, 2026 at 21:38:16"
Q131,26,0.8854050671953504,degraded,2026-08-17T16:13:48.954429+00:00,"Run - Aug 17, 2026 at 21:38:16"
Q132,26,0.8845614671953503,degraded,2026-08-17T16:13:48.966955+00:00,"Run - Aug 17, 2026 at 21:38:16"
Q0,27,0.995904555422424,degraded,2026-08-17T16:14:06.251008+00:00,"Run - Aug 17, 2026 at 21:38:16"
Q1,27,0.995057355422424,degraded,2026-08-17T16:14:06.256078+00:00,"Run - Aug 17, 2026 at 21:38:16"
Q2,27,0.994210155422424,degraded,2026-08-17T16:14:06.262393+00:00,"Run - Aug 17, 2026 at 21:38:16"
Q3,27,0.993362955422424,degraded,2026-08-17T16:14:06.266392+00:00,"Run - Aug 17, 2026 at 21:38:16"
Q4,27,0.992515755422424,degraded,2026-08-17T16:14:06.271395+00:00,"Run - Aug 17, 2026 at 21:38:16"
Q5,27,0.9916685554224239,degraded,2026-08-17T16:14:06.275403+00:00,"Run - Aug 17, 2026 at 21:38:16"
Q6,27,0.990821355422424,degraded,2026-08-17T16:14:06.281400+00:00,"Run - Aug 17, 2026 at 21:38:16"
Q7,27,0.989974155422424,degraded,2026-08-17T16:14:06.288399+00:00,"Run - Aug 17, 2026 at 21:38:16"
Q8,27,0.9891269554224239,degraded,2026-08-17T16:14:06.300921+00:00,"Run - Aug 17, 2026 at 21:38:16"
Q9,27,0.9882797554224241,degraded,2026-08-17T16:14:06.307026+00:00,"Run - Aug 17, 2026 at 21:38:16"
Q10,27,0.987432555422424,degraded,2026-08-17T16:14:06.312320+00:00,"Run - Aug 17, 2026 at 21:38:16"
Q11,27,0.986585355422424,degraded,2026-08-17T16:14:06.318320+00:00,"Run - Aug 17, 2026 at 21:38:16"
Q12,27,0.985738155422424,degraded,2026-08-17T16:14:06.324320+00:00,"Run - Aug 17, 2026 at 21:38:16"
Q13,27,0.9848909554224241,degraded,2026-08-17T16:14:06.330320+00:00,"Run - Aug 17, 2026 at 21:38:16"
Q14,27,0.984043755422424,degraded,2026-08-17T16:14:06.336320+00:00,"Run - Aug 17, 2026 at 21:38:16"
Q15,27,0.983196555422424,degraded,2026-08-17T16:14:06.343331+00:00,"Run - Aug 17, 2026 at 21:38:16"
Q16,27,0.9823493554224241,degraded,2026-08-17T16:14:06.350335+00:00,"Run - Aug 17, 2026 at 21:38:16"
Q17,27,0.9815021554224239,degraded,2026-08-17T16:14:06.356382+00:00,"Run - Aug 17, 2026 at 21:38:16"
Q18,27,0.980654955422424,degraded,2026-08-17T16:14:06.363932+00:00,"Run - Aug 17, 2026 at 21:38:16"
Q19,27,0.979807755422424,degraded,2026-08-17T16:14:06.370931+00:00,"Run - Aug 17, 2026 at 21:38:16"
Q20,27,0.9789605554224239,degraded,2026-08-17T16:14:06.376931+00:00,"Run - Aug 17, 2026 at 21:38:16"
Q21,27,0.978113355422424,degraded,2026-08-17T16:14:06.383932+00:00,"Run - Aug 17, 2026 at 21:38:16"
Q22,27,0.977266155422424,degraded,2026-08-17T16:14:06.389938+00:00,"Run - Aug 17, 2026 at 21:38:16"
Q23,27,0.9764189554224241,degraded,2026-08-17T16:14:06.397937+00:00,"Run - Aug 17, 2026 at 21:38:16"
Q24,27,0.9755717554224239,degraded,2026-08-17T16:14:06.407736+00:00,"Run - Aug 17, 2026 at 21:38:16"
Q25,27,0.974724555422424,degraded,2026-08-17T16:14:06.414867+00:00,"Run - Aug 17, 2026 at 21:38:16"
Q26,27,0.973877355422424,degraded,2026-08-17T16:14:06.422870+00:00,"Run - Aug 17, 2026 at 21:38:16"
Q27,27,0.973030155422424,degraded,2026-08-17T16:14:06.430866+00:00,"Run - Aug 17, 2026 at 21:38:16"
Q28,27,0.9721829554224239,degraded,2026-08-17T16:14:06.437865+00:00,"Run - Aug 17, 2026 at 21:38:16"
Q29,27,0.971335755422424,degraded,2026-08-17T16:14:06.444875+00:00,"Run - Aug 17, 2026 at 21:38:16"
Q30,27,0.970488555422424,degraded,2026-08-17T16:14:06.451872+00:00,"Run - Aug 17, 2026 at 21:38:16"
Q31,27,0.9696413554224239,degraded,2026-08-17T16:14:06.458211+00:00,"Run - Aug 17, 2026 at 21:38:16"
Q32,27,0.968794155422424,degraded,2026-08-17T16:14:06.464873+00:00,"Run - Aug 17, 2026 at 21:38:16"
Q33,27,0.967946955422424,degraded,2026-08-17T16:14:06.470142+00:00,"Run - Aug 17, 2026 at 21:38:16"
Q34,27,0.9670997554224239,degraded,2026-08-17T16:14:06.476051+00:00,"Run - Aug 17, 2026 at 21:38:16"
Q35,27,0.9662525554224239,degraded,2026-08-17T16:14:06.483458+00:00,"Run - Aug 17, 2026 at 21:38:16"
Q36,27,0.965405355422424,degraded,2026-08-17T16:14:06.488710+00:00,"Run - Aug 17, 2026 at 21:38:16"
Q37,27,0.9645581554224238,degraded,2026-08-17T16:14:06.493446+00:00,"Run - Aug 17, 2026 at 21:38:16"
Q38,27,0.9637109554224239,degraded,2026-08-17T16:14:06.500415+00:00,"Run - Aug 17, 2026 at 21:38:16"
Q39,27,0.9628637554224241,degraded,2026-08-17T16:14:06.505551+00:00,"Run - Aug 17, 2026 at 21:38:16"
Q40,27,0.962016555422424,degraded,2026-08-17T16:14:06.510070+00:00,"Run - Aug 17, 2026 at 21:38:16"
Q41,27,0.961169355422424,degraded,2026-08-17T16:14:06.515083+00:00,"Run - Aug 17, 2026 at 21:38:16"
Q42,27,0.960322155422424,degraded,2026-08-17T16:14:06.520076+00:00,"Run - Aug 17, 2026 at 21:38:16"
Q43,27,0.959474955422424,degraded,2026-08-17T16:14:06.528074+00:00,"Run - Aug 17, 2026 at 21:38:16"
Q44,27,0.958627755422424,degraded,2026-08-17T16:14:06.533080+00:00,"Run - Aug 17, 2026 at 21:38:16"
Q45,27,0.957780555422424,degraded,2026-08-17T16:14:06.543095+00:00,"Run - Aug 17, 2026 at 21:38:16"
Q46,27,0.956933355422424,degraded,2026-08-17T16:14:06.553225+00:00,"Run - Aug 17, 2026 at 21:38:16"
Q47,27,0.9560861554224239,degraded,2026-08-17T16:14:06.558252+00:00,"Run - Aug 17, 2026 at 21:38:16"
Q48,27,0.955238955422424,degraded,2026-08-17T16:14:06.564767+00:00,"Run - Aug 17, 2026 at 21:38:16"
Q49,27,0.9543917554224239,degraded,2026-08-17T16:14:06.572767+00:00,"Run - Aug 17, 2026 at 21:38:16"
Q50,27,0.9535445554224239,degraded,2026-08-17T16:14:06.578777+00:00,"Run - Aug 17, 2026 at 21:38:16"
Q51,27,0.952697355422424,degraded,2026-08-17T16:14:06.586775+00:00,"Run - Aug 17, 2026 at 21:38:16"
Q52,27,0.9518501554224241,degraded,2026-08-17T16:14:06.596289+00:00,"Run - Aug 17, 2026 at 21:38:16"
Q53,27,0.9510029554224239,degraded,2026-08-17T16:14:06.603288+00:00,"Run - Aug 17, 2026 at 21:38:16"
Q54,27,0.950155755422424,degraded,2026-08-17T16:14:06.609333+00:00,"Run - Aug 17, 2026 at 21:38:16"
Q55,27,0.9493085554224241,degraded,2026-08-17T16:14:06.615334+00:00,"Run - Aug 17, 2026 at 21:38:16"
Q56,27,0.9484613554224239,degraded,2026-08-17T16:14:06.621334+00:00,"Run - Aug 17, 2026 at 21:38:16"
Q57,27,0.947614155422424,degraded,2026-08-17T16:14:06.625363+00:00,"Run - Aug 17, 2026 at 21:38:16"
Q58,27,0.9467669554224241,degraded,2026-08-17T16:14:06.630333+00:00,"Run - Aug 17, 2026 at 21:38:16"
Q59,27,0.9459197554224239,degraded,2026-08-17T16:14:06.637335+00:00,"Run - Aug 17, 2026 at 21:38:16"
Q60,27,0.945072555422424,degraded,2026-08-17T16:14:06.643339+00:00,"Run - Aug 17, 2026 at 21:38:16"
Q61,27,0.944225355422424,degraded,2026-08-17T16:14:06.649351+00:00,"Run - Aug 17, 2026 at 21:38:16"
Q62,27,0.9433781554224241,degraded,2026-08-17T16:14:06.655339+00:00,"Run - Aug 17, 2026 at 21:38:16"
Q63,27,0.9425309554224239,degraded,2026-08-17T16:14:06.661388+00:00,"Run - Aug 17, 2026 at 21:38:16"
Q64,27,0.941683755422424,degraded,2026-08-17T16:14:06.667393+00:00,"Run - Aug 17, 2026 at 21:38:16"
Q65,27,0.9408365554224241,degraded,2026-08-17T16:14:06.673393+00:00,"Run - Aug 17, 2026 at 21:38:16"
Q66,27,0.939989355422424,degraded,2026-08-17T16:14:06.679395+00:00,"Run - Aug 17, 2026 at 21:38:16"
Q67,27,0.939142155422424,degraded,2026-08-17T16:14:06.687396+00:00,"Run - Aug 17, 2026 at 21:38:16"
Q68,27,0.938294955422424,degraded,2026-08-17T16:14:06.693401+00:00,"Run - Aug 17, 2026 at 21:38:16"
Q69,27,0.9374477554224239,degraded,2026-08-17T16:14:06.699401+00:00,"Run - Aug 17, 2026 at 21:38:16"
Q70,27,0.9366005554224239,degraded,2026-08-17T16:14:06.705400+00:00,"Run - Aug 17, 2026 at 21:38:16"
Q71,27,0.935753355422424,degraded,2026-08-17T16:14:06.711488+00:00,"Run - Aug 17, 2026 at 21:38:16"
Q72,27,0.9349061554224241,degraded,2026-08-17T16:14:06.721494+00:00,"Run - Aug 17, 2026 at 21:38:16"
Q73,27,0.9340589554224239,degraded,2026-08-17T16:14:06.726513+00:00,"Run - Aug 17, 2026 at 21:38:16"
Q74,27,0.933211755422424,degraded,2026-08-17T16:14:06.732541+00:00,"Run - Aug 17, 2026 at 21:38:16"
Q75,27,0.932364555422424,degraded,2026-08-17T16:14:06.743897+00:00,"Run - Aug 17, 2026 at 21:38:16"
Q76,27,0.9315173554224239,degraded,2026-08-17T16:14:06.752899+00:00,"Run - Aug 17, 2026 at 21:38:16"
Q77,27,0.9306701554224239,degraded,2026-08-17T16:14:06.760057+00:00,"Run - Aug 17, 2026 at 21:38:16"
Q78,27,0.929822955422424,degraded,2026-08-17T16:14:06.767572+00:00,"Run - Aug 17, 2026 at 21:38:16"
Q79,27,0.9289757554224238,degraded,2026-08-17T16:14:06.776578+00:00,"Run - Aug 17, 2026 at 21:38:16"
Q80,27,0.9281285554224239,degraded,2026-08-17T16:14:06.784575+00:00,"Run - Aug 17, 2026 at 21:38:16"
Q81,27,0.927281355422424,degraded,2026-08-17T16:14:06.791573+00:00,"Run - Aug 17, 2026 at 21:38:16"
Q82,27,0.9264341554224239,degraded,2026-08-17T16:14:06.799579+00:00,"Run - Aug 17, 2026 at 21:38:16"
Q83,27,0.9255869554224239,degraded,2026-08-17T16:14:06.807579+00:00,"Run - Aug 17, 2026 at 21:38:16"
Q84,27,0.924739755422424,degraded,2026-08-17T16:14:06.814100+00:00,"Run - Aug 17, 2026 at 21:38:16"
Q85,27,0.923892555422424,degraded,2026-08-17T16:14:06.821097+00:00,"Run - Aug 17, 2026 at 21:38:16"
Q86,27,0.9230453554224238,degraded,2026-08-17T16:14:06.828096+00:00,"Run - Aug 17, 2026 at 21:38:16"
Q87,27,0.922198155422424,degraded,2026-08-17T16:14:06.835097+00:00,"Run - Aug 17, 2026 at 21:38:16"
Q88,27,0.921350955422424,degraded,2026-08-17T16:14:06.842095+00:00,"Run - Aug 17, 2026 at 21:38:16"
Q89,27,0.9205037554224239,degraded,2026-08-17T16:14:06.848103+00:00,"Run - Aug 17, 2026 at 21:38:16"
Q90,27,0.919656555422424,degraded,2026-08-17T16:14:06.856105+00:00,"Run - Aug 17, 2026 at 21:38:16"
Q91,27,0.918809355422424,degraded,2026-08-17T16:14:06.869146+00:00,"Run - Aug 17, 2026 at 21:38:16"
Q92,27,0.9179621554224239,degraded,2026-08-17T16:14:06.875449+00:00,"Run - Aug 17, 2026 at 21:38:16"
Q93,27,0.9171149554224239,degraded,2026-08-17T16:14:06.882437+00:00,"Run - Aug 17, 2026 at 21:38:16"
Q94,27,0.916267755422424,degraded,2026-08-17T16:14:06.889436+00:00,"Run - Aug 17, 2026 at 21:38:16"
Q95,27,0.915420555422424,degraded,2026-08-17T16:14:06.896438+00:00,"Run - Aug 17, 2026 at 21:38:16"
Q96,27,0.9145733554224239,degraded,2026-08-17T16:14:06.905448+00:00,"Run - Aug 17, 2026 at 21:38:16"
Q97,27,0.9137261554224241,degraded,2026-08-17T16:14:06.914968+00:00,"Run - Aug 17, 2026 at 21:38:16"
Q98,27,0.9128789554224239,degraded,2026-08-17T16:14:06.922967+00:00,"Run - Aug 17, 2026 at 21:38:16"
Q99,27,0.912031755422424,degraded,2026-08-17T16:14:06.931971+00:00,"Run - Aug 17, 2026 at 21:38:16"
Q100,27,0.911184555422424,degraded,2026-08-17T16:14:06.942005+00:00,"Run - Aug 17, 2026 at 21:38:16"
Q101,27,0.9103373554224241,degraded,2026-08-17T16:14:06.949987+00:00,"Run - Aug 17, 2026 at 21:38:16"
Q102,27,0.909490155422424,degraded,2026-08-17T16:14:06.958987+00:00,"Run - Aug 17, 2026 at 21:38:16"
Q103,27,0.908642955422424,degraded,2026-08-17T16:14:06.967096+00:00,"Run - Aug 17, 2026 at 21:38:16"
Q104,27,0.9077957554224241,degraded,2026-08-17T16:14:06.975105+00:00,"Run - Aug 17, 2026 at 21:38:16"
Q105,27,0.906948555422424,degraded,2026-08-17T16:14:06.984239+00:00,"Run - Aug 17, 2026 at 21:38:16"
Q106,27,0.906101355422424,degraded,2026-08-17T16:14:06.992226+00:00,"Run - Aug 17, 2026 at 21:38:16"
Q107,27,0.905254155422424,degraded,2026-08-17T16:14:07.000232+00:00,"Run - Aug 17, 2026 at 21:38:16"
Q108,27,0.9044069554224241,degraded,2026-08-17T16:14:07.008248+00:00,"Run - Aug 17, 2026 at 21:38:16"
Q109,27,0.903559755422424,degraded,2026-08-17T16:14:07.017766+00:00,"Run - Aug 17, 2026 at 21:38:16"
Q110,27,0.902712555422424,degraded,2026-08-17T16:14:07.025766+00:00,"Run - Aug 17, 2026 at 21:38:16"
Q111,27,0.9018653554224241,degraded,2026-08-17T16:14:07.033766+00:00,"Run - Aug 17, 2026 at 21:38:16"
Q112,27,0.9010181554224239,degraded,2026-08-17T16:14:07.040775+00:00,"Run - Aug 17, 2026 at 21:38:16"
Q113,27,0.900170955422424,degraded,2026-08-17T16:14:07.048773+00:00,"Run - Aug 17, 2026 at 21:38:16"
Q114,27,0.899323755422424,degraded,2026-08-17T16:14:07.056761+00:00,"Run - Aug 17, 2026 at 21:38:16"
Q115,27,0.8984765554224239,degraded,2026-08-17T16:14:07.063789+00:00,"Run - Aug 17, 2026 at 21:38:16"
Q116,27,0.897629355422424,degraded,2026-08-17T16:14:07.070796+00:00,"Run - Aug 17, 2026 at 21:38:16"
Q117,27,0.896782155422424,degraded,2026-08-17T16:14:07.078796+00:00,"Run - Aug 17, 2026 at 21:38:16"
Q118,27,0.8959349554224239,degraded,2026-08-17T16:14:07.085419+00:00,"Run - Aug 17, 2026 at 21:38:16"
Q119,27,0.8950877554224239,degraded,2026-08-17T16:14:07.093421+00:00,"Run - Aug 17, 2026 at 21:38:16"
Q120,27,0.894240555422424,degraded,2026-08-17T16:14:07.100428+00:00,"Run - Aug 17, 2026 at 21:38:16"
Q121,27,0.893393355422424,degraded,2026-08-17T16:14:07.111429+00:00,"Run - Aug 17, 2026 at 21:38:16"
Q122,27,0.8925461554224239,degraded,2026-08-17T16:14:07.118982+00:00,"Run - Aug 17, 2026 at 21:38:16"
Q123,27,0.8916989554224239,degraded,2026-08-17T16:14:07.127007+00:00,"Run - Aug 17, 2026 at 21:38:16"
Q124,27,0.890851755422424,degraded,2026-08-17T16:14:07.134979+00:00,"Run - Aug 17, 2026 at 21:38:16"
Q125,27,0.890004555422424,degraded,2026-08-17T16:14:07.143981+00:00,"Run - Aug 17, 2026 at 21:38:16"
Q126,27,0.8891573554224239,degraded,2026-08-17T16:14:07.151014+00:00,"Run - Aug 17, 2026 at 21:38:16"
Q127,27,0.8883101554224241,degraded,2026-08-17T16:14:07.159027+00:00,"Run - Aug 17, 2026 at 21:38:16"
Q128,27,0.8874629554224239,degraded,2026-08-17T16:14:07.167063+00:00,"Run - Aug 17, 2026 at 21:38:16"
Q129,27,0.886615755422424,degraded,2026-08-17T16:14:07.177145+00:00,"Run - Aug 17, 2026 at 21:38:16"
Q130,27,0.885768555422424,degraded,2026-08-17T16:14:07.187144+00:00,"Run - Aug 17, 2026 at 21:38:16"
Q131,27,0.8849213554224239,degraded,2026-08-17T16:14:07.196255+00:00,"Run - Aug 17, 2026 at 21:38:16"
Q132,27,0.884074155422424,degraded,2026-08-17T16:14:07.206318+00:00,"Run - Aug 17, 2026 at 21:38:16"
Q0,28,0.9958927003007789,degraded,2026-08-17T16:14:22.656741+00:00,"Run - Aug 17, 2026 at 21:38:16"
Q1,28,0.9950419003007791,degraded,2026-08-17T16:14:22.662840+00:00,"Run - Aug 17, 2026 at 21:38:16"
Q2,28,0.9941911003007791,degraded,2026-08-17T16:14:22.669082+00:00,"Run - Aug 17, 2026 at 21:38:16"
Q3,28,0.993340300300779,degraded,2026-08-17T16:14:22.674982+00:00,"Run - Aug 17, 2026 at 21:38:16"
Q4,28,0.992489500300779,degraded,2026-08-17T16:14:22.681685+00:00,"Run - Aug 17, 2026 at 21:38:16"
Q5,28,0.9916387003007789,degraded,2026-08-17T16:14:22.687524+00:00,"Run - Aug 17, 2026 at 21:38:16"
Q6,28,0.9907879003007791,degraded,2026-08-17T16:14:22.693503+00:00,"Run - Aug 17, 2026 at 21:38:16"
Q7,28,0.9899371003007789,degraded,2026-08-17T16:14:22.699507+00:00,"Run - Aug 17, 2026 at 21:38:16"
Q8,28,0.989086300300779,degraded,2026-08-17T16:14:22.712513+00:00,"Run - Aug 17, 2026 at 21:38:16"
Q9,28,0.988235500300779,degraded,2026-08-17T16:14:22.719416+00:00,"Run - Aug 17, 2026 at 21:38:16"
Q10,28,0.987384700300779,degraded,2026-08-17T16:14:22.726425+00:00,"Run - Aug 17, 2026 at 21:38:16"
Q11,28,0.9865339003007789,degraded,2026-08-17T16:14:22.732532+00:00,"Run - Aug 17, 2026 at 21:38:16"
Q12,28,0.9856831003007789,degraded,2026-08-17T16:14:22.746252+00:00,"Run - Aug 17, 2026 at 21:38:16"
Q13,28,0.9848323003007791,degraded,2026-08-17T16:14:22.751154+00:00,"Run - Aug 17, 2026 at 21:38:16"
Q14,28,0.9839815003007789,degraded,2026-08-17T16:14:22.758164+00:00,"Run - Aug 17, 2026 at 21:38:16"
Q15,28,0.983130700300779,degraded,2026-08-17T16:14:22.764155+00:00,"Run - Aug 17, 2026 at 21:38:16"
Q16,28,0.9822799003007789,degraded,2026-08-17T16:14:22.770368+00:00,"Run - Aug 17, 2026 at 21:38:16"
Q17,28,0.9814291003007789,degraded,2026-08-17T16:14:22.777502+00:00,"Run - Aug 17, 2026 at 21:38:16"
Q18,28,0.9805783003007791,degraded,2026-08-17T16:14:22.784199+00:00,"Run - Aug 17, 2026 at 21:38:16"
Q19,28,0.9797275003007789,degraded,2026-08-17T16:14:22.790321+00:00,"Run - Aug 17, 2026 at 21:38:16"
Q20,28,0.978876700300779,degraded,2026-08-17T16:14:22.795955+00:00,"Run - Aug 17, 2026 at 21:38:16"
Q21,28,0.978025900300779,degraded,2026-08-17T16:14:22.801059+00:00,"Run - Aug 17, 2026 at 21:38:16"
Q22,28,0.977175100300779,degraded,2026-08-17T16:14:22.807797+00:00,"Run - Aug 17, 2026 at 21:38:16"
Q23,28,0.976324300300779,degraded,2026-08-17T16:14:22.826804+00:00,"Run - Aug 17, 2026 at 21:38:16"
Q24,28,0.975473500300779,degraded,2026-08-17T16:14:22.843303+00:00,"Run - Aug 17, 2026 at 21:38:16"
Q25,28,0.974622700300779,degraded,2026-08-17T16:14:22.850304+00:00,"Run - Aug 17, 2026 at 21:38:16"
Q26,28,0.973771900300779,degraded,2026-08-17T16:14:22.856950+00:00,"Run - Aug 17, 2026 at 21:38:16"
Q27,28,0.972921100300779,degraded,2026-08-17T16:14:22.866425+00:00,"Run - Aug 17, 2026 at 21:38:16"
Q28,28,0.972070300300779,degraded,2026-08-17T16:14:22.872800+00:00,"Run - Aug 17, 2026 at 21:38:16"
Q29,28,0.971219500300779,degraded,2026-08-17T16:14:22.886999+00:00,"Run - Aug 17, 2026 at 21:38:16"
Q30,28,0.970368700300779,degraded,2026-08-17T16:14:22.896992+00:00,"Run - Aug 17, 2026 at 21:38:16"
Q31,28,0.969517900300779,degraded,2026-08-17T16:14:22.916598+00:00,"Run - Aug 17, 2026 at 21:38:16"
Q32,28,0.9686671003007791,degraded,2026-08-17T16:14:22.959710+00:00,"Run - Aug 17, 2026 at 21:38:16"
Q33,28,0.9678163003007789,degraded,2026-08-17T16:14:22.982081+00:00,"Run - Aug 17, 2026 at 21:38:16"
Q34,28,0.966965500300779,degraded,2026-08-17T16:14:23.004324+00:00,"Run - Aug 17, 2026 at 21:38:16"
Q35,28,0.9661147003007791,degraded,2026-08-17T16:14:23.012734+00:00,"Run - Aug 17, 2026 at 21:38:16"
Q36,28,0.965263900300779,degraded,2026-08-17T16:14:23.022770+00:00,"Run - Aug 17, 2026 at 21:38:16"
Q37,28,0.9644131003007791,degraded,2026-08-17T16:14:23.031754+00:00,"Run - Aug 17, 2026 at 21:38:16"
Q38,28,0.9635623003007789,degraded,2026-08-17T16:14:23.039751+00:00,"Run - Aug 17, 2026 at 21:38:16"
Q39,28,0.962711500300779,degraded,2026-08-17T16:14:23.055755+00:00,"Run - Aug 17, 2026 at 21:38:16"
Q40,28,0.9618607003007791,degraded,2026-08-17T16:14:23.065676+00:00,"Run - Aug 17, 2026 at 21:38:16"
Q41,28,0.961009900300779,degraded,2026-08-17T16:14:23.072804+00:00,"Run - Aug 17, 2026 at 21:38:16"
Q42,28,0.960159100300779,degraded,2026-08-17T16:14:23.082528+00:00,"Run - Aug 17, 2026 at 21:38:16"
Q43,28,0.959308300300779,degraded,2026-08-17T16:14:23.089530+00:00,"Run - Aug 17, 2026 at 21:38:16"
Q44,28,0.958457500300779,degraded,2026-08-17T16:14:23.096534+00:00,"Run - Aug 17, 2026 at 21:38:16"
Q45,28,0.9576067003007791,degraded,2026-08-17T16:14:23.102563+00:00,"Run - Aug 17, 2026 at 21:38:16"
Q46,28,0.9567559003007791,degraded,2026-08-17T16:14:23.110562+00:00,"Run - Aug 17, 2026 at 21:38:16"
Q47,28,0.955905100300779,degraded,2026-08-17T16:14:23.117075+00:00,"Run - Aug 17, 2026 at 21:38:16"
Q48,28,0.955054300300779,degraded,2026-08-17T16:14:23.123075+00:00,"Run - Aug 17, 2026 at 21:38:16"
Q49,28,0.954203500300779,degraded,2026-08-17T16:14:23.131075+00:00,"Run - Aug 17, 2026 at 21:38:16"
Q50,28,0.9533527003007789,degraded,2026-08-17T16:14:23.137075+00:00,"Run - Aug 17, 2026 at 21:38:16"
Q51,28,0.9525019003007791,degraded,2026-08-17T16:14:23.145078+00:00,"Run - Aug 17, 2026 at 21:38:16"
Q52,28,0.9516511003007789,degraded,2026-08-17T16:14:23.152108+00:00,"Run - Aug 17, 2026 at 21:38:16"
Q53,28,0.950800300300779,degraded,2026-08-17T16:14:23.159788+00:00,"Run - Aug 17, 2026 at 21:38:16"
Q54,28,0.9499495003007791,degraded,2026-08-17T16:14:23.166306+00:00,"Run - Aug 17, 2026 at 21:38:16"
Q55,28,0.9490987003007789,degraded,2026-08-17T16:14:23.172316+00:00,"Run - Aug 17, 2026 at 21:38:16"
Q56,28,0.9482479003007791,degraded,2026-08-17T16:14:23.180315+00:00,"Run - Aug 17, 2026 at 21:38:16"
Q57,28,0.947397100300779,degraded,2026-08-17T16:14:23.187836+00:00,"Run - Aug 17, 2026 at 21:38:16"
Q58,28,0.946546300300779,degraded,2026-08-17T16:14:23.193836+00:00,"Run - Aug 17, 2026 at 21:38:16"
Q59,28,0.945695500300779,degraded,2026-08-17T16:14:23.200836+00:00,"Run - Aug 17, 2026 at 21:38:16"
Q60,28,0.9448447003007789,degraded,2026-08-17T16:14:23.206843+00:00,"Run - Aug 17, 2026 at 21:38:16"
Q61,28,0.9439939003007789,degraded,2026-08-17T16:14:23.213855+00:00,"Run - Aug 17, 2026 at 21:38:16"
Q62,28,0.943143100300779,degraded,2026-08-17T16:14:23.219380+00:00,"Run - Aug 17, 2026 at 21:38:16"
Q63,28,0.942292300300779,degraded,2026-08-17T16:14:23.225386+00:00,"Run - Aug 17, 2026 at 21:38:16"
Q64,28,0.9414415003007789,degraded,2026-08-17T16:14:23.231404+00:00,"Run - Aug 17, 2026 at 21:38:16"
Q65,28,0.940590700300779,degraded,2026-08-17T16:14:23.237419+00:00,"Run - Aug 17, 2026 at 21:38:16"
Q66,28,0.9397399003007789,degraded,2026-08-17T16:14:23.244423+00:00,"Run - Aug 17, 2026 at 21:38:16"
Q67,28,0.938889100300779,degraded,2026-08-17T16:14:23.250600+00:00,"Run - Aug 17, 2026 at 21:38:16"
Q68,28,0.9380383003007791,degraded,2026-08-17T16:14:23.256636+00:00,"Run - Aug 17, 2026 at 21:38:16"
Q69,28,0.9371875003007789,degraded,2026-08-17T16:14:23.262773+00:00,"Run - Aug 17, 2026 at 21:38:16"
Q70,28,0.936336700300779,degraded,2026-08-17T16:14:23.269321+00:00,"Run - Aug 17, 2026 at 21:38:16"
Q71,28,0.9354859003007789,degraded,2026-08-17T16:14:23.276318+00:00,"Run - Aug 17, 2026 at 21:38:16"
Q72,28,0.934635100300779,degraded,2026-08-17T16:14:23.281837+00:00,"Run - Aug 17, 2026 at 21:38:16"
Q73,28,0.9337843003007791,degraded,2026-08-17T16:14:23.287949+00:00,"Run - Aug 17, 2026 at 21:38:16"
Q74,28,0.9329335003007789,degraded,2026-08-17T16:14:23.295610+00:00,"Run - Aug 17, 2026 at 21:38:16"
Q75,28,0.932082700300779,degraded,2026-08-17T16:14:23.302052+00:00,"Run - Aug 17, 2026 at 21:38:16"
Q76,28,0.931231900300779,degraded,2026-08-17T16:14:23.308060+00:00,"Run - Aug 17, 2026 at 21:38:16"
Q77,28,0.930381100300779,degraded,2026-08-17T16:14:23.315063+00:00,"Run - Aug 17, 2026 at 21:38:16"
Q78,28,0.929530300300779,degraded,2026-08-17T16:14:23.321630+00:00,"Run - Aug 17, 2026 at 21:38:16"
Q79,28,0.928679500300779,degraded,2026-08-17T16:14:23.328628+00:00,"Run - Aug 17, 2026 at 21:38:16"
Q80,28,0.927828700300779,degraded,2026-08-17T16:14:23.334633+00:00,"Run - Aug 17, 2026 at 21:38:16"
Q81,28,0.926977900300779,degraded,2026-08-17T16:14:23.342634+00:00,"Run - Aug 17, 2026 at 21:38:16"
Q82,28,0.926127100300779,degraded,2026-08-17T16:14:23.349629+00:00,"Run - Aug 17, 2026 at 21:38:16"
Q83,28,0.9252763003007789,degraded,2026-08-17T16:14:23.356670+00:00,"Run - Aug 17, 2026 at 21:38:16"
Q84,28,0.924425500300779,degraded,2026-08-17T16:14:23.362674+00:00,"Run - Aug 17, 2026 at 21:38:16"
Q85,28,0.923574700300779,degraded,2026-08-17T16:14:23.369188+00:00,"Run - Aug 17, 2026 at 21:38:16"
Q86,28,0.922723900300779,degraded,2026-08-17T16:14:23.376388+00:00,"Run - Aug 17, 2026 at 21:38:16"
Q87,28,0.9218731003007791,degraded,2026-08-17T16:14:23.381932+00:00,"Run - Aug 17, 2026 at 21:38:16"
Q88,28,0.9210223003007789,degraded,2026-08-17T16:14:23.388595+00:00,"Run - Aug 17, 2026 at 21:38:16"
Q89,28,0.920171500300779,degraded,2026-08-17T16:14:23.394560+00:00,"Run - Aug 17, 2026 at 21:38:16"
Q90,28,0.9193207003007791,degraded,2026-08-17T16:14:23.399565+00:00,"Run - Aug 17, 2026 at 21:38:16"
Q91,28,0.918469900300779,degraded,2026-08-17T16:14:23.406565+00:00,"Run - Aug 17, 2026 at 21:38:16"
Q92,28,0.9176191003007791,degraded,2026-08-17T16:14:23.412072+00:00,"Run - Aug 17, 2026 at 21:38:16"
Q93,28,0.9167683003007789,degraded,2026-08-17T16:14:23.418584+00:00,"Run - Aug 17, 2026 at 21:38:16"
Q94,28,0.915917500300779,degraded,2026-08-17T16:14:23.423591+00:00,"Run - Aug 17, 2026 at 21:38:16"
Q95,28,0.9150667003007789,degraded,2026-08-17T16:14:23.429594+00:00,"Run - Aug 17, 2026 at 21:38:16"
Q96,28,0.914215900300779,degraded,2026-08-17T16:14:23.434597+00:00,"Run - Aug 17, 2026 at 21:38:16"
Q97,28,0.913365100300779,degraded,2026-08-17T16:14:23.440590+00:00,"Run - Aug 17, 2026 at 21:38:16"
Q98,28,0.912514300300779,degraded,2026-08-17T16:14:23.445595+00:00,"Run - Aug 17, 2026 at 21:38:16"
Q99,28,0.911663500300779,degraded,2026-08-17T16:14:23.450594+00:00,"Run - Aug 17, 2026 at 21:38:16"
Q100,28,0.9108127003007789,degraded,2026-08-17T16:14:23.455632+00:00,"Run - Aug 17, 2026 at 21:38:16"
Q101,28,0.9099619003007791,degraded,2026-08-17T16:14:23.462666+00:00,"Run - Aug 17, 2026 at 21:38:16"
Q102,28,0.9091111003007789,degraded,2026-08-17T16:14:23.467638+00:00,"Run - Aug 17, 2026 at 21:38:16"
Q103,28,0.908260300300779,degraded,2026-08-17T16:14:23.473178+00:00,"Run - Aug 17, 2026 at 21:38:16"
Q104,28,0.9074095003007789,degraded,2026-08-17T16:14:23.479180+00:00,"Run - Aug 17, 2026 at 21:38:16"
Q105,28,0.9065587003007789,degraded,2026-08-17T16:14:23.484247+00:00,"Run - Aug 17, 2026 at 21:38:16"
Q106,28,0.9057079003007791,degraded,2026-08-17T16:14:23.491244+00:00,"Run - Aug 17, 2026 at 21:38:16"
Q107,28,0.9048571003007789,degraded,2026-08-17T16:14:23.497244+00:00,"Run - Aug 17, 2026 at 21:38:16"
Q108,28,0.904006300300779,degraded,2026-08-17T16:14:23.502244+00:00,"Run - Aug 17, 2026 at 21:38:16"
Q109,28,0.9031555003007788,degraded,2026-08-17T16:14:23.510291+00:00,"Run - Aug 17, 2026 at 21:38:16"
Q110,28,0.9023047003007789,degraded,2026-08-17T16:14:23.515255+00:00,"Run - Aug 17, 2026 at 21:38:16"
Q111,28,0.9014539003007791,degraded,2026-08-17T16:14:23.521778+00:00,"Run - Aug 17, 2026 at 21:38:16"
Q112,28,0.900603100300779,degraded,2026-08-17T16:14:23.529794+00:00,"Run - Aug 17, 2026 at 21:38:16"
Q113,28,0.899752300300779,degraded,2026-08-17T16:14:23.536792+00:00,"Run - Aug 17, 2026 at 21:38:16"
Q114,28,0.8989015003007789,degraded,2026-08-17T16:14:23.543791+00:00,"Run - Aug 17, 2026 at 21:38:16"
Q115,28,0.8980507003007789,degraded,2026-08-17T16:14:23.550791+00:00,"Run - Aug 17, 2026 at 21:38:16"
Q116,28,0.8971999003007789,degraded,2026-08-17T16:14:23.557804+00:00,"Run - Aug 17, 2026 at 21:38:16"
Q117,28,0.896349100300779,degraded,2026-08-17T16:14:23.564821+00:00,"Run - Aug 17, 2026 at 21:38:16"
Q118,28,0.895498300300779,degraded,2026-08-17T16:14:23.573386+00:00,"Run - Aug 17, 2026 at 21:38:16"
Q119,28,0.8946475003007789,degraded,2026-08-17T16:14:23.580366+00:00,"Run - Aug 17, 2026 at 21:38:16"
Q120,28,0.893796700300779,degraded,2026-08-17T16:14:23.590378+00:00,"Run - Aug 17, 2026 at 21:38:16"
Q121,28,0.8929459003007789,degraded,2026-08-17T16:14:23.597330+00:00,"Run - Aug 17, 2026 at 21:38:16"
Q122,28,0.892095100300779,degraded,2026-08-17T16:14:23.606680+00:00,"Run - Aug 17, 2026 at 21:38:16"
Q123,28,0.8912443003007791,degraded,2026-08-17T16:14:23.614581+00:00,"Run - Aug 17, 2026 at 21:38:16"
Q124,28,0.8903935003007789,degraded,2026-08-17T16:14:23.623336+00:00,"Run - Aug 17, 2026 at 21:38:16"
Q125,28,0.889542700300779,degraded,2026-08-17T16:14:23.632323+00:00,"Run - Aug 17, 2026 at 21:38:16"
Q126,28,0.8886919003007789,degraded,2026-08-17T16:14:23.641336+00:00,"Run - Aug 17, 2026 at 21:38:16"
Q127,28,0.887841100300779,degraded,2026-08-17T16:14:23.649336+00:00,"Run - Aug 17, 2026 at 21:38:16"
Q128,28,0.8869903003007789,degraded,2026-08-17T16:14:23.657345+00:00,"Run - Aug 17, 2026 at 21:38:16"
Q129,28,0.8861395003007789,degraded,2026-08-17T16:14:23.666353+00:00,"Run - Aug 17, 2026 at 21:38:16"
Q130,28,0.885288700300779,degraded,2026-08-17T16:14:23.676917+00:00,"Run - Aug 17, 2026 at 21:38:16"
Q131,28,0.884437900300779,degraded,2026-08-17T16:14:23.685443+00:00,"Run - Aug 17, 2026 at 21:38:16"
Q132,28,0.883587100300779,degraded,2026-08-17T16:14:23.693461+00:00,"Run - Aug 17, 2026 at 21:38:16"
Q0,29,0.9958810439754744,degraded,2026-08-17T16:14:43.931579+00:00,"Run - Aug 17, 2026 at 21:38:16"
Q1,29,0.9950266439754742,degraded,2026-08-17T16:14:43.957128+00:00,"Run - Aug 17, 2026 at 21:38:16"
Q2,29,0.9941722439754744,degraded,2026-08-17T16:14:43.967130+00:00,"Run - Aug 17, 2026 at 21:38:16"
Q3,29,0.9933178439754744,degraded,2026-08-17T16:14:43.981117+00:00,"Run - Aug 17, 2026 at 21:38:16"
Q4,29,0.9924634439754743,degraded,2026-08-17T16:14:44.019817+00:00,"Run - Aug 17, 2026 at 21:38:16"
Q5,29,0.9916090439754743,degraded,2026-08-17T16:14:44.076841+00:00,"Run - Aug 17, 2026 at 21:38:16"
Q6,29,0.9907546439754744,degraded,2026-08-17T16:14:44.106890+00:00,"Run - Aug 17, 2026 at 21:38:16"
Q7,29,0.9899002439754743,degraded,2026-08-17T16:14:44.129555+00:00,"Run - Aug 17, 2026 at 21:38:16"
Q8,29,0.9890458439754743,degraded,2026-08-17T16:14:44.142657+00:00,"Run - Aug 17, 2026 at 21:38:16"
Q9,29,0.9881914439754744,degraded,2026-08-17T16:14:44.196818+00:00,"Run - Aug 17, 2026 at 21:38:16"
Q10,29,0.9873370439754743,degraded,2026-08-17T16:14:44.244586+00:00,"Run - Aug 17, 2026 at 21:38:16"
Q11,29,0.9864826439754744,degraded,2026-08-17T16:14:44.255249+00:00,"Run - Aug 17, 2026 at 21:38:16"
Q12,29,0.9856282439754742,degraded,2026-08-17T16:14:44.263261+00:00,"Run - Aug 17, 2026 at 21:38:16"
Q13,29,0.9847738439754744,degraded,2026-08-17T16:14:44.271245+00:00,"Run - Aug 17, 2026 at 21:38:16"
Q14,29,0.9839194439754744,degraded,2026-08-17T16:14:44.280283+00:00,"Run - Aug 17, 2026 at 21:38:16"
Q15,29,0.9830650439754745,degraded,2026-08-17T16:14:44.302134+00:00,"Run - Aug 17, 2026 at 21:38:16"
Q16,29,0.9822106439754743,degraded,2026-08-17T16:14:44.323591+00:00,"Run - Aug 17, 2026 at 21:38:16"
Q17,29,0.9813562439754744,degraded,2026-08-17T16:14:44.347776+00:00,"Run - Aug 17, 2026 at 21:38:16"
Q18,29,0.9805018439754742,degraded,2026-08-17T16:14:44.366790+00:00,"Run - Aug 17, 2026 at 21:38:16"
Q19,29,0.9796474439754744,degraded,2026-08-17T16:14:44.376809+00:00,"Run - Aug 17, 2026 at 21:38:16"
Q20,29,0.9787930439754744,degraded,2026-08-17T16:14:44.384817+00:00,"Run - Aug 17, 2026 at 21:38:16"
Q21,29,0.9779386439754745,degraded,2026-08-17T16:14:44.393801+00:00,"Run - Aug 17, 2026 at 21:38:16"
Q22,29,0.9770842439754743,degraded,2026-08-17T16:14:44.419365+00:00,"Run - Aug 17, 2026 at 21:38:16"
Q23,29,0.9762298439754744,degraded,2026-08-17T16:14:44.439290+00:00,"Run - Aug 17, 2026 at 21:38:16"
Q24,29,0.9753754439754744,degraded,2026-08-17T16:14:44.447846+00:00,"Run - Aug 17, 2026 at 21:38:16"
Q25,29,0.9745210439754743,degraded,2026-08-17T16:14:44.457875+00:00,"Run - Aug 17, 2026 at 21:38:16"
Q26,29,0.9736666439754744,degraded,2026-08-17T16:14:44.465873+00:00,"Run - Aug 17, 2026 at 21:38:16"
Q27,29,0.9728122439754743,degraded,2026-08-17T16:14:44.476873+00:00,"Run - Aug 17, 2026 at 21:38:16"
Q28,29,0.9719578439754744,degraded,2026-08-17T16:14:44.484883+00:00,"Run - Aug 17, 2026 at 21:38:16"
Q29,29,0.9711034439754744,degraded,2026-08-17T16:14:44.493884+00:00,"Run - Aug 17, 2026 at 21:38:16"
Q30,29,0.9702490439754744,degraded,2026-08-17T16:14:44.502442+00:00,"Run - Aug 17, 2026 at 21:38:16"
Q31,29,0.9693946439754743,degraded,2026-08-17T16:14:44.544689+00:00,"Run - Aug 17, 2026 at 21:38:16"
Q32,29,0.9685402439754744,degraded,2026-08-17T16:14:44.579372+00:00,"Run - Aug 17, 2026 at 21:38:16"
Q33,29,0.9676858439754743,degraded,2026-08-17T16:14:44.601737+00:00,"Run - Aug 17, 2026 at 21:38:16"
Q34,29,0.9668314439754744,degraded,2026-08-17T16:14:44.615333+00:00,"Run - Aug 17, 2026 at 21:38:16"
Q35,29,0.9659770439754743,degraded,2026-08-17T16:14:44.642953+00:00,"Run - Aug 17, 2026 at 21:38:16"
Q36,29,0.9651226439754744,degraded,2026-08-17T16:14:44.661562+00:00,"Run - Aug 17, 2026 at 21:38:16"
Q37,29,0.9642682439754744,degraded,2026-08-17T16:14:44.673564+00:00,"Run - Aug 17, 2026 at 21:38:16"
Q38,29,0.9634138439754745,degraded,2026-08-17T16:14:44.693586+00:00,"Run - Aug 17, 2026 at 21:38:16"
Q39,29,0.9625594439754743,degraded,2026-08-17T16:14:44.702681+00:00,"Run - Aug 17, 2026 at 21:38:16"
Q40,29,0.9617050439754744,degraded,2026-08-17T16:14:44.712848+00:00,"Run - Aug 17, 2026 at 21:38:16"
Q41,29,0.9608506439754744,degraded,2026-08-17T16:14:44.722745+00:00,"Run - Aug 17, 2026 at 21:38:16"
Q42,29,0.9599962439754743,degraded,2026-08-17T16:14:44.761517+00:00,"Run - Aug 17, 2026 at 21:38:16"
Q43,29,0.9591418439754744,degraded,2026-08-17T16:14:44.781524+00:00,"Run - Aug 17, 2026 at 21:38:16"
Q44,29,0.9582874439754744,degraded,2026-08-17T16:14:44.828773+00:00,"Run - Aug 17, 2026 at 21:38:16"
Q45,29,0.9574330439754744,degraded,2026-08-17T16:14:44.862904+00:00,"Run - Aug 17, 2026 at 21:38:16"
Q46,29,0.9565786439754744,degraded,2026-08-17T16:14:44.899977+00:00,"Run - Aug 17, 2026 at 21:38:16"
Q47,29,0.9557242439754744,degraded,2026-08-17T16:14:44.909513+00:00,"Run - Aug 17, 2026 at 21:38:16"
Q48,29,0.9548698439754743,degraded,2026-08-17T16:14:44.917691+00:00,"Run - Aug 17, 2026 at 21:38:16"
Q49,29,0.9540154439754744,degraded,2026-08-17T16:14:44.926709+00:00,"Run - Aug 17, 2026 at 21:38:16"
Q50,29,0.9531610439754743,degraded,2026-08-17T16:14:44.935731+00:00,"Run - Aug 17, 2026 at 21:38:16"
Q51,29,0.9523066439754744,degraded,2026-08-17T16:14:44.947737+00:00,"Run - Aug 17, 2026 at 21:38:16"
Q52,29,0.9514522439754743,degraded,2026-08-17T16:14:44.978345+00:00,"Run - Aug 17, 2026 at 21:38:16"
Q53,29,0.9505978439754744,degraded,2026-08-17T16:14:44.997835+00:00,"Run - Aug 17, 2026 at 21:38:16"
Q54,29,0.9497434439754744,degraded,2026-08-17T16:14:45.022381+00:00,"Run - Aug 17, 2026 at 21:38:16"
Q55,29,0.9488890439754744,degraded,2026-08-17T16:14:45.058356+00:00,"Run - Aug 17, 2026 at 21:38:16"
Q56,29,0.9480346439754743,degraded,2026-08-17T16:14:45.090478+00:00,"Run - Aug 17, 2026 at 21:38:16"
Q57,29,0.9471802439754744,degraded,2026-08-17T16:14:45.099165+00:00,"Run - Aug 17, 2026 at 21:38:16"
Q58,29,0.9463258439754744,degraded,2026-08-17T16:14:45.107295+00:00,"Run - Aug 17, 2026 at 21:38:16"
Q59,29,0.9454714439754743,degraded,2026-08-17T16:14:45.114088+00:00,"Run - Aug 17, 2026 at 21:38:16"
Q60,29,0.9446170439754744,degraded,2026-08-17T16:14:45.120654+00:00,"Run - Aug 17, 2026 at 21:38:16"
Q61,29,0.9437626439754744,degraded,2026-08-17T16:14:45.129655+00:00,"Run - Aug 17, 2026 at 21:38:16"
Q62,29,0.9429082439754743,degraded,2026-08-17T16:14:45.140750+00:00,"Run - Aug 17, 2026 at 21:38:16"
Q63,29,0.9420538439754742,degraded,2026-08-17T16:14:45.147763+00:00,"Run - Aug 17, 2026 at 21:38:16"
Q64,29,0.9411994439754744,degraded,2026-08-17T16:14:45.155175+00:00,"Run - Aug 17, 2026 at 21:38:16"
Q65,29,0.9403450439754744,degraded,2026-08-17T16:14:45.162185+00:00,"Run - Aug 17, 2026 at 21:38:16"
Q66,29,0.9394906439754744,degraded,2026-08-17T16:14:45.169185+00:00,"Run - Aug 17, 2026 at 21:38:16"
Q67,29,0.9386362439754743,degraded,2026-08-17T16:14:45.177293+00:00,"Run - Aug 17, 2026 at 21:38:16"
Q68,29,0.9377818439754744,degraded,2026-08-17T16:14:45.185291+00:00,"Run - Aug 17, 2026 at 21:38:16"
Q69,29,0.9369274439754742,degraded,2026-08-17T16:14:45.192401+00:00,"Run - Aug 17, 2026 at 21:38:16"
Q70,29,0.9360730439754744,degraded,2026-08-17T16:14:45.208012+00:00,"Run - Aug 17, 2026 at 21:38:16"
Q71,29,0.9352186439754744,degraded,2026-08-17T16:14:45.214866+00:00,"Run - Aug 17, 2026 at 21:38:16"
Q72,29,0.9343642439754744,degraded,2026-08-17T16:14:45.220392+00:00,"Run - Aug 17, 2026 at 21:38:16"
Q73,29,0.9335098439754743,degraded,2026-08-17T16:14:45.227549+00:00,"Run - Aug 17, 2026 at 21:38:16"
Q74,29,0.9326554439754744,degraded,2026-08-17T16:14:45.237348+00:00,"Run - Aug 17, 2026 at 21:38:16"
Q75,29,0.9318010439754744,degraded,2026-08-17T16:14:45.250860+00:00,"Run - Aug 17, 2026 at 21:38:16"
Q76,29,0.9309466439754743,degraded,2026-08-17T16:14:45.267471+00:00,"Run - Aug 17, 2026 at 21:38:16"
Q77,29,0.9300922439754744,degraded,2026-08-17T16:14:45.283480+00:00,"Run - Aug 17, 2026 at 21:38:16"
Q78,29,0.9292378439754743,degraded,2026-08-17T16:14:45.300451+00:00,"Run - Aug 17, 2026 at 21:38:16"
Q79,29,0.9283834439754743,degraded,2026-08-17T16:14:45.309088+00:00,"Run - Aug 17, 2026 at 21:38:16"
Q80,29,0.9275290439754742,degraded,2026-08-17T16:14:45.317993+00:00,"Run - Aug 17, 2026 at 21:38:16"
Q81,29,0.9266746439754744,degraded,2026-08-17T16:14:45.329425+00:00,"Run - Aug 17, 2026 at 21:38:16"
Q82,29,0.9258202439754744,degraded,2026-08-17T16:14:45.337424+00:00,"Run - Aug 17, 2026 at 21:38:16"
Q83,29,0.9249658439754744,degraded,2026-08-17T16:14:45.346427+00:00,"Run - Aug 17, 2026 at 21:38:16"
Q84,29,0.9241114439754743,degraded,2026-08-17T16:14:45.354937+00:00,"Run - Aug 17, 2026 at 21:38:16"
Q85,29,0.9232570439754744,degraded,2026-08-17T16:14:45.363937+00:00,"Run - Aug 17, 2026 at 21:38:16"
Q86,29,0.9224026439754743,degraded,2026-08-17T16:14:45.373937+00:00,"Run - Aug 17, 2026 at 21:38:16"
Q87,29,0.9215482439754745,degraded,2026-08-17T16:14:45.382936+00:00,"Run - Aug 17, 2026 at 21:38:16"
Q88,29,0.9206938439754744,degraded,2026-08-17T16:14:45.390943+00:00,"Run - Aug 17, 2026 at 21:38:16"
Q89,29,0.9198394439754743,degraded,2026-08-17T16:14:45.401941+00:00,"Run - Aug 17, 2026 at 21:38:16"
Q90,29,0.9189850439754743,degraded,2026-08-17T16:14:45.413547+00:00,"Run - Aug 17, 2026 at 21:38:16"
Q91,29,0.9181306439754744,degraded,2026-08-17T16:14:45.423088+00:00,"Run - Aug 17, 2026 at 21:38:16"
Q92,29,0.9172762439754744,degraded,2026-08-17T16:14:45.431086+00:00,"Run - Aug 17, 2026 at 21:38:16"
Q93,29,0.9164218439754743,degraded,2026-08-17T16:14:45.439086+00:00,"Run - Aug 17, 2026 at 21:38:16"
Q94,29,0.9155674439754744,degraded,2026-08-17T16:14:45.449093+00:00,"Run - Aug 17, 2026 at 21:38:16"
Q95,29,0.9147130439754743,degraded,2026-08-17T16:14:45.456434+00:00,"Run - Aug 17, 2026 at 21:38:16"
Q96,29,0.9138586439754743,degraded,2026-08-17T16:14:45.465498+00:00,"Run - Aug 17, 2026 at 21:38:16"
Q97,29,0.9130042439754743,degraded,2026-08-17T16:14:45.474506+00:00,"Run - Aug 17, 2026 at 21:38:16"
Q98,29,0.9121498439754745,degraded,2026-08-17T16:14:45.482504+00:00,"Run - Aug 17, 2026 at 21:38:16"
Q99,29,0.9112954439754744,degraded,2026-08-17T16:14:45.490508+00:00,"Run - Aug 17, 2026 at 21:38:16"
Q100,29,0.9104410439754744,degraded,2026-08-17T16:14:45.497507+00:00,"Run - Aug 17, 2026 at 21:38:16"
Q101,29,0.9095866439754743,degraded,2026-08-17T16:14:45.506016+00:00,"Run - Aug 17, 2026 at 21:38:16"
Q102,29,0.9087322439754744,degraded,2026-08-17T16:14:45.513524+00:00,"Run - Aug 17, 2026 at 21:38:16"
Q103,29,0.9078778439754743,degraded,2026-08-17T16:14:45.522523+00:00,"Run - Aug 17, 2026 at 21:38:16"
Q104,29,0.9070234439754743,degraded,2026-08-17T16:14:45.530523+00:00,"Run - Aug 17, 2026 at 21:38:16"
Q105,29,0.9061690439754744,degraded,2026-08-17T16:14:45.539524+00:00,"Run - Aug 17, 2026 at 21:38:16"
Q106,29,0.9053146439754743,degraded,2026-08-17T16:14:45.546531+00:00,"Run - Aug 17, 2026 at 21:38:16"
Q107,29,0.9044602439754743,degraded,2026-08-17T16:14:45.555059+00:00,"Run - Aug 17, 2026 at 21:38:16"
Q108,29,0.9036058439754744,degraded,2026-08-17T16:14:45.563220+00:00,"Run - Aug 17, 2026 at 21:38:16"
Q109,29,0.9027514439754745,degraded,2026-08-17T16:14:45.570222+00:00,"Run - Aug 17, 2026 at 21:38:16"
Q110,29,0.9018970439754743,degraded,2026-08-17T16:14:45.578228+00:00,"Run - Aug 17, 2026 at 21:38:16"
Q111,29,0.9010426439754744,degraded,2026-08-17T16:14:45.586232+00:00,"Run - Aug 17, 2026 at 21:38:16"
Q112,29,0.9001882439754744,degraded,2026-08-17T16:14:45.595050+00:00,"Run - Aug 17, 2026 at 21:38:16"
Q113,29,0.8993338439754743,degraded,2026-08-17T16:14:45.603051+00:00,"Run - Aug 17, 2026 at 21:38:16"
Q114,29,0.8984794439754743,degraded,2026-08-17T16:14:45.612107+00:00,"Run - Aug 17, 2026 at 21:38:16"
Q115,29,0.8976250439754745,degraded,2026-08-17T16:14:45.620117+00:00,"Run - Aug 17, 2026 at 21:38:16"
Q116,29,0.8967706439754743,degraded,2026-08-17T16:14:45.629115+00:00,"Run - Aug 17, 2026 at 21:38:16"
Q117,29,0.8959162439754744,degraded,2026-08-17T16:14:45.638116+00:00,"Run - Aug 17, 2026 at 21:38:16"
Q118,29,0.8950618439754743,degraded,2026-08-17T16:14:45.646121+00:00,"Run - Aug 17, 2026 at 21:38:16"
Q119,29,0.8942074439754745,degraded,2026-08-17T16:14:45.654122+00:00,"Run - Aug 17, 2026 at 21:38:16"
Q120,29,0.8933530439754743,degraded,2026-08-17T16:14:45.663640+00:00,"Run - Aug 17, 2026 at 21:38:16"
Q121,29,0.8924986439754745,degraded,2026-08-17T16:14:45.672643+00:00,"Run - Aug 17, 2026 at 21:38:16"
Q122,29,0.8916442439754744,degraded,2026-08-17T16:14:45.681669+00:00,"Run - Aug 17, 2026 at 21:38:16"
Q123,29,0.8907898439754744,degraded,2026-08-17T16:14:45.691690+00:00,"Run - Aug 17, 2026 at 21:38:16"
Q124,29,0.8899354439754743,degraded,2026-08-17T16:14:45.699671+00:00,"Run - Aug 17, 2026 at 21:38:16"
Q125,29,0.8890810439754744,degraded,2026-08-17T16:14:45.708169+00:00,"Run - Aug 17, 2026 at 21:38:16"
Q126,29,0.8882266439754744,degraded,2026-08-17T16:14:45.716700+00:00,"Run - Aug 17, 2026 at 21:38:16"
Q127,29,0.8873722439754743,degraded,2026-08-17T16:14:45.724679+00:00,"Run - Aug 17, 2026 at 21:38:16"
Q128,29,0.8865178439754744,degraded,2026-08-17T16:14:45.734680+00:00,"Run - Aug 17, 2026 at 21:38:16"
Q129,29,0.8856634439754743,degraded,2026-08-17T16:14:45.743687+00:00,"Run - Aug 17, 2026 at 21:38:16"
Q130,29,0.8848090439754744,degraded,2026-08-17T16:14:45.750688+00:00,"Run - Aug 17, 2026 at 21:38:16"
Q131,29,0.8839546439754743,degraded,2026-08-17T16:14:45.759207+00:00,"Run - Aug 17, 2026 at 21:38:16"
Q132,29,0.8831002439754745,degraded,2026-08-17T16:14:45.769223+00:00,"Run - Aug 17, 2026 at 21:38:16"
Q0,30,0.9958695305204526,degraded,2026-08-17T16:15:06.316867+00:00,"Run - Aug 17, 2026 at 21:38:16"
Q1,30,0.9950115305204527,degraded,2026-08-17T16:15:06.326555+00:00,"Run - Aug 17, 2026 at 21:38:16"
Q2,30,0.9941535305204527,degraded,2026-08-17T16:15:06.338608+00:00,"Run - Aug 17, 2026 at 21:38:16"
Q3,30,0.9932955305204527,degraded,2026-08-17T16:15:06.349616+00:00,"Run - Aug 17, 2026 at 21:38:16"
Q4,30,0.9924375305204527,degraded,2026-08-17T16:15:06.359643+00:00,"Run - Aug 17, 2026 at 21:38:16"
Q5,30,0.9915795305204527,degraded,2026-08-17T16:15:06.369661+00:00,"Run - Aug 17, 2026 at 21:38:16"
Q6,30,0.9907215305204526,degraded,2026-08-17T16:15:06.379605+00:00,"Run - Aug 17, 2026 at 21:38:16"
Q7,30,0.9898635305204527,degraded,2026-08-17T16:15:06.389569+00:00,"Run - Aug 17, 2026 at 21:38:16"
Q8,30,0.9890055305204526,degraded,2026-08-17T16:15:06.400585+00:00,"Run - Aug 17, 2026 at 21:38:16"
Q9,30,0.9881475305204527,degraded,2026-08-17T16:15:06.410574+00:00,"Run - Aug 17, 2026 at 21:38:16"
Q10,30,0.9872895305204528,degraded,2026-08-17T16:15:06.420572+00:00,"Run - Aug 17, 2026 at 21:38:16"
Q11,30,0.9864315305204526,degraded,2026-08-17T16:15:06.431146+00:00,"Run - Aug 17, 2026 at 21:38:16"
Q12,30,0.9855735305204527,degraded,2026-08-17T16:15:06.440661+00:00,"Run - Aug 17, 2026 at 21:38:16"
Q13,30,0.9847155305204527,degraded,2026-08-17T16:15:06.450687+00:00,"Run - Aug 17, 2026 at 21:38:16"
Q14,30,0.9838575305204527,degraded,2026-08-17T16:15:06.459669+00:00,"Run - Aug 17, 2026 at 21:38:16"
Q15,30,0.9829995305204526,degraded,2026-08-17T16:15:06.468671+00:00,"Run - Aug 17, 2026 at 21:38:16"
Q16,30,0.9821415305204526,degraded,2026-08-17T16:15:06.477692+00:00,"Run - Aug 17, 2026 at 21:38:16"
Q17,30,0.9812835305204527,degraded,2026-08-17T16:15:06.486720+00:00,"Run - Aug 17, 2026 at 21:38:16"
Q18,30,0.9804255305204528,degraded,2026-08-17T16:15:06.499714+00:00,"Run - Aug 17, 2026 at 21:38:16"
Q19,30,0.9795675305204526,degraded,2026-08-17T16:15:06.509723+00:00,"Run - Aug 17, 2026 at 21:38:16"
Q20,30,0.9787095305204527,degraded,2026-08-17T16:15:06.519732+00:00,"Run - Aug 17, 2026 at 21:38:16"
Q21,30,0.9778515305204527,degraded,2026-08-17T16:15:06.530294+00:00,"Run - Aug 17, 2026 at 21:38:16"
Q22,30,0.9769935305204527,degraded,2026-08-17T16:15:06.539858+00:00,"Run - Aug 17, 2026 at 21:38:16"
Q23,30,0.9761355305204527,degraded,2026-08-17T16:15:06.549455+00:00,"Run - Aug 17, 2026 at 21:38:16"
Q24,30,0.9752775305204526,degraded,2026-08-17T16:15:06.559137+00:00,"Run - Aug 17, 2026 at 21:38:16"
Q25,30,0.9744195305204526,degraded,2026-08-17T16:15:06.570683+00:00,"Run - Aug 17, 2026 at 21:38:16"
Q26,30,0.9735615305204526,degraded,2026-08-17T16:15:06.578686+00:00,"Run - Aug 17, 2026 at 21:38:16"
Q27,30,0.9727035305204527,degraded,2026-08-17T16:15:06.589755+00:00,"Run - Aug 17, 2026 at 21:38:16"
Q28,30,0.9718455305204525,degraded,2026-08-17T16:15:06.603759+00:00,"Run - Aug 17, 2026 at 21:38:16"
Q29,30,0.9709875305204526,degraded,2026-08-17T16:15:06.614782+00:00,"Run - Aug 17, 2026 at 21:38:16"
Q30,30,0.9701295305204527,degraded,2026-08-17T16:15:06.623839+00:00,"Run - Aug 17, 2026 at 21:38:16"
Q31,30,0.9692715305204527,degraded,2026-08-17T16:15:06.632055+00:00,"Run - Aug 17, 2026 at 21:38:16"
Q32,30,0.9684135305204528,degraded,2026-08-17T16:15:06.641861+00:00,"Run - Aug 17, 2026 at 21:38:16"
Q33,30,0.9675555305204526,degraded,2026-08-17T16:15:06.651979+00:00,"Run - Aug 17, 2026 at 21:38:16"
Q34,30,0.9666975305204527,degraded,2026-08-17T16:15:06.662006+00:00,"Run - Aug 17, 2026 at 21:38:16"
Q35,30,0.9658395305204528,degraded,2026-08-17T16:15:06.671989+00:00,"Run - Aug 17, 2026 at 21:38:16"
Q36,30,0.9649815305204527,degraded,2026-08-17T16:15:06.681536+00:00,"Run - Aug 17, 2026 at 21:38:16"
Q37,30,0.9641235305204527,degraded,2026-08-17T16:15:06.690548+00:00,"Run - Aug 17, 2026 at 21:38:16"
Q38,30,0.9632655305204527,degraded,2026-08-17T16:15:06.700544+00:00,"Run - Aug 17, 2026 at 21:38:16"
Q39,30,0.9624075305204527,degraded,2026-08-17T16:15:06.708551+00:00,"Run - Aug 17, 2026 at 21:38:16"
Q40,30,0.9615495305204527,degraded,2026-08-17T16:15:06.716555+00:00,"Run - Aug 17, 2026 at 21:38:16"
Q41,30,0.9606915305204526,degraded,2026-08-17T16:15:06.724557+00:00,"Run - Aug 17, 2026 at 21:38:16"
Q42,30,0.9598335305204526,degraded,2026-08-17T16:15:06.733174+00:00,"Run - Aug 17, 2026 at 21:38:16"
Q43,30,0.9589755305204526,degraded,2026-08-17T16:15:06.741907+00:00,"Run - Aug 17, 2026 at 21:38:16"
Q44,30,0.9581175305204527,degraded,2026-08-17T16:15:06.749333+00:00,"Run - Aug 17, 2026 at 21:38:16"
Q45,30,0.9572595305204528,degraded,2026-08-17T16:15:06.759005+00:00,"Run - Aug 17, 2026 at 21:38:16"
Q46,30,0.9564015305204527,degraded,2026-08-17T16:15:06.768267+00:00,"Run - Aug 17, 2026 at 21:38:16"
Q47,30,0.9555435305204527,degraded,2026-08-17T16:15:06.777061+00:00,"Run - Aug 17, 2026 at 21:38:16"
Q48,30,0.9546855305204527,degraded,2026-08-17T16:15:06.784622+00:00,"Run - Aug 17, 2026 at 21:38:16"
Q49,30,0.9538275305204527,degraded,2026-08-17T16:15:06.793630+00:00,"Run - Aug 17, 2026 at 21:38:16"
Q50,30,0.9529695305204526,degraded,2026-08-17T16:15:06.802627+00:00,"Run - Aug 17, 2026 at 21:38:16"
Q51,30,0.9521115305204526,degraded,2026-08-17T16:15:06.811646+00:00,"Run - Aug 17, 2026 at 21:38:16"
Q52,30,0.9512535305204527,degraded,2026-08-17T16:15:06.819641+00:00,"Run - Aug 17, 2026 at 21:38:16"
Q53,30,0.9503955305204526,degraded,2026-08-17T16:15:06.828166+00:00,"Run - Aug 17, 2026 at 21:38:16"
Q54,30,0.9495375305204526,degraded,2026-08-17T16:15:06.838407+00:00,"Run - Aug 17, 2026 at 21:38:16"
Q55,30,0.9486795305204527,degraded,2026-08-17T16:15:06.848436+00:00,"Run - Aug 17, 2026 at 21:38:16"
Q56,30,0.9478215305204526,degraded,2026-08-17T16:15:06.856411+00:00,"Run - Aug 17, 2026 at 21:38:16"
Q57,30,0.9469635305204527,degraded,2026-08-17T16:15:06.866253+00:00,"Run - Aug 17, 2026 at 21:38:16"
Q58,30,0.9461055305204527,degraded,2026-08-17T16:15:06.873256+00:00,"Run - Aug 17, 2026 at 21:38:16"
Q59,30,0.9452475305204526,degraded,2026-08-17T16:15:06.883485+00:00,"Run - Aug 17, 2026 at 21:38:16"
Q60,30,0.9443895305204527,degraded,2026-08-17T16:15:06.892473+00:00,"Run - Aug 17, 2026 at 21:38:16"
Q61,30,0.9435315305204526,degraded,2026-08-17T16:15:06.903473+00:00,"Run - Aug 17, 2026 at 21:38:16"
Q62,30,0.9426735305204527,degraded,2026-08-17T16:15:06.912617+00:00,"Run - Aug 17, 2026 at 21:38:16"
Q63,30,0.9418155305204527,degraded,2026-08-17T16:15:06.921975+00:00,"Run - Aug 17, 2026 at 21:38:16"
Q64,30,0.9409575305204526,degraded,2026-08-17T16:15:06.932515+00:00,"Run - Aug 17, 2026 at 21:38:16"
Q65,30,0.9400995305204527,degraded,2026-08-17T16:15:06.940675+00:00,"Run - Aug 17, 2026 at 21:38:16"
Q66,30,0.9392415305204527,degraded,2026-08-17T16:15:06.950675+00:00,"Run - Aug 17, 2026 at 21:38:16"
Q67,30,0.9383835305204526,degraded,2026-08-17T16:15:06.960715+00:00,"Run - Aug 17, 2026 at 21:38:16"
Q68,30,0.9375255305204526,degraded,2026-08-17T16:15:06.970688+00:00,"Run - Aug 17, 2026 at 21:38:16"
Q69,30,0.9366675305204526,degraded,2026-08-17T16:15:06.978646+00:00,"Run - Aug 17, 2026 at 21:38:16"
Q70,30,0.9358095305204526,degraded,2026-08-17T16:15:06.988222+00:00,"Run - Aug 17, 2026 at 21:38:16"
Q71,30,0.9349515305204528,degraded,2026-08-17T16:15:06.999223+00:00,"Run - Aug 17, 2026 at 21:38:16"
Q72,30,0.9340935305204526,degraded,2026-08-17T16:15:07.007220+00:00,"Run - Aug 17, 2026 at 21:38:16"
Q73,30,0.9332355305204525,degraded,2026-08-17T16:15:07.017219+00:00,"Run - Aug 17, 2026 at 21:38:16"
Q74,30,0.9323775305204527,degraded,2026-08-17T16:15:07.028241+00:00,"Run - Aug 17, 2026 at 21:38:16"
Q75,30,0.9315195305204527,degraded,2026-08-17T16:15:07.039301+00:00,"Run - Aug 17, 2026 at 21:38:16"
Q76,30,0.9306615305204526,degraded,2026-08-17T16:15:07.049321+00:00,"Run - Aug 17, 2026 at 21:38:16"
Q77,30,0.9298035305204527,degraded,2026-08-17T16:15:07.059341+00:00,"Run - Aug 17, 2026 at 21:38:16"
Q78,30,0.9289455305204526,degraded,2026-08-17T16:15:07.070479+00:00,"Run - Aug 17, 2026 at 21:38:16"
Q79,30,0.9280875305204527,degraded,2026-08-17T16:15:07.079510+00:00,"Run - Aug 17, 2026 at 21:38:16"
Q80,30,0.9272295305204528,degraded,2026-08-17T16:15:07.089401+00:00,"Run - Aug 17, 2026 at 21:38:16"
Q81,30,0.9263715305204526,degraded,2026-08-17T16:15:07.098457+00:00,"Run - Aug 17, 2026 at 21:38:16"
Q82,30,0.9255135305204527,degraded,2026-08-17T16:15:07.107427+00:00,"Run - Aug 17, 2026 at 21:38:16"
Q83,30,0.9246555305204527,degraded,2026-08-17T16:15:07.117428+00:00,"Run - Aug 17, 2026 at 21:38:16"
Q84,30,0.9237975305204527,degraded,2026-08-17T16:15:07.126479+00:00,"Run - Aug 17, 2026 at 21:38:16"
Q85,30,0.9229395305204527,degraded,2026-08-17T16:15:07.135944+00:00,"Run - Aug 17, 2026 at 21:38:16"
Q86,30,0.9220815305204526,degraded,2026-08-17T16:15:07.145970+00:00,"Run - Aug 17, 2026 at 21:38:16"
Q87,30,0.9212235305204526,degraded,2026-08-17T16:15:07.155955+00:00,"Run - Aug 17, 2026 at 21:38:16"
Q88,30,0.9203655305204528,degraded,2026-08-17T16:15:07.164959+00:00,"Run - Aug 17, 2026 at 21:38:16"
Q89,30,0.9195075305204526,degraded,2026-08-17T16:15:07.174969+00:00,"Run - Aug 17, 2026 at 21:38:16"
Q90,30,0.9186495305204527,degraded,2026-08-17T16:15:07.185468+00:00,"Run - Aug 17, 2026 at 21:38:16"
Q91,30,0.9177915305204527,degraded,2026-08-17T16:15:07.195502+00:00,"Run - Aug 17, 2026 at 21:38:16"
Q92,30,0.9169335305204527,degraded,2026-08-17T16:15:07.205503+00:00,"Run - Aug 17, 2026 at 21:38:16"
Q93,30,0.9160755305204527,degraded,2026-08-17T16:15:07.214519+00:00,"Run - Aug 17, 2026 at 21:38:16"
Q94,30,0.9152175305204526,degraded,2026-08-17T16:15:07.223519+00:00,"Run - Aug 17, 2026 at 21:38:16"
Q95,30,0.9143595305204526,degraded,2026-08-17T16:15:07.233539+00:00,"Run - Aug 17, 2026 at 21:38:16"
Q96,30,0.9135015305204526,degraded,2026-08-17T16:15:07.242033+00:00,"Run - Aug 17, 2026 at 21:38:16"
Q97,30,0.9126435305204527,degraded,2026-08-17T16:15:07.251201+00:00,"Run - Aug 17, 2026 at 21:38:16"
Q98,30,0.9117855305204525,degraded,2026-08-17T16:15:07.259816+00:00,"Run - Aug 17, 2026 at 21:38:16"
Q99,30,0.9109275305204527,degraded,2026-08-17T16:15:07.269817+00:00,"Run - Aug 17, 2026 at 21:38:16"
Q100,30,0.9100695305204527,degraded,2026-08-17T16:15:07.278844+00:00,"Run - Aug 17, 2026 at 21:38:16"
Q101,30,0.9092115305204527,degraded,2026-08-17T16:15:07.287844+00:00,"Run - Aug 17, 2026 at 21:38:16"
Q102,30,0.9083535305204528,degraded,2026-08-17T16:15:07.297378+00:00,"Run - Aug 17, 2026 at 21:38:16"
Q103,30,0.9074955305204526,degraded,2026-08-17T16:15:07.305846+00:00,"Run - Aug 17, 2026 at 21:38:16"
Q104,30,0.9066375305204527,degraded,2026-08-17T16:15:07.315890+00:00,"Run - Aug 17, 2026 at 21:38:16"
Q105,30,0.9057795305204528,degraded,2026-08-17T16:15:07.324471+00:00,"Run - Aug 17, 2026 at 21:38:16"
Q106,30,0.9049215305204527,degraded,2026-08-17T16:15:07.333479+00:00,"Run - Aug 17, 2026 at 21:38:16"
Q107,30,0.9040635305204527,degraded,2026-08-17T16:15:07.343027+00:00,"Run - Aug 17, 2026 at 21:38:16"
Q108,30,0.9032055305204527,degraded,2026-08-17T16:15:07.353003+00:00,"Run - Aug 17, 2026 at 21:38:16"
Q109,30,0.9023475305204527,degraded,2026-08-17T16:15:07.363022+00:00,"Run - Aug 17, 2026 at 21:38:16"
Q110,30,0.9014895305204528,degraded,2026-08-17T16:15:07.373003+00:00,"Run - Aug 17, 2026 at 21:38:16"
Q111,30,0.9006315305204526,degraded,2026-08-17T16:15:07.383091+00:00,"Run - Aug 17, 2026 at 21:38:16"
Q112,30,0.8997735305204526,degraded,2026-08-17T16:15:07.393075+00:00,"Run - Aug 17, 2026 at 21:38:16"
Q113,30,0.8989155305204528,degraded,2026-08-17T16:15:07.403074+00:00,"Run - Aug 17, 2026 at 21:38:16"
Q114,30,0.8980575305204527,degraded,2026-08-17T16:15:07.413222+00:00,"Run - Aug 17, 2026 at 21:38:16"
Q115,30,0.8971995305204525,degraded,2026-08-17T16:15:07.422254+00:00,"Run - Aug 17, 2026 at 21:38:16"
Q116,30,0.8963415305204527,degraded,2026-08-17T16:15:07.432252+00:00,"Run - Aug 17, 2026 at 21:38:16"
Q117,30,0.8954835305204527,degraded,2026-08-17T16:15:07.442794+00:00,"Run - Aug 17, 2026 at 21:38:16"
Q118,30,0.8946255305204527,degraded,2026-08-17T16:15:07.451770+00:00,"Run - Aug 17, 2026 at 21:38:16"
Q119,30,0.8937675305204527,degraded,2026-08-17T16:15:07.460783+00:00,"Run - Aug 17, 2026 at 21:38:16"
Q120,30,0.8929095305204526,degraded,2026-08-17T16:15:07.469772+00:00,"Run - Aug 17, 2026 at 21:38:16"
Q121,30,0.8920515305204528,degraded,2026-08-17T16:15:07.479780+00:00,"Run - Aug 17, 2026 at 21:38:16"
Q122,30,0.8911935305204527,degraded,2026-08-17T16:15:07.487776+00:00,"Run - Aug 17, 2026 at 21:38:16"
Q123,30,0.8903355305204526,degraded,2026-08-17T16:15:07.496772+00:00,"Run - Aug 17, 2026 at 21:38:16"
Q124,30,0.8894775305204528,degraded,2026-08-17T16:15:07.504783+00:00,"Run - Aug 17, 2026 at 21:38:16"
Q125,30,0.8886195305204527,degraded,2026-08-17T16:15:07.513772+00:00,"Run - Aug 17, 2026 at 21:38:16"
Q126,30,0.8877615305204526,degraded,2026-08-17T16:15:07.522850+00:00,"Run - Aug 17, 2026 at 21:38:16"
Q127,30,0.8869035305204527,degraded,2026-08-17T16:15:07.531845+00:00,"Run - Aug 17, 2026 at 21:38:16"
Q128,30,0.8860455305204527,degraded,2026-08-17T16:15:07.539910+00:00,"Run - Aug 17, 2026 at 21:38:16"
Q129,30,0.8851875305204528,degraded,2026-08-17T16:15:07.548959+00:00,"Run - Aug 17, 2026 at 21:38:16"
Q130,30,0.8843295305204527,degraded,2026-08-17T16:15:07.558936+00:00,"Run - Aug 17, 2026 at 21:38:16"
Q131,30,0.8834715305204526,degraded,2026-08-17T16:15:07.569286+00:00,"Run - Aug 17, 2026 at 21:38:16"
Q132,30,0.8826135305204527,degraded,2026-08-17T16:15:07.581339+00:00,"Run - Aug 17, 2026 at 21:38:16"
Q0,31,0.9958581022248936,degraded,2026-08-17T16:15:23.440203+00:00,"Run - Aug 17, 2026 at 21:38:16"
Q1,31,0.9949965022248936,degraded,2026-08-17T16:15:23.450198+00:00,"Run - Aug 17, 2026 at 21:38:16"
Q2,31,0.9941349022248935,degraded,2026-08-17T16:15:23.461838+00:00,"Run - Aug 17, 2026 at 21:38:16"
Q3,31,0.9932733022248936,degraded,2026-08-17T16:15:23.474024+00:00,"Run - Aug 17, 2026 at 21:38:16"
Q4,31,0.9924117022248936,degraded,2026-08-17T16:15:23.484022+00:00,"Run - Aug 17, 2026 at 21:38:16"
Q5,31,0.9915501022248936,degraded,2026-08-17T16:15:23.494627+00:00,"Run - Aug 17, 2026 at 21:38:16"
Q6,31,0.9906885022248937,degraded,2026-08-17T16:15:23.504540+00:00,"Run - Aug 17, 2026 at 21:38:16"
Q7,31,0.9898269022248937,degraded,2026-08-17T16:15:23.513642+00:00,"Run - Aug 17, 2026 at 21:38:16"
Q8,31,0.9889653022248936,degraded,2026-08-17T16:15:23.523543+00:00,"Run - Aug 17, 2026 at 21:38:16"
Q9,31,0.9881037022248935,degraded,2026-08-17T16:15:23.534557+00:00,"Run - Aug 17, 2026 at 21:38:16"
Q10,31,0.9872421022248936,degraded,2026-08-17T16:15:23.544075+00:00,"Run - Aug 17, 2026 at 21:38:16"
Q11,31,0.9863805022248937,degraded,2026-08-17T16:15:23.558591+00:00,"Run - Aug 17, 2026 at 21:38:16"
Q12,31,0.9855189022248936,degraded,2026-08-17T16:15:23.569007+00:00,"Run - Aug 17, 2026 at 21:38:16"
Q13,31,0.9846573022248936,degraded,2026-08-17T16:15:23.578017+00:00,"Run - Aug 17, 2026 at 21:38:16"
Q14,31,0.9837957022248935,degraded,2026-08-17T16:15:23.594552+00:00,"Run - Aug 17, 2026 at 21:38:16"
Q15,31,0.9829341022248936,degraded,2026-08-17T16:15:23.603552+00:00,"Run - Aug 17, 2026 at 21:38:16"
Q16,31,0.9820725022248936,degraded,2026-08-17T16:15:23.614550+00:00,"Run - Aug 17, 2026 at 21:38:16"
Q17,31,0.9812109022248936,degraded,2026-08-17T16:15:23.623549+00:00,"Run - Aug 17, 2026 at 21:38:16"
Q18,31,0.9803493022248936,degraded,2026-08-17T16:15:23.633562+00:00,"Run - Aug 17, 2026 at 21:38:16"
Q19,31,0.9794877022248937,degraded,2026-08-17T16:15:23.644084+00:00,"Run - Aug 17, 2026 at 21:38:16"
Q20,31,0.9786261022248937,degraded,2026-08-17T16:15:23.653083+00:00,"Run - Aug 17, 2026 at 21:38:16"
Q21,31,0.9777645022248935,degraded,2026-08-17T16:15:23.663966+00:00,"Run - Aug 17, 2026 at 21:38:16"
Q22,31,0.9769029022248936,degraded,2026-08-17T16:15:23.674273+00:00,"Run - Aug 17, 2026 at 21:38:16"
Q23,31,0.9760413022248937,degraded,2026-08-17T16:15:23.683516+00:00,"Run - Aug 17, 2026 at 21:38:16"
Q24,31,0.9751797022248936,degraded,2026-08-17T16:15:23.693666+00:00,"Run - Aug 17, 2026 at 21:38:16"
Q25,31,0.9743181022248936,degraded,2026-08-17T16:15:23.703238+00:00,"Run - Aug 17, 2026 at 21:38:16"
Q26,31,0.9734565022248935,degraded,2026-08-17T16:15:23.713391+00:00,"Run - Aug 17, 2026 at 21:38:16"
Q27,31,0.9725949022248936,degraded,2026-08-17T16:15:23.724067+00:00,"Run - Aug 17, 2026 at 21:38:16"
Q28,31,0.9717333022248936,degraded,2026-08-17T16:15:23.734699+00:00,"Run - Aug 17, 2026 at 21:38:16"
Q29,31,0.9708717022248936,degraded,2026-08-17T16:15:23.744286+00:00,"Run - Aug 17, 2026 at 21:38:16"
Q30,31,0.9700101022248937,degraded,2026-08-17T16:15:23.754723+00:00,"Run - Aug 17, 2026 at 21:38:16"
Q31,31,0.9691485022248937,degraded,2026-08-17T16:15:23.764209+00:00,"Run - Aug 17, 2026 at 21:38:16"
Q32,31,0.9682869022248937,degraded,2026-08-17T16:15:23.774722+00:00,"Run - Aug 17, 2026 at 21:38:16"
Q33,31,0.9674253022248935,degraded,2026-08-17T16:15:23.784732+00:00,"Run - Aug 17, 2026 at 21:38:16"
Q34,31,0.9665637022248936,degraded,2026-08-17T16:15:23.794260+00:00,"Run - Aug 17, 2026 at 21:38:16"
Q35,31,0.9657021022248937,degraded,2026-08-17T16:15:23.805766+00:00,"Run - Aug 17, 2026 at 21:38:16"
Q36,31,0.9648405022248936,degraded,2026-08-17T16:15:23.814775+00:00,"Run - Aug 17, 2026 at 21:38:16"
Q37,31,0.9639789022248936,degraded,2026-08-17T16:15:23.825781+00:00,"Run - Aug 17, 2026 at 21:38:16"
Q38,31,0.9631173022248937,degraded,2026-08-17T16:15:23.834795+00:00,"Run - Aug 17, 2026 at 21:38:16"
Q39,31,0.9622557022248936,degraded,2026-08-17T16:15:23.845330+00:00,"Run - Aug 17, 2026 at 21:38:16"
Q40,31,0.9613941022248936,degraded,2026-08-17T16:15:23.855827+00:00,"Run - Aug 17, 2026 at 21:38:16"
Q41,31,0.9605325022248936,degraded,2026-08-17T16:15:23.864836+00:00,"Run - Aug 17, 2026 at 21:38:16"
Q42,31,0.9596709022248935,degraded,2026-08-17T16:15:23.875150+00:00,"Run - Aug 17, 2026 at 21:38:16"
Q43,31,0.9588093022248937,degraded,2026-08-17T16:15:23.885179+00:00,"Run - Aug 17, 2026 at 21:38:16"
Q44,31,0.9579477022248937,degraded,2026-08-17T16:15:23.894709+00:00,"Run - Aug 17, 2026 at 21:38:16"
Q45,31,0.9570861022248935,degraded,2026-08-17T16:15:23.904716+00:00,"Run - Aug 17, 2026 at 21:38:16"
Q46,31,0.9562245022248936,degraded,2026-08-17T16:15:23.913713+00:00,"Run - Aug 17, 2026 at 21:38:16"
Q47,31,0.9553629022248937,degraded,2026-08-17T16:15:23.924046+00:00,"Run - Aug 17, 2026 at 21:38:16"
Q48,31,0.9545013022248936,degraded,2026-08-17T16:15:23.934060+00:00,"Run - Aug 17, 2026 at 21:38:16"
Q49,31,0.9536397022248936,degraded,2026-08-17T16:15:23.943572+00:00,"Run - Aug 17, 2026 at 21:38:16"
Q50,31,0.9527781022248936,degraded,2026-08-17T16:15:23.953582+00:00,"Run - Aug 17, 2026 at 21:38:16"
Q51,31,0.9519165022248937,degraded,2026-08-17T16:15:23.962903+00:00,"Run - Aug 17, 2026 at 21:38:16"
Q52,31,0.9510549022248936,degraded,2026-08-17T16:15:23.973907+00:00,"Run - Aug 17, 2026 at 21:38:16"
Q53,31,0.9501933022248936,degraded,2026-08-17T16:15:23.984214+00:00,"Run - Aug 17, 2026 at 21:38:16"
Q54,31,0.9493317022248935,degraded,2026-08-17T16:15:23.994720+00:00,"Run - Aug 17, 2026 at 21:38:16"
Q55,31,0.9484701022248936,degraded,2026-08-17T16:15:24.003720+00:00,"Run - Aug 17, 2026 at 21:38:16"
Q56,31,0.9476085022248937,degraded,2026-08-17T16:15:24.012720+00:00,"Run - Aug 17, 2026 at 21:38:16"
Q57,31,0.9467469022248935,degraded,2026-08-17T16:15:24.023721+00:00,"Run - Aug 17, 2026 at 21:38:16"
Q58,31,0.9458853022248935,degraded,2026-08-17T16:15:24.033726+00:00,"Run - Aug 17, 2026 at 21:38:16"
Q59,31,0.9450237022248937,degraded,2026-08-17T16:15:24.043728+00:00,"Run - Aug 17, 2026 at 21:38:16"
Q60,31,0.9441621022248936,degraded,2026-08-17T16:15:24.052238+00:00,"Run - Aug 17, 2026 at 21:38:16"
Q61,31,0.9433005022248936,degraded,2026-08-17T16:15:24.062841+00:00,"Run - Aug 17, 2026 at 21:38:16"
Q62,31,0.9424389022248936,degraded,2026-08-17T16:15:24.072847+00:00,"Run - Aug 17, 2026 at 21:38:16"
Q63,31,0.9415773022248937,degraded,2026-08-17T16:15:24.082848+00:00,"Run - Aug 17, 2026 at 21:38:16"
Q64,31,0.9407157022248936,degraded,2026-08-17T16:15:24.094286+00:00,"Run - Aug 17, 2026 at 21:38:16"
Q65,31,0.9398541022248936,degraded,2026-08-17T16:15:24.103833+00:00,"Run - Aug 17, 2026 at 21:38:16"
Q66,31,0.9389925022248935,degraded,2026-08-17T16:15:24.112832+00:00,"Run - Aug 17, 2026 at 21:38:16"
Q67,31,0.9381309022248936,degraded,2026-08-17T16:15:24.122836+00:00,"Run - Aug 17, 2026 at 21:38:16"
Q68,31,0.9372693022248937,degraded,2026-08-17T16:15:24.130859+00:00,"Run - Aug 17, 2026 at 21:38:16"
Q69,31,0.9364077022248936,degraded,2026-08-17T16:15:24.140860+00:00,"Run - Aug 17, 2026 at 21:38:16"
Q70,31,0.9355461022248935,degraded,2026-08-17T16:15:24.149377+00:00,"Run - Aug 17, 2026 at 21:38:16"
Q71,31,0.9346845022248935,degraded,2026-08-17T16:15:24.158933+00:00,"Run - Aug 17, 2026 at 21:38:16"
Q72,31,0.9338229022248936,degraded,2026-08-17T16:15:24.168900+00:00,"Run - Aug 17, 2026 at 21:38:16"
Q73,31,0.9329613022248936,degraded,2026-08-17T16:15:24.177905+00:00,"Run - Aug 17, 2026 at 21:38:16"
Q74,31,0.9320997022248936,degraded,2026-08-17T16:15:24.186941+00:00,"Run - Aug 17, 2026 at 21:38:16"
Q75,31,0.9312381022248937,degraded,2026-08-17T16:15:24.195964+00:00,"Run - Aug 17, 2026 at 21:38:16"
Q76,31,0.9303765022248937,degraded,2026-08-17T16:15:24.204958+00:00,"Run - Aug 17, 2026 at 21:38:16"
Q77,31,0.9295149022248936,degraded,2026-08-17T16:15:24.215212+00:00,"Run - Aug 17, 2026 at 21:38:16"
Q78,31,0.9286533022248935,degraded,2026-08-17T16:15:24.226230+00:00,"Run - Aug 17, 2026 at 21:38:16"
Q79,31,0.9277917022248936,degraded,2026-08-17T16:15:24.235222+00:00,"Run - Aug 17, 2026 at 21:38:16"
Q80,31,0.9269301022248937,degraded,2026-08-17T16:15:24.245221+00:00,"Run - Aug 17, 2026 at 21:38:16"
Q81,31,0.9260685022248936,degraded,2026-08-17T16:15:24.253773+00:00,"Run - Aug 17, 2026 at 21:38:16"
Q82,31,0.9252069022248935,degraded,2026-08-17T16:15:24.263988+00:00,"Run - Aug 17, 2026 at 21:38:16"
Q83,31,0.9243453022248936,degraded,2026-08-17T16:15:24.272981+00:00,"Run - Aug 17, 2026 at 21:38:16"
Q84,31,0.9234837022248936,degraded,2026-08-17T16:15:24.280984+00:00,"Run - Aug 17, 2026 at 21:38:16"
Q85,31,0.9226221022248936,degraded,2026-08-17T16:15:24.290084+00:00,"Run - Aug 17, 2026 at 21:38:16"
Q86,31,0.9217605022248936,degraded,2026-08-17T16:15:24.299616+00:00,"Run - Aug 17, 2026 at 21:38:16"
Q87,31,0.9208989022248937,degraded,2026-08-17T16:15:24.308612+00:00,"Run - Aug 17, 2026 at 21:38:16"
Q88,31,0.9200373022248937,degraded,2026-08-17T16:15:24.317616+00:00,"Run - Aug 17, 2026 at 21:38:16"
Q89,31,0.9191757022248936,degraded,2026-08-17T16:15:24.327569+00:00,"Run - Aug 17, 2026 at 21:38:16"
Q90,31,0.9183141022248935,degraded,2026-08-17T16:15:24.336583+00:00,"Run - Aug 17, 2026 at 21:38:16"
Q91,31,0.9174525022248935,degraded,2026-08-17T16:15:24.346313+00:00,"Run - Aug 17, 2026 at 21:38:16"
Q92,31,0.9165909022248937,degraded,2026-08-17T16:15:24.355820+00:00,"Run - Aug 17, 2026 at 21:38:16"
Q93,31,0.9157293022248936,degraded,2026-08-17T16:15:24.363828+00:00,"Run - Aug 17, 2026 at 21:38:16"
Q94,31,0.9148677022248936,degraded,2026-08-17T16:15:24.372829+00:00,"Run - Aug 17, 2026 at 21:38:16"
Q95,31,0.9140061022248935,degraded,2026-08-17T16:15:24.380831+00:00,"Run - Aug 17, 2026 at 21:38:16"
Q96,31,0.9131445022248936,degraded,2026-08-17T16:15:24.389839+00:00,"Run - Aug 17, 2026 at 21:38:16"
Q97,31,0.9122829022248936,degraded,2026-08-17T16:15:24.397377+00:00,"Run - Aug 17, 2026 at 21:38:16"
Q98,31,0.9114213022248936,degraded,2026-08-17T16:15:24.407375+00:00,"Run - Aug 17, 2026 at 21:38:16"
Q99,31,0.9105597022248937,degraded,2026-08-17T16:15:24.418692+00:00,"Run - Aug 17, 2026 at 21:38:16"
Q100,31,0.9096981022248937,degraded,2026-08-17T16:15:24.428285+00:00,"Run - Aug 17, 2026 at 21:38:16"
Q101,31,0.9088365022248936,degraded,2026-08-17T16:15:24.437469+00:00,"Run - Aug 17, 2026 at 21:38:16"
Q102,31,0.9079749022248935,degraded,2026-08-17T16:15:24.446465+00:00,"Run - Aug 17, 2026 at 21:38:16"
Q103,31,0.9071133022248935,degraded,2026-08-17T16:15:24.455999+00:00,"Run - Aug 17, 2026 at 21:38:16"
Q104,31,0.9062517022248937,degraded,2026-08-17T16:15:24.466033+00:00,"Run - Aug 17, 2026 at 21:38:16"
Q105,31,0.9053901022248936,degraded,2026-08-17T16:15:24.476032+00:00,"Run - Aug 17, 2026 at 21:38:16"
Q106,31,0.9045285022248936,degraded,2026-08-17T16:15:24.487057+00:00,"Run - Aug 17, 2026 at 21:38:16"
Q107,31,0.9036669022248935,degraded,2026-08-17T16:15:24.495078+00:00,"Run - Aug 17, 2026 at 21:38:16"
Q108,31,0.9028053022248936,degraded,2026-08-17T16:15:24.531593+00:00,"Run - Aug 17, 2026 at 21:38:16"
Q109,31,0.9019437022248937,degraded,2026-08-17T16:15:24.553848+00:00,"Run - Aug 17, 2026 at 21:38:16"
Q110,31,0.9010821022248936,degraded,2026-08-17T16:15:24.564394+00:00,"Run - Aug 17, 2026 at 21:38:16"
Q111,31,0.9002205022248937,degraded,2026-08-17T16:15:24.574368+00:00,"Run - Aug 17, 2026 at 21:38:16"
Q112,31,0.8993589022248937,degraded,2026-08-17T16:15:24.585372+00:00,"Run - Aug 17, 2026 at 21:38:16"
Q113,31,0.8984973022248937,degraded,2026-08-17T16:15:24.595410+00:00,"Run - Aug 17, 2026 at 21:38:16"
Q114,31,0.8976357022248935,degraded,2026-08-17T16:15:24.604942+00:00,"Run - Aug 17, 2026 at 21:38:16"
Q115,31,0.8967741022248935,degraded,2026-08-17T16:15:24.615943+00:00,"Run - Aug 17, 2026 at 21:38:16"
Q116,31,0.8959125022248937,degraded,2026-08-17T16:15:24.625943+00:00,"Run - Aug 17, 2026 at 21:38:16"
Q117,31,0.8950509022248936,degraded,2026-08-17T16:15:24.635949+00:00,"Run - Aug 17, 2026 at 21:38:16"
Q118,31,0.8941893022248937,degraded,2026-08-17T16:15:24.646956+00:00,"Run - Aug 17, 2026 at 21:38:16"
Q119,31,0.8933277022248935,degraded,2026-08-17T16:15:24.657209+00:00,"Run - Aug 17, 2026 at 21:38:16"
Q120,31,0.8924661022248936,degraded,2026-08-17T16:15:24.667173+00:00,"Run - Aug 17, 2026 at 21:38:16"
Q121,31,0.8916045022248936,degraded,2026-08-17T16:15:24.677175+00:00,"Run - Aug 17, 2026 at 21:38:16"
Q122,31,0.8907429022248936,degraded,2026-08-17T16:15:24.686181+00:00,"Run - Aug 17, 2026 at 21:38:16"
Q123,31,0.8898813022248937,degraded,2026-08-17T16:15:24.696168+00:00,"Run - Aug 17, 2026 at 21:38:16"
Q124,31,0.8890197022248937,degraded,2026-08-17T16:15:24.704776+00:00,"Run - Aug 17, 2026 at 21:38:16"
Q125,31,0.8881581022248937,degraded,2026-08-17T16:15:24.714069+00:00,"Run - Aug 17, 2026 at 21:38:16"
Q126,31,0.8872965022248935,degraded,2026-08-17T16:15:24.724035+00:00,"Run - Aug 17, 2026 at 21:38:16"
Q127,31,0.8864349022248936,degraded,2026-08-17T16:15:24.733038+00:00,"Run - Aug 17, 2026 at 21:38:16"
Q128,31,0.8855733022248937,degraded,2026-08-17T16:15:24.742047+00:00,"Run - Aug 17, 2026 at 21:38:16"
Q129,31,0.8847117022248936,degraded,2026-08-17T16:15:24.751560+00:00,"Run - Aug 17, 2026 at 21:38:16"
Q130,31,0.8838501022248936,degraded,2026-08-17T16:15:24.761562+00:00,"Run - Aug 17, 2026 at 21:38:16"
Q131,31,0.8829885022248936,degraded,2026-08-17T16:15:24.770664+00:00,"Run - Aug 17, 2026 at 21:38:16"
Q132,31,0.8821269022248936,degraded,2026-08-17T16:15:24.779662+00:00,"Run - Aug 17, 2026 at 21:38:16"
