qubit_id,epoch_number,predicted_t1,predicted_t2,predicted_readout_error,timestamp,run_id
Q0,3,1989584.517275062,0.005078127559499478,0.005078127559499478,2026-07-05T17:27:36.201341+00:00,"Run - Jul 05, 2026 at 22:57:34"
Q1,3,1990579.309525047,0.005178997929869844,0.005178997929869844,2026-07-05T17:27:36.315245+00:00,"Run - Jul 05, 2026 at 22:57:34"
Q2,3,1991574.101775034,0.005279868300240209,0.005279868300240209,2026-07-05T17:27:36.570937+00:00,"Run - Jul 05, 2026 at 22:57:34"
Q3,3,1992568.8940250187,0.0053807386706105865,0.0053807386706105865,2026-07-05T17:27:36.679196+00:00,"Run - Jul 05, 2026 at 22:57:34"
Q4,3,1993563.686275002,0.005481609040980956,0.005481609040980956,2026-07-05T17:27:36.933892+00:00,"Run - Jul 05, 2026 at 22:57:34"
Q5,3,1994558.4785249871,0.005582479411351326,0.005582479411351326,2026-07-05T17:27:37.144905+00:00,"Run - Jul 05, 2026 at 22:57:34"
Q6,3,1995553.2707749743,0.005683349781721696,0.005683349781721696,2026-07-05T17:27:37.261408+00:00,"Run - Jul 05, 2026 at 22:57:34"
Q7,3,1996548.0630249605,0.005784220152092066,0.005784220152092066,2026-07-05T17:27:37.375881+00:00,"Run - Jul 05, 2026 at 22:57:34"
Q8,3,1997542.8552749439,0.005885090522462437,0.005885090522462437,2026-07-05T17:27:37.482765+00:00,"Run - Jul 05, 2026 at 22:57:34"
Q9,3,1998537.6475249291,0.0059859608928328045,0.0059859608928328045,2026-07-05T17:27:37.590875+00:00,"Run - Jul 05, 2026 at 22:57:34"
Q10,3,1999532.439774916,0.006086831263203176,0.006086831263203176,2026-07-05T17:27:37.693552+00:00,"Run - Jul 05, 2026 at 22:57:34"
Q0,4,1989423.1885725746,0.005079327305585833,0.005079327305585833,2026-07-05T17:27:38.522503+00:00,"Run - Jul 05, 2026 at 22:57:34"
Q1,4,1990417.9001580786,0.005180211234157258,0.005180211234157258,2026-07-05T17:27:38.559981+00:00,"Run - Jul 05, 2026 at 22:57:34"
Q2,4,1991412.611743584,0.005281095162728682,0.005281095162728682,2026-07-05T17:27:38.583326+00:00,"Run - Jul 05, 2026 at 22:57:34"
Q3,4,1992407.3233290866,0.005381979091300118,0.005381979091300118,2026-07-05T17:27:38.599604+00:00,"Run - Jul 05, 2026 at 22:57:34"
Q4,4,1993402.0349145886,0.005482863019871545,0.005482863019871545,2026-07-05T17:27:38.617811+00:00,"Run - Jul 05, 2026 at 22:57:34"
Q5,4,1994396.7465000916,0.005583746948442975,0.005583746948442975,2026-07-05T17:27:38.634262+00:00,"Run - Jul 05, 2026 at 22:57:34"
Q6,4,1995391.458085597,0.005684630877014401,0.005684630877014401,2026-07-05T17:27:38.652399+00:00,"Run - Jul 05, 2026 at 22:57:34"
Q7,4,1996386.1696711015,0.005785514805585828,0.005785514805585828,2026-07-05T17:27:38.672007+00:00,"Run - Jul 05, 2026 at 22:57:34"
Q8,4,1997380.8812566032,0.005886398734157259,0.005886398734157259,2026-07-05T17:27:38.687372+00:00,"Run - Jul 05, 2026 at 22:57:34"
Q9,4,1998375.5928421072,0.005987282662728684,0.005987282662728684,2026-07-05T17:27:38.706189+00:00,"Run - Jul 05, 2026 at 22:57:34"
Q10,4,1999477.4993977866,0.006087277891606728,0.006087277891606728,2026-07-05T17:27:38.725715+00:00,"Run - Jul 05, 2026 at 22:57:34"
Q0,5,1988965.2670585443,0.005082725800857416,0.005082725800857416,2026-07-05T17:27:39.607411+00:00,"Run - Jul 05, 2026 at 22:57:34"
Q1,5,1989959.7496829228,0.005183648214650515,0.005183648214650515,2026-07-05T17:27:39.629388+00:00,"Run - Jul 05, 2026 at 22:57:34"
Q2,5,1990954.2323073023,0.005284570628443613,0.005284570628443613,2026-07-05T17:27:39.651313+00:00,"Run - Jul 05, 2026 at 22:57:34"
Q3,5,1991948.7149316794,0.005385493042236726,0.005385493042236726,2026-07-05T17:27:39.674069+00:00,"Run - Jul 05, 2026 at 22:57:34"
Q4,5,1992943.197556056,0.005486415456029827,0.005486415456029827,2026-07-05T17:27:39.696170+00:00,"Run - Jul 05, 2026 at 22:57:34"
Q5,5,1993937.6801804332,0.005587337869822932,0.005587337869822932,2026-07-05T17:27:39.718162+00:00,"Run - Jul 05, 2026 at 22:57:34"
Q6,5,1994932.1628048131,0.005688260283616032,0.005688260283616032,2026-07-05T17:27:39.738558+00:00,"Run - Jul 05, 2026 at 22:57:34"
Q7,5,1995926.645429192,0.005789182697409135,0.005789182697409135,2026-07-05T17:27:39.759471+00:00,"Run - Jul 05, 2026 at 22:57:34"
Q8,5,1996921.1280535685,0.00589010511120224,0.00589010511120224,2026-07-05T17:27:39.780280+00:00,"Run - Jul 05, 2026 at 22:57:34"
Q9,5,1997915.6106779466,0.005991027524995342,0.005991027524995342,2026-07-05T17:27:39.802153+00:00,"Run - Jul 05, 2026 at 22:57:34"
Q10,5,1999013.5918942187,0.006091091883912074,0.006091091883912074,2026-07-05T17:27:39.828878+00:00,"Run - Jul 05, 2026 at 22:57:34"
Q0,6,1988439.2146868326,0.005086614420431877,0.005086614420431877,2026-07-05T17:27:40.824410+00:00,"Run - Jul 05, 2026 at 22:57:34"
Q1,6,1989433.434284606,0.005187581087098541,0.005187581087098541,2026-07-05T17:27:40.844685+00:00,"Run - Jul 05, 2026 at 22:57:34"
Q2,6,1990427.6538823806,0.005288547753765202,0.005288547753765202,2026-07-05T17:27:40.871154+00:00,"Run - Jul 05, 2026 at 22:57:34"
Q3,6,1991421.8734801528,0.005389514420431879,0.005389514420431879,2026-07-05T17:27:40.893697+00:00,"Run - Jul 05, 2026 at 22:57:34"
Q4,6,1992416.0930779248,0.005490481087098543,0.005490481087098543,2026-07-05T17:27:40.914878+00:00,"Run - Jul 05, 2026 at 22:57:34"
Q5,6,1993410.312675697,0.005591447753765211,0.005591447753765211,2026-07-05T17:27:40.936912+00:00,"Run - Jul 05, 2026 at 22:57:34"
Q6,6,1994404.532273472,0.005692414420431874,0.005692414420431874,2026-07-05T17:27:40.961131+00:00,"Run - Jul 05, 2026 at 22:57:34"
Q7,6,1995398.7518712464,0.0057933810870985395,0.0057933810870985395,2026-07-05T17:27:41.010819+00:00,"Run - Jul 05, 2026 at 22:57:34"
Q8,6,1996392.971469018,0.005894347753765208,0.005894347753765208,2026-07-05T17:27:41.056054+00:00,"Run - Jul 05, 2026 at 22:57:34"
Q9,6,1997387.1910667908,0.005995314420431873,0.005995314420431873,2026-07-05T17:27:41.116138+00:00,"Run - Jul 05, 2026 at 22:57:34"
Q10,6,1998481.4593033951,0.006095451634051381,0.006095451634051381,2026-07-05T17:27:41.144179+00:00,"Run - Jul 05, 2026 at 22:57:34"
Q0,7,1987756.4343474112,0.005091623852069556,0.005091623852069556,2026-07-05T17:27:45.843622+00:00,"Run - Jul 05, 2026 at 22:57:34"
Q1,7,1988750.3125544814,0.00519264804561794,0.00519264804561794,2026-07-05T17:27:45.870650+00:00,"Run - Jul 05, 2026 at 22:57:34"
Q2,7,1989744.190761553,0.005293672239166322,0.005293672239166322,2026-07-05T17:27:45.891343+00:00,"Run - Jul 05, 2026 at 22:57:34"
Q3,7,1990738.0689686222,0.00539469643271472,0.00539469643271472,2026-07-05T17:27:45.929627+00:00,"Run - Jul 05, 2026 at 22:57:34"
Q4,7,1991731.9471756914,0.005495720626263104,0.005495720626263104,2026-07-05T17:27:45.977812+00:00,"Run - Jul 05, 2026 at 22:57:34"
Q5,7,1992725.8253827607,0.005596744819811491,0.005596744819811491,2026-07-05T17:27:46.001614+00:00,"Run - Jul 05, 2026 at 22:57:34"
Q6,7,1993719.7035898326,0.005697769013359876,0.005697769013359876,2026-07-05T17:27:46.042244+00:00,"Run - Jul 05, 2026 at 22:57:34"
Q7,7,1994713.581796904,0.005798793206908261,0.005798793206908261,2026-07-05T17:27:46.081351+00:00,"Run - Jul 05, 2026 at 22:57:34"
Q8,7,1995707.4600039723,0.0058998174004566495,0.0058998174004566495,2026-07-05T17:27:46.107768+00:00,"Run - Jul 05, 2026 at 22:57:34"
Q9,7,1996701.3382110426,0.006000841594005037,0.006000841594005037,2026-07-05T17:27:46.130476+00:00,"Run - Jul 05, 2026 at 22:57:34"
Q10,7,1997792.0376814976,0.0061010630910561725,0.0061010630910561725,2026-07-05T17:27:46.152318+00:00,"Run - Jul 05, 2026 at 22:57:34"
Q0,8,1986840.233072826,0.0050982557172376194,0.0050982557172376194,2026-07-05T17:27:50.514881+00:00,"Run - Jul 05, 2026 at 22:57:34"
Q1,8,1987833.6531785685,0.005199357279737615,0.005199357279737615,2026-07-05T17:27:50.820803+00:00,"Run - Jul 05, 2026 at 22:57:34"
Q2,8,1988827.0732843115,0.00530045884223761,0.00530045884223761,2026-07-05T17:27:50.913120+00:00,"Run - Jul 05, 2026 at 22:57:34"
Q3,8,1989820.4933900528,0.005401560404737621,0.005401560404737621,2026-07-05T17:27:50.961653+00:00,"Run - Jul 05, 2026 at 22:57:34"
Q4,8,1990813.9134957937,0.005502661967237617,0.005502661967237617,2026-07-05T17:27:51.035419+00:00,"Run - Jul 05, 2026 at 22:57:34"
Q5,8,1991807.333601535,0.005603763529737618,0.005603763529737618,2026-07-05T17:27:51.067162+00:00,"Run - Jul 05, 2026 at 22:57:34"
Q6,8,1992800.7537072785,0.005704865092237615,0.005704865092237615,2026-07-05T17:27:51.102795+00:00,"Run - Jul 05, 2026 at 22:57:34"
Q7,8,1993794.173813022,0.005805966654737613,0.005805966654737613,2026-07-05T17:27:51.127770+00:00,"Run - Jul 05, 2026 at 22:57:34"
Q8,8,1994787.593918762,0.005907068217237616,0.005907068217237616,2026-07-05T17:27:51.150685+00:00,"Run - Jul 05, 2026 at 22:57:34"
Q9,8,1995781.0140245042,0.006008169779737615,0.006008169779737615,2026-07-05T17:27:51.172517+00:00,"Run - Jul 05, 2026 at 22:57:34"
Q10,8,1996868.2297291502,0.006108493730005902,0.006108493730005902,2026-07-05T17:27:51.239374+00:00,"Run - Jul 05, 2026 at 22:57:34"
Q0,9,1985801.7863509653,0.005105686489993447,0.005105686489993447,2026-07-05T17:27:56.709025+00:00,"Run - Jul 05, 2026 at 22:57:34"
Q1,9,1986794.6872325875,0.0052068758839328355,0.0052068758839328355,2026-07-05T17:27:56.744910+00:00,"Run - Jul 05, 2026 at 22:57:34"
Q2,9,1987787.5881142095,0.005308065277872224,0.005308065277872224,2026-07-05T17:27:56.774250+00:00,"Run - Jul 05, 2026 at 22:57:34"
Q3,9,1988780.48899583,0.0054092546718116285,0.0054092546718116285,2026-07-05T17:27:56.814204+00:00,"Run - Jul 05, 2026 at 22:57:34"
Q4,9,1989773.38987745,0.005510444065751019,0.005510444065751019,2026-07-05T17:27:56.837037+00:00,"Run - Jul 05, 2026 at 22:57:34"
Q5,9,1990766.290759071,0.0056116334596904155,0.0056116334596904155,2026-07-05T17:27:56.863108+00:00,"Run - Jul 05, 2026 at 22:57:34"
Q6,9,1991759.1916406937,0.005712822853629806,0.005712822853629806,2026-07-05T17:27:56.896857+00:00,"Run - Jul 05, 2026 at 22:57:34"
Q7,9,1992752.0925223161,0.005814012247569198,0.005814012247569198,2026-07-05T17:27:56.926468+00:00,"Run - Jul 05, 2026 at 22:57:34"
Q8,9,1993744.9934039358,0.005915201641508594,0.005915201641508594,2026-07-05T17:27:56.987795+00:00,"Run - Jul 05, 2026 at 22:57:34"
Q9,9,1994737.894285557,0.006016391035447987,0.006016391035447987,2026-07-05T17:27:57.088881+00:00,"Run - Jul 05, 2026 at 22:57:34"
Q10,9,1995821.7484752063,0.00611682638116269,0.00611682638116269,2026-07-05T17:27:57.129433+00:00,"Run - Jul 05, 2026 at 22:57:34"
Q0,10,1984738.411055831,0.00511324183734813,0.00511324183734813,2026-07-05T17:28:00.535396+00:00,"Run - Jul 05, 2026 at 22:57:34"
Q1,10,1985730.7802490417,0.005214521249112832,0.005214521249112832,2026-07-05T17:28:00.667153+00:00,"Run - Jul 05, 2026 at 22:57:34"
Q2,10,1986723.149442253,0.005315800660877532,0.005315800660877532,2026-07-05T17:28:00.817353+00:00,"Run - Jul 05, 2026 at 22:57:34"
Q3,10,1987715.5186354618,0.0054170800726422485,0.0054170800726422485,2026-07-05T17:28:00.857695+00:00,"Run - Jul 05, 2026 at 22:57:34"
Q4,10,1988707.887828671,0.005518359484406951,0.005518359484406951,2026-07-05T17:28:00.892014+00:00,"Run - Jul 05, 2026 at 22:57:34"
Q5,10,1989700.2570218807,0.005619638896171659,0.005619638896171659,2026-07-05T17:28:00.921709+00:00,"Run - Jul 05, 2026 at 22:57:34"
Q6,10,1990692.626215092,0.005720918307936362,0.005720918307936362,2026-07-05T17:28:00.958617+00:00,"Run - Jul 05, 2026 at 22:57:34"
Q7,10,1991684.995408303,0.005822197719701066,0.005822197719701066,2026-07-05T17:28:00.982698+00:00,"Run - Jul 05, 2026 at 22:57:34"
Q8,10,1992677.3646015122,0.005923477131465773,0.005923477131465773,2026-07-05T17:28:01.043513+00:00,"Run - Jul 05, 2026 at 22:57:34"
Q9,10,1993669.733794722,0.006024756543230478,0.006024756543230478,2026-07-05T17:28:01.175436+00:00,"Run - Jul 05, 2026 at 22:57:34"
Q10,10,1994750.3811986651,0.006125304084659454,0.006125304084659454,2026-07-05T17:28:01.240664+00:00,"Run - Jul 05, 2026 at 22:57:34"
Q0,11,1984074.0555734055,0.005117897759685238,0.005117897759685238,2026-07-05T17:28:08.150358+00:00,"Run - Jul 05, 2026 at 22:57:34"
Q1,11,1985066.0925884154,0.005219233473970949,0.005219233473970949,2026-07-05T17:28:08.191398+00:00,"Run - Jul 05, 2026 at 22:57:34"
Q2,11,1985469.1178099376,0.0053247290476227905,0.0053247290476227905,2026-07-05T17:28:08.219506+00:00,"Run - Jul 05, 2026 at 22:57:34"
Q3,11,1987050.1666184328,0.005421904902542382,0.005421904902542382,2026-07-05T17:28:08.250467+00:00,"Run - Jul 05, 2026 at 22:57:34"
Q4,11,1988042.20363344,0.0055232406168280925,0.0055232406168280925,2026-07-05T17:28:08.266935+00:00,"Run - Jul 05, 2026 at 22:57:34"
Q5,11,1989034.2406484485,0.00562457633111381,0.00562457633111381,2026-07-05T17:28:08.299265+00:00,"Run - Jul 05, 2026 at 22:57:34"
Q6,11,1990026.2776634581,0.0057259120453995215,0.0057259120453995215,2026-07-05T17:28:08.323246+00:00,"Run - Jul 05, 2026 at 22:57:34"
Q7,11,1991018.314678468,0.005827247759685234,0.005827247759685234,2026-07-05T17:28:08.349225+00:00,"Run - Jul 05, 2026 at 22:57:34"
Q8,11,1992010.351693476,0.005928583473970949,0.005928583473970949,2026-07-05T17:28:08.372369+00:00,"Run - Jul 05, 2026 at 22:57:34"
Q9,11,1992918.707972641,0.0060305067427571775,0.0060305067427571775,2026-07-05T17:28:08.405071+00:00,"Run - Jul 05, 2026 at 22:57:34"
Q10,11,1994080.1816996336,0.006130543942787668,0.006130543942787668,2026-07-05T17:28:08.433640+00:00,"Run - Jul 05, 2026 at 22:57:34"
Q0,12,1982630.072968343,0.005127834629233623,0.005127834629233623,2026-07-05T17:28:12.445072+00:00,"Run - Jul 05, 2026 at 22:57:34"
Q1,12,1983621.387991099,0.005229292962566953,0.005229292962566953,2026-07-05T17:28:12.471267+00:00,"Run - Jul 05, 2026 at 22:57:34"
Q2,12,1984040.0526590748,0.005334795603617355,0.005334795603617355,2026-07-05T17:28:12.510055+00:00,"Run - Jul 05, 2026 at 22:57:34"
Q3,12,1985604.0180366081,0.005432209629233625,0.005432209629233625,2026-07-05T17:28:12.534274+00:00,"Run - Jul 05, 2026 at 22:57:34"
Q4,12,1986595.333059361,0.005533667962566954,0.005533667962566954,2026-07-05T17:28:12.559728+00:00,"Run - Jul 05, 2026 at 22:57:34"
Q5,12,1987586.6480821157,0.005635126295900289,0.005635126295900289,2026-07-05T17:28:12.594265+00:00,"Run - Jul 05, 2026 at 22:57:34"
Q6,12,1988577.9631048723,0.005736584629233622,0.005736584629233622,2026-07-05T17:28:12.636462+00:00,"Run - Jul 05, 2026 at 22:57:34"
Q7,12,1989569.2781276277,0.005838042962566952,0.005838042962566952,2026-07-05T17:28:12.666025+00:00,"Run - Jul 05, 2026 at 22:57:34"
Q8,12,1990560.593150382,0.005939501295900287,0.005939501295900287,2026-07-05T17:28:12.735088+00:00,"Run - Jul 05, 2026 at 22:57:34"
Q9,12,1991470.5519021775,0.006041530862775788,0.006041530862775788,2026-07-05T17:28:12.772862+00:00,"Run - Jul 05, 2026 at 22:57:34"
Q10,12,1992543.2231958914,0.006142417962566954,0.006142417962566954,2026-07-05T17:28:12.830230+00:00,"Run - Jul 05, 2026 at 22:57:34"
Q0,13,1981266.528948509,0.00513707760262198,0.00513707760262198,2026-07-05T17:28:16.929579+00:00,"Run - Jul 05, 2026 at 22:57:34"
Q1,13,1982257.1621983938,0.005238651926946302,0.005238651926946302,2026-07-05T17:28:16.967569+00:00,"Run - Jul 05, 2026 at 22:57:34"
Q2,13,1982690.6221301146,0.00534416125337372,0.00534416125337372,2026-07-05T17:28:17.014036+00:00,"Run - Jul 05, 2026 at 22:57:34"
Q3,13,1984238.4286981616,0.0054418005755949555,0.0054418005755949555,2026-07-05T17:28:17.111556+00:00,"Run - Jul 05, 2026 at 22:57:34"
Q4,13,1985229.0619480438,0.0055433748999192765,0.0055433748999192765,2026-07-05T17:28:17.164597+00:00,"Run - Jul 05, 2026 at 22:57:34"
Q5,13,1986219.6951979273,0.005644949224243602,0.005644949224243602,2026-07-05T17:28:17.185167+00:00,"Run - Jul 05, 2026 at 22:57:34"
Q6,13,1987210.3284478136,0.005746523548567925,0.005746523548567925,2026-07-05T17:28:17.216738+00:00,"Run - Jul 05, 2026 at 22:57:34"
Q7,13,1988200.961697698,0.005848097872892247,0.005848097872892247,2026-07-05T17:28:17.245584+00:00,"Run - Jul 05, 2026 at 22:57:34"
Q8,13,1989191.5949475814,0.0059496721972165725,0.0059496721972165725,2026-07-05T17:28:17.292263+00:00,"Run - Jul 05, 2026 at 22:57:34"
Q9,13,1990103.0707446402,0.006051802316338682,0.006051802316338682,2026-07-05T17:28:17.340719+00:00,"Run - Jul 05, 2026 at 22:57:34"
Q10,13,1991172.8614473497,0.006152820845865222,0.006152820845865222,2026-07-05T17:28:17.474835+00:00,"Run - Jul 05, 2026 at 22:57:34"
Q0,14,1979822.438644847,0.005146682395372413,0.005146682395372413,2026-07-05T17:28:21.587649+00:00,"Run - Jul 05, 2026 at 22:57:34"
Q1,14,1980812.3498487168,0.0052483797637934634,0.0052483797637934634,2026-07-05T17:28:21.622943+00:00,"Run - Jul 05, 2026 at 22:57:34"
Q2,14,1981259.7501901635,0.0053539085816306856,0.0053539085816306856,2026-07-05T17:28:21.676263+00:00,"Run - Jul 05, 2026 at 22:57:34"
Q3,14,1982792.1722564548,0.005451774500635574,0.005451774500635574,2026-07-05T17:28:21.822591+00:00,"Run - Jul 05, 2026 at 22:57:34"
Q4,14,1983782.0834603219,0.005553471869056623,0.005553471869056623,2026-07-05T17:28:21.920994+00:00,"Run - Jul 05, 2026 at 22:57:34"
Q5,14,1984771.9946641906,0.005655169237477675,0.005655169237477675,2026-07-05T17:28:21.955022+00:00,"Run - Jul 05, 2026 at 22:57:34"
Q6,14,1985761.9058680616,0.005756866605898728,0.005756866605898728,2026-07-05T17:28:21.983658+00:00,"Run - Jul 05, 2026 at 22:57:34"
Q7,14,1986751.8170719312,0.005858563974319779,0.005858563974319779,2026-07-05T17:28:22.068054+00:00,"Run - Jul 05, 2026 at 22:57:34"
Q8,14,1987741.7282757994,0.005960261342740833,0.005960261342740833,2026-07-05T17:28:22.098276+00:00,"Run - Jul 05, 2026 at 22:57:34"
Q9,14,1988654.565117707,0.006062499879780782,0.006062499879780782,2026-07-05T17:28:22.126654+00:00,"Run - Jul 05, 2026 at 22:57:34"
Q10,14,1989721.550683538,0.006163656079582938,0.006163656079582938,2026-07-05T17:28:22.153151+00:00,"Run - Jul 05, 2026 at 22:57:34"
Q0,15,1978378.5343188262,0.005156171279634546,0.005156171279634546,2026-07-05T17:28:26.305017+00:00,"Run - Jul 05, 2026 at 22:57:34"
Q1,15,1979293.8166993512,0.005258374847697547,0.005258374847697547,2026-07-05T17:28:26.337713+00:00,"Run - Jul 05, 2026 at 22:57:34"
Q2,15,1979754.3686877543,0.005363934977897916,0.005363934977897916,2026-07-05T17:28:26.405068+00:00,"Run - Jul 05, 2026 at 22:57:34"
Q3,15,1981197.9183276142,0.005462449255644859,0.005462449255644859,2026-07-05T17:28:26.433315+00:00,"Run - Jul 05, 2026 at 22:57:34"
Q4,15,1982409.5313717918,0.005563026358866723,0.005563026358866723,2026-07-05T17:28:26.480669+00:00,"Run - Jul 05, 2026 at 22:57:34"
Q5,15,1983176.1488674886,0.0056661159223115225,0.0056661159223115225,2026-07-05T17:28:26.508272+00:00,"Run - Jul 05, 2026 at 22:57:34"
Q6,15,1984387.9839654453,0.005766654563994929,0.005766654563994929,2026-07-05T17:28:26.533178+00:00,"Run - Jul 05, 2026 at 22:57:34"
Q7,15,1985228.7305947004,0.005869336386159085,0.005869336386159085,2026-07-05T17:28:26.591609+00:00,"Run - Jul 05, 2026 at 22:57:34"
Q8,15,1986217.8829105909,0.005971163309236009,0.005971163309236009,2026-07-05T17:28:26.651267+00:00,"Run - Jul 05, 2026 at 22:57:34"
Q9,15,1987057.5118509734,0.006073976548145317,0.006073976548145317,2026-07-05T17:28:26.696786+00:00,"Run - Jul 05, 2026 at 22:57:34"
Q10,15,1988195.9645023663,0.006174841841428007,0.006174841841428007,2026-07-05T17:28:26.729742+00:00,"Run - Jul 05, 2026 at 22:57:34"
Q0,16,1976793.6107089394,0.005166069882791332,0.005166069882791332,2026-07-05T17:28:30.228692+00:00,"Run - Jul 05, 2026 at 22:57:34"
Q1,16,1977709.9482986399,0.005268399611652758,0.005268399611652758,2026-07-05T17:28:30.311681+00:00,"Run - Jul 05, 2026 at 22:57:34"
Q2,16,1978182.9237560215,0.005374001988598118,0.005374001988598118,2026-07-05T17:28:30.358578+00:00,"Run - Jul 05, 2026 at 22:57:34"
Q3,16,1979614.3219235744,0.005472734659401388,0.005472734659401388,2026-07-05T17:28:30.584483+00:00,"Run - Jul 05, 2026 at 22:57:34"
Q4,16,1980819.5819103364,0.005573478585042705,0.005573478585042705,2026-07-05T17:28:30.686999+00:00,"Run - Jul 05, 2026 at 22:57:34"
Q5,16,1981590.9712373293,0.005676672159401384,0.005676672159401384,2026-07-05T17:28:30.760064+00:00,"Run - Jul 05, 2026 at 22:57:34"
Q6,16,1982796.4477265265,0.005777378585042706,0.005777378585042706,2026-07-05T17:28:30.917836+00:00,"Run - Jul 05, 2026 at 22:57:34"
Q7,16,1983640.112958739,0.005880174611652757,0.005880174611652757,2026-07-05T17:28:30.984293+00:00,"Run - Jul 05, 2026 at 22:57:34"
Q8,16,1984628.4737354207,0.005982137111652758,0.005982137111652758,2026-07-05T17:28:31.039081+00:00,"Run - Jul 05, 2026 at 22:57:34"
Q9,16,1985471.049220983,0.0060850612695893345,0.0060850612695893345,2026-07-05T17:28:31.086738+00:00,"Run - Jul 05, 2026 at 22:57:34"
Q10,16,1986680.0143039022,0.006185464090754584,0.006185464090754584,2026-07-05T17:28:31.114603+00:00,"Run - Jul 05, 2026 at 22:57:34"
Q0,17,1974851.168279582,0.005178804773333417,0.005178804773333417,2026-07-05T17:28:34.250243+00:00,"Run - Jul 05, 2026 at 22:57:34"
Q1,17,1976193.0724344389,0.005278795368927165,0.005278795368927165,2026-07-05T17:28:34.287494+00:00,"Run - Jul 05, 2026 at 22:57:34"
Q2,17,1976685.345830636,0.005383789610136193,0.005383789610136193,2026-07-05T17:28:34.314573+00:00,"Run - Jul 05, 2026 at 22:57:34"
Q3,17,1977602.1177852375,0.005486323803061692,0.005486323803061692,2026-07-05T17:28:34.411719+00:00,"Run - Jul 05, 2026 at 22:57:34"
Q4,17,1978801.082070093,0.005587269096370296,0.005587269096370296,2026-07-05T17:28:34.442356+00:00,"Run - Jul 05, 2026 at 22:57:34"
Q5,17,1979647.2000966547,0.005690215531001759,0.005690215531001759,2026-07-05T17:28:34.476690+00:00,"Run - Jul 05, 2026 at 22:57:34"
Q6,17,1980775.9334131363,0.00579151299880932,0.00579151299880932,2026-07-05T17:28:34.529246+00:00,"Run - Jul 05, 2026 at 22:57:34"
Q7,17,1981622.122327699,0.005894460341843518,0.005894460341843518,2026-07-05T17:28:34.558587+00:00,"Run - Jul 05, 2026 at 22:57:34"
Q8,17,1982609.4776271107,0.00599659448818498,0.00599659448818498,2026-07-05T17:28:34.644679+00:00,"Run - Jul 05, 2026 at 22:57:34"
Q9,17,1983526.0381487107,0.006099165266476323,0.006099165266476323,2026-07-05T17:28:34.694680+00:00,"Run - Jul 05, 2026 at 22:57:34"
Q10,17,1984657.1823870237,0.006200279345845301,0.006200279345845301,2026-07-05T17:28:34.748726+00:00,"Run - Jul 05, 2026 at 22:57:34"
Q0,18,1973426.6900000267,0.005187490390962869,0.005187490390962869,2026-07-05T17:28:40.442879+00:00,"Run - Jul 05, 2026 at 22:57:34"
Q1,18,1974690.60795934,0.005288032446422123,0.005288032446422123,2026-07-05T17:28:40.504079+00:00,"Run - Jul 05, 2026 at 22:57:34"
Q2,18,1975193.924053314,0.005393086348554747,0.005393086348554747,2026-07-05T17:28:40.525693+00:00,"Run - Jul 05, 2026 at 22:57:34"
Q3,18,1976180.5343861424,0.0054953482533166625,0.0054953482533166625,2026-07-05T17:28:40.613229+00:00,"Run - Jul 05, 2026 at 22:57:34"
Q4,18,1977304.8126062513,0.005596840132735656,0.005596840132735656,2026-07-05T17:28:40.644245+00:00,"Run - Jul 05, 2026 at 22:57:34"
Q5,18,1978222.5200470497,0.005699492559162919,0.005699492559162919,2026-07-05T17:28:40.679908+00:00,"Run - Jul 05, 2026 at 22:57:34"
Q6,18,1979278.1706650716,0.005801340132735657,0.005801340132735657,2026-07-05T17:28:40.710521+00:00,"Run - Jul 05, 2026 at 22:57:34"
Q7,18,1980126.9757174498,0.005904395872364277,0.005904395872364277,2026-07-05T17:28:40.740529+00:00,"Run - Jul 05, 2026 at 22:57:34"
Q8,18,1981113.5860502762,0.0060066577771261806,0.0060066577771261806,2026-07-05T17:28:40.773006+00:00,"Run - Jul 05, 2026 at 22:57:34"
Q9,18,1981822.5113649578,0.006110753565878063,0.006110753565878063,2026-07-05T17:28:40.820941+00:00,"Run - Jul 05, 2026 at 22:57:34"
Q10,18,1983227.2065084805,0.006210179854605422,0.006210179854605422,2026-07-05T17:28:40.878330+00:00,"Run - Jul 05, 2026 at 22:57:34"
Q0,19,1971735.4758230965,0.0051972547548191925,0.0051972547548191925,2026-07-05T17:28:44.437121+00:00,"Run - Jul 05, 2026 at 22:57:34"
Q1,19,1973055.5101392667,0.005298029000266916,0.005298029000266916,2026-07-05T17:28:44.477497+00:00,"Run - Jul 05, 2026 at 22:57:34"
Q2,19,1973572.6782664252,0.005402785584893549,0.005402785584893549,2026-07-05T17:28:44.513525+00:00,"Run - Jul 05, 2026 at 22:57:34"
Q3,19,1974757.9723803657,0.005504317322930131,0.005504317322930131,2026-07-05T17:28:44.578475+00:00,"Run - Jul 05, 2026 at 22:57:34"
Q4,19,1975878.3388053938,0.005605948926083567,0.005605948926083567,2026-07-05T17:28:44.607045+00:00,"Run - Jul 05, 2026 at 22:57:34"
Q5,19,1976660.7809705331,0.005709642260951843,0.005709642260951843,2026-07-05T17:28:44.659923+00:00,"Run - Jul 05, 2026 at 22:57:34"
Q6,19,1977650.4808494414,0.005811614862465601,0.005811614862465601,2026-07-05T17:28:44.711278+00:00,"Run - Jul 05, 2026 at 22:57:34"
Q7,19,1978835.4349107728,0.005913156569736979,0.005913156569736979,2026-07-05T17:28:44.745751+00:00,"Run - Jul 05, 2026 at 22:57:34"
Q8,19,1979620.4081412896,0.006016601149108303,0.006016601149108303,2026-07-05T17:28:44.792533+00:00,"Run - Jul 05, 2026 at 22:57:34"
Q9,19,1980335.0476319618,0.006120781919517117,0.006120781919517117,2026-07-05T17:28:44.833034+00:00,"Run - Jul 05, 2026 at 22:57:34"
Q10,19,1981596.2171005828,0.006221016451268628,0.006221016451268628,2026-07-05T17:28:44.859725+00:00,"Run - Jul 05, 2026 at 22:57:34"
Q0,20,1970318.543172531,0.005205472066968308,0.005205472066968308,2026-07-05T17:28:48.170230+00:00,"Run - Jul 05, 2026 at 22:57:34"
Q1,20,1971434.1416783384,0.0053073786751508594,0.0053073786751508594,2026-07-05T17:28:48.623427+00:00,"Run - Jul 05, 2026 at 22:57:34"
Q2,20,1971762.3514433606,0.005413472611869981,0.005413472611869981,2026-07-05T17:28:48.724587+00:00,"Run - Jul 05, 2026 at 22:57:34"
Q3,20,1973007.781190168,0.00551482887507716,0.00551482887507716,2026-07-05T17:28:48.766087+00:00,"Run - Jul 05, 2026 at 22:57:34"
Q4,20,1974257.613948445,0.005615698148108042,0.005615698148108042,2026-07-05T17:28:48.818323+00:00,"Run - Jul 05, 2026 at 22:57:34"
Q5,20,1975109.5122510693,0.005719138471855284,0.005719138471855284,2026-07-05T17:28:48.878470+00:00,"Run - Jul 05, 2026 at 22:57:34"
Q6,20,1976163.8266307155,0.005820908184115059,0.005820908184115059,2026-07-05T17:28:48.920746+00:00,"Run - Jul 05, 2026 at 22:57:34"
Q7,20,1977212.3021250935,0.005923321527132968,0.005923321527132968,2026-07-05T17:28:48.971269+00:00,"Run - Jul 05, 2026 at 22:57:34"
Q8,20,1978001.0346552292,0.0060268810024276705,0.0060268810024276705,2026-07-05T17:28:49.010550+00:00,"Run - Jul 05, 2026 at 22:57:34"
Q9,20,1978521.532678215,0.006132531529797558,0.006132531529797558,2026-07-05T17:28:49.095004+00:00,"Run - Jul 05, 2026 at 22:57:34"
Q10,20,1979975.138066072,0.006231582320447987,0.006231582320447987,2026-07-05T17:28:49.133952+00:00,"Run - Jul 05, 2026 at 22:57:34"
Q0,21,1968385.664838778,0.005216511030546997,0.005216511030546997,2026-07-05T17:28:55.517290+00:00,"Run - Jul 05, 2026 at 22:57:34"
Q1,21,1969497.3982546455,0.0053185974918810485,0.0053185974918810485,2026-07-05T17:28:55.637720+00:00,"Run - Jul 05, 2026 at 22:57:34"
Q2,21,1969969.5420975834,0.005423891320623323,0.005423891320623323,2026-07-05T17:28:55.735756+00:00,"Run - Jul 05, 2026 at 22:57:34"
Q3,21,1971208.286701574,0.005525428555759232,0.005525428555759232,2026-07-05T17:28:55.785446+00:00,"Run - Jul 05, 2026 at 22:57:34"
Q4,21,1972320.9046604286,0.005627398754328071,0.005627398754328071,2026-07-05T17:28:55.833407+00:00,"Run - Jul 05, 2026 at 22:57:34"
Q5,21,1973174.7978776286,0.005730984848658708,0.005730984848658708,2026-07-05T17:28:55.864816+00:00,"Run - Jul 05, 2026 at 22:57:34"
Q6,21,1974226.6090368053,0.005832937456201599,0.005832937456201599,2026-07-05T17:28:55.952821+00:00,"Run - Jul 05, 2026 at 22:57:34"
Q7,21,1975272.71106372,0.005935519391596887,0.005935519391596887,2026-07-05T17:28:55.977870+00:00,"Run - Jul 05, 2026 at 22:57:34"
Q8,21,1976064.842192264,0.00603922198966282,0.00603922198966282,2026-07-05T17:28:56.058262+00:00,"Run - Jul 05, 2026 at 22:57:34"
Q9,21,1976789.9587301211,0.006143606664598177,0.006143606664598177,2026-07-05T17:28:56.084507+00:00,"Run - Jul 05, 2026 at 22:57:34"
Q10,21,1978101.462629522,0.006243859902617241,0.006243859902617241,2026-07-05T17:28:56.234258+00:00,"Run - Jul 05, 2026 at 22:57:34"
Q0,22,1966478.862321268,0.005226871074111282,0.005226871074111282,2026-07-05T17:29:01.556177+00:00,"Run - Jul 05, 2026 at 22:57:34"
Q1,22,1967588.0077426771,0.005329022473093392,0.005329022473093392,2026-07-05T17:29:01.671184+00:00,"Run - Jul 05, 2026 at 22:57:34"
Q2,22,1968070.1249552483,0.005434429098995163,0.005434429098995163,2026-07-05T17:29:01.836860+00:00,"Run - Jul 05, 2026 at 22:57:34"
Q3,22,1969616.196083796,0.005534467490908773,0.005534467490908773,2026-07-05T17:29:01.892429+00:00,"Run - Jul 05, 2026 at 22:57:34"
Q4,22,1970222.4275425475,0.005639391245814867,0.005639391245814867,2026-07-05T17:29:01.999284+00:00,"Run - Jul 05, 2026 at 22:57:34"
Q5,22,1971331.521130699,0.005741515760444262,0.005741515760444262,2026-07-05T17:29:02.229700+00:00,"Run - Jul 05, 2026 at 22:57:34"
Q6,22,1972250.9780332414,0.005844819432873864,0.005844819432873864,2026-07-05T17:29:02.276112+00:00,"Run - Jul 05, 2026 at 22:57:34"
Q7,22,1973171.109244827,0.005948052738795229,0.005948052738795229,2026-07-05T17:29:02.341101+00:00,"Run - Jul 05, 2026 at 22:57:34"
Q8,22,1973966.3684659156,0.00605191397603364,0.00605191397603364,2026-07-05T17:29:02.371471+00:00,"Run - Jul 05, 2026 at 22:57:34"
Q9,22,1974759.3592018057,0.0061560330455879995,0.0061560330455879995,2026-07-05T17:29:02.431426+00:00,"Run - Jul 05, 2026 at 22:57:34"
Q10,22,1976251.5585589176,0.006255393917779179,0.006255393917779179,2026-07-05T17:29:02.616410+00:00,"Run - Jul 05, 2026 at 22:57:34"
Q0,23,1965017.1539549697,0.00523536299089029,0.00523536299089029,2026-07-05T17:29:06.100902+00:00,"Run - Jul 05, 2026 at 22:57:34"
Q1,23,1965453.936464224,0.005340501607595253,0.005340501607595253,2026-07-05T17:29:06.159727+00:00,"Run - Jul 05, 2026 at 22:57:34"
Q2,23,1966374.979661482,0.005443803229884944,0.005443803229884944,2026-07-05T17:29:06.224266+00:00,"Run - Jul 05, 2026 at 22:57:34"
Q3,23,1967722.5796627998,0.005545190591225679,0.005545190591225679,2026-07-05T17:29:06.273832+00:00,"Run - Jul 05, 2026 at 22:57:34"
Q4,23,1968884.1151700255,0.00564775783570683,0.00564775783570683,2026-07-05T17:29:06.309947+00:00,"Run - Jul 05, 2026 at 22:57:34"
Q5,23,1969135.5857388463,0.005754067418831103,0.005754067418831103,2026-07-05T17:29:06.343123+00:00,"Run - Jul 05, 2026 at 22:57:34"
Q6,23,1970116.968737433,0.005857185866103799,0.005857185866103799,2026-07-05T17:29:06.401230+00:00,"Run - Jul 05, 2026 at 22:57:34"
Q7,23,1971098.1547017626,0.00596032977653657,0.00596032977653657,2026-07-05T17:29:06.462840+00:00,"Run - Jul 05, 2026 at 22:57:34"
Q8,23,1971896.3786197857,0.006064348221493312,0.006064348221493312,2026-07-05T17:29:06.499016+00:00,"Run - Jul 05, 2026 at 22:57:34"
Q9,23,1973565.7678674646,0.006162496803020743,0.006162496803020743,2026-07-05T17:29:06.532991+00:00,"Run - Jul 05, 2026 at 22:57:34"
Q10,23,1974050.061934848,0.006268900296222725,0.006268900296222725,2026-07-05T17:29:06.612131+00:00,"Run - Jul 05, 2026 at 22:57:34"
Q0,24,1963874.9393234625,0.005240311209494876,0.005240311209494876,2026-07-05T17:29:09.896087+00:00,"Run - Jul 05, 2026 at 22:57:34"
Q1,24,1963782.0598083672,0.005348291773187759,0.005348291773187759,2026-07-05T17:29:10.022259+00:00,"Run - Jul 05, 2026 at 22:57:34"
Q2,24,1964274.0545653673,0.005454766175800885,0.005454766175800885,2026-07-05T17:29:10.099545+00:00,"Run - Jul 05, 2026 at 22:57:34"
Q3,24,1966042.6950585125,0.005553299736325883,0.005553299736325883,2026-07-05T17:29:10.135456+00:00,"Run - Jul 05, 2026 at 22:57:34"
Q4,24,1967382.0733515602,0.0056548321954519795,0.0056548321954519795,2026-07-05T17:29:10.181533+00:00,"Run - Jul 05, 2026 at 22:57:34"
Q5,24,1967648.023700863,0.005761203037261165,0.005761203037261165,2026-07-05T17:29:10.257402+00:00,"Run - Jul 05, 2026 at 22:57:34"
Q6,24,1968987.8948901843,0.005862648191474772,0.005862648191474772,2026-07-05T17:29:10.328931+00:00,"Run - Jul 05, 2026 at 22:57:34"
Q7,24,1969426.4565205777,0.0059689568552761295,0.0059689568552761295,2026-07-05T17:29:10.364805+00:00,"Run - Jul 05, 2026 at 22:57:34"
Q8,24,1970227.678499412,0.006073099915962942,0.006073099915962942,2026-07-05T17:29:10.426511+00:00,"Run - Jul 05, 2026 at 22:57:34"
Q9,24,1971875.5002013089,0.006172049176796973,0.006172049176796973,2026-07-05T17:29:10.483255+00:00,"Run - Jul 05, 2026 at 22:57:34"
Q10,24,1972313.2184643492,0.006278492230623301,0.006278492230623301,2026-07-05T17:29:10.570227+00:00,"Run - Jul 05, 2026 at 22:57:34"
Q0,25,1961837.8177835415,0.005249874758877608,0.005249874758877608,2026-07-05T17:29:15.176989+00:00,"Run - Jul 05, 2026 at 22:57:34"
Q1,25,1961587.0714087086,0.0053590806976475365,0.0053590806976475365,2026-07-05T17:29:15.229504+00:00,"Run - Jul 05, 2026 at 22:57:34"
Q2,25,1962325.325640395,0.0054642374664812575,0.0054642374664812575,2026-07-05T17:29:15.269140+00:00,"Run - Jul 05, 2026 at 22:57:34"
Q3,25,1965072.769800417,0.005558329106439958,0.005558329106439958,2026-07-05T17:29:15.313988+00:00,"Run - Jul 05, 2026 at 22:57:34"
Q4,25,1965290.0148205736,0.0056654315482701275,0.0056654315482701275,2026-07-05T17:29:15.394485+00:00,"Run - Jul 05, 2026 at 22:57:34"
Q5,25,1965746.7073600194,0.005770902108116939,0.005770902108116939,2026-07-05T17:29:15.458086+00:00,"Run - Jul 05, 2026 at 22:57:34"
Q6,25,1966960.9091274762,0.005873157481478724,0.005873157481478724,2026-07-05T17:29:15.501132+00:00,"Run - Jul 05, 2026 at 22:57:34"
Q7,25,1967288.6896351255,0.005980539257128765,0.005980539257128765,2026-07-05T17:29:15.601460+00:00,"Run - Jul 05, 2026 at 22:57:34"
Q8,25,1968092.5210858951,0.006084847765556663,0.006084847765556663,2026-07-05T17:29:15.648118+00:00,"Run - Jul 05, 2026 at 22:57:34"
Q9,25,1970440.9773225423,0.006179236676370389,0.006179236676370389,2026-07-05T17:29:15.714087+00:00,"Run - Jul 05, 2026 at 22:57:34"
Q10,25,1970232.6868248084,0.006290259585837321,0.006290259585837321,2026-07-05T17:29:15.760537+00:00,"Run - Jul 05, 2026 at 22:57:34"
Q0,26,1960755.2559730513,0.005253747517137217,0.005253747517137217,2026-07-05T17:29:18.523515+00:00,"Run - Jul 05, 2026 at 22:57:34"
Q1,26,1960469.9072671281,0.00536333061393907,0.00536333061393907,2026-07-05T17:29:18.606374+00:00,"Run - Jul 05, 2026 at 22:57:34"
Q2,26,1961212.4441786886,0.005468549247396116,0.005468549247396116,2026-07-05T17:29:18.660493+00:00,"Run - Jul 05, 2026 at 22:57:34"
Q3,26,1963578.2717426703,0.005564714969456425,0.005564714969456425,2026-07-05T17:29:18.736932+00:00,"Run - Jul 05, 2026 at 22:57:34"
Q4,26,1964214.7174575627,0.005669633170741885,0.005669633170741885,2026-07-05T17:29:18.773297+00:00,"Run - Jul 05, 2026 at 22:57:34"
Q5,26,1964214.5407595334,0.005778183060284586,0.005778183060284586,2026-07-05T17:29:18.816732+00:00,"Run - Jul 05, 2026 at 22:57:34"
Q6,26,1965890.348072437,0.005877524585286311,0.005877524585286311,2026-07-05T17:29:18.870611+00:00,"Run - Jul 05, 2026 at 22:57:34"
Q7,26,1966230.650066988,0.00598491872542335,0.00598491872542335,2026-07-05T17:29:18.913411+00:00,"Run - Jul 05, 2026 at 22:57:34"
Q8,26,1966978.5823023203,0.006089737340490013,0.006089737340490013,2026-07-05T17:29:18.967620+00:00,"Run - Jul 05, 2026 at 22:57:34"
Q9,26,1969299.117178741,0.0061844034730874665,0.0061844034730874665,2026-07-05T17:29:19.018058+00:00,"Run - Jul 05, 2026 at 22:57:34"
Q10,26,1969057.0113479493,0.006295631468845777,0.006295631468845777,2026-07-05T17:29:19.120384+00:00,"Run - Jul 05, 2026 at 22:57:34"
Q0,27,1958923.3965424383,0.005261590523917387,0.005261590523917387,2026-07-05T17:29:22.856353+00:00,"Run - Jul 05, 2026 at 22:57:34"
Q1,27,1958661.950069824,0.005371211207056459,0.005371211207056459,2026-07-05T17:29:22.942070+00:00,"Run - Jul 05, 2026 at 22:57:34"
Q2,27,1959236.5505040267,0.005477658595287214,0.005477658595287214,2026-07-05T17:29:23.002135+00:00,"Run - Jul 05, 2026 at 22:57:34"
Q3,27,1961745.9805436034,0.005573019398740139,0.005573019398740139,2026-07-05T17:29:23.124865+00:00,"Run - Jul 05, 2026 at 22:57:34"
Q4,27,1962100.9658289147,0.00568003050762131,0.00568003050762131,2026-07-05T17:29:23.200259+00:00,"Run - Jul 05, 2026 at 22:57:34"
Q5,27,1962349.9379599697,0.005786988435857245,0.005786988435857245,2026-07-05T17:29:23.273440+00:00,"Run - Jul 05, 2026 at 22:57:34"
Q6,27,1963780.0685476714,0.005888267188547219,0.005888267188547219,2026-07-05T17:29:23.325169+00:00,"Run - Jul 05, 2026 at 22:57:34"
Q7,27,1964419.5800923714,0.005993728963413596,0.005993728963413596,2026-07-05T17:29:23.370007+00:00,"Run - Jul 05, 2026 at 22:57:34"
Q8,27,1964883.2924576134,0.006100740477962612,0.006100740477962612,2026-07-05T17:29:23.424932+00:00,"Run - Jul 05, 2026 at 22:57:34"
Q9,27,1967176.4904532498,0.00619576119619541,0.00619576119619541,2026-07-05T17:29:23.485748+00:00,"Run - Jul 05, 2026 at 22:57:34"
Q10,27,1967071.0085948484,0.006306326073127045,0.006306326073127045,2026-07-05T17:29:23.539465+00:00,"Run - Jul 05, 2026 at 22:57:34"
Q0,28,1957494.770878998,0.005267434967004381,0.005267434967004381,2026-07-05T17:29:27.869943+00:00,"Run - Jul 05, 2026 at 22:57:34"
Q1,28,1957312.070395619,0.005376757138737991,0.005376757138737991,2026-07-05T17:29:28.018042+00:00,"Run - Jul 05, 2026 at 22:57:34"
Q2,28,1957893.77009468,0.005483268038733538,0.005483268038733538,2026-07-05T17:29:28.126463+00:00,"Run - Jul 05, 2026 at 22:57:34"
Q3,28,1960430.9351589964,0.005578394455487016,0.005578394455487016,2026-07-05T17:29:28.264798+00:00,"Run - Jul 05, 2026 at 22:57:34"
Q4,28,1960739.3990558898,0.005685969337368901,0.005685969337368901,2026-07-05T17:29:28.408331+00:00,"Run - Jul 05, 2026 at 22:57:34"
Q5,28,1960946.0247129851,0.005793305996022318,0.005793305996022318,2026-07-05T17:29:28.520755+00:00,"Run - Jul 05, 2026 at 22:57:34"
Q6,28,1961860.937283398,0.005898111215677003,0.005898111215677003,2026-07-05T17:29:28.835017+00:00,"Run - Jul 05, 2026 at 22:57:34"
Q7,28,1963067.8724031346,0.005999966861319029,0.005999966861319029,2026-07-05T17:29:29.259702+00:00,"Run - Jul 05, 2026 at 22:57:34"
Q8,28,1962978.684001915,0.006110815787988256,0.006110815787988256,2026-07-05T17:29:29.497965+00:00,"Run - Jul 05, 2026 at 22:57:34"
Q9,28,1965752.24484406,0.006202679280200135,0.006202679280200135,2026-07-05T17:29:29.686677+00:00,"Run - Jul 05, 2026 at 22:57:34"
Q10,28,1965666.9129716787,0.006313233294113854,0.006313233294113854,2026-07-05T17:29:29.877648+00:00,"Run - Jul 05, 2026 at 22:57:34"
Q0,29,1955754.9780427946,0.005273593189708823,0.005273593189708823,2026-07-05T17:29:35.132956+00:00,"Run - Jul 05, 2026 at 22:57:34"
Q1,29,1955426.2025026944,0.005384154332071366,0.005384154332071366,2026-07-05T17:29:35.182952+00:00,"Run - Jul 05, 2026 at 22:57:34"
Q2,29,1956515.3793320712,0.00548719359978381,0.00548719359978381,2026-07-05T17:29:35.227833+00:00,"Run - Jul 05, 2026 at 22:57:34"
Q3,29,1958291.7180723462,0.0055885046317940825,0.0055885046317940825,2026-07-05T17:29:35.274661+00:00,"Run - Jul 05, 2026 at 22:57:34"
Q4,29,1958730.161316495,0.0056947084804233015,0.0056947084804233015,2026-07-05T17:29:35.561399+00:00,"Run - Jul 05, 2026 at 22:57:34"
Q5,29,1958782.896053942,0.0058034110499416165,0.0058034110499416165,2026-07-05T17:29:35.660385+00:00,"Run - Jul 05, 2026 at 22:57:34"
Q6,29,1959641.9083850365,0.005908819014878845,0.005908819014878845,2026-07-05T17:29:35.758671+00:00,"Run - Jul 05, 2026 at 22:57:34"
Q7,29,1961618.803085496,0.0060055608839778,0.0060055608839778,2026-07-05T17:29:35.809250+00:00,"Run - Jul 05, 2026 at 22:57:34"
Q8,29,1960773.2586778523,0.006121812180165357,0.006121812180165357,2026-07-05T17:29:35.939790+00:00,"Run - Jul 05, 2026 at 22:57:34"
Q9,29,1963847.5730842988,0.006211457789353362,0.006211457789353362,2026-07-05T17:29:36.009565+00:00,"Run - Jul 05, 2026 at 22:57:34"
Q10,29,1963779.097081026,0.006322309732545665,0.006322309732545665,2026-07-05T17:29:36.089004+00:00,"Run - Jul 05, 2026 at 22:57:34"
Q0,30,1953900.48214691,0.005282157273093245,0.005282157273093245,2026-07-05T17:29:39.640893+00:00,"Run - Jul 05, 2026 at 22:57:34"
Q1,30,1953344.3816401644,0.005392540149103615,0.005392540149103615,2026-07-05T17:29:39.701227+00:00,"Run - Jul 05, 2026 at 22:57:34"
Q2,30,1954268.5680367085,0.005496724271377496,0.005496724271377496,2026-07-05T17:29:39.767198+00:00,"Run - Jul 05, 2026 at 22:57:34"
Q3,30,1956028.9871168977,0.0055982795435357245,0.0055982795435357245,2026-07-05T17:29:39.840809+00:00,"Run - Jul 05, 2026 at 22:57:34"
Q4,30,1956889.295809769,0.00570380746583153,0.00570380746583153,2026-07-05T17:29:39.908110+00:00,"Run - Jul 05, 2026 at 22:57:34"
Q5,30,1957114.4136961894,0.005812164147370057,0.005812164147370057,2026-07-05T17:29:39.966002+00:00,"Run - Jul 05, 2026 at 22:57:34"
Q6,30,1957766.4366777549,0.005918262636331151,0.005918262636331151,2026-07-05T17:29:40.037119+00:00,"Run - Jul 05, 2026 at 22:57:34"
Q7,30,1959518.6953644399,0.006015650024727332,0.006015650024727332,2026-07-05T17:29:40.120033+00:00,"Run - Jul 05, 2026 at 22:57:34"
Q8,30,1958911.1472977395,0.006131487409667913,0.006131487409667913,2026-07-05T17:29:40.182445+00:00,"Run - Jul 05, 2026 at 22:57:34"
Q9,30,1961581.5715492521,0.006222657201900149,0.006222657201900149,2026-07-05T17:29:40.294558+00:00,"Run - Jul 05, 2026 at 22:57:34"
Q10,30,1961690.1441036405,0.006332852598321718,0.006332852598321718,2026-07-05T17:29:40.382227+00:00,"Run - Jul 05, 2026 at 22:57:34"
Q0,31,1952087.7048900707,0.005288118271176165,0.005288118271176165,2026-07-05T17:29:44.782154+00:00,"Run - Jul 05, 2026 at 22:57:34"
Q1,31,1951397.8399659977,0.005399643764188099,0.005399643764188099,2026-07-05T17:29:44.859761+00:00,"Run - Jul 05, 2026 at 22:57:34"
Q2,31,1952430.0654085258,0.005503195413969914,0.005503195413969914,2026-07-05T17:29:44.974031+00:00,"Run - Jul 05, 2026 at 22:57:34"
Q3,31,1954012.0228192734,0.005606297892796499,0.005606297892796499,2026-07-05T17:29:45.089986+00:00,"Run - Jul 05, 2026 at 22:57:34"
Q4,31,1955545.4007251463,0.005709453551722007,0.005709453551722007,2026-07-05T17:29:45.178463+00:00,"Run - Jul 05, 2026 at 22:57:34"
Q5,31,1955532.551259951,0.005818130099973921,0.005818130099973921,2026-07-05T17:29:45.319557+00:00,"Run - Jul 05, 2026 at 22:57:34"
Q6,31,1956033.6264382745,0.005925034923490991,0.005925034923490991,2026-07-05T17:29:45.376325+00:00,"Run - Jul 05, 2026 at 22:57:34"
Q7,31,1957615.5276669343,0.00602333791874744,0.00602333791874744,2026-07-05T17:29:45.535634+00:00,"Run - Jul 05, 2026 at 22:57:34"
Q8,31,1957089.2141176576,0.0061387446770186874,0.0061387446770186874,2026-07-05T17:29:45.656620+00:00,"Run - Jul 05, 2026 at 22:57:34"
Q9,31,1959567.2163712068,0.00623153865516423,0.00623153865516423,2026-07-05T17:29:45.844697+00:00,"Run - Jul 05, 2026 at 22:57:34"
Q10,31,1959902.7208140595,0.006340380078422153,0.006340380078422153,2026-07-05T17:29:45.902936+00:00,"Run - Jul 05, 2026 at 22:57:34"
Q0,32,1950088.2816854548,0.005294740088270968,0.005294740088270968,2026-07-05T17:29:48.984632+00:00,"Run - Jul 05, 2026 at 22:57:34"
Q1,32,1949269.4670305233,0.005407390931064933,0.005407390931064933,2026-07-05T17:29:49.346254+00:00,"Run - Jul 05, 2026 at 22:57:34"
Q2,32,1950404.9560449459,0.005510410743521369,0.005510410743521369,2026-07-05T17:29:49.419353+00:00,"Run - Jul 05, 2026 at 22:57:34"
Q3,32,1951921.6568426585,0.005614125385072743,0.005614125385072743,2026-07-05T17:29:49.476800+00:00,"Run - Jul 05, 2026 at 22:57:34"
Q4,32,1953496.5140320712,0.005717111945796614,0.005717111945796614,2026-07-05T17:29:49.540814+00:00,"Run - Jul 05, 2026 at 22:57:34"
Q5,32,1953395.7475270235,0.005826600725140294,0.005826600725140294,2026-07-05T17:29:49.657247+00:00,"Run - Jul 05, 2026 at 22:57:34"
Q6,32,1954008.8273841522,0.005932924007355439,0.005932924007355439,2026-07-05T17:29:49.732231+00:00,"Run - Jul 05, 2026 at 22:57:34"
Q7,32,1955631.2887216061,0.006031139501234578,0.006031139501234578,2026-07-05T17:29:49.777837+00:00,"Run - Jul 05, 2026 at 22:57:34"
Q8,32,1955078.3712388058,0.0061468978724272825,0.0061468978724272825,2026-07-05T17:29:49.903149+00:00,"Run - Jul 05, 2026 at 22:57:34"
Q9,32,1957475.911236863,0.006240468990969623,0.006240468990969623,2026-07-05T17:29:49.981090+00:00,"Run - Jul 05, 2026 at 22:57:34"
Q10,32,1958087.7188560825,0.006347294287089305,0.006347294287089305,2026-07-05T17:29:50.026559+00:00,"Run - Jul 05, 2026 at 22:57:34"
Q0,33,1947700.6763075583,0.005304156730039051,0.005304156730039051,2026-07-05T17:29:56.167783+00:00,"Run - Jul 05, 2026 at 22:57:34"
Q1,33,1946912.1390569005,0.005416870715941894,0.005416870715941894,2026-07-05T17:29:56.223179+00:00,"Run - Jul 05, 2026 at 22:57:34"
Q2,33,1948095.1314534931,0.005519766253787407,0.005519766253787407,2026-07-05T17:29:56.295202+00:00,"Run - Jul 05, 2026 at 22:57:34"
Q3,33,1949601.161430475,0.005623696427943143,0.005623696427943143,2026-07-05T17:29:56.357217+00:00,"Run - Jul 05, 2026 at 22:57:34"
Q4,33,1951112.7640437894,0.005727276449713371,0.005727276449713371,2026-07-05T17:29:56.421262+00:00,"Run - Jul 05, 2026 at 22:57:34"
Q5,33,1951029.677607053,0.005836883846963301,0.005836883846963301,2026-07-05T17:29:56.454086+00:00,"Run - Jul 05, 2026 at 22:57:34"
Q6,33,1951647.913912103,0.00594338128212204,0.00594338128212204,2026-07-05T17:29:56.533689+00:00,"Run - Jul 05, 2026 at 22:57:34"
Q7,33,1953206.3372754755,0.006042278909123875,0.006042278909123875,2026-07-05T17:29:56.592126+00:00,"Run - Jul 05, 2026 at 22:57:34"
Q8,33,1952730.5183092593,0.006157680167104903,0.006157680167104903,2026-07-05T17:29:56.651180+00:00,"Run - Jul 05, 2026 at 22:57:34"
Q9,33,1955153.600556297,0.0062512620758418316,0.0062512620758418316,2026-07-05T17:29:56.704710+00:00,"Run - Jul 05, 2026 at 22:57:34"
Q10,33,1955667.3318894107,0.0063590186987355374,0.0063590186987355374,2026-07-05T17:29:56.748839+00:00,"Run - Jul 05, 2026 at 22:57:34"
Q0,34,1945300.3761777985,0.005314157741289042,0.005314157741289042,2026-07-05T17:30:00.718736+00:00,"Run - Jul 05, 2026 at 22:57:34"
Q1,34,1944641.767702674,0.005426287667273029,0.005426287667273029,2026-07-05T17:30:01.005967+00:00,"Run - Jul 05, 2026 at 22:57:34"
Q2,34,1945670.2304889283,0.005530252363691408,0.005530252363691408,2026-07-05T17:30:01.269580+00:00,"Run - Jul 05, 2026 at 22:57:34"
Q3,34,1947165.8603390637,0.0056344078796720445,0.0056344078796720445,2026-07-05T17:30:01.414556+00:00,"Run - Jul 05, 2026 at 22:57:34"
Q4,34,1948666.9667455957,0.005738219280377269,0.005738219280377269,2026-07-05T17:30:01.484802+00:00,"Run - Jul 05, 2026 at 22:57:34"
Q5,34,1948701.8230588736,0.005847266007167876,0.005847266007167876,2026-07-05T17:30:01.565614+00:00,"Run - Jul 05, 2026 at 22:57:34"
Q6,34,1949322.031686932,0.005954261184992775,0.005954261184992775,2026-07-05T17:30:01.641260+00:00,"Run - Jul 05, 2026 at 22:57:34"
Q7,34,1950818.3664781097,0.006053567743106568,0.006053567743106568,2026-07-05T17:30:01.798157+00:00,"Run - Jul 05, 2026 at 22:57:34"
Q8,34,1950319.0923251035,0.0061692712095379135,0.0061692712095379135,2026-07-05T17:30:01.971442+00:00,"Run - Jul 05, 2026 at 22:57:34"
Q9,34,1952715.96319926,0.006263256878469033,0.006263256878469033,2026-07-05T17:30:02.071228+00:00,"Run - Jul 05, 2026 at 22:57:34"
Q10,34,1953236.403002836,0.006371172869933537,0.006371172869933537,2026-07-05T17:30:02.237288+00:00,"Run - Jul 05, 2026 at 22:57:34"
Q0,35,1942693.9984371953,0.005325582668213924,0.005325582668213924,2026-07-05T17:30:07.461774+00:00,"Run - Jul 05, 2026 at 22:57:34"
Q1,35,1942296.1572965216,0.005436820535343304,0.005436820535343304,2026-07-05T17:30:07.565917+00:00,"Run - Jul 05, 2026 at 22:57:34"
Q2,35,1943370.7831800065,0.005540816028736921,0.005540816028736921,2026-07-05T17:30:07.650824+00:00,"Run - Jul 05, 2026 at 22:57:34"
Q3,35,1944768.5302578276,0.005645413431451599,0.005645413431451599,2026-07-05T17:30:07.934032+00:00,"Run - Jul 05, 2026 at 22:57:34"
Q4,35,1946347.3746634882,0.005749215709546751,0.005749215709546751,2026-07-05T17:30:08.038199+00:00,"Run - Jul 05, 2026 at 22:57:34"
Q5,35,1945970.7630244705,0.005860057325881089,0.005860057325881089,2026-07-05T17:30:08.146368+00:00,"Run - Jul 05, 2026 at 22:57:34"
Q6,35,1946691.2343924472,0.00596689668754993,0.00596689668754993,2026-07-05T17:30:08.232589+00:00,"Run - Jul 05, 2026 at 22:57:34"
Q7,35,1948418.6080711354,0.006065557528656617,0.006065557528656617,2026-07-05T17:30:08.377209+00:00,"Run - Jul 05, 2026 at 22:57:34"
Q8,35,1947846.7225936418,0.006181721837136756,0.006181721837136756,2026-07-05T17:30:08.496720+00:00,"Run - Jul 05, 2026 at 22:57:34"
Q9,35,1950414.613878647,0.006274884934002913,0.006274884934002913,2026-07-05T17:30:08.557839+00:00,"Run - Jul 05, 2026 at 22:57:34"
Q10,35,1950930.0445628965,0.00638339427291863,0.00638339427291863,2026-07-05T17:30:08.663656+00:00,"Run - Jul 05, 2026 at 22:57:34"
Q0,36,1940470.643006284,0.00533365113111645,0.00533365113111645,2026-07-05T17:30:14.730850+00:00,"Run - Jul 05, 2026 at 22:57:34"
Q1,36,1940239.9992517678,0.0054448466961641686,0.0054448466961641686,2026-07-05T17:30:14.782611+00:00,"Run - Jul 05, 2026 at 22:57:34"
Q2,36,1940856.9557825946,0.0055533489188979695,0.0055533489188979695,2026-07-05T17:30:14.871577+00:00,"Run - Jul 05, 2026 at 22:57:34"
Q3,36,1942884.9524345775,0.005653023319846591,0.005653023319846591,2026-07-05T17:30:14.949561+00:00,"Run - Jul 05, 2026 at 22:57:34"
Q4,36,1943428.6261722283,0.005759908133069586,0.005759908133069586,2026-07-05T17:30:15.003222+00:00,"Run - Jul 05, 2026 at 22:57:34"
Q5,36,1943398.9085006972,0.0058701720634189766,0.0058701720634189766,2026-07-05T17:30:15.108928+00:00,"Run - Jul 05, 2026 at 22:57:34"
Q6,36,1944588.0771314253,0.005975439556789102,0.005975439556789102,2026-07-05T17:30:15.185409+00:00,"Run - Jul 05, 2026 at 22:57:34"
Q7,36,1946436.9488221002,0.0060744668973520145,0.0060744668973520145,2026-07-05T17:30:15.245042+00:00,"Run - Jul 05, 2026 at 22:57:34"
Q8,36,1945525.5026922412,0.0061914722164561255,0.0061914722164561255,2026-07-05T17:30:15.302185+00:00,"Run - Jul 05, 2026 at 22:57:34"
Q9,36,1948343.7583602832,0.006284450082142063,0.006284450082142063,2026-07-05T17:30:15.358086+00:00,"Run - Jul 05, 2026 at 22:57:34"
Q10,36,1948722.8229006021,0.006393735958449641,0.006393735958449641,2026-07-05T17:30:15.414013+00:00,"Run - Jul 05, 2026 at 22:57:34"
Q0,37,1937944.2054218987,0.005345450458363433,0.005345450458363433,2026-07-05T17:30:18.341044+00:00,"Run - Jul 05, 2026 at 22:57:34"
Q1,37,1936963.9151058535,0.005461802510096491,0.005461802510096491,2026-07-05T17:30:18.407451+00:00,"Run - Jul 05, 2026 at 22:57:34"
Q2,37,1938353.4697589404,0.005565440085689518,0.005565440085689518,2026-07-05T17:30:18.455870+00:00,"Run - Jul 05, 2026 at 22:57:34"
Q3,37,1940459.9044453762,0.005664705522473267,0.005664705522473267,2026-07-05T17:30:18.523894+00:00,"Run - Jul 05, 2026 at 22:57:34"
Q4,37,1940863.9391591577,0.005772858288503964,0.005772858288503964,2026-07-05T17:30:18.609074+00:00,"Run - Jul 05, 2026 at 22:57:34"
Q5,37,1941354.2243358225,0.005880493789351916,0.005880493789351916,2026-07-05T17:30:18.695232+00:00,"Run - Jul 05, 2026 at 22:57:34"
Q6,37,1942179.1812454253,0.005987651821105244,0.005987651821105244,2026-07-05T17:30:18.813597+00:00,"Run - Jul 05, 2026 at 22:57:34"
Q7,37,1944221.9845548111,0.006087219607813913,0.006087219607813913,2026-07-05T17:30:18.860171+00:00,"Run - Jul 05, 2026 at 22:57:34"
Q8,37,1943130.6206275625,0.006204020010941662,0.006204020010941662,2026-07-05T17:30:18.911993+00:00,"Run - Jul 05, 2026 at 22:57:34"
Q9,37,1945917.366109746,0.006297412173911434,0.006297412173911434,2026-07-05T17:30:18.958528+00:00,"Run - Jul 05, 2026 at 22:57:34"
Q10,37,1946063.7887587717,0.0064085390903245495,0.0064085390903245495,2026-07-05T17:30:19.019691+00:00,"Run - Jul 05, 2026 at 22:57:34"
Q0,38,1935556.0318646815,0.005356507180457277,0.005356507180457277,2026-07-05T17:30:24.479054+00:00,"Run - Jul 05, 2026 at 22:57:34"
Q1,38,1934559.3577020562,0.005473150358935687,0.005473150358935687,2026-07-05T17:30:24.646386+00:00,"Run - Jul 05, 2026 at 22:57:34"
Q2,38,1935940.9113761699,0.005577031683309472,0.005577031683309472,2026-07-05T17:30:24.729640+00:00,"Run - Jul 05, 2026 at 22:57:34"
Q3,38,1937934.243250385,0.005677126826782825,0.005677126826782825,2026-07-05T17:30:24.783056+00:00,"Run - Jul 05, 2026 at 22:57:34"
Q4,38,1938439.7117201502,0.005784935076401106,0.005784935076401106,2026-07-05T17:30:24.864363+00:00,"Run - Jul 05, 2026 at 22:57:34"
Q5,38,1938793.221991539,0.005893854492189532,0.005893854492189532,2026-07-05T17:30:24.931794+00:00,"Run - Jul 05, 2026 at 22:57:34"
Q6,38,1939762.562610083,0.006000094842347525,0.006000094842347525,2026-07-05T17:30:24.997289+00:00,"Run - Jul 05, 2026 at 22:57:34"
Q7,38,1941606.7719587185,0.006100364303731685,0.006100364303731685,2026-07-05T17:30:25.085033+00:00,"Run - Jul 05, 2026 at 22:57:34"
Q8,38,1940727.4785814362,0.006216803867831742,0.006216803867831742,2026-07-05T17:30:25.199085+00:00,"Run - Jul 05, 2026 at 22:57:34"
Q9,38,1943530.5036501503,0.006310316287689987,0.006310316287689987,2026-07-05T17:30:25.245909+00:00,"Run - Jul 05, 2026 at 22:57:34"
Q10,38,1943688.9991394968,0.006421562124806117,0.006421562124806117,2026-07-05T17:30:25.322082+00:00,"Run - Jul 05, 2026 at 22:57:34"
Q0,39,1933369.2625922563,0.005366450818174199,0.005366450818174199,2026-07-05T17:30:30.361468+00:00,"Run - Jul 05, 2026 at 22:57:34"
Q1,39,1932449.2596477948,0.005482793091591585,0.005482793091591585,2026-07-05T17:30:30.604901+00:00,"Run - Jul 05, 2026 at 22:57:34"
Q2,39,1933823.1753497329,0.005586890585419754,0.005586890585419754,2026-07-05T17:30:30.917219+00:00,"Run - Jul 05, 2026 at 22:57:34"
Q3,39,1935799.1584866918,0.005687261996457022,0.005687261996457022,2026-07-05T17:30:30.985916+00:00,"Run - Jul 05, 2026 at 22:57:34"
Q4,39,1936220.1744853114,0.005795628872132272,0.005795628872132272,2026-07-05T17:30:31.070800+00:00,"Run - Jul 05, 2026 at 22:57:34"
Q5,39,1936628.9956051505,0.005904358077505546,0.005904358077505546,2026-07-05T17:30:31.134874+00:00,"Run - Jul 05, 2026 at 22:57:34"
Q6,39,1937594.632036904,0.006011037088605873,0.006011037088605873,2026-07-05T17:30:31.316437+00:00,"Run - Jul 05, 2026 at 22:57:34"
Q7,39,1939423.8363926986,0.0061115840188569505,0.0061115840188569505,2026-07-05T17:30:31.492413+00:00,"Run - Jul 05, 2026 at 22:57:34"
Q8,39,1938619.5140051118,0.006227698132092463,0.006227698132092463,2026-07-05T17:30:31.764298+00:00,"Run - Jul 05, 2026 at 22:57:34"
Q9,39,1941392.3380636405,0.0063215913071910535,0.0063215913071910535,2026-07-05T17:30:31.922364+00:00,"Run - Jul 05, 2026 at 22:57:34"
Q10,39,1941423.7634848026,0.006433851573952456,0.006433851573952456,2026-07-05T17:30:31.999025+00:00,"Run - Jul 05, 2026 at 22:57:34"
Q0,40,1930445.1206214514,0.0053825371633137685,0.0053825371633137685,2026-07-05T17:30:36.944857+00:00,"Run - Jul 05, 2026 at 22:57:34"
Q1,40,1930203.192004315,0.005496194386522785,0.005496194386522785,2026-07-05T17:30:37.028817+00:00,"Run - Jul 05, 2026 at 22:57:34"
Q2,40,1930752.2674567204,0.005603041768705641,0.005603041768705641,2026-07-05T17:30:37.162068+00:00,"Run - Jul 05, 2026 at 22:57:34"
Q3,40,1933238.9252936768,0.005702151167559731,0.005702151167559731,2026-07-05T17:30:37.251936+00:00,"Run - Jul 05, 2026 at 22:57:34"
Q4,40,1933185.766274012,0.0058119460487253026,0.0058119460487253026,2026-07-05T17:30:37.309142+00:00,"Run - Jul 05, 2026 at 22:57:34"
Q5,40,1934087.7829677926,0.005919124923106556,0.005919124923106556,2026-07-05T17:30:37.388284+00:00,"Run - Jul 05, 2026 at 22:57:34"
Q6,40,1934780.2297865883,0.006027676502427783,0.006027676502427783,2026-07-05T17:30:37.451846+00:00,"Run - Jul 05, 2026 at 22:57:34"
Q7,40,1936376.6574046218,0.006129080807075988,0.006129080807075988,2026-07-05T17:30:37.547580+00:00,"Run - Jul 05, 2026 at 22:57:34"
Q8,40,1935511.4206406795,0.0062454883056298986,0.0062454883056298986,2026-07-05T17:30:37.632754+00:00,"Run - Jul 05, 2026 at 22:57:34"
Q9,40,1938469.641750022,0.006339575903417482,0.006339575903417482,2026-07-05T17:30:37.715426+00:00,"Run - Jul 05, 2026 at 22:57:34"
Q10,40,1938604.835572636,0.006451440055629457,0.006451440055629457,2026-07-05T17:30:37.825683+00:00,"Run - Jul 05, 2026 at 22:57:34"
Q0,41,1928380.16260109,0.005393604828925226,0.005393604828925226,2026-07-05T17:30:42.266045+00:00,"Run - Jul 05, 2026 at 22:57:34"
Q1,41,1928482.5600344313,0.005504172207291047,0.005504172207291047,2026-07-05T17:30:42.419328+00:00,"Run - Jul 05, 2026 at 22:57:34"
Q2,41,1928497.5085107957,0.00561464420633254,0.00561464420633254,2026-07-05T17:30:42.490855+00:00,"Run - Jul 05, 2026 at 22:57:34"
Q3,41,1930032.6289016719,0.005718419313779449,0.005718419313779449,2026-07-05T17:30:42.624327+00:00,"Run - Jul 05, 2026 at 22:57:34"
Q4,41,1931158.9209752243,0.0058236170646399415,0.0058236170646399415,2026-07-05T17:30:42.695549+00:00,"Run - Jul 05, 2026 at 22:57:34"
Q5,41,1932060.8900670444,0.00593095857172302,0.00593095857172302,2026-07-05T17:30:42.759859+00:00,"Run - Jul 05, 2026 at 22:57:34"
Q6,41,1932383.3704705194,0.0060409981768730515,0.0060409981768730515,2026-07-05T17:30:42.812675+00:00,"Run - Jul 05, 2026 at 22:57:34"
Q7,41,1934146.4414009326,0.0061416993367775655,0.0061416993367775655,2026-07-05T17:30:42.869531+00:00,"Run - Jul 05, 2026 at 22:57:34"
Q8,41,1933179.4700751496,0.006258434284122465,0.006258434284122465,2026-07-05T17:30:42.923621+00:00,"Run - Jul 05, 2026 at 22:57:34"
Q9,41,1935880.417925176,0.006354509712964195,0.006354509712964195,2026-07-05T17:30:42.986676+00:00,"Run - Jul 05, 2026 at 22:57:34"
Q10,41,1936298.8061092265,0.006464519336561803,0.006464519336561803,2026-07-05T17:30:43.083057+00:00,"Run - Jul 05, 2026 at 22:57:34"
Q0,42,1925501.4496229284,0.005408998434945116,0.005408998434945116,2026-07-05T17:30:49.796970+00:00,"Run - Jul 05, 2026 at 22:57:34"
Q1,42,1926010.0157681222,0.005517646947787791,0.005517646947787791,2026-07-05T17:30:49.881848+00:00,"Run - Jul 05, 2026 at 22:57:34"
Q2,42,1925793.6005044198,0.005627980354904968,0.005627980354904968,2026-07-05T17:30:49.936040+00:00,"Run - Jul 05, 2026 at 22:57:34"
Q3,42,1927258.4695579372,0.0057338261160656875,0.0057338261160656875,2026-07-05T17:30:49.994284+00:00,"Run - Jul 05, 2026 at 22:57:34"
Q4,42,1928714.614889706,0.005838975713692143,0.005838975713692143,2026-07-05T17:30:50.079036+00:00,"Run - Jul 05, 2026 at 22:57:34"
Q5,42,1930010.8692121245,0.005944348660123375,0.005944348660123375,2026-07-05T17:30:50.141444+00:00,"Run - Jul 05, 2026 at 22:57:34"
Q6,42,1930044.499347309,0.006055269117895229,0.006055269117895229,2026-07-05T17:30:50.196121+00:00,"Run - Jul 05, 2026 at 22:57:34"
Q7,42,1931670.9393271164,0.0061563317551584125,0.0061563317551584125,2026-07-05T17:30:50.261468+00:00,"Run - Jul 05, 2026 at 22:57:34"
Q8,42,1930855.3959245489,0.006273047102307531,0.006273047102307531,2026-07-05T17:30:50.314570+00:00,"Run - Jul 05, 2026 at 22:57:34"
Q9,42,1932607.9774728483,0.006374848979966971,0.006374848979966971,2026-07-05T17:30:50.406146+00:00,"Run - Jul 05, 2026 at 22:57:34"
Q10,42,1933828.7730897432,0.006479856231441905,0.006479856231441905,2026-07-05T17:30:50.492295+00:00,"Run - Jul 05, 2026 at 22:57:34"
Q0,43,1923373.3365839457,0.005419994741603823,0.005419994741603823,2026-07-05T17:30:55.153723+00:00,"Run - Jul 05, 2026 at 22:57:34"
Q1,43,1923683.8658226707,0.005529383888052678,0.005529383888052678,2026-07-05T17:30:55.289311+00:00,"Run - Jul 05, 2026 at 22:57:34"
Q2,43,1923483.2514136855,0.0056399352243520435,0.0056399352243520435,2026-07-05T17:30:55.401357+00:00,"Run - Jul 05, 2026 at 22:57:34"
Q3,43,1925107.3843044937,0.005744842030717961,0.005744842030717961,2026-07-05T17:30:55.471830+00:00,"Run - Jul 05, 2026 at 22:57:34"
Q4,43,1926429.0122529976,0.005851270639264251,0.005851270639264251,2026-07-05T17:30:55.561378+00:00,"Run - Jul 05, 2026 at 22:57:34"
Q5,43,1927756.1032863406,0.005956589372098677,0.005956589372098677,2026-07-05T17:30:55.679799+00:00,"Run - Jul 05, 2026 at 22:57:34"
Q6,43,1927929.8200858303,0.006067144036871771,0.006067144036871771,2026-07-05T17:30:55.757307+00:00,"Run - Jul 05, 2026 at 22:57:34"
Q7,43,1929376.6556903303,0.006169022062585248,0.006169022062585248,2026-07-05T17:30:55.832901+00:00,"Run - Jul 05, 2026 at 22:57:34"
Q8,43,1928712.5698612852,0.006285421130203927,0.006285421130203927,2026-07-05T17:30:55.942059+00:00,"Run - Jul 05, 2026 at 22:57:34"
Q9,43,1930362.7960468275,0.0063883306697989925,0.0063883306697989925,2026-07-05T17:30:56.044215+00:00,"Run - Jul 05, 2026 at 22:57:34"
Q10,43,1931506.0380033774,0.006493277644650623,0.006493277644650623,2026-07-05T17:30:56.595726+00:00,"Run - Jul 05, 2026 at 22:57:34"
Q0,44,1921393.3871161037,0.005430936144685476,0.005430936144685476,2026-07-05T17:31:03.536355+00:00,"Run - Jul 05, 2026 at 22:57:34"
Q1,44,1921538.8446467821,0.005539909938936061,0.005539909938936061,2026-07-05T17:31:03.620481+00:00,"Run - Jul 05, 2026 at 22:57:34"
Q2,44,1921687.8835499757,0.00564976527957048,0.00564976527957048,2026-07-05T17:31:03.702017+00:00,"Run - Jul 05, 2026 at 22:57:34"
Q3,44,1922594.8550559233,0.00575780794956814,0.00575780794956814,2026-07-05T17:31:03.823089+00:00,"Run - Jul 05, 2026 at 22:57:34"
Q4,44,1924498.5556174265,0.005862697025532062,0.005862697025532062,2026-07-05T17:31:03.913761+00:00,"Run - Jul 05, 2026 at 22:57:34"
Q5,44,1925693.8379044149,0.005968751301973059,0.005968751301973059,2026-07-05T17:31:03.984484+00:00,"Run - Jul 05, 2026 at 22:57:34"
Q6,44,1926085.7390172724,0.006078718290883915,0.006078718290883915,2026-07-05T17:31:04.043971+00:00,"Run - Jul 05, 2026 at 22:57:34"
Q7,44,1927114.0212644609,0.006181756868271692,0.006181756868271692,2026-07-05T17:31:04.184546+00:00,"Run - Jul 05, 2026 at 22:57:34"
Q8,44,1926884.4044191323,0.006297155304874106,0.006297155304874106,2026-07-05T17:31:04.282024+00:00,"Run - Jul 05, 2026 at 22:57:34"
Q9,44,1928439.344182925,0.006400686477911331,0.006400686477911331,2026-07-05T17:31:04.366950+00:00,"Run - Jul 05, 2026 at 22:57:34"
Q10,44,1929621.6529321426,0.006505565822104188,0.006505565822104188,2026-07-05T17:31:04.442297+00:00,"Run - Jul 05, 2026 at 22:57:34"
Q0,45,1919033.1874635257,0.0054428270627703106,0.0054428270627703106,2026-07-05T17:31:08.078223+00:00,"Run - Jul 05, 2026 at 22:57:34"
Q1,45,1919147.506506991,0.00555219890571954,0.00555219890571954,2026-07-05T17:31:08.152665+00:00,"Run - Jul 05, 2026 at 22:57:34"
Q2,45,1919263.9225853195,0.005662584919211166,0.005662584919211166,2026-07-05T17:31:08.218057+00:00,"Run - Jul 05, 2026 at 22:57:34"
Q3,45,1920170.4501708196,0.0057708298693537885,0.0057708298693537885,2026-07-05T17:31:08.406073+00:00,"Run - Jul 05, 2026 at 22:57:34"
Q4,45,1922144.3256884,0.005875374017807524,0.005875374017807524,2026-07-05T17:31:08.473118+00:00,"Run - Jul 05, 2026 at 22:57:34"
Q5,45,1923293.1711314593,0.005981883147553104,0.005981883147553104,2026-07-05T17:31:08.537522+00:00,"Run - Jul 05, 2026 at 22:57:34"
Q6,45,1923733.9925130769,0.006091786279313698,0.006091786279313698,2026-07-05T17:31:08.625981+00:00,"Run - Jul 05, 2026 at 22:57:34"
Q7,45,1924760.1151604021,0.006195092413550925,0.006195092413550925,2026-07-05T17:31:08.705160+00:00,"Run - Jul 05, 2026 at 22:57:34"
Q8,45,1924504.6495543248,0.006310821150412106,0.006310821150412106,2026-07-05T17:31:08.784406+00:00,"Run - Jul 05, 2026 at 22:57:34"
Q9,45,1926006.4401216398,0.006415000013228238,0.006415000013228238,2026-07-05T17:31:08.868173+00:00,"Run - Jul 05, 2026 at 22:57:34"
Q10,45,1927269.6334643469,0.006519491092690199,0.006519491092690199,2026-07-05T17:31:08.934791+00:00,"Run - Jul 05, 2026 at 22:57:34"
Q0,46,1916813.8943124542,0.005454901866474146,0.005454901866474146,2026-07-05T17:31:13.579383+00:00,"Run - Jul 05, 2026 at 22:57:34"
Q1,46,1916859.3780647335,0.005564593778712567,0.005564593778712567,2026-07-05T17:31:13.694306+00:00,"Run - Jul 05, 2026 at 22:57:34"
Q2,46,1917070.4542502924,0.005674568407408043,0.005674568407408043,2026-07-05T17:31:13.775156+00:00,"Run - Jul 05, 2026 at 22:57:34"
Q3,46,1918056.5107922168,0.005782827334074446,0.005782827334074446,2026-07-05T17:31:13.835353+00:00,"Run - Jul 05, 2026 at 22:57:34"
Q4,46,1919930.978640894,0.005888183865010827,0.005888183865010827,2026-07-05T17:31:13.919221+00:00,"Run - Jul 05, 2026 at 22:57:34"
Q5,46,1920834.6850702188,0.005995581681554922,0.005995581681554922,2026-07-05T17:31:13.971925+00:00,"Run - Jul 05, 2026 at 22:57:34"
Q6,46,1921443.132111571,0.006105151332683952,0.006105151332683952,2026-07-05T17:31:14.050960+00:00,"Run - Jul 05, 2026 at 22:57:34"
Q7,46,1922547.1928933796,0.006208520569386467,0.006208520569386467,2026-07-05T17:31:14.109965+00:00,"Run - Jul 05, 2026 at 22:57:34"
Q8,46,1922066.2887760613,0.006325070570087368,0.006325070570087368,2026-07-05T17:31:14.161738+00:00,"Run - Jul 05, 2026 at 22:57:34"
Q9,46,1923643.1607912788,0.006428891007402713,0.006428891007402713,2026-07-05T17:31:14.240902+00:00,"Run - Jul 05, 2026 at 22:57:34"
Q10,46,1925058.6541373513,0.006533470695966608,0.006533470695966608,2026-07-05T17:31:14.341677+00:00,"Run - Jul 05, 2026 at 22:57:34"
Q0,47,1914505.8545718163,0.005467070929286996,0.005467070929286996,2026-07-05T17:31:20.524078+00:00,"Run - Jul 05, 2026 at 22:57:34"
Q1,47,1914253.8402101172,0.005578752574105248,0.005578752574105248,2026-07-05T17:31:20.593085+00:00,"Run - Jul 05, 2026 at 22:57:34"
Q2,47,1914590.699459021,0.005688497939724184,0.005688497939724184,2026-07-05T17:31:20.672991+00:00,"Run - Jul 05, 2026 at 22:57:34"
Q3,47,1915489.855305654,0.005797193609330695,0.005797193609330695,2026-07-05T17:31:20.743854+00:00,"Run - Jul 05, 2026 at 22:57:34"
Q4,47,1917467.4822824525,0.005901812061789476,0.005901812061789476,2026-07-05T17:31:20.827464+00:00,"Run - Jul 05, 2026 at 22:57:34"
Q5,47,1918214.3061271969,0.006009635319188938,0.006009635319188938,2026-07-05T17:31:20.913862+00:00,"Run - Jul 05, 2026 at 22:57:34"
Q6,47,1918985.0249632064,0.0061189573132554125,0.0061189573132554125,2026-07-05T17:31:21.110999+00:00,"Run - Jul 05, 2026 at 22:57:34"
Q7,47,1920042.231106273,0.0062230841494014776,0.0062230841494014776,2026-07-05T17:31:21.402553+00:00,"Run - Jul 05, 2026 at 22:57:34"
Q8,47,1919581.6428217657,0.006339640436451993,0.006339640436451993,2026-07-05T17:31:21.465537+00:00,"Run - Jul 05, 2026 at 22:57:34"
Q9,47,1921148.5497502068,0.006443734529579799,0.006443734529579799,2026-07-05T17:31:21.530385+00:00,"Run - Jul 05, 2026 at 22:57:34"
Q10,47,1922597.3691087961,0.006548308303025433,0.006548308303025433,2026-07-05T17:31:21.625871+00:00,"Run - Jul 05, 2026 at 22:57:34"
Q0,48,1911530.7371948415,0.005481234286605012,0.005481234286605012,2026-07-05T17:31:25.548787+00:00,"Run - Jul 05, 2026 at 22:57:34"
Q1,48,1911795.5368300204,0.0055917591649300305,0.0055917591649300305,2026-07-05T17:31:25.627783+00:00,"Run - Jul 05, 2026 at 22:57:34"
Q2,48,1912218.336880496,0.005701446412097617,0.005701446412097617,2026-07-05T17:31:25.673670+00:00,"Run - Jul 05, 2026 at 22:57:34"
Q3,48,1912924.814078362,0.00581119146888234,0.00581119146888234,2026-07-05T17:31:25.752088+00:00,"Run - Jul 05, 2026 at 22:57:34"
Q4,48,1914341.94852391,0.0059168411685959574,0.0059168411685959574,2026-07-05T17:31:25.805408+00:00,"Run - Jul 05, 2026 at 22:57:34"
Q5,48,1915246.7205872573,0.006025065143313868,0.006025065143313868,2026-07-05T17:31:25.913596+00:00,"Run - Jul 05, 2026 at 22:57:34"
Q6,48,1916137.0412470049,0.0061341652833725065,0.0061341652833725065,2026-07-05T17:31:26.013341+00:00,"Run - Jul 05, 2026 at 22:57:34"
Q7,48,1917502.2419597518,0.00623782794714735,0.00623782794714735,2026-07-05T17:31:26.081732+00:00,"Run - Jul 05, 2026 at 22:57:34"
Q8,48,1916749.5795868833,0.006355232119047949,0.006355232119047949,2026-07-05T17:31:26.147757+00:00,"Run - Jul 05, 2026 at 22:57:34"
Q9,48,1918880.1458029912,0.006456853368303671,0.006456853368303671,2026-07-05T17:31:26.220966+00:00,"Run - Jul 05, 2026 at 22:57:34"
Q10,48,1920350.6994210195,0.006561915042260481,0.006561915042260481,2026-07-05T17:31:26.304191+00:00,"Run - Jul 05, 2026 at 22:57:34"
Q0,49,1909386.0939165468,0.005491697018416249,0.005491697018416249,2026-07-05T17:31:29.279518+00:00,"Run - Jul 05, 2026 at 22:57:34"
Q1,49,1909623.6308405607,0.005602548598889243,0.005602548598889243,2026-07-05T17:31:29.335467+00:00,"Run - Jul 05, 2026 at 22:57:34"
Q2,49,1909883.1977482047,0.005714270073172162,0.005714270073172162,2026-07-05T17:31:29.441035+00:00,"Run - Jul 05, 2026 at 22:57:34"
Q3,49,1910797.7832225875,0.005822069777223921,0.005822069777223921,2026-07-05T17:31:29.547351+00:00,"Run - Jul 05, 2026 at 22:57:34"
Q4,49,1912171.1677922334,0.005928201397025499,0.005928201397025499,2026-07-05T17:31:29.669543+00:00,"Run - Jul 05, 2026 at 22:57:34"
Q5,49,1912960.019230887,0.006036925391012895,0.006036925391012895,2026-07-05T17:31:29.780302+00:00,"Run - Jul 05, 2026 at 22:57:34"
Q6,49,1913965.6752772217,0.0061458977842023714,0.0061458977842023714,2026-07-05T17:31:29.883973+00:00,"Run - Jul 05, 2026 at 22:57:34"
Q7,49,1915358.1861965754,0.006249691593186155,0.006249691593186155,2026-07-05T17:31:29.939575+00:00,"Run - Jul 05, 2026 at 22:57:34"
Q8,49,1914593.827754106,0.006367285622128833,0.006367285622128833,2026-07-05T17:31:30.009416+00:00,"Run - Jul 05, 2026 at 22:57:34"
Q9,49,1916667.089767475,0.0064694711612237644,0.0064694711612237644,2026-07-05T17:31:30.142854+00:00,"Run - Jul 05, 2026 at 22:57:34"
Q10,49,1918015.3151725184,0.00657495509677993,0.00657495509677993,2026-07-05T17:31:30.435690+00:00,"Run - Jul 05, 2026 at 22:57:34"
Q0,50,1906904.1582865904,0.005504350266243727,0.005504350266243727,2026-07-05T17:31:35.630777+00:00,"Run - Jul 05, 2026 at 22:57:34"
Q1,50,1906868.789945699,0.0056176601663586,0.0056176601663586,2026-07-05T17:31:35.725678+00:00,"Run - Jul 05, 2026 at 22:57:34"
Q2,50,1907453.1622380256,0.00572709634424087,0.00572709634424087,2026-07-05T17:31:35.830918+00:00,"Run - Jul 05, 2026 at 22:57:34"
Q3,50,1908773.0730585214,0.005833035974340492,0.005833035974340492,2026-07-05T17:31:35.988122+00:00,"Run - Jul 05, 2026 at 22:57:34"
Q4,50,1909884.7760135885,0.005940802117777884,0.005940802117777884,2026-07-05T17:31:36.255123+00:00,"Run - Jul 05, 2026 at 22:57:34"
Q5,50,1910680.9068050324,0.0060498129818590375,0.0060498129818590375,2026-07-05T17:31:36.447951+00:00,"Run - Jul 05, 2026 at 22:57:34"
Q6,50,1911639.263201463,0.006159132206274428,0.006159132206274428,2026-07-05T17:31:36.564007+00:00,"Run - Jul 05, 2026 at 22:57:34"
Q7,50,1913027.7842310595,0.006262889023319793,0.006262889023319793,2026-07-05T17:31:36.716223+00:00,"Run - Jul 05, 2026 at 22:57:34"
Q8,50,1912251.010989001,0.0063810101690354995,0.0063810101690354995,2026-07-05T17:31:36.924341+00:00,"Run - Jul 05, 2026 at 22:57:34"
Q9,50,1914594.3366603723,0.006481470691252958,0.006481470691252958,2026-07-05T17:31:37.088595+00:00,"Run - Jul 05, 2026 at 22:57:34"
Q10,50,1915569.7828988559,0.006589812135600062,0.006589812135600062,2026-07-05T17:31:37.267668+00:00,"Run - Jul 05, 2026 at 22:57:34"
Q0,51,1904245.7748153473,0.005517116019694133,0.005517116019694133,2026-07-05T17:31:42.028918+00:00,"Run - Jul 05, 2026 at 22:57:34"
Q1,51,1904333.8836806254,0.005630355522280538,0.005630355522280538,2026-07-05T17:31:42.095163+00:00,"Run - Jul 05, 2026 at 22:57:34"
Q2,51,1905066.1243055647,0.005739158570634994,0.005739158570634994,2026-07-05T17:31:42.146122+00:00,"Run - Jul 05, 2026 at 22:57:34"
Q3,51,1906012.148453744,0.005846708201246374,0.005846708201246374,2026-07-05T17:31:42.506268+00:00,"Run - Jul 05, 2026 at 22:57:34"
Q4,51,1907232.0693518147,0.005954494683281008,0.005954494683281008,2026-07-05T17:31:42.788364+00:00,"Run - Jul 05, 2026 at 22:57:34"
Q5,51,1908369.3881642441,0.006062501852224912,0.006062501852224912,2026-07-05T17:31:42.871796+00:00,"Run - Jul 05, 2026 at 22:57:34"
Q6,51,1909060.5962778758,0.006173103348021696,0.006173103348021696,2026-07-05T17:31:42.949645+00:00,"Run - Jul 05, 2026 at 22:57:34"
Q7,51,1910370.2741877674,0.006277037759538503,0.006277037759538503,2026-07-05T17:31:43.070271+00:00,"Run - Jul 05, 2026 at 22:57:34"
Q8,51,1910092.198472578,0.006393528935950819,0.006393528935950819,2026-07-05T17:31:43.159291+00:00,"Run - Jul 05, 2026 at 22:57:34"
Q9,51,1912315.437100903,0.006494791603434151,0.006494791603434151,2026-07-05T17:31:43.239895+00:00,"Run - Jul 05, 2026 at 22:57:34"
Q10,51,1913021.3977027282,0.0066043243909425856,0.0066043243909425856,2026-07-05T17:31:43.335356+00:00,"Run - Jul 05, 2026 at 22:57:34"
Q0,52,1904284.1871817382,0.005516920164301372,0.005516920164301372,2026-07-05T17:31:47.084778+00:00,"Run - Jul 05, 2026 at 22:57:34"
Q1,52,1904372.315253207,0.005630156333554443,0.005630156333554443,2026-07-05T17:31:47.214480+00:00,"Run - Jul 05, 2026 at 22:57:34"
Q2,52,1905101.1604358463,0.005738950666576627,0.005738950666576627,2026-07-05T17:31:47.357871+00:00,"Run - Jul 05, 2026 at 22:57:34"
Q3,52,1906047.2020845814,0.005846496963854674,0.005846496963854674,2026-07-05T17:31:47.479137+00:00,"Run - Jul 05, 2026 at 22:57:34"
Q4,52,1907337.177683804,0.005953863993982981,0.005953863993982981,2026-07-05T17:31:47.579016+00:00,"Run - Jul 05, 2026 at 22:57:34"
Q5,52,1908481.49359088,0.006061858904047688,0.006061858904047688,2026-07-05T17:31:47.700314+00:00,"Run - Jul 05, 2026 at 22:57:34"
Q6,52,1909095.7024103815,0.006172882110629995,0.006172882110629995,2026-07-05T17:31:47.810181+00:00,"Run - Jul 05, 2026 at 22:57:34"
Q7,52,1910370.2741877674,0.006277037759538503,0.006277037759538503,2026-07-05T17:31:47.934393+00:00,"Run - Jul 05, 2026 at 22:57:34"
Q8,52,1910130.7644884929,0.006393306413891391,0.006393306413891391,2026-07-05T17:31:48.043744+00:00,"Run - Jul 05, 2026 at 22:57:34"
Q9,52,1912315.437100903,0.006494791603434151,0.006494791603434151,2026-07-05T17:31:48.114679+00:00,"Run - Jul 05, 2026 at 22:57:34"
Q10,52,1913098.7225401239,0.006603853176750558,0.006603853176750558,2026-07-05T17:31:48.222070+00:00,"Run - Jul 05, 2026 at 22:57:34"
Q0,53,1904120.2922722506,0.0055165938512381895,0.0055165938512381895,2026-07-05T17:31:52.484435+00:00,"Run - Jul 05, 2026 at 22:57:34"
Q1,53,1904756.6209098955,0.005627342361948135,0.005627342361948135,2026-07-05T17:31:52.745034+00:00,"Run - Jul 05, 2026 at 22:57:34"
Q2,53,1905038.9041141947,0.005738013154155641,0.005738013154155641,2026-07-05T17:31:52.882075+00:00,"Run - Jul 05, 2026 at 22:57:34"
Q3,53,1906521.9389436387,0.0058439228922449425,0.0058439228922449425,2026-07-05T17:31:53.235712+00:00,"Run - Jul 05, 2026 at 22:57:34"
Q4,53,1907001.2371391377,0.00595464248412284,0.00595464248412284,2026-07-05T17:31:53.325855+00:00,"Run - Jul 05, 2026 at 22:57:34"
Q5,53,1908563.5391318316,0.00606070644621965,0.00606070644621965,2026-07-05T17:31:53.674688+00:00,"Run - Jul 05, 2026 at 22:57:34"
Q6,53,1908824.3004182205,0.006173101189644759,0.006173101189644759,2026-07-05T17:31:53.797475+00:00,"Run - Jul 05, 2026 at 22:57:34"
Q7,53,1910365.8707143501,0.006277457708960859,0.006277457708960859,2026-07-05T17:31:53.918720+00:00,"Run - Jul 05, 2026 at 22:57:34"
Q8,53,1909957.869603238,0.006392856047954355,0.006392856047954355,2026-07-05T17:31:54.200827+00:00,"Run - Jul 05, 2026 at 22:57:34"
Q9,53,1912142.4561127622,0.006494354570830449,0.006494354570830449,2026-07-05T17:31:54.408388+00:00,"Run - Jul 05, 2026 at 22:57:34"
Q10,53,1912886.9350399994,0.006603671502946122,0.006603671502946122,2026-07-05T17:31:54.533833+00:00,"Run - Jul 05, 2026 at 22:57:34"
Q0,54,1904342.9195719901,0.005515187835635084,0.005515187835635084,2026-07-05T17:31:57.211374+00:00,"Run - Jul 05, 2026 at 22:57:34"
Q1,54,1905681.6758968076,0.005621516143046143,0.005621516143046143,2026-07-05T17:31:57.402431+00:00,"Run - Jul 05, 2026 at 22:57:34"
Q2,54,1905078.7642880492,0.005737708039603442,0.005737708039603442,2026-07-05T17:31:57.668470+00:00,"Run - Jul 05, 2026 at 22:57:34"
Q3,54,1906561.8190277028,0.005843614444359412,0.005843614444359412,2026-07-05T17:31:57.796970+00:00,"Run - Jul 05, 2026 at 22:57:34"
Q4,54,1907041.1371334111,0.005954330702903975,0.005954330702903975,2026-07-05T17:31:57.893873+00:00,"Run - Jul 05, 2026 at 22:57:34"
Q5,54,1908680.823255665,0.0060599281972336435,0.0060599281972336435,2026-07-05T17:31:58.110890+00:00,"Run - Jul 05, 2026 at 22:57:34"
Q6,54,1908864.2402329135,0.006172782741759229,0.006172782741759229,2026-07-05T17:31:58.548038+00:00,"Run - Jul 05, 2026 at 22:57:34"
Q7,54,1910721.0056135142,0.00627523839819053,0.00627523839819053,2026-07-05T17:31:58.947473+00:00,"Run - Jul 05, 2026 at 22:57:34"
Q8,54,1910139.2600624827,0.006391520379899276,0.006391520379899276,2026-07-05T17:31:59.494702+00:00,"Run - Jul 05, 2026 at 22:57:34"
Q9,54,1911974.098926812,0.0064955084365557695,0.0064955084365557695,2026-07-05T17:31:59.908333+00:00,"Run - Jul 05, 2026 at 22:57:34"
Q10,54,1913108.4130681972,0.006601980654792154,0.006601980654792154,2026-07-05T17:32:00.470266+00:00,"Run - Jul 05, 2026 at 22:57:34"
Q0,55,1904710.4562411543,0.005514885458887466,0.005514885458887466,2026-07-05T17:32:05.884379+00:00,"Run - Jul 05, 2026 at 22:57:34"
Q1,55,1905469.958604461,0.005622680474067082,0.005622680474067082,2026-07-05T17:32:05.948381+00:00,"Run - Jul 05, 2026 at 22:57:34"
Q2,55,1905366.8407346613,0.0057353300539424775,0.0057353300539424775,2026-07-05T17:32:06.153055+00:00,"Run - Jul 05, 2026 at 22:57:34"
Q3,55,1906684.7370706773,0.005843081975368216,0.005843081975368216,2026-07-05T17:32:06.310499+00:00,"Run - Jul 05, 2026 at 22:57:34"
Q4,55,1908027.882451328,0.005951540543837293,0.005951540543837293,2026-07-05T17:32:06.401727+00:00,"Run - Jul 05, 2026 at 22:57:34"
Q5,55,1908595.5385674194,0.006061855702599217,0.006061855702599217,2026-07-05T17:32:06.506153+00:00,"Run - Jul 05, 2026 at 22:57:34"
Q6,55,1909332.7720980323,0.006170899331611932,0.006170899331611932,2026-07-05T17:32:06.563226+00:00,"Run - Jul 05, 2026 at 22:57:34"
Q7,55,1910647.8352767583,0.006275505027973292,0.006275505027973292,2026-07-05T17:32:06.670855+00:00,"Run - Jul 05, 2026 at 22:57:34"
Q8,55,1909940.5576173258,0.006393854167222394,0.006393854167222394,2026-07-05T17:32:06.750029+00:00,"Run - Jul 05, 2026 at 22:57:34"
Q9,55,1911745.7251673583,0.006496816932962404,0.006496816932962404,2026-07-05T17:32:06.856867+00:00,"Run - Jul 05, 2026 at 22:57:34"
Q10,55,1913049.6445372729,0.0066031827709492775,0.0066031827709492775,2026-07-05T17:32:06.937676+00:00,"Run - Jul 05, 2026 at 22:57:34"
Q0,56,1905213.1335867147,0.005510417072259686,0.005510417072259686,2026-07-05T17:32:11.726076+00:00,"Run - Jul 05, 2026 at 22:57:34"
Q1,56,1906011.8098267638,0.00561817611188541,0.00561817611188541,2026-07-05T17:32:11.876393+00:00,"Run - Jul 05, 2026 at 22:57:34"
Q2,56,1905898.1343858766,0.005730815731842921,0.005730815731842921,2026-07-05T17:32:12.315914+00:00,"Run - Jul 05, 2026 at 22:57:34"
Q3,56,1908100.8804533759,0.005834720654054216,0.005834720654054216,2026-07-05T17:32:12.415299+00:00,"Run - Jul 05, 2026 at 22:57:34"
Q4,56,1908659.9178334428,0.00594690248487797,0.00594690248487797,2026-07-05T17:32:12.668571+00:00,"Run - Jul 05, 2026 at 22:57:34"
Q5,56,1909153.6656679257,0.0060572871217655635,0.0060572871217655635,2026-07-05T17:32:12.758649+00:00,"Run - Jul 05, 2026 at 22:57:34"
Q6,56,1909930.6136501217,0.006166861016453935,0.006166861016453935,2026-07-05T17:32:13.009906+00:00,"Run - Jul 05, 2026 at 22:57:34"
Q7,56,1910944.6222994542,0.0062731704796828835,0.0062731704796828835,2026-07-05T17:32:13.185892+00:00,"Run - Jul 05, 2026 at 22:57:34"
Q8,56,1910803.912674129,0.006387720755450385,0.006387720755450385,2026-07-05T17:32:13.502063+00:00,"Run - Jul 05, 2026 at 22:57:34"
Q9,56,1912481.4982360657,0.006491593980668912,0.006491593980668912,2026-07-05T17:32:13.617854+00:00,"Run - Jul 05, 2026 at 22:57:34"
Q10,56,1913385.109305037,0.006600415752001662,0.006600415752001662,2026-07-05T17:32:13.767643+00:00,"Run - Jul 05, 2026 at 22:57:34"
Q0,57,1905870.8134102325,0.005505288495535057,0.005505288495535057,2026-07-05T17:32:17.377246+00:00,"Run - Jul 05, 2026 at 22:57:34"
Q1,57,1906519.7055305787,0.005613773596677722,0.005613773596677722,2026-07-05T17:32:17.547379+00:00,"Run - Jul 05, 2026 at 22:57:34"
Q2,57,1906671.4372435084,0.00572597470252691,0.00572597470252691,2026-07-05T17:32:17.787646+00:00,"Run - Jul 05, 2026 at 22:57:34"
Q3,57,1908345.9990557206,0.0058315897181654905,0.0058315897181654905,2026-07-05T17:32:18.231235+00:00,"Run - Jul 05, 2026 at 22:57:34"
Q4,57,1908879.6230065231,0.005944321996169664,0.005944321996169664,2026-07-05T17:32:18.567362+00:00,"Run - Jul 05, 2026 at 22:57:34"
Q5,57,1909356.7330625467,0.0060548820060373175,0.0060548820060373175,2026-07-05T17:32:19.111843+00:00,"Run - Jul 05, 2026 at 22:57:34"
Q6,57,1910441.3322513867,0.006162048609702624,0.006162048609702624,2026-07-05T17:32:19.448744+00:00,"Run - Jul 05, 2026 at 22:57:34"
Q7,57,1911789.1131851138,0.006267640691219046,0.006267640691219046,2026-07-05T17:32:19.839427+00:00,"Run - Jul 05, 2026 at 22:57:34"
Q8,57,1911616.7355268293,0.006382397020497418,0.006382397020497418,2026-07-05T17:32:20.466526+00:00,"Run - Jul 05, 2026 at 22:57:34"
Q9,57,1913032.1480437275,0.006486737730629083,0.006486737730629083,2026-07-05T17:32:20.666452+00:00,"Run - Jul 05, 2026 at 22:57:34"
Q10,57,1913971.740987031,0.0065952207868470005,0.0065952207868470005,2026-07-05T17:32:20.804050+00:00,"Run - Jul 05, 2026 at 22:57:34"
Q0,58,1905912.0902476222,0.0055048092978031765,0.0055048092978031765,2026-07-05T17:32:26.160717+00:00,"Run - Jul 05, 2026 at 22:57:34"
Q1,58,1906045.6468680263,0.0056153643371255465,0.0056153643371255465,2026-07-05T17:32:26.297041+00:00,"Run - Jul 05, 2026 at 22:57:34"
Q2,58,1906634.4571069737,0.0057260305405381256,0.0057260305405381256,2026-07-05T17:32:26.419562+00:00,"Run - Jul 05, 2026 at 22:57:34"
Q3,58,1908309.0004476185,0.005831648889510041,0.005831648889510041,2026-07-05T17:32:26.612770+00:00,"Run - Jul 05, 2026 at 22:57:34"
Q4,58,1909064.8033739591,0.005942951734799738,0.005942951734799738,2026-07-05T17:32:26.772418+00:00,"Run - Jul 05, 2026 at 22:57:34"
Q5,58,1909395.940853102,0.006054601154832435,0.006054601154832435,2026-07-05T17:32:26.914293+00:00,"Run - Jul 05, 2026 at 22:57:34"
Q6,58,1910482.7329197577,0.006161549411970741,0.006161549411970741,2026-07-05T17:32:27.089002+00:00,"Run - Jul 05, 2026 at 22:57:34"
Q7,58,1911941.079936027,0.006266286939589707,0.006266286939589707,2026-07-05T17:32:27.233942+00:00,"Run - Jul 05, 2026 at 22:57:34"
Q8,58,1911618.9110165422,0.0063821820073037515,0.0063821820073037515,2026-07-05T17:32:27.492392+00:00,"Run - Jul 05, 2026 at 22:57:34"
Q9,58,1912995.0386062218,0.006486816901973632,0.006486816901973632,2026-07-05T17:32:27.713137+00:00,"Run - Jul 05, 2026 at 22:57:34"
Q10,58,1914052.4120397384,0.006594420294690148,0.006594420294690148,2026-07-05T17:32:27.833021+00:00,"Run - Jul 05, 2026 at 22:57:34"
Q0,59,1905693.5751557031,0.0055061684489707855,0.0055061684489707855,2026-07-05T17:32:33.483425+00:00,"Run - Jul 05, 2026 at 22:57:34"
Q1,59,1906292.1467617913,0.005613760203424401,0.005613760203424401,2026-07-05T17:32:33.584778+00:00,"Run - Jul 05, 2026 at 22:57:34"
Q2,59,1906556.5103045753,0.005726542693730003,0.005726542693730003,2026-07-05T17:32:33.772013+00:00,"Run - Jul 05, 2026 at 22:57:34"
Q3,59,1908382.1613445962,0.005831095963282192,0.005831095963282192,2026-07-05T17:32:33.844041+00:00,"Run - Jul 05, 2026 at 22:57:34"
Q4,59,1908947.590467021,0.005943754739196497,0.005943754739196497,2026-07-05T17:32:33.932082+00:00,"Run - Jul 05, 2026 at 22:57:34"
Q5,59,1909691.8969107708,0.00605237115136728,0.00605237115136728,2026-07-05T17:32:34.070517+00:00,"Run - Jul 05, 2026 at 22:57:34"
Q6,59,1910441.1974185903,0.006162085149972904,0.006162085149972904,2026-07-05T17:32:34.130942+00:00,"Run - Jul 05, 2026 at 22:57:34"
Q7,59,1911783.4698385585,0.006267165353771287,0.006267165353771287,2026-07-05T17:32:34.244040+00:00,"Run - Jul 05, 2026 at 22:57:34"
Q8,59,1911501.4641514441,0.006383025011700512,0.006383025011700512,2026-07-05T17:32:34.364454+00:00,"Run - Jul 05, 2026 at 22:57:34"
Q9,59,1912916.8192622669,0.0064873757218321774,0.0064873757218321774,2026-07-05T17:32:34.515447+00:00,"Run - Jul 05, 2026 at 22:57:34"
Q10,59,1914075.2753865365,0.006594029901155054,0.006594029901155054,2026-07-05T17:32:34.625746+00:00,"Run - Jul 05, 2026 at 22:57:34"
Q0,60,1905685.8164753066,0.005505936091967508,0.005505936091967508,2026-07-05T17:32:38.909265+00:00,"Run - Jul 05, 2026 at 22:57:34"
Q1,60,1906478.4338499014,0.005612298013870095,0.005612298013870095,2026-07-05T17:32:38.972662+00:00,"Run - Jul 05, 2026 at 22:57:34"
Q2,60,1906587.6917971948,0.005726334598343401,0.005726334598343401,2026-07-05T17:32:39.149619+00:00,"Run - Jul 05, 2026 at 22:57:34"
Q3,60,1908554.6262058667,0.005829903114142984,0.005829903114142984,2026-07-05T17:32:39.254931+00:00,"Run - Jul 05, 2026 at 22:57:34"
Q4,60,1909021.1107532056,0.005943031112447673,0.005943031112447673,2026-07-05T17:32:39.347477+00:00,"Run - Jul 05, 2026 at 22:57:34"
Q5,60,1909342.183090008,0.006053365436383843,0.006053365436383843,2026-07-05T17:32:39.505104+00:00,"Run - Jul 05, 2026 at 22:57:34"
Q6,60,1910460.3136933716,0.00616132737207105,0.00616132737207105,2026-07-05T17:32:39.706528+00:00,"Run - Jul 05, 2026 at 22:57:34"
Q7,60,1912071.5241217434,0.006263495577868031,0.006263495577868031,2026-07-05T17:32:39.805085+00:00,"Run - Jul 05, 2026 at 22:57:34"
Q8,60,1911671.4089257717,0.006381426335472924,0.006381426335472924,2026-07-05T17:32:40.573461+00:00,"Run - Jul 05, 2026 at 22:57:34"
Q9,60,1913418.4294317444,0.006483500255123906,0.006483500255123906,2026-07-05T17:32:40.806214+00:00,"Run - Jul 05, 2026 at 22:57:34"
Q10,60,1914326.2525258374,0.006591923450082386,0.006591923450082386,2026-07-05T17:32:41.476371+00:00,"Run - Jul 05, 2026 at 22:57:34"
Q0,61,1905281.9517062285,0.005506448058455292,0.005506448058455292,2026-07-05T17:32:47.149711+00:00,"Run - Jul 05, 2026 at 22:57:34"
Q1,61,1906658.845098163,0.0056112283312197185,0.0056112283312197185,2026-07-05T17:32:47.265888+00:00,"Run - Jul 05, 2026 at 22:57:34"
Q2,61,1907195.2195531882,0.005722963558434618,0.005722963558434618,2026-07-05T17:32:47.377082+00:00,"Run - Jul 05, 2026 at 22:57:34"
Q3,61,1908662.6652511437,0.005829006165280563,0.005829006165280563,2026-07-05T17:32:47.520204+00:00,"Run - Jul 05, 2026 at 22:57:34"
Q4,61,1908608.4610240948,0.005942969689758131,0.005942969689758131,2026-07-05T17:32:47.787839+00:00,"Run - Jul 05, 2026 at 22:57:34"
Q5,61,1909007.8309991264,0.006053680064564846,0.006053680064564846,2026-07-05T17:32:47.869004+00:00,"Run - Jul 05, 2026 at 22:57:34"
Q6,61,1910054.432068326,0.00616213574192364,0.00616213574192364,2026-07-05T17:32:48.089385+00:00,"Run - Jul 05, 2026 at 22:57:34"
Q7,61,1911969.7590311528,0.006264040094369844,0.006264040094369844,2026-07-05T17:32:48.360198+00:00,"Run - Jul 05, 2026 at 22:57:34"
Q8,61,1911447.0903424632,0.006381705023085976,0.006381705023085976,2026-07-05T17:32:48.604452+00:00,"Run - Jul 05, 2026 at 22:57:34"
Q9,61,1913940.8084834404,0.00647940595423242,0.00647940595423242,2026-07-05T17:32:48.815838+00:00,"Run - Jul 05, 2026 at 22:57:34"
Q10,61,1914542.850540541,0.006590051028159908,0.006590051028159908,2026-07-05T17:32:49.000735+00:00,"Run - Jul 05, 2026 at 22:57:34"
Q0,62,1905510.8861862675,0.005504768086040148,0.005504768086040148,2026-07-05T17:32:54.276912+00:00,"Run - Jul 05, 2026 at 22:57:34"
Q1,62,1907102.5830839975,0.005607879228793613,0.005607879228793613,2026-07-05T17:32:54.371353+00:00,"Run - Jul 05, 2026 at 22:57:34"
Q2,62,1907370.0478825045,0.005721605438333177,0.005721605438333177,2026-07-05T17:32:54.470326+00:00,"Run - Jul 05, 2026 at 22:57:34"
Q3,62,1909136.0188261264,0.0058255753451806795,0.0058255753451806795,2026-07-05T17:32:54.602668+00:00,"Run - Jul 05, 2026 at 22:57:34"
Q4,62,1908801.8223786755,0.005941512033630461,0.005941512033630461,2026-07-05T17:32:54.742705+00:00,"Run - Jul 05, 2026 at 22:57:34"
Q5,62,1909344.200783187,0.006051092584214573,0.006051092584214573,2026-07-05T17:32:54.918285+00:00,"Run - Jul 05, 2026 at 22:57:34"
Q6,62,1910463.8495279746,0.0061588261360989525,0.0061588261360989525,2026-07-05T17:32:55.039503+00:00,"Run - Jul 05, 2026 at 22:57:34"
Q7,62,1912343.4076111873,0.006261012761783659,0.006261012761783659,2026-07-05T17:32:55.158080+00:00,"Run - Jul 05, 2026 at 22:57:34"
Q8,62,1911747.8605102717,0.006379343192356509,0.006379343192356509,2026-07-05T17:32:55.279197+00:00,"Run - Jul 05, 2026 at 22:57:34"
Q9,62,1914290.429478945,0.00647689735138498,0.00647689735138498,2026-07-05T17:32:55.526865+00:00,"Run - Jul 05, 2026 at 22:57:34"
Q10,62,1914802.5761403616,0.006587751672986332,0.006587751672986332,2026-07-05T17:32:55.665494+00:00,"Run - Jul 05, 2026 at 22:57:34"
Q0,63,1905690.469354229,0.005503346583662962,0.005503346583662962,2026-07-05T17:33:00.020291+00:00,"Run - Jul 05, 2026 at 22:57:34"
Q1,63,1906668.8429951898,0.005610469837254741,0.005610469837254741,2026-07-05T17:33:00.272331+00:00,"Run - Jul 05, 2026 at 22:57:34"
Q2,63,1907403.7964282301,0.005721216747087715,0.005721216747087715,2026-07-05T17:33:00.408619+00:00,"Run - Jul 05, 2026 at 22:57:34"
Q3,63,1909314.1139582177,0.005823618336406939,0.005823618336406939,2026-07-05T17:33:00.476809+00:00,"Run - Jul 05, 2026 at 22:57:34"
Q4,63,1908763.2175529492,0.005941734059096394,0.005941734059096394,2026-07-05T17:33:00.597573+00:00,"Run - Jul 05, 2026 at 22:57:34"
Q5,63,1909452.2429477465,0.006050193152388346,0.006050193152388346,2026-07-05T17:33:00.700291+00:00,"Run - Jul 05, 2026 at 22:57:34"
Q6,63,1910426.0705120042,0.006159008018211191,0.006159008018211191,2026-07-05T17:33:00.837230+00:00,"Run - Jul 05, 2026 at 22:57:34"
Q7,63,1912120.7081309704,0.00626188082924336,0.00626188082924336,2026-07-05T17:33:00.958763+00:00,"Run - Jul 05, 2026 at 22:57:34"
Q8,63,1911744.8508812813,0.006379293169374278,0.006379293169374278,2026-07-05T17:33:01.309610+00:00,"Run - Jul 05, 2026 at 22:57:34"
Q9,63,1914290.429478945,0.00647689735138498,0.00647689735138498,2026-07-05T17:33:01.571533+00:00,"Run - Jul 05, 2026 at 22:57:34"
Q10,63,1914875.179953913,0.0065870942896082705,0.0065870942896082705,2026-07-05T17:33:01.726930+00:00,"Run - Jul 05, 2026 at 22:57:34"
Q0,64,1905980.0922254645,0.00550108327927606,0.00550108327927606,2026-07-05T17:33:06.634607+00:00,"Run - Jul 05, 2026 at 22:57:34"
Q1,64,1906668.8429951898,0.005610469837254741,0.005610469837254741,2026-07-05T17:33:06.756655+00:00,"Run - Jul 05, 2026 at 22:57:34"
Q2,64,1907657.3884641929,0.005719205938101767,0.005719205938101767,2026-07-05T17:33:06.852927+00:00,"Run - Jul 05, 2026 at 22:57:34"
Q3,64,1909423.020903959,0.005822692951727853,0.005822692951727853,2026-07-05T17:33:06.989300+00:00,"Run - Jul 05, 2026 at 22:57:34"
Q4,64,1908872.2881046906,0.00594090877851027,0.00594090877851027,2026-07-05T17:33:07.117808+00:00,"Run - Jul 05, 2026 at 22:57:34"
Q5,64,1909452.2429477465,0.006050193152388346,0.006050193152388346,2026-07-05T17:33:07.270118+00:00,"Run - Jul 05, 2026 at 22:57:34"
Q6,64,1910535.2499163942,0.006158162737625067,0.006158162737625067,2026-07-05T17:33:07.424101+00:00,"Run - Jul 05, 2026 at 22:57:34"
Q7,64,1912229.9419616847,0.006261025548657234,0.006261025548657234,2026-07-05T17:33:07.619025+00:00,"Run - Jul 05, 2026 at 22:57:34"
Q8,64,1911962.6641698135,0.006377358085029656,0.006377358085029656,2026-07-05T17:33:07.867807+00:00,"Run - Jul 05, 2026 at 22:57:34"
Q9,64,1914436.2196143062,0.006475692908731235,0.006475692908731235,2026-07-05T17:33:08.005662+00:00,"Run - Jul 05, 2026 at 22:57:34"
Q10,64,1914907.2522262037,0.006586680223214174,0.006586680223214174,2026-07-05T17:33:08.256793+00:00,"Run - Jul 05, 2026 at 22:57:34"
Q0,65,1905970.2393567364,0.005501423615822266,0.005501423615822266,2026-07-05T17:33:12.849171+00:00,"Run - Jul 05, 2026 at 22:57:34"
Q1,65,1906809.2227100926,0.00560973182326703,0.00560973182326703,2026-07-05T17:33:12.978948+00:00,"Run - Jul 05, 2026 at 22:57:34"
Q2,65,1907757.978159802,0.005718759705332919,0.005718759705332919,2026-07-05T17:33:13.165681+00:00,"Run - Jul 05, 2026 at 22:57:34"
Q3,65,1909345.4470841282,0.0058237625143665265,0.0058237625143665265,2026-07-05T17:33:13.259160+00:00,"Run - Jul 05, 2026 at 22:57:34"
Q4,65,1909194.1190816553,0.005938696178148076,0.005938696178148076,2026-07-05T17:33:13.386894+00:00,"Run - Jul 05, 2026 at 22:57:34"
Q5,65,1909735.9324582994,0.006048151538343431,0.006048151538343431,2026-07-05T17:33:13.580989+00:00,"Run - Jul 05, 2026 at 22:57:34"
Q6,65,1910675.9804041008,0.006157358056970689,0.006157358056970689,2026-07-05T17:33:13.713129+00:00,"Run - Jul 05, 2026 at 22:57:34"
Q7,65,1912554.7794667557,0.006259571492675757,0.006259571492675757,2026-07-05T17:33:13.841736+00:00,"Run - Jul 05, 2026 at 22:57:34"
Q8,65,1911885.714528579,0.006378058337116283,0.006378058337116283,2026-07-05T17:33:13.962063+00:00,"Run - Jul 05, 2026 at 22:57:34"
Q9,65,1914502.0119684923,0.006475416082277078,0.006475416082277078,2026-07-05T17:33:14.121753+00:00,"Run - Jul 05, 2026 at 22:57:34"
Q10,65,1914966.809393854,0.0065865883641569615,0.0065865883641569615,2026-07-05T17:33:14.290413+00:00,"Run - Jul 05, 2026 at 22:57:34"
Q0,66,1906137.5949057087,0.005500877881629288,0.005500877881629288,2026-07-05T17:33:19.166146+00:00,"Run - Jul 05, 2026 at 22:57:34"
Q1,66,1907775.953942246,0.005603937645862006,0.005603937645862006,2026-07-05T17:33:19.355839+00:00,"Run - Jul 05, 2026 at 22:57:34"
Q2,66,1908214.1196493586,0.005716200176695698,0.005716200176695698,2026-07-05T17:33:19.457716+00:00,"Run - Jul 05, 2026 at 22:57:34"
Q3,66,1909846.5040128047,0.005821061377628425,0.005821061377628425,2026-07-05T17:33:19.574460+00:00,"Run - Jul 05, 2026 at 22:57:34"
Q4,66,1909723.1033418537,0.005935432599466128,0.005935432599466128,2026-07-05T17:33:19.815529+00:00,"Run - Jul 05, 2026 at 22:57:34"
Q5,66,1909721.608158588,0.006048565019506605,0.006048565019506605,2026-07-05T17:33:19.955980+00:00,"Run - Jul 05, 2026 at 22:57:34"
Q6,66,1911095.6541720363,0.00615442638130979,0.00615442638130979,2026-07-05T17:33:20.124209+00:00,"Run - Jul 05, 2026 at 22:57:34"
Q7,66,1912359.4646865698,0.006261157146207344,0.006261157146207344,2026-07-05T17:33:20.302608+00:00,"Run - Jul 05, 2026 at 22:57:34"
Q8,66,1912198.254377352,0.006375950251366941,0.006375950251366941,2026-07-05T17:33:20.418168+00:00,"Run - Jul 05, 2026 at 22:57:34"
Q9,66,1914023.9581740177,0.006479024611939839,0.006479024611939839,2026-07-05T17:33:20.541479+00:00,"Run - Jul 05, 2026 at 22:57:34"
Q10,66,1915278.68621831,0.0065844729837853016,0.0065844729837853016,2026-07-05T17:33:20.668955+00:00,"Run - Jul 05, 2026 at 22:57:34"
Q0,67,1906089.866516048,0.005501453047341298,0.005501453047341298,2026-07-05T17:33:27.331773+00:00,"Run - Jul 05, 2026 at 22:57:34"
Q1,67,1907287.9069854438,0.005607067169252,0.005607067169252,2026-07-05T17:33:27.534522+00:00,"Run - Jul 05, 2026 at 22:57:34"
Q2,67,1907964.0303820288,0.00571688486269213,0.00571688486269213,2026-07-05T17:33:27.708817+00:00,"Run - Jul 05, 2026 at 22:57:34"
Q3,67,1909263.2569465335,0.005824626314531268,0.005824626314531268,2026-07-05T17:33:27.852271+00:00,"Run - Jul 05, 2026 at 22:57:34"
Q4,67,1909529.0855917137,0.005936635614331658,0.005936635614331658,2026-07-05T17:33:28.067773+00:00,"Run - Jul 05, 2026 at 22:57:34"
Q5,67,1909494.2566795822,0.006050479359949984,0.006050479359949984,2026-07-05T17:33:28.318009+00:00,"Run - Jul 05, 2026 at 22:57:34"
Q6,67,1911121.9920920702,0.00615515985992694,0.00615515985992694,2026-07-05T17:33:28.437982+00:00,"Run - Jul 05, 2026 at 22:57:34"
Q7,67,1912093.0850085083,0.006262728506827171,0.006262728506827171,2026-07-05T17:33:28.596957+00:00,"Run - Jul 05, 2026 at 22:57:34"
Q8,67,1911969.9069818382,0.006377671436427975,0.006377671436427975,2026-07-05T17:33:28.805958+00:00,"Run - Jul 05, 2026 at 22:57:34"
Q9,67,1913795.4970596067,0.006480765797000873,0.006480765797000873,2026-07-05T17:33:29.166837+00:00,"Run - Jul 05, 2026 at 22:57:34"
Q10,67,1915128.2507891627,0.006586049199051982,0.006586049199051982,2026-07-05T17:33:29.297549+00:00,"Run - Jul 05, 2026 at 22:57:34"
Q0,68,1906108.054335483,0.0055031637092997155,0.0055031637092997155,2026-07-05T17:33:33.906525+00:00,"Run - Jul 05, 2026 at 22:57:34"
Q1,68,1907053.6469077154,0.005609064178385348,0.005609064178385348,2026-07-05T17:33:34.069164+00:00,"Run - Jul 05, 2026 at 22:57:34"
Q2,68,1907458.4774034547,0.005720164941640501,0.005720164941640501,2026-07-05T17:33:34.232545+00:00,"Run - Jul 05, 2026 at 22:57:34"
Q3,68,1909303.796913852,0.005824495347351368,0.005824495347351368,2026-07-05T17:33:34.379621+00:00,"Run - Jul 05, 2026 at 22:57:34"
Q4,68,1909786.7878135585,0.005937903170555964,0.005937903170555964,2026-07-05T17:33:34.500549+00:00,"Run - Jul 05, 2026 at 22:57:34"
Q5,68,1909911.4717105024,0.006051110726182261,0.006051110726182261,2026-07-05T17:33:34.618146+00:00,"Run - Jul 05, 2026 at 22:57:34"
Q6,68,1911453.9373902036,0.006154316453253607,0.006154316453253607,2026-07-05T17:33:34.783441+00:00,"Run - Jul 05, 2026 at 22:57:34"
Q7,68,1911949.166925225,0.006266267187858029,0.006266267187858029,2026-07-05T17:33:34.950888+00:00,"Run - Jul 05, 2026 at 22:57:34"
Q8,68,1912302.878697572,0.006376997752839698,0.006376997752839698,2026-07-05T17:33:35.109215+00:00,"Run - Jul 05, 2026 at 22:57:34"
Q9,68,1912976.6013132087,0.00648717915566433,0.00648717915566433,2026-07-05T17:33:35.360046+00:00,"Run - Jul 05, 2026 at 22:57:34"
Q10,68,1914903.4334035786,0.00658863247025443,0.00658863247025443,2026-07-05T17:33:35.771162+00:00,"Run - Jul 05, 2026 at 22:57:34"
Q0,69,1905870.0572702952,0.0055050339318104815,0.0055050339318104815,2026-07-05T17:33:41.203777+00:00,"Run - Jul 05, 2026 at 22:57:34"
Q1,69,1907372.4988675287,0.0056080356084856455,0.0056080356084856455,2026-07-05T17:33:41.315605+00:00,"Run - Jul 05, 2026 at 22:57:34"
Q2,69,1907586.3221781917,0.005720348194344625,0.005720348194344625,2026-07-05T17:33:41.547158+00:00,"Run - Jul 05, 2026 at 22:57:34"
Q3,69,1909235.485861168,0.005826076033502666,0.005826076033502666,2026-07-05T17:33:41.664334+00:00,"Run - Jul 05, 2026 at 22:57:34"
Q4,69,1909914.5796435098,0.005938692166435223,0.005938692166435223,2026-07-05T17:33:41.822809+00:00,"Run - Jul 05, 2026 at 22:57:34"
Q5,69,1909854.6522549677,0.006052594659275845,0.006052594659275845,2026-07-05T17:33:42.061033+00:00,"Run - Jul 05, 2026 at 22:57:34"
Q6,69,1911532.1378390081,0.0061538091755769546,0.0061538091755769546,2026-07-05T17:33:42.310934+00:00,"Run - Jul 05, 2026 at 22:57:34"
Q7,69,1911932.0151814604,0.006267393283425568,0.006267393283425568,2026-07-05T17:33:42.419322+00:00,"Run - Jul 05, 2026 at 22:57:34"
Q8,69,1912636.2142335644,0.006375443468890701,0.006375443468890701,2026-07-05T17:33:42.541068+00:00,"Run - Jul 05, 2026 at 22:57:34"
Q9,69,1912848.5484657213,0.006488521221523738,0.006488521221523738,2026-07-05T17:33:42.609212+00:00,"Run - Jul 05, 2026 at 22:57:34"
Q10,69,1914775.3168162035,0.006589984536113837,0.006589984536113837,2026-07-05T17:33:42.756466+00:00,"Run - Jul 05, 2026 at 22:57:34"
Q0,70,1905854.127860185,0.005505452303704668,0.005505452303704668,2026-07-05T17:33:46.974772+00:00,"Run - Jul 05, 2026 at 22:57:34"
Q1,70,1906969.5629324806,0.005611039781292562,0.005611039781292562,2026-07-05T17:33:47.203575+00:00,"Run - Jul 05, 2026 at 22:57:34"
Q2,70,1907545.4369979715,0.005720982527786858,0.005720982527786858,2026-07-05T17:33:47.314557+00:00,"Run - Jul 05, 2026 at 22:57:34"
Q3,70,1908967.8822685098,0.005827887782921782,0.005827887782921782,2026-07-05T17:33:47.433042+00:00,"Run - Jul 05, 2026 at 22:57:34"
Q4,70,1909810.4980067292,0.005939432265498495,0.005939432265498495,2026-07-05T17:33:47.804467+00:00,"Run - Jul 05, 2026 at 22:57:34"
Q5,70,1909773.8281350418,0.006053386505221111,0.006053386505221111,2026-07-05T17:33:47.917767+00:00,"Run - Jul 05, 2026 at 22:57:34"
Q6,70,1911571.9168383619,0.006153664877668848,0.006153664877668848,2026-07-05T17:33:48.052572+00:00,"Run - Jul 05, 2026 at 22:57:34"
Q7,70,1911708.009715188,0.006269225732747245,0.006269225732747245,2026-07-05T17:33:48.412593+00:00,"Run - Jul 05, 2026 at 22:57:34"
Q8,70,1912712.571655155,0.006375076779674601,0.006375076779674601,2026-07-05T17:33:48.677467+00:00,"Run - Jul 05, 2026 at 22:57:34"
Q9,70,1912849.1009445044,0.006488661108153848,0.006488661108153848,2026-07-05T17:33:48.910198+00:00,"Run - Jul 05, 2026 at 22:57:34"
Q10,70,1914674.7479447324,0.006591080302804251,0.006591080302804251,2026-07-05T17:33:49.128532+00:00,"Run - Jul 05, 2026 at 22:57:34"
Q0,71,1905195.655384595,0.005509327697477025,0.005509327697477025,2026-07-05T17:33:53.840832+00:00,"Run - Jul 05, 2026 at 22:57:34"
Q1,71,1906749.1387522114,0.005613309784410574,0.005613309784410574,2026-07-05T17:33:53.975220+00:00,"Run - Jul 05, 2026 at 22:57:34"
Q2,71,1906924.6784635084,0.005724784727704521,0.005724784727704521,2026-07-05T17:33:54.102844+00:00,"Run - Jul 05, 2026 at 22:57:34"
Q3,71,1908617.9330233685,0.005830118237941969,0.005830118237941969,2026-07-05T17:33:54.601815+00:00,"Run - Jul 05, 2026 at 22:57:34"
Q4,71,1909150.7085851466,0.0059435343259375195,0.0059435343259375195,2026-07-05T17:33:54.716619+00:00,"Run - Jul 05, 2026 at 22:57:34"
Q5,71,1909421.967684833,0.006055825408942106,0.006055825408942106,2026-07-05T17:33:54.873960+00:00,"Run - Jul 05, 2026 at 22:57:34"
Q6,71,1910911.4689437822,0.006157880271441205,0.006157880271441205,2026-07-05T17:33:55.080555+00:00,"Run - Jul 05, 2026 at 22:57:34"
Q7,71,1910930.8938159882,0.006274226968469934,0.006274226968469934,2026-07-05T17:33:55.234013+00:00,"Run - Jul 05, 2026 at 22:57:34"
Q8,71,1912013.4838460071,0.006379572536434105,0.006379572536434105,2026-07-05T17:33:55.366250+00:00,"Run - Jul 05, 2026 at 22:57:34"
Q9,71,1912188.9509944883,0.006492922680375135,0.006492922680375135,2026-07-05T17:33:55.508750+00:00,"Run - Jul 05, 2026 at 22:57:34"
Q10,71,1913860.7626540111,0.006596573586975107,0.006596573586975107,2026-07-05T17:33:55.694368+00:00,"Run - Jul 05, 2026 at 22:57:34"
Q0,72,1905409.2509600474,0.005510941565711462,0.005510941565711462,2026-07-05T17:34:01.124971+00:00,"Run - Jul 05, 2026 at 22:57:34"
Q1,72,1906933.2181888334,0.005616901731311269,0.005616901731311269,2026-07-05T17:34:01.282623+00:00,"Run - Jul 05, 2026 at 22:57:34"
Q2,72,1906740.4123841468,0.005727842536817558,0.005727842536817558,2026-07-05T17:34:01.484380+00:00,"Run - Jul 05, 2026 at 22:57:34"
Q3,72,1908571.6717917873,0.005832188702333236,0.005832188702333236,2026-07-05T17:34:01.652968+00:00,"Run - Jul 05, 2026 at 22:57:34"
Q4,72,1909295.2799524304,0.005945811940123841,0.005945811940123841,2026-07-05T17:34:01.787868+00:00,"Run - Jul 05, 2026 at 22:57:34"
Q5,72,1909310.1443066362,0.00605848466853086,0.00605848466853086,2026-07-05T17:34:01.933595+00:00,"Run - Jul 05, 2026 at 22:57:34"
Q6,72,1911079.7945538259,0.006159434615134729,0.006159434615134729,2026-07-05T17:34:02.098697+00:00,"Run - Jul 05, 2026 at 22:57:34"
Q7,72,1911073.5917067775,0.00627497211913672,0.00627497211913672,2026-07-05T17:34:02.278845+00:00,"Run - Jul 05, 2026 at 22:57:34"
Q8,72,1912237.90012289,0.006381094627339353,0.006381094627339353,2026-07-05T17:34:02.488992+00:00,"Run - Jul 05, 2026 at 22:57:34"
Q9,72,1912240.3731431456,0.006495468934277078,0.006495468934277078,2026-07-05T17:34:02.621550+00:00,"Run - Jul 05, 2026 at 22:57:34"
Q10,72,1913928.6341777786,0.006597501360010868,0.006597501360010868,2026-07-05T17:34:02.745111+00:00,"Run - Jul 05, 2026 at 22:57:34"
Q0,73,1905209.816314493,0.0055137122670108505,0.0055137122670108505,2026-07-05T17:34:09.711911+00:00,"Run - Jul 05, 2026 at 22:57:34"
Q1,73,1907300.3286033599,0.00561683008404534,0.00561683008404534,2026-07-05T17:34:10.027065+00:00,"Run - Jul 05, 2026 at 22:57:34"
Q2,73,1906542.7074037138,0.005730441930540026,0.005730441930540026,2026-07-05T17:34:10.265121+00:00,"Run - Jul 05, 2026 at 22:57:34"
Q3,73,1907602.113369872,0.005837901299073028,0.005837901299073028,2026-07-05T17:34:10.633424+00:00,"Run - Jul 05, 2026 at 22:57:34"
Q4,73,1909394.8741380281,0.005946248450588563,0.005946248450588563,2026-07-05T17:34:10.754199+00:00,"Run - Jul 05, 2026 at 22:57:34"
Q5,73,1910147.6093488645,0.006056938097033327,0.006056938097033327,2026-07-05T17:34:10.914523+00:00,"Run - Jul 05, 2026 at 22:57:34"
Q6,73,1910417.9013407445,0.006163987752942736,0.006163987752942736,2026-07-05T17:34:11.108945+00:00,"Run - Jul 05, 2026 at 22:57:34"
Q7,73,1911031.6228510614,0.006275516877405441,0.006275516877405441,2026-07-05T17:34:11.277478+00:00,"Run - Jul 05, 2026 at 22:57:34"
Q8,73,1912162.9780246771,0.00638205267494081,0.00638205267494081,2026-07-05T17:34:11.460033+00:00,"Run - Jul 05, 2026 at 22:57:34"
Q9,73,1911934.806976887,0.006497681406342732,0.006497681406342732,2026-07-05T17:34:11.639836+00:00,"Run - Jul 05, 2026 at 22:57:34"
Q10,73,1914036.7230600237,0.0065980736339071346,0.0065980736339071346,2026-07-05T17:34:11.762662+00:00,"Run - Jul 05, 2026 at 22:57:34"
Q0,74,1904959.4197371623,0.005514307005045407,0.005514307005045407,2026-07-05T17:34:15.839332+00:00,"Run - Jul 05, 2026 at 22:57:34"
Q1,74,1907831.9964322848,0.005614066012871752,0.005614066012871752,2026-07-05T17:34:15.964764+00:00,"Run - Jul 05, 2026 at 22:57:34"
Q2,74,1906641.906615711,0.005730727475417375,0.005730727475417375,2026-07-05T17:34:16.099632+00:00,"Run - Jul 05, 2026 at 22:57:34"
Q3,74,1908074.5990116496,0.005834923755694722,0.005834923755694722,2026-07-05T17:34:16.312381+00:00,"Run - Jul 05, 2026 at 22:57:34"
Q4,74,1909024.6996736336,0.005946834984747909,0.005946834984747909,2026-07-05T17:34:16.410912+00:00,"Run - Jul 05, 2026 at 22:57:34"
Q5,74,1910456.226722846,0.006054525186337593,0.006054525186337593,2026-07-05T17:34:16.572866+00:00,"Run - Jul 05, 2026 at 22:57:34"
Q6,74,1910545.6649278721,0.00616219115072053,0.00616219115072053,2026-07-05T17:34:16.712949+00:00,"Run - Jul 05, 2026 at 22:57:34"
Q7,74,1911350.6630424403,0.006273683064292318,0.006273683064292318,2026-07-05T17:34:16.861331+00:00,"Run - Jul 05, 2026 at 22:57:34"
Q8,74,1912547.1369656937,0.006379333839419473,0.006379333839419473,2026-07-05T17:34:17.237986+00:00,"Run - Jul 05, 2026 at 22:57:34"
Q9,74,1912446.853018916,0.006494646114861259,0.006494646114861259,2026-07-05T17:34:17.489713+00:00,"Run - Jul 05, 2026 at 22:57:34"
Q10,74,1914341.841518176,0.00659522439996634,0.00659522439996634,2026-07-05T17:34:17.609324+00:00,"Run - Jul 05, 2026 at 22:57:34"
Q0,75,1904772.3206670487,0.005515450406272634,0.005515450406272634,2026-07-05T17:34:21.025093+00:00,"Run - Jul 05, 2026 at 22:57:34"
Q1,75,1907491.0676351793,0.005616399257284521,0.005616399257284521,2026-07-05T17:34:21.155089+00:00,"Run - Jul 05, 2026 at 22:57:34"
Q2,75,1906523.8861973116,0.00573157786374658,0.00573157786374658,2026-07-05T17:34:21.343626+00:00,"Run - Jul 05, 2026 at 22:57:34"
Q3,75,1907804.241942688,0.005836426146847441,0.005836426146847441,2026-07-05T17:34:21.498398+00:00,"Run - Jul 05, 2026 at 22:57:34"
Q4,75,1909055.8954152174,0.0059466127513642655,0.0059466127513642655,2026-07-05T17:34:21.606921+00:00,"Run - Jul 05, 2026 at 22:57:34"
Q5,75,1910489.0983715507,0.006054883446402191,0.006054883446402191,2026-07-05T17:34:21.756217+00:00,"Run - Jul 05, 2026 at 22:57:34"
Q6,75,1910505.7251131788,0.006162509598606061,0.006162509598606061,2026-07-05T17:34:21.934958+00:00,"Run - Jul 05, 2026 at 22:57:34"
Q7,75,1911199.1513577239,0.006274244067777426,0.006274244067777426,2026-07-05T17:34:22.084790+00:00,"Run - Jul 05, 2026 at 22:57:34"
Q8,75,1912401.4168488013,0.0063803802264320066,0.0063803802264320066,2026-07-05T17:34:22.270707+00:00,"Run - Jul 05, 2026 at 22:57:34"
Q9,75,1912544.7872959585,0.0064939674013771605,0.0064939674013771605,2026-07-05T17:34:22.438121+00:00,"Run - Jul 05, 2026 at 22:57:34"
Q10,75,1914151.8366605719,0.00659708429611172,0.00659708429611172,2026-07-05T17:34:22.545820+00:00,"Run - Jul 05, 2026 at 22:57:34"
Q0,76,1905592.2535958234,0.0055134671108984954,0.0055134671108984954,2026-07-05T17:34:26.787323+00:00,"Run - Jul 05, 2026 at 22:57:34"
Q1,76,1907914.4818851603,0.005615640564723821,0.005615640564723821,2026-07-05T17:34:27.197434+00:00,"Run - Jul 05, 2026 at 22:57:34"
Q2,76,1907385.9749535648,0.005729308239368418,0.005729308239368418,2026-07-05T17:34:27.619933+00:00,"Run - Jul 05, 2026 at 22:57:34"
Q3,76,1908255.5826079515,0.0058351016940902155,0.0058351016940902155,2026-07-05T17:34:27.857644+00:00,"Run - Jul 05, 2026 at 22:57:34"
Q4,76,1909806.6802498687,0.005944835578569833,0.005944835578569833,2026-07-05T17:34:28.079912+00:00,"Run - Jul 05, 2026 at 22:57:34"
Q5,76,1910574.7103466059,0.006054662522305167,0.006054662522305167,2026-07-05T17:34:28.274145+00:00,"Run - Jul 05, 2026 at 22:57:34"
Q6,76,1911227.4915436332,0.006160997266211688,0.006160997266211688,2026-07-05T17:34:28.369213+00:00,"Run - Jul 05, 2026 at 22:57:34"
Q7,76,1911765.6957377049,0.006272251642709218,0.006272251642709218,2026-07-05T17:34:28.526988+00:00,"Run - Jul 05, 2026 at 22:57:34"
Q8,76,1913377.177657517,0.006377112954969686,0.006377112954969686,2026-07-05T17:34:28.682868+00:00,"Run - Jul 05, 2026 at 22:57:34"
Q9,76,1913409.4362871777,0.0064912094447576,0.0064912094447576,2026-07-05T17:34:28.833076+00:00,"Run - Jul 05, 2026 at 22:57:34"
Q10,76,1914865.2442647635,0.006594860738598725,0.006594860738598725,2026-07-05T17:34:29.103975+00:00,"Run - Jul 05, 2026 at 22:57:34"
Q0,77,1905778.0591068314,0.005513179527282444,0.005513179527282444,2026-07-05T17:34:33.563778+00:00,"Run - Jul 05, 2026 at 22:57:34"
Q1,77,1908064.2168531644,0.005615293943341519,0.005615293943341519,2026-07-05T17:34:33.667153+00:00,"Run - Jul 05, 2026 at 22:57:34"
Q2,77,1907469.7556273376,0.005729290608581581,0.005729290608581581,2026-07-05T17:34:33.897748+00:00,"Run - Jul 05, 2026 at 22:57:34"
Q3,77,1908480.0215812866,0.005834571383465343,0.005834571383465343,2026-07-05T17:34:34.049460+00:00,"Run - Jul 05, 2026 at 22:57:34"
Q4,77,1909961.194073885,0.005944701386517953,0.005944701386517953,2026-07-05T17:34:34.179931+00:00,"Run - Jul 05, 2026 at 22:57:34"
Q5,77,1910649.3268822995,0.006054508782609752,0.006054508782609752,2026-07-05T17:34:34.381522+00:00,"Run - Jul 05, 2026 at 22:57:34"
Q6,77,1911339.0730580322,0.00616079983355548,0.00616079983355548,2026-07-05T17:34:34.587699+00:00,"Run - Jul 05, 2026 at 22:57:34"
Q7,77,1911990.582916149,0.006271641332084344,0.006271641332084344,2026-07-05T17:34:34.671618+00:00,"Run - Jul 05, 2026 at 22:57:34"
Q8,77,1913338.6116416021,0.006377335477029115,0.006377335477029115,2026-07-05T17:34:34.831643+00:00,"Run - Jul 05, 2026 at 22:57:34"
Q9,77,1913485.116654011,0.006490926899052318,0.006490926899052318,2026-07-05T17:34:34.977950+00:00,"Run - Jul 05, 2026 at 22:57:34"
Q10,77,1915091.0423093578,0.00659412450919017,0.00659412450919017,2026-07-05T17:34:35.125441+00:00,"Run - Jul 05, 2026 at 22:57:34"
Q0,78,1905703.7789887162,0.005513673297652853,0.005513673297652853,2026-07-05T17:34:39.489793+00:00,"Run - Jul 05, 2026 at 22:57:34"
Q1,78,1907949.7269108319,0.005615799393375633,0.005615799393375633,2026-07-05T17:34:39.827883+00:00,"Run - Jul 05, 2026 at 22:57:34"
Q2,78,1907392.5161124042,0.005729734852563251,0.005729734852563251,2026-07-05T17:34:39.923856+00:00,"Run - Jul 05, 2026 at 22:57:34"
Q3,78,1908406.0833997135,0.005835032825588995,0.005835032825588995,2026-07-05T17:34:40.398247+00:00,"Run - Jul 05, 2026 at 22:57:34"
Q4,78,1909820.2574682701,0.005945625062383706,0.005945625062383706,2026-07-05T17:34:40.722096+00:00,"Run - Jul 05, 2026 at 22:57:34"
Q5,78,1910497.7285769535,0.006055473767172189,0.006055473767172189,2026-07-05T17:34:40.867627+00:00,"Run - Jul 05, 2026 at 22:57:34"
Q6,78,1911375.7789794437,0.006160789991717951,0.006160789991717951,2026-07-05T17:34:41.129938+00:00,"Run - Jul 05, 2026 at 22:57:34"
Q7,78,1911760.5707429952,0.00627281167429135,0.00627281167429135,2026-07-05T17:34:41.323329+00:00,"Run - Jul 05, 2026 at 22:57:34"
Q8,78,1913200.6918181486,0.0063783220870835735,0.0063783220870835735,2026-07-05T17:34:41.487893+00:00,"Run - Jul 05, 2026 at 22:57:34"
Q9,78,1913671.0720749923,0.006490567608806801,0.006490567608806801,2026-07-05T17:34:41.636784+00:00,"Run - Jul 05, 2026 at 22:57:34"
Q10,78,1914898.8282155911,0.00659517804503237,0.00659517804503237,2026-07-05T17:34:41.853682+00:00,"Run - Jul 05, 2026 at 22:57:34"
Q0,79,1905746.8660284313,0.005513393594475116,0.005513393594475116,2026-07-05T17:34:48.767808+00:00,"Run - Jul 05, 2026 at 22:57:34"
Q1,79,1908183.923001597,0.005614266320060959,0.005614266320060959,2026-07-05T17:34:48.861317+00:00,"Run - Jul 05, 2026 at 22:57:34"
Q2,79,1907432.3762862587,0.005729429738011054,0.005729429738011054,2026-07-05T17:34:48.998275+00:00,"Run - Jul 05, 2026 at 22:57:34"
Q3,79,1908369.5982863223,0.005835069937468595,0.005835069937468595,2026-07-05T17:34:49.317665+00:00,"Run - Jul 05, 2026 at 22:57:34"
Q4,79,1909783.7541396802,0.005945665507596639,0.005945665507596639,2026-07-05T17:34:49.647155+00:00,"Run - Jul 05, 2026 at 22:57:34"
Q5,79,1910423.1579487438,0.006055677122812357,0.006055677122812357,2026-07-05T17:34:49.814359+00:00,"Run - Jul 05, 2026 at 22:57:34"
Q6,79,1911453.7868556515,0.006160308633405186,0.006160308633405186,2026-07-05T17:34:49.902692+00:00,"Run - Jul 05, 2026 at 22:57:34"
Q7,79,1911870.1654061996,0.0062724642683553225,0.0062724642683553225,2026-07-05T17:34:50.365736+00:00,"Run - Jul 05, 2026 at 22:57:34"
Q8,79,1913160.6275306456,0.00637838348050769,0.00637838348050769,2026-07-05T17:34:50.718377+00:00,"Run - Jul 05, 2026 at 22:57:34"
Q9,79,1913313.8082970767,0.006492787173911475,0.006492787173911475,2026-07-05T17:34:50.936129+00:00,"Run - Jul 05, 2026 at 22:57:34"
Q10,79,1915055.040812521,0.006594174968891662,0.006594174968891662,2026-07-05T17:34:51.076504+00:00,"Run - Jul 05, 2026 at 22:57:34"
Q0,80,1905695.5991765535,0.005514869301494532,0.005514869301494532,2026-07-05T17:34:56.157744+00:00,"Run - Jul 05, 2026 at 22:57:34"
Q1,80,1907838.6235068284,0.005616654772866068,0.005616654772866068,2026-07-05T17:34:56.307530+00:00,"Run - Jul 05, 2026 at 22:57:34"
Q2,80,1907251.829621834,0.005730035713128337,0.005730035713128337,2026-07-05T17:34:56.401446+00:00,"Run - Jul 05, 2026 at 22:57:34"
Q3,80,1907777.9428224869,0.005839068316684168,0.005839068316684168,2026-07-05T17:34:56.640400+00:00,"Run - Jul 05, 2026 at 22:57:34"
Q4,80,1910105.3559932348,0.00594629728229402,0.00594629728229402,2026-07-05T17:34:57.014408+00:00,"Run - Jul 05, 2026 at 22:57:34"
Q5,80,1910413.5054955364,0.006057367009847482,0.006057367009847482,2026-07-05T17:34:57.140467+00:00,"Run - Jul 05, 2026 at 22:57:34"
Q6,80,1911438.527601842,0.006161795563875521,0.006161795563875521,2026-07-05T17:34:57.363122+00:00,"Run - Jul 05, 2026 at 22:57:34"
Q7,80,1911665.9316696422,0.006274087370393828,0.006274087370393828,2026-07-05T17:34:57.517945+00:00,"Run - Jul 05, 2026 at 22:57:34"
Q8,80,1912926.736591596,0.006380652261560928,0.006380652261560928,2026-07-05T17:34:57.633935+00:00,"Run - Jul 05, 2026 at 22:57:34"
Q9,80,1912794.9080431247,0.006496563629478344,0.006496563629478344,2026-07-05T17:34:57.856581+00:00,"Run - Jul 05, 2026 at 22:57:34"
Q10,80,1914787.4984646894,0.006596907924421315,0.006596907924421315,2026-07-05T17:34:57.990024+00:00,"Run - Jul 05, 2026 at 22:57:34"
Q0,81,1905884.5286331987,0.005513860636674542,0.005513860636674542,2026-07-05T17:35:03.197418+00:00,"Run - Jul 05, 2026 at 22:57:34"
Q1,81,1907917.1115803972,0.005615677905021263,0.005615677905021263,2026-07-05T17:35:03.329456+00:00,"Run - Jul 05, 2026 at 22:57:34"
Q2,81,1907362.3747664455,0.00572880514675795,0.00572880514675795,2026-07-05T17:35:03.472116+00:00,"Run - Jul 05, 2026 at 22:57:34"
Q3,81,1907965.6493154606,0.005837507283725233,0.005837507283725233,2026-07-05T17:35:03.619182+00:00,"Run - Jul 05, 2026 at 22:57:34"
Q4,81,1910037.1878050936,0.005946386536988799,0.005946386536988799,2026-07-05T17:35:03.807842+00:00,"Run - Jul 05, 2026 at 22:57:34"
Q5,81,1910718.63037848,0.006055994084650083,0.006055994084650083,2026-07-05T17:35:04.063766+00:00,"Run - Jul 05, 2026 at 22:57:34"
Q6,81,1911664.3834948614,0.0061607088645140706,0.0061607088645140706,2026-07-05T17:35:04.185027+00:00,"Run - Jul 05, 2026 at 22:57:34"
Q7,81,1911669.8134867505,0.006273708855885673,0.006273708855885673,2026-07-05T17:35:04.354063+00:00,"Run - Jul 05, 2026 at 22:57:34"
Q8,81,1913005.374901198,0.006380043555753043,0.006380043555753043,2026-07-05T17:35:04.521889+00:00,"Run - Jul 05, 2026 at 22:57:34"
Q9,81,1912832.465458884,0.0064964506844005345,0.0064964506844005345,2026-07-05T17:35:04.663800+00:00,"Run - Jul 05, 2026 at 22:57:34"
Q10,81,1914755.2456841513,0.006596703469774785,0.006596703469774785,2026-07-05T17:35:04.806276+00:00,"Run - Jul 05, 2026 at 22:57:34"
Q0,82,1905838.564642684,0.00551357919741808,0.00551357919741808,2026-07-05T17:35:09.303992+00:00,"Run - Jul 05, 2026 at 22:57:34"
Q1,82,1907991.8484065512,0.005615165580836544,0.005615165580836544,2026-07-05T17:35:09.583138+00:00,"Run - Jul 05, 2026 at 22:57:34"
Q2,82,1907253.0627387194,0.005728957127263517,0.005728957127263517,2026-07-05T17:35:09.912671+00:00,"Run - Jul 05, 2026 at 22:57:34"
Q3,82,1907973.4441614635,0.005837256637250622,0.005837256637250622,2026-07-05T17:35:10.057144+00:00,"Run - Jul 05, 2026 at 22:57:34"
Q4,82,1910146.679535895,0.005945498439489821,0.005945498439489821,2026-07-05T17:35:10.585810+00:00,"Run - Jul 05, 2026 at 22:57:34"
Q5,82,1910795.7573619282,0.00605555682051016,0.00605555682051016,2026-07-05T17:35:10.933240+00:00,"Run - Jul 05, 2026 at 22:57:34"
Q6,82,1911403.7176726179,0.00616142704338356,0.00616142704338356,2026-07-05T17:35:11.141825+00:00,"Run - Jul 05, 2026 at 22:57:34"
Q7,82,1911827.4129425315,0.006272679601306874,0.006272679601306874,2026-07-05T17:35:11.335589+00:00,"Run - Jul 05, 2026 at 22:57:34"
Q8,82,1913185.8872525955,0.006378777473340764,0.006378777473340764,2026-07-05T17:35:11.495015+00:00,"Run - Jul 05, 2026 at 22:57:34"
Q9,82,1912649.2425474047,0.006496735884736514,0.006496735884736514,2026-07-05T17:35:11.736135+00:00,"Run - Jul 05, 2026 at 22:57:34"
Q10,82,1914835.417602407,0.006596144314215412,0.006596144314215412,2026-07-05T17:35:11.873851+00:00,"Run - Jul 05, 2026 at 22:57:34"
Q0,83,1905845.412201259,0.00551283944972695,0.00551283944972695,2026-07-05T17:35:15.895404+00:00,"Run - Jul 05, 2026 at 22:57:34"
Q1,83,1907958.1148049787,0.005614853453313248,0.005614853453313248,2026-07-05T17:35:16.136198+00:00,"Run - Jul 05, 2026 at 22:57:34"
Q2,83,1907172.4382187554,0.005729006476576304,0.005729006476576304,2026-07-05T17:35:16.318186+00:00,"Run - Jul 05, 2026 at 22:57:34"
Q3,83,1907786.9024623735,0.005837647011266416,0.005837647011266416,2026-07-05T17:35:16.418762+00:00,"Run - Jul 05, 2026 at 22:57:34"
Q4,83,1910108.3409935145,0.005944943882636103,0.005944943882636103,2026-07-05T17:35:16.537173+00:00,"Run - Jul 05, 2026 at 22:57:34"
Q5,83,1910837.9473622076,0.0060549458925162935,0.0060549458925162935,2026-07-05T17:35:16.680243+00:00,"Run - Jul 05, 2026 at 22:57:34"
Q6,83,1911446.839583768,0.0061607130001253485,0.0061607130001253485,2026-07-05T17:35:16.833370+00:00,"Run - Jul 05, 2026 at 22:57:34"
Q7,83,1911718.8749609268,0.0062725711630261475,0.0062725711630261475,2026-07-05T17:35:17.080969+00:00,"Run - Jul 05, 2026 at 22:57:34"
Q8,83,1913226.9986091116,0.0063782834053794125,0.0063782834053794125,2026-07-05T17:35:17.168331+00:00,"Run - Jul 05, 2026 at 22:57:34"
Q9,83,1912573.5621805715,0.006497018430441796,0.006497018430441796,2026-07-05T17:35:17.303073+00:00,"Run - Jul 05, 2026 at 22:57:34"
Q10,83,1914726.717382174,0.006596065875934686,0.006596065875934686,2026-07-05T17:35:17.431576+00:00,"Run - Jul 05, 2026 at 22:57:34"
Q0,84,1904915.2297980292,0.005515767681903402,0.005515767681903402,2026-07-05T17:35:22.378889+00:00,"Run - Jul 05, 2026 at 22:57:34"
Q1,84,1907534.85499368,0.005615932568680198,0.005615932568680198,2026-07-05T17:35:22.515896+00:00,"Run - Jul 05, 2026 at 22:57:34"
Q2,84,1906459.0226511636,0.005730816479742975,0.005730816479742975,2026-07-05T17:35:22.622627+00:00,"Run - Jul 05, 2026 at 22:57:34"
Q3,84,1907478.184186124,0.005838402134791314,0.005838402134791314,2026-07-05T17:35:22.751602+00:00,"Run - Jul 05, 2026 at 22:57:34"
Q4,84,1909351.0247679714,0.005947211460707594,0.005947211460707594,2026-07-05T17:35:22.858415+00:00,"Run - Jul 05, 2026 at 22:57:34"
Q5,84,1910824.4907057707,0.0060548852936877185,0.0060548852936877185,2026-07-05T17:35:23.000264+00:00,"Run - Jul 05, 2026 at 22:57:34"
Q6,84,1910718.5352437461,0.006162715737796778,0.006162715737796778,2026-07-05T17:35:23.208288+00:00,"Run - Jul 05, 2026 at 22:57:34"
Q7,84,1911222.9988391765,0.006274602779179384,0.006274602779179384,2026-07-05T17:35:23.312671+00:00,"Run - Jul 05, 2026 at 22:57:34"
Q8,84,1912321.0747595318,0.006381513544119921,0.006381513544119921,2026-07-05T17:35:23.492463+00:00,"Run - Jul 05, 2026 at 22:57:34"
Q9,84,1911820.8996225523,0.006499292006778528,0.006499292006778528,2026-07-05T17:35:23.825091+00:00,"Run - Jul 05, 2026 at 22:57:34"
Q10,84,1914008.254129132,0.006598609720854134,0.006598609720854134,2026-07-05T17:35:24.268119+00:00,"Run - Jul 05, 2026 at 22:57:34"
Q0,85,1904908.0405548818,0.005515793483036574,0.005515793483036574,2026-07-05T17:35:28.650012+00:00,"Run - Jul 05, 2026 at 22:57:34"
Q1,85,1907378.239801409,0.00561693951575229,0.00561693951575229,2026-07-05T17:35:28.783187+00:00,"Run - Jul 05, 2026 at 22:57:34"
Q2,85,1906312.1521070416,0.005731899367646769,0.005731899367646769,2026-07-05T17:35:28.931393+00:00,"Run - Jul 05, 2026 at 22:57:34"
Q3,85,1907444.9324175804,0.005839075045337529,0.005839075045337529,2026-07-05T17:35:29.155338+00:00,"Run - Jul 05, 2026 at 22:57:34"
Q4,85,1909162.0751816586,0.0059482451026641806,0.0059482451026641806,2026-07-05T17:35:29.308704+00:00,"Run - Jul 05, 2026 at 22:57:34"
Q5,85,1910446.4616583968,0.00605622584434447,0.00605622584434447,2026-07-05T17:35:29.442509+00:00,"Run - Jul 05, 2026 at 22:57:34"
Q6,85,1910565.1972492822,0.0061634964260558365,0.0061634964260558365,2026-07-05T17:35:29.684294+00:00,"Run - Jul 05, 2026 at 22:57:34"
Q7,85,1911142.9429448529,0.006275313781208673,0.006275313781208673,2026-07-05T17:35:30.178946+00:00,"Run - Jul 05, 2026 at 22:57:34"
Q8,85,1912237.4885099987,0.00638189258028284,0.00638189258028284,2026-07-05T17:35:30.478393+00:00,"Run - Jul 05, 2026 at 22:57:34"
Q9,85,1911965.5101807232,0.006498309625350318,0.006498309625350318,2026-07-05T17:35:30.967160+00:00,"Run - Jul 05, 2026 at 22:57:34"
Q10,85,1913962.639061962,0.006598453695514203,0.006598453695514203,2026-07-05T17:35:31.259137+00:00,"Run - Jul 05, 2026 at 22:57:34"
Q0,86,1905023.9870891217,0.005514037444979403,0.005514037444979403,2026-07-05T17:35:34.951488+00:00,"Run - Jul 05, 2026 at 22:57:34"
Q1,86,1907300.3286033599,0.00561683008404534,0.00561683008404534,2026-07-05T17:35:35.082850+00:00,"Run - Jul 05, 2026 at 22:57:34"
Q2,86,1906542.7074037138,0.005730441930540026,0.005730441930540026,2026-07-05T17:35:35.194767+00:00,"Run - Jul 05, 2026 at 22:57:34"
Q3,86,1907602.113369872,0.005837901299073028,0.005837901299073028,2026-07-05T17:35:35.413741+00:00,"Run - Jul 05, 2026 at 22:57:34"
Q4,86,1908835.7020142698,0.005947497560879152,0.005947497560879152,2026-07-05T17:35:35.586722+00:00,"Run - Jul 05, 2026 at 22:57:34"
Q5,86,1909848.8673015996,0.006057646280087083,0.006057646280087083,2026-07-05T17:35:35.760015+00:00,"Run - Jul 05, 2026 at 22:57:34"
Q6,86,1910157.739228387,0.006164535423509928,0.006164535423509928,2026-07-05T17:35:35.879163+00:00,"Run - Jul 05, 2026 at 22:57:34"
Q7,86,1910780.0346860767,0.006276550193518684,0.006276550193518684,2026-07-05T17:35:36.003066+00:00,"Run - Jul 05, 2026 at 22:57:34"
Q8,86,1912088.0130245972,0.006382261963976452,0.006382261963976452,2026-07-05T17:35:36.209863+00:00,"Run - Jul 05, 2026 at 22:57:34"
Q9,86,1912382.8604902225,0.006494428802543445,0.006494428802543445,2026-07-05T17:35:36.331074+00:00,"Run - Jul 05, 2026 at 22:57:34"
Q10,86,1913994.8763965587,0.006597892787224758,0.006597892787224758,2026-07-05T17:35:36.480653+00:00,"Run - Jul 05, 2026 at 22:57:34"
Q0,87,1905266.0028106738,0.005510660510640213,0.005510660510640213,2026-07-05T17:35:42.392445+00:00,"Run - Jul 05, 2026 at 22:57:34"
Q1,87,1907230.7972083362,0.005615038292551382,0.005615038292551382,2026-07-05T17:35:42.532551+00:00,"Run - Jul 05, 2026 at 22:57:34"
Q2,87,1906913.9112315797,0.005727694042042147,0.005727694042042147,2026-07-05T17:35:42.662902+00:00,"Run - Jul 05, 2026 at 22:57:34"
Q3,87,1908317.8046353303,0.005832550383339065,0.005832550383339065,2026-07-05T17:35:42.865354+00:00,"Run - Jul 05, 2026 at 22:57:34"
Q4,87,1909001.492683442,0.00594545188632822,0.00594545188632822,2026-07-05T17:35:42.974208+00:00,"Run - Jul 05, 2026 at 22:57:34"
Q5,87,1909639.4566517265,0.006055994068057934,0.006055994068057934,2026-07-05T17:35:43.126844+00:00,"Run - Jul 05, 2026 at 22:57:34"
Q6,87,1910903.6943717261,0.006159206070586739,0.006159206070586739,2026-07-05T17:35:43.257949+00:00,"Run - Jul 05, 2026 at 22:57:34"
Q7,87,1911161.2961851382,0.006274374185468518,0.006274374185468518,2026-07-05T17:35:43.473840+00:00,"Run - Jul 05, 2026 at 22:57:34"
Q8,87,1912390.8246181686,0.00637963928392997,0.00637963928392997,2026-07-05T17:35:43.986882+00:00,"Run - Jul 05, 2026 at 22:57:34"
Q9,87,1912964.2608165517,0.00649014432887571,0.00649014432887571,2026-07-05T17:35:44.841765+00:00,"Run - Jul 05, 2026 at 22:57:34"
Q10,87,1914072.2167092185,0.006595975935268453,0.006595975935268453,2026-07-05T17:35:45.129974+00:00,"Run - Jul 05, 2026 at 22:57:34"
Q0,88,1904868.5539087637,0.005510406404036006,0.005510406404036006,2026-07-05T17:35:52.844692+00:00,"Run - Jul 05, 2026 at 22:57:34"
Q1,88,1906998.3960088694,0.005613721305899808,0.005613721305899808,2026-07-05T17:35:52.968943+00:00,"Run - Jul 05, 2026 at 22:57:34"
Q2,88,1907023.5400900345,0.005725608384649536,0.005725608384649536,2026-07-05T17:35:53.204827+00:00,"Run - Jul 05, 2026 at 22:57:34"
Q3,88,1908821.9334356757,0.005828877737965479,0.005828877737965479,2026-07-05T17:35:53.346333+00:00,"Run - Jul 05, 2026 at 22:57:34"
Q4,88,1908772.069086424,0.0059438408742032815,0.0059438408742032815,2026-07-05T17:35:53.473429+00:00,"Run - Jul 05, 2026 at 22:57:34"
Q5,88,1909197.2841568724,0.006055685673363922,0.006055685673363922,2026-07-05T17:35:53.590612+00:00,"Run - Jul 05, 2026 at 22:57:34"
Q6,88,1910946.5605934537,0.006157888933128305,0.006157888933128305,2026-07-05T17:35:53.719482+00:00,"Run - Jul 05, 2026 at 22:57:34"
Q7,88,1910827.860821153,0.006274333265757799,0.006274333265757799,2026-07-05T17:35:53.946895+00:00,"Run - Jul 05, 2026 at 22:57:34"
Q8,88,1912198.2304724872,0.006378690476427791,0.006378690476427791,2026-07-05T17:35:54.206497+00:00,"Run - Jul 05, 2026 at 22:57:34"
Q9,88,1913061.4918948873,0.0064870497471517736,0.0064870497471517736,2026-07-05T17:35:54.332156+00:00,"Run - Jul 05, 2026 at 22:57:34"
Q10,88,1914074.8141275244,0.006595051987602577,0.006595051987602577,2026-07-05T17:35:54.473305+00:00,"Run - Jul 05, 2026 at 22:57:34"
Q0,89,1905447.4261413526,0.005506836074328385,0.005506836074328385,2026-07-05T17:35:57.906859+00:00,"Run - Jul 05, 2026 at 22:57:34"
Q1,89,1906694.9851683998,0.005613049854728393,0.005613049854728393,2026-07-05T17:35:58.231863+00:00,"Run - Jul 05, 2026 at 22:57:34"
Q2,89,1907491.1851678677,0.005722536993565253,0.005722536993565253,2026-07-05T17:35:58.356205+00:00,"Run - Jul 05, 2026 at 22:57:34"
Q3,89,1909285.2182487762,0.005825881393896549,0.005825881393896549,2026-07-05T17:35:58.630889+00:00,"Run - Jul 05, 2026 at 22:57:34"
Q4,89,1909316.4978722183,0.005940342592943825,0.005940342592943825,2026-07-05T17:35:58.806391+00:00,"Run - Jul 05, 2026 at 22:57:34"
Q5,89,1909392.2128763131,0.006054023047899691,0.006054023047899691,2026-07-05T17:35:58.915373+00:00,"Run - Jul 05, 2026 at 22:57:34"
Q6,89,1911159.035492431,0.006155060877110516,0.006155060877110516,2026-07-05T17:35:59.525170+00:00,"Run - Jul 05, 2026 at 22:57:34"
Q7,89,1911373.1046208313,0.0062706949844983425,0.0062706949844983425,2026-07-05T17:35:59.657891+00:00,"Run - Jul 05, 2026 at 22:57:34"
Q8,89,1912407.3230085338,0.006375834556500053,0.006375834556500053,2026-07-05T17:35:59.894914+00:00,"Run - Jul 05, 2026 at 22:57:34"
Q9,89,1913567.9930264715,0.006483612317097201,0.006483612317097201,2026-07-05T17:36:00.085386+00:00,"Run - Jul 05, 2026 at 22:57:34"
Q10,89,1914686.3795542181,0.006590577646460155,0.006590577646460155,2026-07-05T17:36:00.619265+00:00,"Run - Jul 05, 2026 at 22:57:34"
Q0,90,1905569.9189018586,0.005505875207605545,0.005505875207605545,2026-07-05T17:36:09.344215+00:00,"Run - Jul 05, 2026 at 22:57:34"
Q1,90,1907137.0506738755,0.0056097781640499274,0.0056097781640499274,2026-07-05T17:36:09.791328+00:00,"Run - Jul 05, 2026 at 22:57:34"
Q2,90,1907495.6407652958,0.005722098384764346,0.005722098384764346,2026-07-05T17:36:09.946848+00:00,"Run - Jul 05, 2026 at 22:57:34"
Q3,90,1909482.0031239847,0.005824765316858868,0.005824765316858868,2026-07-05T17:36:10.186954+00:00,"Run - Jul 05, 2026 at 22:57:34"
Q4,90,1909352.2060327495,0.005940061381919503,0.005940061381919503,2026-07-05T17:36:10.336525+00:00,"Run - Jul 05, 2026 at 22:57:34"
Q5,90,1909476.6258296052,0.006053225732531041,0.006053225732531041,2026-07-05T17:36:10.765990+00:00,"Run - Jul 05, 2026 at 22:57:34"
Q6,90,1911121.9814696268,0.006155130048455065,0.006155130048455065,2026-07-05T17:36:10.920299+00:00,"Run - Jul 05, 2026 at 22:57:34"
Q7,90,1911713.2221327173,0.006268357570539965,0.006268357570539965,2026-07-05T17:36:11.779853+00:00,"Run - Jul 05, 2026 at 22:57:34"
Q8,90,1912334.5597902767,0.006376195776292768,0.006376195776292768,2026-07-05T17:36:11.977144+00:00,"Run - Jul 05, 2026 at 22:57:34"
Q9,90,1913530.8835889657,0.00648369148844175,0.00648369148844175,2026-07-05T17:36:12.201540+00:00,"Run - Jul 05, 2026 at 22:57:34"
Q10,90,1914870.0526322199,0.006588969894209992,0.006588969894209992,2026-07-05T17:36:12.423614+00:00,"Run - Jul 05, 2026 at 22:57:34"
Q0,91,1905847.7240575845,0.005503643751966748,0.005503643751966748,2026-07-05T17:36:17.408720+00:00,"Run - Jul 05, 2026 at 22:57:34"
Q1,91,1907307.676771109,0.005607882678098437,0.005607882678098437,2026-07-05T17:36:17.523170+00:00,"Run - Jul 05, 2026 at 22:57:34"
Q2,91,1907666.352133352,0.005720189565479521,0.005720189565479521,2026-07-05T17:36:17.660803+00:00,"Run - Jul 05, 2026 at 22:57:34"
Q3,91,1909656.0171694919,0.005822542277868361,0.005822542277868361,2026-07-05T17:36:17.848471+00:00,"Run - Jul 05, 2026 at 22:57:34"
Q4,91,1909375.684251527,0.005938344214498626,0.005938344214498626,2026-07-05T17:36:18.090551+00:00,"Run - Jul 05, 2026 at 22:57:34"
Q5,91,1909535.2302977396,0.006051618097977457,0.006051618097977457,2026-07-05T17:36:18.246285+00:00,"Run - Jul 05, 2026 at 22:57:34"
Q6,91,1911160.624823144,0.0061549013563224645,0.0061549013563224645,2026-07-05T17:36:18.395520+00:00,"Run - Jul 05, 2026 at 22:57:34"
Q7,91,1911922.0996373207,0.006266272021587536,0.006266272021587536,2026-07-05T17:36:18.581262+00:00,"Run - Jul 05, 2026 at 22:57:34"
Q8,91,1912153.017450105,0.006376760905245381,0.006376760905245381,2026-07-05T17:36:18.721135+00:00,"Run - Jul 05, 2026 at 22:57:34"
Q9,91,1913417.9446060797,0.006483844093060802,0.006483844093060802,2026-07-05T17:36:18.839620+00:00,"Run - Jul 05, 2026 at 22:57:34"
Q10,91,1915039.742453032,0.006587119622697871,0.006587119622697871,2026-07-05T17:36:18.963570+00:00,"Run - Jul 05, 2026 at 22:57:34"
Q0,92,1906089.866516048,0.005501453047341298,0.005501453047341298,2026-07-05T17:36:25.179743+00:00,"Run - Jul 05, 2026 at 22:57:34"
Q1,92,1907287.9069854438,0.005607067169252,0.005607067169252,2026-07-05T17:36:25.305411+00:00,"Run - Jul 05, 2026 at 22:57:34"
Q2,92,1907964.0303820288,0.00571688486269213,0.00571688486269213,2026-07-05T17:36:25.498268+00:00,"Run - Jul 05, 2026 at 22:57:34"
Q3,92,1909263.2569465335,0.005824626314531268,0.005824626314531268,2026-07-05T17:36:25.819770+00:00,"Run - Jul 05, 2026 at 22:57:34"
Q4,92,1909529.0855917137,0.005936635614331658,0.005936635614331658,2026-07-05T17:36:26.085887+00:00,"Run - Jul 05, 2026 at 22:57:34"
Q5,92,1909494.2566795822,0.006050479359949984,0.006050479359949984,2026-07-05T17:36:26.268138+00:00,"Run - Jul 05, 2026 at 22:57:34"
Q6,92,1911121.9920920702,0.00615515985992694,0.00615515985992694,2026-07-05T17:36:26.492031+00:00,"Run - Jul 05, 2026 at 22:57:34"
Q7,92,1912093.0850085083,0.006262728506827171,0.006262728506827171,2026-07-05T17:36:26.696376+00:00,"Run - Jul 05, 2026 at 22:57:34"
Q8,92,1911969.9069818382,0.006377671436427975,0.006377671436427975,2026-07-05T17:36:26.856833+00:00,"Run - Jul 05, 2026 at 22:57:34"
Q9,92,1913795.4970596067,0.006480765797000873,0.006480765797000873,2026-07-05T17:36:27.053555+00:00,"Run - Jul 05, 2026 at 22:57:34"
Q10,92,1915128.2507891627,0.006586049199051982,0.006586049199051982,2026-07-05T17:36:27.191295+00:00,"Run - Jul 05, 2026 at 22:57:34"
Q0,93,1906204.125339588,0.005501559441754945,0.005501559441754945,2026-07-05T17:36:31.462669+00:00,"Run - Jul 05, 2026 at 22:57:34"
Q1,93,1907366.5743688687,0.005606085390142341,0.005606085390142341,2026-07-05T17:36:31.876002+00:00,"Run - Jul 05, 2026 at 22:57:34"
Q2,93,1907850.817573369,0.005717155130183434,0.005717155130183434,2026-07-05T17:36:32.130954+00:00,"Run - Jul 05, 2026 at 22:57:34"
Q3,93,1909261.258831392,0.005824480242004362,0.005824480242004362,2026-07-05T17:36:32.643204+00:00,"Run - Jul 05, 2026 at 22:57:34"
Q4,93,1909978.624285576,0.0059359977995168895,0.0059359977995168895,2026-07-05T17:36:32.758594+00:00,"Run - Jul 05, 2026 at 22:57:34"
Q5,93,1909903.5652273113,0.006049302583837434,0.006049302583837434,2026-07-05T17:36:32.960291+00:00,"Run - Jul 05, 2026 at 22:57:34"
Q6,93,1911233.2288485698,0.006154874388901022,0.006154874388901022,2026-07-05T17:36:33.153300+00:00,"Run - Jul 05, 2026 at 22:57:34"
Q7,93,1912269.8457888234,0.006261920595379623,0.006261920595379623,2026-07-05T17:36:33.257344+00:00,"Run - Jul 05, 2026 at 22:57:34"
Q8,93,1912192.222462076,0.006377246676288016,0.006377246676288016,2026-07-05T17:36:33.429719+00:00,"Run - Jul 05, 2026 at 22:57:34"
Q9,93,1913582.6148811472,0.0064823596745433665,0.0064823596745433665,2026-07-05T17:36:33.666337+00:00,"Run - Jul 05, 2026 at 22:57:34"
Q10,93,1914986.7961551463,0.00658702613970958,0.00658702613970958,2026-07-05T17:36:33.811277+00:00,"Run - Jul 05, 2026 at 22:57:34"
Q0,94,1906343.9324614129,0.005500499847428561,0.005500499847428561,2026-07-05T17:36:38.284937+00:00,"Run - Jul 05, 2026 at 22:57:34"
Q1,94,1907166.757302174,0.005607089239200208,0.005607089239200208,2026-07-05T17:36:38.465098+00:00,"Run - Jul 05, 2026 at 22:57:34"
Q2,94,1907810.0932747633,0.005717224873712465,0.005717224873712465,2026-07-05T17:36:38.675057+00:00,"Run - Jul 05, 2026 at 22:57:34"
Q3,94,1909098.9298213113,0.005825073231010324,0.005825073231010324,2026-07-05T17:36:38.802095+00:00,"Run - Jul 05, 2026 at 22:57:34"
Q4,94,1909791.5897121513,0.005937439828864423,0.005937439828864423,2026-07-05T17:36:38.915045+00:00,"Run - Jul 05, 2026 at 22:57:34"
Q5,94,1910369.4691857903,0.006046098966396543,0.006046098966396543,2026-07-05T17:36:39.024182+00:00,"Run - Jul 05, 2026 at 22:57:34"
Q6,94,1911119.0884110243,0.0061556819695341445,0.0061556819695341445,2026-07-05T17:36:39.188281+00:00,"Run - Jul 05, 2026 at 22:57:34"
Q7,94,1912768.3494891294,0.006257806258227047,0.006257806258227047,2026-07-05T17:36:39.329773+00:00,"Run - Jul 05, 2026 at 22:57:34"
Q8,94,1912148.6870905578,0.006377541388513482,0.006377541388513482,2026-07-05T17:36:39.465414+00:00,"Run - Jul 05, 2026 at 22:57:34"
Q9,94,1913819.6768452479,0.006480245815359067,0.006480245815359067,2026-07-05T17:36:39.627939+00:00,"Run - Jul 05, 2026 at 22:57:34"
Q10,94,1914872.073577838,0.006587603006060806,0.006587603006060806,2026-07-05T17:36:39.859467+00:00,"Run - Jul 05, 2026 at 22:57:34"
Q0,95,1906460.3486805363,0.0054996170160537036,0.0054996170160537036,2026-07-05T17:36:46.264410+00:00,"Run - Jul 05, 2026 at 22:57:34"
Q1,95,1907176.4413336746,0.00560674692209608,0.00560674692209608,2026-07-05T17:36:46.357115+00:00,"Run - Jul 05, 2026 at 22:57:34"
Q2,95,1907711.6402942976,0.005717651472323371,0.005717651472323371,2026-07-05T17:36:46.507917+00:00,"Run - Jul 05, 2026 at 22:57:34"
Q3,95,1909142.2422100857,0.005824655393213921,0.005824655393213921,2026-07-05T17:36:46.639627+00:00,"Run - Jul 05, 2026 at 22:57:34"
Q4,95,1909511.0858205212,0.005939355277197126,0.005939355277197126,2026-07-05T17:36:46.940043+00:00,"Run - Jul 05, 2026 at 22:57:34"
Q5,95,1910089.3685086037,0.006048135111018072,0.006048135111018072,2026-07-05T17:36:47.373612+00:00,"Run - Jul 05, 2026 at 22:57:34"
Q6,95,1911019.7262533843,0.006156182831492365,0.006156182831492365,2026-07-05T17:36:47.781262+00:00,"Run - Jul 05, 2026 at 22:57:34"
Q7,95,1912634.9169384106,0.006258466043233392,0.006258466043233392,2026-07-05T17:36:48.283104+00:00,"Run - Jul 05, 2026 at 22:57:34"
Q8,95,1912304.233001366,0.0063762765809936926,0.0063762765809936926,2026-07-05T17:36:48.622639+00:00,"Run - Jul 05, 2026 at 22:57:34"
Q9,95,1913717.3275323396,0.006480741699787883,0.006480741699787883,2026-07-05T17:36:49.018369+00:00,"Run - Jul 05, 2026 at 22:57:34"
Q10,95,1914931.759488364,0.006586860563270797,0.006586860563270797,2026-07-05T17:36:49.272514+00:00,"Run - Jul 05, 2026 at 22:57:34"
Q0,96,1906168.008983575,0.005501955447004161,0.005501955447004161,2026-07-05T17:36:55.535574+00:00,"Run - Jul 05, 2026 at 22:57:34"
Q1,96,1907137.3117632472,0.00560701443996763,0.00560701443996763,2026-07-05T17:36:55.870418+00:00,"Run - Jul 05, 2026 at 22:57:34"
Q2,96,1907494.477841127,0.005719466556667993,0.005719466556667993,2026-07-05T17:36:56.020020+00:00,"Run - Jul 05, 2026 at 22:57:34"
Q3,96,1909033.335264345,0.005825580777893007,0.005825580777893007,2026-07-05T17:36:56.135237+00:00,"Run - Jul 05, 2026 at 22:57:34"
Q4,96,1909399.2930091715,0.005940255684346808,0.005940255684346808,2026-07-05T17:36:56.283428+00:00,"Run - Jul 05, 2026 at 22:57:34"
Q5,96,1910050.160718048,0.006048415962222955,0.006048415962222955,2026-07-05T17:36:56.534961+00:00,"Run - Jul 05, 2026 at 22:57:34"
Q6,96,1910907.8218724453,0.006157103238642046,0.006157103238642046,2026-07-05T17:36:56.744161+00:00,"Run - Jul 05, 2026 at 22:57:34"
Q7,96,1912483.8274316918,0.006259674411474712,0.006259674411474712,2026-07-05T17:36:56.895575+00:00,"Run - Jul 05, 2026 at 22:57:34"
Q8,96,1912047.1532571823,0.006378502516543197,0.006378502516543197,2026-07-05T17:36:57.073182+00:00,"Run - Jul 05, 2026 at 22:57:34"
Q9,96,1913608.0943557003,0.006481727084466969,0.006481727084466969,2026-07-05T17:36:57.188529+00:00,"Run - Jul 05, 2026 at 22:57:34"
Q10,96,1914780.4441378966,0.006588108931512115,0.006588108931512115,2026-07-05T17:36:57.306957+00:00,"Run - Jul 05, 2026 at 22:57:34"
Q0,97,1905844.5508710635,0.005504213200895909,0.005504213200895909,2026-07-05T17:37:01.192551+00:00,"Run - Jul 05, 2026 at 22:57:34"
Q1,97,1907030.5053326352,0.005608079341157635,0.005608079341157635,2026-07-05T17:37:01.322895+00:00,"Run - Jul 05, 2026 at 22:57:34"
Q2,97,1907344.2161950672,0.0057205827599046,0.0057205827599046,2026-07-05T17:37:01.967000+00:00,"Run - Jul 05, 2026 at 22:57:34"
Q3,97,1908811.515826403,0.005827404881683022,0.005827404881683022,2026-07-05T17:37:02.415088+00:00,"Run - Jul 05, 2026 at 22:57:34"
Q4,97,1909286.4070161597,0.005940969480543927,0.005940969480543927,2026-07-05T17:37:02.542049+00:00,"Run - Jul 05, 2026 at 22:57:34"
Q5,97,1909720.4421959498,0.006050585212419377,0.006050585212419377,2026-07-05T17:37:02.773709+00:00,"Run - Jul 05, 2026 at 22:57:34"
Q6,97,1910720.5500549409,0.0061582951805692595,0.0061582951805692595,2026-07-05T17:37:03.052240+00:00,"Run - Jul 05, 2026 at 22:57:34"
Q7,97,1912333.8446077644,0.006261065208926651,0.006261065208926651,2026-07-05T17:37:03.242122+00:00,"Run - Jul 05, 2026 at 22:57:34"
Q8,97,1911897.721757739,0.0063795800399508275,0.0063795800399508275,2026-07-05T17:37:03.475566+00:00,"Run - Jul 05, 2026 at 22:57:34"
Q9,97,1913529.875011746,0.006482285904325513,0.006482285904325513,2026-07-05T17:37:03.672083+00:00,"Run - Jul 05, 2026 at 22:57:34"
Q10,97,1914629.5820458825,0.0065893318014153875,0.0065893318014153875,2026-07-05T17:37:04.137673+00:00,"Run - Jul 05, 2026 at 22:57:34"
Q0,98,1905541.3356678395,0.0055060403878880995,0.0055060403878880995,2026-07-05T17:37:09.252467+00:00,"Run - Jul 05, 2026 at 22:57:34"
Q1,98,1906658.845098163,0.0056112283312197185,0.0056112283312197185,2026-07-05T17:37:09.367811+00:00,"Run - Jul 05, 2026 at 22:57:34"
Q2,98,1907085.2727768528,0.0057230923484509885,0.0057230923484509885,2026-07-05T17:37:09.552192+00:00,"Run - Jul 05, 2026 at 22:57:34"
Q3,98,1908662.6652511437,0.005829006165280563,0.005829006165280563,2026-07-05T17:37:10.445602+00:00,"Run - Jul 05, 2026 at 22:57:34"
Q4,98,1909241.3349933152,0.005941611420202236,0.005941611420202236,2026-07-05T17:37:10.807659+00:00,"Run - Jul 05, 2026 at 22:57:34"
Q5,98,1909380.311669158,0.006052856055579117,0.006052856055579117,2026-07-05T17:37:11.176807+00:00,"Run - Jul 05, 2026 at 22:57:34"
Q6,98,1910314.5941806836,0.006161588071356448,0.006161588071356448,2026-07-05T17:37:11.340951+00:00,"Run - Jul 05, 2026 at 22:57:34"
Q7,98,1912111.1258279423,0.006263185568272971,0.006263185568272971,2026-07-05T17:37:11.680336+00:00,"Run - Jul 05, 2026 at 22:57:34"
Q8,98,1911707.5118384028,0.006381110685852117,0.006381110685852117,2026-07-05T17:37:12.341202+00:00,"Run - Jul 05, 2026 at 22:57:34"
Q9,98,1913492.7549701051,0.006482658558031708,0.006482658558031708,2026-07-05T17:37:12.600745+00:00,"Run - Jul 05, 2026 at 22:57:34"
Q10,98,1914513.71240753,0.00659078478418164,0.00659078478418164,2026-07-05T17:37:12.851950+00:00,"Run - Jul 05, 2026 at 22:57:34"
Q0,99,1905585.7719879656,0.0055050309264335255,0.0055050309264335255,2026-07-05T17:37:17.667782+00:00,"Run - Jul 05, 2026 at 22:57:34"
Q1,99,1906854.2826128877,0.0056099299975147674,0.0056099299975147674,2026-07-05T17:37:17.762079+00:00,"Run - Jul 05, 2026 at 22:57:34"
Q2,99,1906879.4541527235,0.005725312283207907,0.005725312283207907,2026-07-05T17:37:17.900430+00:00,"Run - Jul 05, 2026 at 22:57:34"
Q3,99,1909068.2959327956,0.005826423554785957,0.005826423554785957,2026-07-05T17:37:18.052421+00:00,"Run - Jul 05, 2026 at 22:57:34"
Q4,99,1908693.9786209774,0.005942411884082488,0.005942411884082488,2026-07-05T17:37:18.252443+00:00,"Run - Jul 05, 2026 at 22:57:34"
Q5,99,1909200.1459257687,0.006052312757500816,0.006052312757500816,2026-07-05T17:37:18.534128+00:00,"Run - Jul 05, 2026 at 22:57:34"
Q6,99,1910362.6788315317,0.006160560916594286,0.006160560916594286,2026-07-05T17:37:18.694222+00:00,"Run - Jul 05, 2026 at 22:57:34"
Q7,99,1912163.0157057845,0.006262576591237455,0.006262576591237455,2026-07-05T17:37:18.807508+00:00,"Run - Jul 05, 2026 at 22:57:34"
Q8,99,1911679.3144604592,0.006379974373093553,0.006379974373093553,2026-07-05T17:37:19.167977+00:00,"Run - Jul 05, 2026 at 22:57:34"
Q9,99,1913899.7722699372,0.006479836744634848,0.006479836744634848,2026-07-05T17:37:19.422336+00:00,"Run - Jul 05, 2026 at 22:57:34"
Q10,99,1914698.181500065,0.0065887067317203785,0.0065887067317203785,2026-07-05T17:37:19.619630+00:00,"Run - Jul 05, 2026 at 22:57:34"
Q0,100,1905359.9104709073,0.0055067233341150245,0.0055067233341150245,2026-07-05T17:37:25.673486+00:00,"Run - Jul 05, 2026 at 22:57:34"
Q1,100,1905860.775679883,0.0056168283737211095,0.0056168283737211095,2026-07-05T17:37:25.790360+00:00,"Run - Jul 05, 2026 at 22:57:34"
Q2,100,1906546.3469564274,0.005727861021779386,0.005727861021779386,2026-07-05T17:37:25.996098+00:00,"Run - Jul 05, 2026 at 22:57:34"
Q3,100,1908670.6513292268,0.005829565409733991,0.005829565409733991,2026-07-05T17:37:26.456145+00:00,"Run - Jul 05, 2026 at 22:57:34"
Q4,100,1908428.1445079395,0.00594448560195494,0.00594448560195494,2026-07-05T17:37:26.941621+00:00,"Run - Jul 05, 2026 at 22:57:34"
Q5,100,1909203.2072485422,0.006053178194914345,0.006053178194914345,2026-07-05T17:37:27.450134+00:00,"Run - Jul 05, 2026 at 22:57:34"
Q6,100,1910071.9925583056,0.006162925777254468,0.006162925777254468,2026-07-05T17:37:27.844142+00:00,"Run - Jul 05, 2026 at 22:57:34"
Q7,100,1911681.4808821674,0.00626735212889454,0.00626735212889454,2026-07-05T17:37:28.078936+00:00,"Run - Jul 05, 2026 at 22:57:34"
Q8,100,1911316.6719989113,0.006382989807111435,0.006382989807111435,2026-07-05T17:37:28.251149+00:00,"Run - Jul 05, 2026 at 22:57:34"
Q9,100,1913677.3737294658,0.006481987168891644,0.006481987168891644,2026-07-05T17:37:28.415915+00:00,"Run - Jul 05, 2026 at 22:57:34"
Q10,100,1914248.2694810152,0.006592449772725998,0.006592449772725998,2026-07-05T17:37:28.561362+00:00,"Run - Jul 05, 2026 at 22:57:34"
Q0,101,1905395.4406028816,0.005506464619000192,0.005506464619000192,2026-07-05T17:37:33.961805+00:00,"Run - Jul 05, 2026 at 22:57:34"
Q1,101,1905538.2650444328,0.005619079174694502,0.005619079174694502,2026-07-05T17:37:34.171536+00:00,"Run - Jul 05, 2026 at 22:57:34"
Q2,101,1906507.7806584924,0.005728076380578653,0.005728076380578653,2026-07-05T17:37:34.358609+00:00,"Run - Jul 05, 2026 at 22:57:34"
Q3,101,1908590.3234127923,0.005829941483438948,0.005829941483438948,2026-07-05T17:37:34.531204+00:00,"Run - Jul 05, 2026 at 22:57:34"
Q4,101,1908389.539682213,0.0059447076274208735,0.0059447076274208735,2026-07-05T17:37:34.678397+00:00,"Run - Jul 05, 2026 at 22:57:34"
Q5,101,1908903.6623575075,0.006055413667802885,0.006055413667802885,2026-07-05T17:37:34.833022+00:00,"Run - Jul 05, 2026 at 22:57:34"
Q6,101,1909961.7542137294,0.006163738376078102,0.006163738376078102,2026-07-05T17:37:35.357353+00:00,"Run - Jul 05, 2026 at 22:57:34"
Q7,101,1911569.6542760713,0.006267968582648797,0.006267968582648797,2026-07-05T17:37:35.676344+00:00,"Run - Jul 05, 2026 at 22:57:34"
Q8,101,1911313.6623699209,0.006382939784129203,0.006382939784129203,2026-07-05T17:37:35.979823+00:00,"Run - Jul 05, 2026 at 22:57:34"
Q9,101,1913677.3737294658,0.006481987168891644,0.006481987168891644,2026-07-05T17:37:36.369037+00:00,"Run - Jul 05, 2026 at 22:57:34"
Q10,101,1914104.7933313358,0.006593668815462015,0.006593668815462015,2026-07-05T17:37:36.620093+00:00,"Run - Jul 05, 2026 at 22:57:34"
