qubit_id,epoch_number,t1,t2,readout_error,single_gate_error,two_gate_error,frequency,temperature,noise_drift,drift_rate,backend_status,backend_name,timestamp,version,is_deleted,t1_base,t2_base,frequency_base,readout_base,single_gate_base,qhi,run_id
Q0,0,2000000.0,1000000.0,0.005,0.0004,0.015,3.2,0.0,0.0,0.0,Active,ionq_forte_simulated,2026-07-10T16:49:05.181684+00:00,1,False,2000000.0,1000000.0,3.2,0.005,0.0004,0.99838,"Run - Jul 10, 2026 at 22:18:59"
Q1,0,2001000.0,1000500.0,0.0051,0.00041000000000000005,0.015,3.2,0.0,0.0,0.0,Active,ionq_forte_simulated,2026-07-10T16:49:05.325336+00:00,1,False,2001000.0,1000500.0,3.2,0.0051,0.00041000000000000005,0.9983470000000001,"Run - Jul 10, 2026 at 22:18:59"
Q2,0,2002000.0,1001000.0,0.0052,0.00042,0.015,3.2,0.0,0.0,0.0,Active,ionq_forte_simulated,2026-07-10T16:49:05.334533+00:00,1,False,2002000.0,1001000.0,3.2,0.0052,0.00042,0.9983139999999999,"Run - Jul 10, 2026 at 22:18:59"
Q3,0,2003000.0,1001500.0,0.0053,0.00043000000000000004,0.015,3.2,0.0,0.0,0.0,Active,ionq_forte_simulated,2026-07-10T16:49:05.340531+00:00,1,False,2003000.0,1001500.0,3.2,0.0053,0.00043000000000000004,0.998281,"Run - Jul 10, 2026 at 22:18:59"
Q4,0,2004000.0,1002000.0,0.0054,0.00044,0.015,3.2,0.0,0.0,0.0,Active,ionq_forte_simulated,2026-07-10T16:49:05.349539+00:00,1,False,2004000.0,1002000.0,3.2,0.0054,0.00044,0.998248,"Run - Jul 10, 2026 at 22:18:59"
Q5,0,2005000.0,1002500.0,0.0055,0.00045000000000000004,0.015,3.2,0.0,0.0,0.0,Active,ionq_forte_simulated,2026-07-10T16:49:05.355533+00:00,1,False,2005000.0,1002500.0,3.2,0.0055,0.00045000000000000004,0.9982150000000001,"Run - Jul 10, 2026 at 22:18:59"
Q6,0,2006000.0,1003000.0,0.0056,0.00046,0.015,3.2,0.0,0.0,0.0,Active,ionq_forte_simulated,2026-07-10T16:49:05.362542+00:00,1,False,2006000.0,1003000.0,3.2,0.0056,0.00046,0.998182,"Run - Jul 10, 2026 at 22:18:59"
Q7,0,2007000.0,1003500.0,0.0057,0.00047000000000000004,0.015,3.2,0.0,0.0,0.0,Active,ionq_forte_simulated,2026-07-10T16:49:05.370531+00:00,1,False,2007000.0,1003500.0,3.2,0.0057,0.00047000000000000004,0.9981490000000001,"Run - Jul 10, 2026 at 22:18:59"
Q8,0,2008000.0,1004000.0,0.0058000000000000005,0.00048,0.015,3.2,0.0,0.0,0.0,Active,ionq_forte_simulated,2026-07-10T16:49:05.376533+00:00,1,False,2008000.0,1004000.0,3.2,0.0058000000000000005,0.00048,0.998116,"Run - Jul 10, 2026 at 22:18:59"
Q9,0,2009000.0,1004500.0,0.0059,0.00049,0.015,3.2,0.0,0.0,0.0,Active,ionq_forte_simulated,2026-07-10T16:49:05.386533+00:00,1,False,2009000.0,1004500.0,3.2,0.0059,0.00049,0.998083,"Run - Jul 10, 2026 at 22:18:59"
Q10,0,2010000.0,1005000.0,0.006,0.0005,0.015,3.2,0.0,0.0,0.0,Active,ionq_forte_simulated,2026-07-10T16:49:05.391531+00:00,1,False,2010000.0,1005000.0,3.2,0.006,0.0005,0.9980499999999999,"Run - Jul 10, 2026 at 22:18:59"
Q11,0,2011000.0,1005500.0,0.0061,0.00051,0.015,3.2,0.0,0.0,0.0,Active,ionq_forte_simulated,2026-07-10T16:49:05.401532+00:00,1,False,2011000.0,1005500.0,3.2,0.0061,0.00051,0.9980169999999999,"Run - Jul 10, 2026 at 22:18:59"
Q12,0,2012000.0,1006000.0,0.006200000000000001,0.0005200000000000001,0.015,3.2,0.0,0.0,0.0,Active,ionq_forte_simulated,2026-07-10T16:49:05.407532+00:00,1,False,2012000.0,1006000.0,3.2,0.006200000000000001,0.0005200000000000001,0.997984,"Run - Jul 10, 2026 at 22:18:59"
Q13,0,2013000.0,1006500.0,0.0063,0.0005300000000000001,0.015,3.2,0.0,0.0,0.0,Active,ionq_forte_simulated,2026-07-10T16:49:05.416545+00:00,1,False,2013000.0,1006500.0,3.2,0.0063,0.0005300000000000001,0.997951,"Run - Jul 10, 2026 at 22:18:59"
Q14,0,2014000.0,1007000.0,0.0064,0.00054,0.015,3.2,0.0,0.0,0.0,Active,ionq_forte_simulated,2026-07-10T16:49:05.423538+00:00,1,False,2014000.0,1007000.0,3.2,0.0064,0.00054,0.9979180000000001,"Run - Jul 10, 2026 at 22:18:59"
Q15,0,2015000.0,1007500.0,0.006500000000000001,0.00055,0.015,3.2,0.0,0.0,0.0,Active,ionq_forte_simulated,2026-07-10T16:49:05.431759+00:00,1,False,2015000.0,1007500.0,3.2,0.006500000000000001,0.00055,0.997885,"Run - Jul 10, 2026 at 22:18:59"
Q16,0,2016000.0,1008000.0,0.0066,0.0005600000000000001,0.015,3.2,0.0,0.0,0.0,Active,ionq_forte_simulated,2026-07-10T16:49:05.439750+00:00,1,False,2016000.0,1008000.0,3.2,0.0066,0.0005600000000000001,0.997852,"Run - Jul 10, 2026 at 22:18:59"
Q17,0,2017000.0,1008500.0,0.0067,0.00057,0.015,3.2,0.0,0.0,0.0,Active,ionq_forte_simulated,2026-07-10T16:49:05.446752+00:00,1,False,2017000.0,1008500.0,3.2,0.0067,0.00057,0.997819,"Run - Jul 10, 2026 at 22:18:59"
Q18,0,2018000.0,1009000.0,0.0068000000000000005,0.00058,0.015,3.2,0.0,0.0,0.0,Active,ionq_forte_simulated,2026-07-10T16:49:05.453752+00:00,1,False,2018000.0,1009000.0,3.2,0.0068000000000000005,0.00058,0.9977860000000001,"Run - Jul 10, 2026 at 22:18:59"
Q19,0,2019000.0,1009500.0,0.0069,0.00059,0.015,3.2,0.0,0.0,0.0,Active,ionq_forte_simulated,2026-07-10T16:49:05.460758+00:00,1,False,2019000.0,1009500.0,3.2,0.0069,0.00059,0.9977529999999999,"Run - Jul 10, 2026 at 22:18:59"
Q20,0,2020000.0,1010000.0,0.007,0.0006000000000000001,0.015,3.2,0.0,0.0,0.0,Active,ionq_forte_simulated,2026-07-10T16:49:05.468753+00:00,1,False,2020000.0,1010000.0,3.2,0.007,0.0006000000000000001,0.9977199999999999,"Run - Jul 10, 2026 at 22:18:59"
Q21,0,2021000.0,1010500.0,0.0071,0.0006100000000000001,0.015,3.2,0.0,0.0,0.0,Active,ionq_forte_simulated,2026-07-10T16:49:05.474753+00:00,1,False,2021000.0,1010500.0,3.2,0.0071,0.0006100000000000001,0.997687,"Run - Jul 10, 2026 at 22:18:59"
Q22,0,2022000.0,1011000.0,0.0072,0.00062,0.015,3.2,0.0,0.0,0.0,Active,ionq_forte_simulated,2026-07-10T16:49:05.483753+00:00,1,False,2022000.0,1011000.0,3.2,0.0072,0.00062,0.997654,"Run - Jul 10, 2026 at 22:18:59"
Q23,0,2023000.0,1011500.0,0.0073,0.00063,0.015,3.2,0.0,0.0,0.0,Active,ionq_forte_simulated,2026-07-10T16:49:05.489751+00:00,1,False,2023000.0,1011500.0,3.2,0.0073,0.00063,0.9976210000000001,"Run - Jul 10, 2026 at 22:18:59"
Q24,0,2024000.0,1012000.0,0.0074,0.00064,0.015,3.2,0.0,0.0,0.0,Active,ionq_forte_simulated,2026-07-10T16:49:05.497758+00:00,1,False,2024000.0,1012000.0,3.2,0.0074,0.00064,0.9975880000000001,"Run - Jul 10, 2026 at 22:18:59"
Q0,1,1994009.0009900876,997004.501493378,0.005044966683329366,0.0004016087758256189,0.010029999999999999,3.200100272207928,15.003993336665873,4.387912809451864e-07,-5990.999009912368,Active,ionq_forte_simulated,2026-07-10T16:49:05.574532+00:00,1,False,2000000.0,1000000.0,3.2,0.005,0.0004,0.9983660273622537,"Run - Jul 10, 2026 at 22:18:59"
Q1,1,1995006.005485591,997503.0037411297,0.005145466683329366,0.00041164877582561894,0.010029999999999999,3.200100272207928,15.003993336665873,4.387912809451864e-07,-5993.994514408987,Active,ionq_forte_simulated,2026-07-10T16:49:05.579539+00:00,1,False,2001000.0,1000500.0,3.2,0.0051,0.00041000000000000005,0.9983328653622535,"Run - Jul 10, 2026 at 22:18:59"
Q2,1,1996003.0099810944,998001.5059888813,0.005245966683329365,0.0004216887758256189,0.010029999999999999,3.200100272207928,15.003993336665873,4.387912809451864e-07,-5996.990018905606,Active,ionq_forte_simulated,2026-07-10T16:49:05.582535+00:00,1,False,2002000.0,1001000.0,3.2,0.0052,0.00042,0.9982997033622535,"Run - Jul 10, 2026 at 22:18:59"
Q3,1,1997000.0144765978,998500.008236633,0.0053464666833293656,0.0004317287758256189,0.010029999999999999,3.200100272207928,15.003993336665873,4.387912809451864e-07,-5999.985523402225,Active,ionq_forte_simulated,2026-07-10T16:49:05.585535+00:00,1,False,2003000.0,1001500.0,3.2,0.0053,0.00043000000000000004,0.9982665413622536,"Run - Jul 10, 2026 at 22:18:59"
Q4,1,1997997.0189721012,998998.5104843847,0.0054469666833293654,0.0004417687758256189,0.010029999999999999,3.200100272207928,15.003993336665873,4.387912809451864e-07,-6002.981027898844,Active,ionq_forte_simulated,2026-07-10T16:49:05.599152+00:00,1,False,2004000.0,1002000.0,3.2,0.0054,0.00044,0.9982333793622535,"Run - Jul 10, 2026 at 22:18:59"
Q5,1,1998994.0234676045,999497.0127321364,0.005547466683329365,0.0004518087758256189,0.010029999999999999,3.200100272207928,15.003993336665873,4.387912809451864e-07,-6005.976532395463,Active,ionq_forte_simulated,2026-07-10T16:49:05.604146+00:00,1,False,2005000.0,1002500.0,3.2,0.0055,0.00045000000000000004,0.9982002173622535,"Run - Jul 10, 2026 at 22:18:59"
Q6,1,1999991.027963108,999995.5149798881,0.005647966683329365,0.0004618487758256189,0.010029999999999999,3.200100272207928,15.003993336665873,4.387912809451864e-07,-6008.9720368920825,Active,ionq_forte_simulated,2026-07-10T16:49:05.613162+00:00,1,False,2006000.0,1003000.0,3.2,0.0056,0.00046,0.9981670553622535,"Run - Jul 10, 2026 at 22:18:59"
Q7,1,2000988.0324586113,1000494.0172276398,0.005748466683329365,0.0004718887758256189,0.010029999999999999,3.200100272207928,15.003993336665873,4.387912809451864e-07,-6011.967541388702,Active,ionq_forte_simulated,2026-07-10T16:49:05.616866+00:00,1,False,2007000.0,1003500.0,3.2,0.0057,0.00047000000000000004,0.9981338933622534,"Run - Jul 10, 2026 at 22:18:59"
Q8,1,2001985.0369541147,1000992.5194753915,0.005848966683329366,0.0004819287758256189,0.010029999999999999,3.200100272207928,15.003993336665873,4.387912809451864e-07,-6014.963045885321,Active,ionq_forte_simulated,2026-07-10T16:49:05.624371+00:00,1,False,2008000.0,1004000.0,3.2,0.0058000000000000005,0.00048,0.9981007313622535,"Run - Jul 10, 2026 at 22:18:59"
Q9,1,2002982.041449618,1001491.0217231432,0.005949466683329365,0.0004919687758256189,0.010029999999999999,3.200100272207928,15.003993336665873,4.387912809451864e-07,-6017.95855038194,Active,ionq_forte_simulated,2026-07-10T16:49:05.629392+00:00,1,False,2009000.0,1004500.0,3.2,0.0059,0.00049,0.9980675693622535,"Run - Jul 10, 2026 at 22:18:59"
Q10,1,2003979.0459451214,1001989.5239708949,0.006049966683329366,0.000502008775825619,0.010029999999999999,3.200100272207928,15.003993336665873,4.387912809451864e-07,-6020.954054878559,Active,ionq_forte_simulated,2026-07-10T16:49:05.637407+00:00,1,False,2010000.0,1005000.0,3.2,0.006,0.0005,0.9980344073622536,"Run - Jul 10, 2026 at 22:18:59"
Q11,1,2004976.0504406248,1002488.0262186466,0.006150466683329366,0.000512048775825619,0.010029999999999999,3.200100272207928,15.003993336665873,4.387912809451864e-07,-6023.949559375178,Active,ionq_forte_simulated,2026-07-10T16:49:05.639406+00:00,1,False,2011000.0,1005500.0,3.2,0.0061,0.00051,0.9980012453622534,"Run - Jul 10, 2026 at 22:18:59"
Q12,1,2005973.0549361282,1002986.5284663982,0.0062509666833293655,0.000522088775825619,0.010029999999999999,3.200100272207928,15.003993336665873,4.387912809451864e-07,-6026.945063871797,Active,ionq_forte_simulated,2026-07-10T16:49:05.642404+00:00,1,False,2012000.0,1006000.0,3.2,0.006200000000000001,0.0005200000000000001,0.9979680833622535,"Run - Jul 10, 2026 at 22:18:59"
Q13,1,2006970.0594316316,1003485.0307141499,0.006351466683329365,0.000532128775825619,0.010029999999999999,3.200100272207928,15.003993336665873,4.387912809451864e-07,-6029.940568368416,Active,ionq_forte_simulated,2026-07-10T16:49:05.645406+00:00,1,False,2013000.0,1006500.0,3.2,0.0063,0.0005300000000000001,0.9979349213622535,"Run - Jul 10, 2026 at 22:18:59"
Q14,1,2007967.063927135,1003983.5329619016,0.006451966683329365,0.0005421687758256189,0.010029999999999999,3.200100272207928,15.003993336665873,4.387912809451864e-07,-6032.936072865035,Active,ionq_forte_simulated,2026-07-10T16:49:05.647403+00:00,1,False,2014000.0,1007000.0,3.2,0.0064,0.00054,0.9979017593622534,"Run - Jul 10, 2026 at 22:18:59"
Q15,1,2008964.0684226383,1004482.0352096533,0.006552466683329366,0.000552208775825619,0.010029999999999999,3.200100272207928,15.003993336665873,4.387912809451864e-07,-6035.9315773616545,Active,ionq_forte_simulated,2026-07-10T16:49:05.651469+00:00,1,False,2015000.0,1007500.0,3.2,0.006500000000000001,0.00055,0.9978685973622535,"Run - Jul 10, 2026 at 22:18:59"
Q16,1,2009961.0729181417,1004980.537457405,0.006652966683329365,0.000562248775825619,0.010029999999999999,3.200100272207928,15.003993336665873,4.387912809451864e-07,-6038.927081858274,Active,ionq_forte_simulated,2026-07-10T16:49:05.653788+00:00,1,False,2016000.0,1008000.0,3.2,0.0066,0.0005600000000000001,0.9978354353622534,"Run - Jul 10, 2026 at 22:18:59"
Q17,1,2010958.077413645,1005479.0397051567,0.006753466683329366,0.0005722887758256189,0.010029999999999999,3.200100272207928,15.003993336665873,4.387912809451864e-07,-6041.922586354893,Active,ionq_forte_simulated,2026-07-10T16:49:05.656790+00:00,1,False,2017000.0,1008500.0,3.2,0.0067,0.00057,0.9978022733622536,"Run - Jul 10, 2026 at 22:18:59"
Q18,1,2011955.0819091485,1005977.5419529084,0.006853966683329366,0.0005823287758256189,0.010029999999999999,3.200100272207928,15.003993336665873,4.387912809451864e-07,-6044.918090851512,Active,ionq_forte_simulated,2026-07-10T16:49:05.658789+00:00,1,False,2018000.0,1009000.0,3.2,0.0068000000000000005,0.00058,0.9977691113622535,"Run - Jul 10, 2026 at 22:18:59"
Q19,1,2012952.0864046519,1006476.0442006601,0.006954466683329365,0.0005923687758256189,0.010029999999999999,3.200100272207928,15.003993336665873,4.387912809451864e-07,-6047.913595348131,Active,ionq_forte_simulated,2026-07-10T16:49:05.662804+00:00,1,False,2019000.0,1009500.0,3.2,0.0069,0.00059,0.9977359493622535,"Run - Jul 10, 2026 at 22:18:59"
Q20,1,2013949.0909001552,1006974.5464484118,0.0070549666833293655,0.0006024087758256189,0.010029999999999999,3.200100272207928,15.003993336665873,4.387912809451864e-07,-6050.90909984475,Active,ionq_forte_simulated,2026-07-10T16:49:05.665798+00:00,1,False,2020000.0,1010000.0,3.2,0.007,0.0006000000000000001,0.9977027873622535,"Run - Jul 10, 2026 at 22:18:59"
Q21,1,2014946.0953956584,1007473.0486961633,0.007155466683329365,0.0006124487758256191,0.010029999999999999,3.200100272207928,15.003993336665873,4.387912809451864e-07,-6053.904604341602,Active,ionq_forte_simulated,2026-07-10T16:49:05.669074+00:00,1,False,2021000.0,1010500.0,3.2,0.0071,0.0006100000000000001,0.9976696253622535,"Run - Jul 10, 2026 at 22:18:59"
Q22,1,2015943.0998911618,1007971.550943915,0.007255966683329365,0.000622488775825619,0.010029999999999999,3.200100272207928,15.003993336665873,4.387912809451864e-07,-6056.900108838221,Active,ionq_forte_simulated,2026-07-10T16:49:05.671696+00:00,1,False,2022000.0,1011000.0,3.2,0.0072,0.00062,0.9976364633622535,"Run - Jul 10, 2026 at 22:18:59"
Q23,1,2016940.1043866652,1008470.0531916667,0.007356466683329365,0.000632528775825619,0.010029999999999999,3.200100272207928,15.003993336665873,4.387912809451864e-07,-6059.89561333484,Active,ionq_forte_simulated,2026-07-10T16:49:05.673217+00:00,1,False,2023000.0,1011500.0,3.2,0.0073,0.00063,0.9976033013622535,"Run - Jul 10, 2026 at 22:18:59"
Q24,1,2017937.1088821685,1008968.5554394184,0.007456966683329365,0.000642568775825619,0.010029999999999999,3.200100272207928,15.003993336665873,4.387912809451864e-07,-6062.891117831459,Active,ionq_forte_simulated,2026-07-10T16:49:05.676215+00:00,1,False,2024000.0,1012000.0,3.2,0.0074,0.00064,0.9975701393622534,"Run - Jul 10, 2026 at 22:18:59"
Q0,2,1988035.9479748036,994017.975974095,0.005089733866159012,0.00040320540302305873,0.01006,3.200198939481948,15.007946773231803,2.7015115293406994e-07,-5973.053015284007,Active,ionq_forte_simulated,2026-07-10T16:49:07.016213+00:00,1,False,2000000.0,1000000.0,3.2,0.005,0.0004,0.9983521182192454,"Run - Jul 10, 2026 at 22:18:59"
Q1,2,1989029.9659388575,994514.984956122,0.005190733866159012,0.0004132854030230587,0.01006,3.200198939481948,15.007946773231803,2.7015115293406994e-07,-5976.039546733489,Active,ionq_forte_simulated,2026-07-10T16:49:07.019218+00:00,1,False,2001000.0,1000500.0,3.2,0.0051,0.00041000000000000005,0.9983187942192453,"Run - Jul 10, 2026 at 22:18:59"
Q2,2,1990023.9839029114,995011.993938149,0.0052917338661590116,0.0004233654030230587,0.01006,3.200198939481948,15.007946773231803,2.7015115293406994e-07,-5979.026078182971,Active,ionq_forte_simulated,2026-07-10T16:49:07.021211+00:00,1,False,2002000.0,1001000.0,3.2,0.0052,0.00042,0.9982854702192454,"Run - Jul 10, 2026 at 22:18:59"
Q3,2,1991018.0018669656,995509.002920176,0.005392733866159012,0.00043344540302305874,0.01006,3.200198939481948,15.007946773231803,2.7015115293406994e-07,-5982.01260963222,Active,ionq_forte_simulated,2026-07-10T16:49:07.023215+00:00,1,False,2003000.0,1001500.0,3.2,0.0053,0.00043000000000000004,0.9982521462192455,"Run - Jul 10, 2026 at 22:18:59"
Q4,2,1992012.0198310195,996006.011902203,0.005493733866159012,0.0004435254030230587,0.01006,3.200198939481948,15.007946773231803,2.7015115293406994e-07,-5984.999141081702,Active,ionq_forte_simulated,2026-07-10T16:49:07.025208+00:00,1,False,2004000.0,1002000.0,3.2,0.0054,0.00044,0.9982188222192453,"Run - Jul 10, 2026 at 22:18:59"
Q5,2,1993006.0377950734,996503.0208842299,0.005594733866159012,0.0004536054030230587,0.01006,3.200198939481948,15.007946773231803,2.7015115293406994e-07,-5987.985672531184,Active,ionq_forte_simulated,2026-07-10T16:49:07.027729+00:00,1,False,2005000.0,1002500.0,3.2,0.0055,0.00045000000000000004,0.9981854982192453,"Run - Jul 10, 2026 at 22:18:59"
Q6,2,1994000.0557591273,997000.0298662569,0.005695733866159011,0.0004636854030230587,0.01006,3.200198939481948,15.007946773231803,2.7015115293406994e-07,-5990.972203980666,Active,ionq_forte_simulated,2026-07-10T16:49:07.030731+00:00,1,False,2006000.0,1003000.0,3.2,0.0056,0.00046,0.9981521742192454,"Run - Jul 10, 2026 at 22:18:59"
Q7,2,1994994.0737231812,997497.0388482838,0.005796733866159012,0.00047376540302305873,0.01006,3.200198939481948,15.007946773231803,2.7015115293406994e-07,-5993.9587354301475,Active,ionq_forte_simulated,2026-07-10T16:49:07.032731+00:00,1,False,2007000.0,1003500.0,3.2,0.0057,0.00047000000000000004,0.9981188502192454,"Run - Jul 10, 2026 at 22:18:59"
Q8,2,1995988.091687235,997994.0478303108,0.005897733866159012,0.0004838454030230587,0.01006,3.200198939481948,15.007946773231803,2.7015115293406994e-07,-5996.945266879629,Active,ionq_forte_simulated,2026-07-10T16:49:07.035737+00:00,1,False,2008000.0,1004000.0,3.2,0.0058000000000000005,0.00048,0.9980855262192454,"Run - Jul 10, 2026 at 22:18:59"
Q9,2,1996982.1096512892,998491.0568123378,0.005998733866159012,0.0004939254030230587,0.01006,3.200198939481948,15.007946773231803,2.7015115293406994e-07,-5999.931798328878,Active,ionq_forte_simulated,2026-07-10T16:49:07.037729+00:00,1,False,2009000.0,1004500.0,3.2,0.0059,0.00049,0.9980522022192455,"Run - Jul 10, 2026 at 22:18:59"
Q10,2,1997976.127615343,998988.0657943648,0.006099733866159012,0.0005040054030230587,0.01006,3.200198939481948,15.007946773231803,2.7015115293406994e-07,-6002.91832977836,Active,ionq_forte_simulated,2026-07-10T16:49:07.039727+00:00,1,False,2010000.0,1005000.0,3.2,0.006,0.0005,0.9980188782192453,"Run - Jul 10, 2026 at 22:18:59"
Q11,2,1998970.145579397,999485.0747763917,0.0062007338661590125,0.0005140854030230588,0.01006,3.200198939481948,15.007946773231803,2.7015115293406994e-07,-6005.904861227842,Active,ionq_forte_simulated,2026-07-10T16:49:07.041728+00:00,1,False,2011000.0,1005500.0,3.2,0.0061,0.00051,0.9979855542192453,"Run - Jul 10, 2026 at 22:18:59"
Q12,2,1999964.1635434509,999982.0837584187,0.006301733866159013,0.0005241654030230588,0.01006,3.200198939481948,15.007946773231803,2.7015115293406994e-07,-6008.891392677324,Active,ionq_forte_simulated,2026-07-10T16:49:07.044732+00:00,1,False,2012000.0,1006000.0,3.2,0.006200000000000001,0.0005200000000000001,0.9979522302192454,"Run - Jul 10, 2026 at 22:18:59"
Q13,2,2000958.1815075048,1000479.0927404456,0.0064027338661590116,0.0005342454030230588,0.01006,3.200198939481948,15.007946773231803,2.7015115293406994e-07,-6011.877924126806,Active,ionq_forte_simulated,2026-07-10T16:49:07.047731+00:00,1,False,2013000.0,1006500.0,3.2,0.0063,0.0005300000000000001,0.9979189062192454,"Run - Jul 10, 2026 at 22:18:59"
Q14,2,2001952.1994715587,1000976.1017224726,0.006503733866159012,0.0005443254030230587,0.01006,3.200198939481948,15.007946773231803,2.7015115293406994e-07,-6014.864455576288,Active,ionq_forte_simulated,2026-07-10T16:49:07.049730+00:00,1,False,2014000.0,1007000.0,3.2,0.0064,0.00054,0.9978855822192454,"Run - Jul 10, 2026 at 22:18:59"
Q15,2,2002946.2174356128,1001473.1107044996,0.006604733866159012,0.0005544054030230587,0.01006,3.200198939481948,15.007946773231803,2.7015115293406994e-07,-6017.850987025537,Active,ionq_forte_simulated,2026-07-10T16:49:07.052737+00:00,1,False,2015000.0,1007500.0,3.2,0.006500000000000001,0.00055,0.9978522582192455,"Run - Jul 10, 2026 at 22:18:59"
Q16,2,2003940.2353996667,1001970.1196865266,0.006705733866159012,0.0005644854030230587,0.01006,3.200198939481948,15.007946773231803,2.7015115293406994e-07,-6020.837518475018,Active,ionq_forte_simulated,2026-07-10T16:49:07.054730+00:00,1,False,2016000.0,1008000.0,3.2,0.0066,0.0005600000000000001,0.9978189342192454,"Run - Jul 10, 2026 at 22:18:59"
Q17,2,2004934.2533637206,1002467.1286685535,0.006806733866159012,0.0005745654030230587,0.01006,3.200198939481948,15.007946773231803,2.7015115293406994e-07,-6023.8240499245,Active,ionq_forte_simulated,2026-07-10T16:49:07.056728+00:00,1,False,2017000.0,1008500.0,3.2,0.0067,0.00057,0.9977856102192454,"Run - Jul 10, 2026 at 22:18:59"
Q18,2,2005928.2713277745,1002964.1376505805,0.006907733866159013,0.0005846454030230587,0.01006,3.200198939481948,15.007946773231803,2.7015115293406994e-07,-6026.810581373982,Active,ionq_forte_simulated,2026-07-10T16:49:07.058728+00:00,1,False,2018000.0,1009000.0,3.2,0.0068000000000000005,0.00058,0.9977522862192454,"Run - Jul 10, 2026 at 22:18:59"
Q19,2,2006922.2892918284,1003461.1466326074,0.007008733866159012,0.0005947254030230588,0.01006,3.200198939481948,15.007946773231803,2.7015115293406994e-07,-6029.797112823464,Active,ionq_forte_simulated,2026-07-10T16:49:07.060728+00:00,1,False,2019000.0,1009500.0,3.2,0.0069,0.00059,0.9977189622192454,"Run - Jul 10, 2026 at 22:18:59"
Q20,2,2007916.3072558823,1003958.1556146344,0.007109733866159012,0.0006048054030230588,0.01006,3.200198939481948,15.007946773231803,2.7015115293406994e-07,-6032.783644272946,Active,ionq_forte_simulated,2026-07-10T16:49:07.063727+00:00,1,False,2020000.0,1010000.0,3.2,0.007,0.0006000000000000001,0.9976856382192454,"Run - Jul 10, 2026 at 22:18:59"
Q21,2,2008910.3252199362,1004455.1645966613,0.007210733866159012,0.0006148854030230587,0.01006,3.200198939481948,15.007946773231803,2.7015115293406994e-07,-6035.770175722195,Active,ionq_forte_simulated,2026-07-10T16:49:07.066731+00:00,1,False,2021000.0,1010500.0,3.2,0.0071,0.0006100000000000001,0.9976523142192455,"Run - Jul 10, 2026 at 22:18:59"
Q22,2,2009904.3431839903,1004952.1735786884,0.007311733866159012,0.0006249654030230587,0.01006,3.200198939481948,15.007946773231803,2.7015115293406994e-07,-6038.756707171444,Active,ionq_forte_simulated,2026-07-10T16:49:07.068736+00:00,1,False,2022000.0,1011000.0,3.2,0.0072,0.00062,0.9976189902192454,"Run - Jul 10, 2026 at 22:18:59"
Q23,2,2010898.3611480442,1005449.1825607154,0.007412733866159012,0.0006350454030230587,0.01006,3.200198939481948,15.007946773231803,2.7015115293406994e-07,-6041.743238620926,Active,ionq_forte_simulated,2026-07-10T16:49:07.071729+00:00,1,False,2023000.0,1011500.0,3.2,0.0073,0.00063,0.9975856662192453,"Run - Jul 10, 2026 at 22:18:59"
Q24,2,2011892.3791120981,1005946.1915427423,0.0075137338661590124,0.0006451254030230587,0.01006,3.200198939481948,15.007946773231803,2.7015115293406994e-07,-6044.7297700704075,Active,ionq_forte_simulated,2026-07-10T16:49:07.073731+00:00,1,False,2024000.0,1012000.0,3.2,0.0074,0.00064,0.9975523422192454,"Run - Jul 10, 2026 at 22:18:59"
Q0,3,1982080.787097788,991040.3965040961,0.005134104041332268,0.00040480070737201673,0.01009,3.2002955555752624,15.011820808266453,3.5368600833851456e-08,-5955.1608770156745,Active,ionq_forte_simulated,2026-07-10T16:49:11.157879+00:00,1,False,2000000.0,1000000.0,3.2,0.005,0.0004,0.9983383285753886,"Run - Jul 10, 2026 at 22:18:59"
Q1,3,1983071.8274765608,991535.9166934825,0.005235604041332268,0.00041492070737201675,0.01009,3.2002955555752624,15.011820808266453,3.5368600833851456e-08,-5958.138462296687,Active,ionq_forte_simulated,2026-07-10T16:49:11.159879+00:00,1,False,2001000.0,1000500.0,3.2,0.0051,0.00041000000000000005,0.9983048425753887,"Run - Jul 10, 2026 at 22:18:59"
Q2,3,1984062.8678553337,992031.436882869,0.005337104041332267,0.0004250407073720167,0.01009,3.2002955555752624,15.011820808266453,3.5368600833851456e-08,-5961.1160475777,Active,ionq_forte_simulated,2026-07-10T16:49:11.162885+00:00,1,False,2002000.0,1001000.0,3.2,0.0052,0.00042,0.9982713565753887,"Run - Jul 10, 2026 at 22:18:59"
Q3,3,1985053.9082341066,992526.9570722554,0.005438604041332268,0.00043516070737201673,0.01009,3.2002955555752624,15.011820808266453,3.5368600833851456e-08,-5964.093632858945,Active,ionq_forte_simulated,2026-07-10T16:49:11.164884+00:00,1,False,2003000.0,1001500.0,3.2,0.0053,0.00043000000000000004,0.9982378705753887,"Run - Jul 10, 2026 at 22:18:59"
Q4,3,1986044.9486128795,993022.4772616419,0.005540104041332268,0.00044528070737201675,0.01009,3.2002955555752624,15.011820808266453,3.5368600833851456e-08,-5967.071218139958,Active,ionq_forte_simulated,2026-07-10T16:49:11.166887+00:00,1,False,2004000.0,1002000.0,3.2,0.0054,0.00044,0.9982043845753887,"Run - Jul 10, 2026 at 22:18:59"
Q5,3,1987035.9889916524,993517.9974510283,0.005641604041332267,0.00045540070737201677,0.01009,3.2002955555752624,15.011820808266453,3.5368600833851456e-08,-5970.04880342097,Active,ionq_forte_simulated,2026-07-10T16:49:11.167879+00:00,1,False,2005000.0,1002500.0,3.2,0.0055,0.00045000000000000004,0.9981708985753888,"Run - Jul 10, 2026 at 22:18:59"
Q6,3,1988027.0293704253,994013.5176404148,0.005743104041332268,0.00046552070737201673,0.01009,3.2002955555752624,15.011820808266453,3.5368600833851456e-08,-5973.026388701983,Active,ionq_forte_simulated,2026-07-10T16:49:11.170880+00:00,1,False,2006000.0,1003000.0,3.2,0.0056,0.00046,0.9981374125753887,"Run - Jul 10, 2026 at 22:18:59"
Q7,3,1989018.0697491982,994509.0378298012,0.005844604041332268,0.00047564070737201675,0.01009,3.2002955555752624,15.011820808266453,3.5368600833851456e-08,-5976.003973982995,Active,ionq_forte_simulated,2026-07-10T16:49:11.171880+00:00,1,False,2007000.0,1003500.0,3.2,0.0057,0.00047000000000000004,0.9981039265753888,"Run - Jul 10, 2026 at 22:18:59"
Q8,3,1990009.110127971,995004.5580191877,0.005946104041332268,0.0004857607073720167,0.01009,3.2002955555752624,15.011820808266453,3.5368600833851456e-08,-5978.981559264008,Active,ionq_forte_simulated,2026-07-10T16:49:11.173879+00:00,1,False,2008000.0,1004000.0,3.2,0.0058000000000000005,0.00048,0.9980704405753886,"Run - Jul 10, 2026 at 22:18:59"
Q9,3,1991000.150506744,995500.0782085741,0.006047604041332267,0.0004958807073720166,0.01009,3.2002955555752624,15.011820808266453,3.5368600833851456e-08,-5981.959144545253,Active,ionq_forte_simulated,2026-07-10T16:49:11.174880+00:00,1,False,2009000.0,1004500.0,3.2,0.0059,0.00049,0.9980369545753888,"Run - Jul 10, 2026 at 22:18:59"
Q10,3,1991991.1908855168,995995.5983979605,0.006149104041332268,0.0005060007073720167,0.01009,3.2002955555752624,15.011820808266453,3.5368600833851456e-08,-5984.936729826266,Active,ionq_forte_simulated,2026-07-10T16:49:11.176883+00:00,1,False,2010000.0,1005000.0,3.2,0.006,0.0005,0.9980034685753887,"Run - Jul 10, 2026 at 22:18:59"
Q11,3,1992982.2312642897,996491.118587347,0.006250604041332268,0.0005161207073720167,0.01009,3.2002955555752624,15.011820808266453,3.5368600833851456e-08,-5987.9143151072785,Active,ionq_forte_simulated,2026-07-10T16:49:11.178885+00:00,1,False,2011000.0,1005500.0,3.2,0.0061,0.00051,0.9979699825753887,"Run - Jul 10, 2026 at 22:18:59"
Q12,3,1993973.2716430626,996986.6387767334,0.006352104041332268,0.0005262407073720167,0.01009,3.2002955555752624,15.011820808266453,3.5368600833851456e-08,-5990.891900388291,Active,ionq_forte_simulated,2026-07-10T16:49:11.180882+00:00,1,False,2012000.0,1006000.0,3.2,0.006200000000000001,0.0005200000000000001,0.9979364965753887,"Run - Jul 10, 2026 at 22:18:59"
Q13,3,1994964.3120218355,997482.1589661199,0.006453604041332267,0.0005363607073720167,0.01009,3.2002955555752624,15.011820808266453,3.5368600833851456e-08,-5993.869485669304,Active,ionq_forte_simulated,2026-07-10T16:49:11.182881+00:00,1,False,2013000.0,1006500.0,3.2,0.0063,0.0005300000000000001,0.9979030105753888,"Run - Jul 10, 2026 at 22:18:59"
Q14,3,1995955.3524006084,997977.6791555063,0.006555104041332268,0.0005464807073720167,0.01009,3.2002955555752624,15.011820808266453,3.5368600833851456e-08,-5996.847070950316,Active,ionq_forte_simulated,2026-07-10T16:49:11.184882+00:00,1,False,2014000.0,1007000.0,3.2,0.0064,0.00054,0.9978695245753887,"Run - Jul 10, 2026 at 22:18:59"
Q15,3,1996946.3927793812,998473.1993448928,0.006656604041332268,0.0005566007073720167,0.01009,3.2002955555752624,15.011820808266453,3.5368600833851456e-08,-5999.824656231562,Active,ionq_forte_simulated,2026-07-10T16:49:11.185881+00:00,1,False,2015000.0,1007500.0,3.2,0.006500000000000001,0.00055,0.9978360385753886,"Run - Jul 10, 2026 at 22:18:59"
Q16,3,1997937.4331581541,998968.7195342792,0.0067581040413322675,0.0005667207073720167,0.01009,3.2002955555752624,15.011820808266453,3.5368600833851456e-08,-6002.802241512574,Active,ionq_forte_simulated,2026-07-10T16:49:11.187880+00:00,1,False,2016000.0,1008000.0,3.2,0.0066,0.0005600000000000001,0.9978025525753887,"Run - Jul 10, 2026 at 22:18:59"
Q17,3,1998928.473536927,999464.2397236656,0.0068596040413322675,0.0005768407073720167,0.01009,3.2002955555752624,15.011820808266453,3.5368600833851456e-08,-6005.779826793587,Active,ionq_forte_simulated,2026-07-10T16:49:11.189313+00:00,1,False,2017000.0,1008500.0,3.2,0.0067,0.00057,0.9977690665753887,"Run - Jul 10, 2026 at 22:18:59"
Q18,3,1999919.5139157,999959.7599130521,0.006961104041332268,0.0005869607073720166,0.01009,3.2002955555752624,15.011820808266453,3.5368600833851456e-08,-6008.757412074599,Active,ionq_forte_simulated,2026-07-10T16:49:11.191329+00:00,1,False,2018000.0,1009000.0,3.2,0.0068000000000000005,0.00058,0.9977355805753887,"Run - Jul 10, 2026 at 22:18:59"
Q19,3,2000910.5542944728,1000455.2801024385,0.007062604041332268,0.0005970807073720167,0.01009,3.2002955555752624,15.011820808266453,3.5368600833851456e-08,-6011.734997355612,Active,ionq_forte_simulated,2026-07-10T16:49:11.193532+00:00,1,False,2019000.0,1009500.0,3.2,0.0069,0.00059,0.9977020945753887,"Run - Jul 10, 2026 at 22:18:59"
Q20,3,2001901.5946732454,1000950.8002918249,0.007164104041332268,0.0006072007073720167,0.01009,3.2002955555752624,15.011820808266453,3.5368600833851456e-08,-6014.712582636857,Active,ionq_forte_simulated,2026-07-10T16:49:11.196081+00:00,1,False,2020000.0,1010000.0,3.2,0.007,0.0006000000000000001,0.9976686085753887,"Run - Jul 10, 2026 at 22:18:59"
Q21,3,2002892.6350520183,1001446.3204812113,0.007265604041332268,0.0006173207073720167,0.01009,3.2002955555752624,15.011820808266453,3.5368600833851456e-08,-6017.69016791787,Active,ionq_forte_simulated,2026-07-10T16:49:11.198105+00:00,1,False,2021000.0,1010500.0,3.2,0.0071,0.0006100000000000001,0.9976351225753888,"Run - Jul 10, 2026 at 22:18:59"
Q22,3,2003883.6754307912,1001941.8406705977,0.007367104041332268,0.0006274407073720167,0.01009,3.2002955555752624,15.011820808266453,3.5368600833851456e-08,-6020.667753199115,Active,ionq_forte_simulated,2026-07-10T16:49:11.199626+00:00,1,False,2022000.0,1011000.0,3.2,0.0072,0.00062,0.9976016365753887,"Run - Jul 10, 2026 at 22:18:59"
Q23,3,2004874.715809564,1002437.3608599842,0.007468604041332268,0.0006375607073720167,0.01009,3.2002955555752624,15.011820808266453,3.5368600833851456e-08,-6023.645338480128,Active,ionq_forte_simulated,2026-07-10T16:49:11.201624+00:00,1,False,2023000.0,1011500.0,3.2,0.0073,0.00063,0.9975681505753888,"Run - Jul 10, 2026 at 22:18:59"
Q24,3,2005865.756188337,1002932.8810493706,0.007570104041332268,0.0006476807073720167,0.01009,3.2002955555752624,15.011820808266453,3.5368600833851456e-08,-6026.622923761141,Active,ionq_forte_simulated,2026-07-10T16:49:11.203624+00:00,1,False,2024000.0,1012000.0,3.2,0.0074,0.00064,0.9975346645753886,"Run - Jul 10, 2026 at 22:18:59"
Q0,4,1976143.464665695,988071.736227031,0.005177883668461731,0.0004064041614683655,0.01012,3.2003892102688902,15.015576733692345,-2.080734182735712e-07,-5937.322432092857,Active,ionq_forte_simulated,2026-07-10T16:49:12.817564+00:00,1,False,2000000.0,1000000.0,3.2,0.005,0.0004,0.998324713651021,"Run - Jul 10, 2026 at 22:18:59"
Q1,4,1977131.536378557,988565.772083462,0.005279883668461731,0.00041656416146836555,0.01012,3.2003892102688902,15.015576733692345,-2.080734182735712e-07,-5940.291098003741,Active,ionq_forte_simulated,2026-07-10T16:49:12.820559+00:00,1,False,2001000.0,1000500.0,3.2,0.0051,0.00041000000000000005,0.9982910656510209,"Run - Jul 10, 2026 at 22:18:59"
Q2,4,1978119.608091419,989059.807939893,0.00538188366846173,0.0004267241614683655,0.01012,3.2003892102688902,15.015576733692345,-2.080734182735712e-07,-5943.259763914626,Active,ionq_forte_simulated,2026-07-10T16:49:12.822558+00:00,1,False,2002000.0,1001000.0,3.2,0.0052,0.00042,0.9982574176510209,"Run - Jul 10, 2026 at 22:18:59"
Q3,4,1979107.6798042809,989553.8437963239,0.005483883668461731,0.00043688416146836555,0.01012,3.2003892102688902,15.015576733692345,-2.080734182735712e-07,-5946.228429825744,Active,ionq_forte_simulated,2026-07-10T16:49:12.839429+00:00,1,False,2003000.0,1001500.0,3.2,0.0053,0.00043000000000000004,0.998223769651021,"Run - Jul 10, 2026 at 22:18:59"
Q4,4,1980095.7515171429,990047.8796527549,0.005585883668461731,0.0004470441614683655,0.01012,3.2003892102688902,15.015576733692345,-2.080734182735712e-07,-5949.197095736628,Active,ionq_forte_simulated,2026-07-10T16:49:12.841431+00:00,1,False,2004000.0,1002000.0,3.2,0.0054,0.00044,0.998190121651021,"Run - Jul 10, 2026 at 22:18:59"
Q5,4,1981083.8232300049,990541.9155091859,0.00568788366846173,0.00045720416146836554,0.01012,3.2003892102688902,15.015576733692345,-2.080734182735712e-07,-5952.165761647513,Active,ionq_forte_simulated,2026-07-10T16:49:12.844969+00:00,1,False,2005000.0,1002500.0,3.2,0.0055,0.00045000000000000004,0.998156473651021,"Run - Jul 10, 2026 at 22:18:59"
Q6,4,1982071.8949428666,991035.9513656168,0.00578988366846173,0.0004673641614683655,0.01012,3.2003892102688902,15.015576733692345,-2.080734182735712e-07,-5955.134427558631,Active,ionq_forte_simulated,2026-07-10T16:49:12.846980+00:00,1,False,2006000.0,1003000.0,3.2,0.0056,0.00046,0.9981228256510208,"Run - Jul 10, 2026 at 22:18:59"
Q7,4,1983059.9666557286,991529.9872220478,0.005891883668461731,0.00047752416146836554,0.01012,3.2003892102688902,15.015576733692345,-2.080734182735712e-07,-5958.103093469515,Active,ionq_forte_simulated,2026-07-10T16:49:12.849982+00:00,1,False,2007000.0,1003500.0,3.2,0.0057,0.00047000000000000004,0.998089177651021,"Run - Jul 10, 2026 at 22:18:59"
Q8,4,1984048.0383685906,992024.0230784788,0.005993883668461731,0.0004876841614683655,0.01012,3.2003892102688902,15.015576733692345,-2.080734182735712e-07,-5961.0717593804,Active,ionq_forte_simulated,2026-07-10T16:49:12.852987+00:00,1,False,2008000.0,1004000.0,3.2,0.0058000000000000005,0.00048,0.998055529651021,"Run - Jul 10, 2026 at 22:18:59"
Q9,4,1985036.1100814526,992518.0589349098,0.00609588366846173,0.0004978441614683655,0.01012,3.2003892102688902,15.015576733692345,-2.080734182735712e-07,-5964.040425291285,Active,ionq_forte_simulated,2026-07-10T16:49:12.855982+00:00,1,False,2009000.0,1004500.0,3.2,0.0059,0.00049,0.998021881651021,"Run - Jul 10, 2026 at 22:18:59"
Q10,4,1986024.1817943144,993012.0947913406,0.006197883668461731,0.0005080041614683654,0.01012,3.2003892102688902,15.015576733692345,-2.080734182735712e-07,-5967.0090912024025,Active,ionq_forte_simulated,2026-07-10T16:49:12.857986+00:00,1,False,2010000.0,1005000.0,3.2,0.006,0.0005,0.9979882336510209,"Run - Jul 10, 2026 at 22:18:59"
Q11,4,1987012.2535071764,993506.1306477716,0.0062998836684617305,0.0005181641614683655,0.01012,3.2003892102688902,15.015576733692345,-2.080734182735712e-07,-5969.977757113287,Active,ionq_forte_simulated,2026-07-10T16:49:12.860983+00:00,1,False,2011000.0,1005500.0,3.2,0.0061,0.00051,0.997954585651021,"Run - Jul 10, 2026 at 22:18:59"
Q12,4,1988000.3252200384,994000.1665042026,0.006401883668461731,0.0005283241614683655,0.01012,3.2003892102688902,15.015576733692345,-2.080734182735712e-07,-5972.946423024172,Active,ionq_forte_simulated,2026-07-10T16:49:12.863990+00:00,1,False,2012000.0,1006000.0,3.2,0.006200000000000001,0.0005200000000000001,0.997920937651021,"Run - Jul 10, 2026 at 22:18:59"
Q13,4,1988988.3969329002,994494.2023606335,0.006503883668461731,0.0005384841614683656,0.01012,3.2003892102688902,15.015576733692345,-2.080734182735712e-07,-5975.9150889352895,Active,ionq_forte_simulated,2026-07-10T16:49:12.866990+00:00,1,False,2013000.0,1006500.0,3.2,0.0063,0.0005300000000000001,0.9978872896510209,"Run - Jul 10, 2026 at 22:18:59"
Q14,4,1989976.4686457622,994988.2382170645,0.006605883668461731,0.0005486441614683654,0.01012,3.2003892102688902,15.015576733692345,-2.080734182735712e-07,-5978.883754846174,Active,ionq_forte_simulated,2026-07-10T16:49:12.869985+00:00,1,False,2014000.0,1007000.0,3.2,0.0064,0.00054,0.9978536416510209,"Run - Jul 10, 2026 at 22:18:59"
Q15,4,1990964.5403586242,995482.2740734955,0.006707883668461731,0.0005588041614683655,0.01012,3.2003892102688902,15.015576733692345,-2.080734182735712e-07,-5981.852420757059,Active,ionq_forte_simulated,2026-07-10T16:49:12.871980+00:00,1,False,2015000.0,1007500.0,3.2,0.006500000000000001,0.00055,0.997819993651021,"Run - Jul 10, 2026 at 22:18:59"
Q16,4,1991952.612071486,995976.3099299264,0.0068098836684617305,0.0005689641614683655,0.01012,3.2003892102688902,15.015576733692345,-2.080734182735712e-07,-5984.821086668177,Active,ionq_forte_simulated,2026-07-10T16:49:12.874982+00:00,1,False,2016000.0,1008000.0,3.2,0.0066,0.0005600000000000001,0.997786345651021,"Run - Jul 10, 2026 at 22:18:59"
Q17,4,1992940.683784348,996470.3457863574,0.006911883668461731,0.0005791241614683655,0.01012,3.2003892102688902,15.015576733692345,-2.080734182735712e-07,-5987.789752579061,Active,ionq_forte_simulated,2026-07-10T16:49:12.877984+00:00,1,False,2017000.0,1008500.0,3.2,0.0067,0.00057,0.9977526976510209,"Run - Jul 10, 2026 at 22:18:59"
Q18,4,1993928.75549721,996964.3816427884,0.007013883668461731,0.0005892841614683654,0.01012,3.2003892102688902,15.015576733692345,-2.080734182735712e-07,-5990.758418489946,Active,ionq_forte_simulated,2026-07-10T16:49:12.880985+00:00,1,False,2018000.0,1009000.0,3.2,0.0068000000000000005,0.00058,0.997719049651021,"Run - Jul 10, 2026 at 22:18:59"
Q19,4,1994916.8272100717,997458.4174992193,0.00711588366846173,0.0005994441614683655,0.01012,3.2003892102688902,15.015576733692345,-2.080734182735712e-07,-5993.727084401064,Active,ionq_forte_simulated,2026-07-10T16:49:12.883985+00:00,1,False,2019000.0,1009500.0,3.2,0.0069,0.00059,0.997685401651021,"Run - Jul 10, 2026 at 22:18:59"
Q20,4,1995904.8989229337,997952.4533556503,0.007217883668461731,0.0006096041614683655,0.01012,3.2003892102688902,15.015576733692345,-2.080734182735712e-07,-5996.6957503117155,Active,ionq_forte_simulated,2026-07-10T16:49:12.886983+00:00,1,False,2020000.0,1010000.0,3.2,0.007,0.0006000000000000001,0.997651753651021,"Run - Jul 10, 2026 at 22:18:59"
Q21,4,1996892.9706357957,998446.4892120813,0.0073198836684617305,0.0006197641614683656,0.01012,3.2003892102688902,15.015576733692345,-2.080734182735712e-07,-5999.6644162226,Active,ionq_forte_simulated,2026-07-10T16:49:12.888986+00:00,1,False,2021000.0,1010500.0,3.2,0.0071,0.0006100000000000001,0.9976181056510209,"Run - Jul 10, 2026 at 22:18:59"
Q22,4,1997881.0423486577,998940.5250685123,0.00742188366846173,0.0006299241614683654,0.01012,3.2003892102688902,15.015576733692345,-2.080734182735712e-07,-6002.633082133485,Active,ionq_forte_simulated,2026-07-10T16:49:12.890987+00:00,1,False,2022000.0,1011000.0,3.2,0.0072,0.00062,0.997584457651021,"Run - Jul 10, 2026 at 22:18:59"
Q23,4,1998869.1140615195,999434.5609249432,0.007523883668461731,0.0006400841614683654,0.01012,3.2003892102688902,15.015576733692345,-2.080734182735712e-07,-6005.601748044603,Active,ionq_forte_simulated,2026-07-10T16:49:12.893986+00:00,1,False,2023000.0,1011500.0,3.2,0.0073,0.00063,0.9975508096510209,"Run - Jul 10, 2026 at 22:18:59"
Q24,4,1999857.1857743815,999928.5967813742,0.007625883668461731,0.0006502441614683655,0.01012,3.2003892102688902,15.015576733692345,-2.080734182735712e-07,-6008.570413955487,Active,ionq_forte_simulated,2026-07-10T16:49:12.896983+00:00,1,False,2024000.0,1012000.0,3.2,0.0074,0.00064,0.997517161651021,"Run - Jul 10, 2026 at 22:18:59"
Q0,5,1970223.9271486793,985111.968368595,0.00522088510772084,0.00040800801143615553,0.01015,3.2004790249667967,15.019177021544168,-4.005718077734669e-07,-5919.537517015822,Active,ionq_forte_simulated,2026-07-10T16:49:14.877381+00:00,1,False,2000000.0,1000000.0,3.2,0.005,0.0004,0.9983113320642529,"Run - Jul 10, 2026 at 22:18:59"
Q1,5,1971209.0390882823,985604.5243383965,0.00532338510772084,0.0004182080114361555,0.01015,3.2004790249667967,15.019177021544168,-4.005718077734669e-07,-5922.497290274827,Active,ionq_forte_simulated,2026-07-10T16:49:14.880378+00:00,1,False,2001000.0,1000500.0,3.2,0.0051,0.00041000000000000005,0.998277522064253,"Run - Jul 10, 2026 at 22:18:59"
Q2,5,1972194.1510278853,986097.080308198,0.00542588510772084,0.0004284080114361555,0.01015,3.2004790249667967,15.019177021544168,-4.005718077734669e-07,-5925.457063533831,Active,ionq_forte_simulated,2026-07-10T16:49:14.883375+00:00,1,False,2002000.0,1001000.0,3.2,0.0052,0.00042,0.9982437120642529,"Run - Jul 10, 2026 at 22:18:59"
Q3,5,1973179.2629674883,986589.6362779995,0.00552838510772084,0.0004386080114361555,0.01015,3.2004790249667967,15.019177021544168,-4.005718077734669e-07,-5928.416836792603,Active,ionq_forte_simulated,2026-07-10T16:49:14.885379+00:00,1,False,2003000.0,1001500.0,3.2,0.0053,0.00043000000000000004,0.998209902064253,"Run - Jul 10, 2026 at 22:18:59"
Q4,5,1974164.3749070915,987082.1922478011,0.0056308851077208405,0.0004488080114361555,0.01015,3.2004790249667967,15.019177021544168,-4.005718077734669e-07,-5931.376610051375,Active,ionq_forte_simulated,2026-07-10T16:49:14.888375+00:00,1,False,2004000.0,1002000.0,3.2,0.0054,0.00044,0.9981760920642528,"Run - Jul 10, 2026 at 22:18:59"
Q5,5,1975149.4868466945,987574.7482176026,0.00573338510772084,0.0004590080114361555,0.01015,3.2004790249667967,15.019177021544168,-4.005718077734669e-07,-5934.3363833103795,Active,ionq_forte_simulated,2026-07-10T16:49:14.891383+00:00,1,False,2005000.0,1002500.0,3.2,0.0055,0.00045000000000000004,0.9981422820642528,"Run - Jul 10, 2026 at 22:18:59"
Q6,5,1976134.5987862975,988067.3041874041,0.00583588510772084,0.0004692080114361555,0.01015,3.2004790249667967,15.019177021544168,-4.005718077734669e-07,-5937.296156569151,Active,ionq_forte_simulated,2026-07-10T16:49:14.894380+00:00,1,False,2006000.0,1003000.0,3.2,0.0056,0.00046,0.998108472064253,"Run - Jul 10, 2026 at 22:18:59"
Q7,5,1977119.7107259007,988559.8601572057,0.00593838510772084,0.00047940801143615553,0.01015,3.2004790249667967,15.019177021544168,-4.005718077734669e-07,-5940.255929827923,Active,ionq_forte_simulated,2026-07-10T16:49:14.897380+00:00,1,False,2007000.0,1003500.0,3.2,0.0057,0.00047000000000000004,0.9980746620642529,"Run - Jul 10, 2026 at 22:18:59"
Q8,5,1978104.8226655037,989052.4161270072,0.00604088510772084,0.0004896080114361554,0.01015,3.2004790249667967,15.019177021544168,-4.005718077734669e-07,-5943.2157030869275,Active,ionq_forte_simulated,2026-07-10T16:49:14.899379+00:00,1,False,2008000.0,1004000.0,3.2,0.0058000000000000005,0.00048,0.998040852064253,"Run - Jul 10, 2026 at 22:18:59"
Q9,5,1979089.9346051067,989544.9720968087,0.0061433851077208395,0.0004998080114361554,0.01015,3.2004790249667967,15.019177021544168,-4.005718077734669e-07,-5946.175476345932,Active,ionq_forte_simulated,2026-07-10T16:49:14.902377+00:00,1,False,2009000.0,1004500.0,3.2,0.0059,0.00049,0.998007042064253,"Run - Jul 10, 2026 at 22:18:59"
Q10,5,1980075.0465447097,990037.5280666102,0.00624588510772084,0.0005100080114361555,0.01015,3.2004790249667967,15.019177021544168,-4.005718077734669e-07,-5949.135249604704,Active,ionq_forte_simulated,2026-07-10T16:49:14.904375+00:00,1,False,2010000.0,1005000.0,3.2,0.006,0.0005,0.9979732320642529,"Run - Jul 10, 2026 at 22:18:59"
Q11,5,1981060.158484313,990530.0840364118,0.006348385107720841,0.0005202080114361555,0.01015,3.2004790249667967,15.019177021544168,-4.005718077734669e-07,-5952.095022863476,Active,ionq_forte_simulated,2026-07-10T16:49:14.906378+00:00,1,False,2011000.0,1005500.0,3.2,0.0061,0.00051,0.9979394220642529,"Run - Jul 10, 2026 at 22:18:59"
Q12,5,1982045.270423916,991022.6400062133,0.006450885107720841,0.0005304080114361555,0.01015,3.2004790249667967,15.019177021544168,-4.005718077734669e-07,-5955.05479612248,Active,ionq_forte_simulated,2026-07-10T16:49:14.910379+00:00,1,False,2012000.0,1006000.0,3.2,0.006200000000000001,0.0005200000000000001,0.9979056120642529,"Run - Jul 10, 2026 at 22:18:59"
Q13,5,1983030.382363519,991515.1959760148,0.00655338510772084,0.0005406080114361556,0.01015,3.2004790249667967,15.019177021544168,-4.005718077734669e-07,-5958.014569381252,Active,ionq_forte_simulated,2026-07-10T16:49:14.912377+00:00,1,False,2013000.0,1006500.0,3.2,0.0063,0.0005300000000000001,0.9978718020642529,"Run - Jul 10, 2026 at 22:18:59"
Q14,5,1984015.4943031222,992007.7519458164,0.00665588510772084,0.0005508080114361555,0.01015,3.2004790249667967,15.019177021544168,-4.005718077734669e-07,-5960.974342640024,Active,ionq_forte_simulated,2026-07-10T16:49:14.915378+00:00,1,False,2014000.0,1007000.0,3.2,0.0064,0.00054,0.9978379920642528,"Run - Jul 10, 2026 at 22:18:59"
Q15,5,1985000.6062427252,992500.307915618,0.0067583851077208405,0.0005610080114361555,0.01015,3.2004790249667967,15.019177021544168,-4.005718077734669e-07,-5963.934115899028,Active,ionq_forte_simulated,2026-07-10T16:49:14.918386+00:00,1,False,2015000.0,1007500.0,3.2,0.006500000000000001,0.00055,0.9978041820642529,"Run - Jul 10, 2026 at 22:18:59"
Q16,5,1985985.7181823282,992992.8638854194,0.00686088510772084,0.0005712080114361555,0.01015,3.2004790249667967,15.019177021544168,-4.005718077734669e-07,-5966.8938891578,Active,ionq_forte_simulated,2026-07-10T16:49:14.921402+00:00,1,False,2016000.0,1008000.0,3.2,0.0066,0.0005600000000000001,0.9977703720642528,"Run - Jul 10, 2026 at 22:18:59"
Q17,5,1986970.8301219312,993485.419855221,0.00696338510772084,0.0005814080114361555,0.01015,3.2004790249667967,15.019177021544168,-4.005718077734669e-07,-5969.853662416805,Active,ionq_forte_simulated,2026-07-10T16:49:14.923406+00:00,1,False,2017000.0,1008500.0,3.2,0.0067,0.00057,0.9977365620642529,"Run - Jul 10, 2026 at 22:18:59"
Q18,5,1987955.9420615344,993977.9758250226,0.00706588510772084,0.0005916080114361554,0.01015,3.2004790249667967,15.019177021544168,-4.005718077734669e-07,-5972.813435675576,Active,ionq_forte_simulated,2026-07-10T16:49:14.926415+00:00,1,False,2018000.0,1009000.0,3.2,0.0068000000000000005,0.00058,0.997702752064253,"Run - Jul 10, 2026 at 22:18:59"
Q19,5,1988941.0540011374,994470.531794824,0.007168385107720839,0.0006018080114361554,0.01015,3.2004790249667967,15.019177021544168,-4.005718077734669e-07,-5975.773208934348,Active,ionq_forte_simulated,2026-07-10T16:49:14.929413+00:00,1,False,2019000.0,1009500.0,3.2,0.0069,0.00059,0.9976689420642528,"Run - Jul 10, 2026 at 22:18:59"
Q20,5,1989926.1659407404,994963.0877646256,0.00727088510772084,0.0006120080114361554,0.01015,3.2004790249667967,15.019177021544168,-4.005718077734669e-07,-5978.732982193353,Active,ionq_forte_simulated,2026-07-10T16:49:14.932403+00:00,1,False,2020000.0,1010000.0,3.2,0.007,0.0006000000000000001,0.9976351320642529,"Run - Jul 10, 2026 at 22:18:59"
Q21,5,1990911.2778803434,995455.643734427,0.007373385107720841,0.0006222080114361555,0.01015,3.2004790249667967,15.019177021544168,-4.005718077734669e-07,-5981.692755452357,Active,ionq_forte_simulated,2026-07-10T16:49:14.934400+00:00,1,False,2021000.0,1010500.0,3.2,0.0071,0.0006100000000000001,0.9976013220642529,"Run - Jul 10, 2026 at 22:18:59"
Q22,5,1991896.3898199466,995948.1997042287,0.00747588510772084,0.0006324080114361554,0.01015,3.2004790249667967,15.019177021544168,-4.005718077734669e-07,-5984.652528711129,Active,ionq_forte_simulated,2026-07-10T16:49:14.936935+00:00,1,False,2022000.0,1011000.0,3.2,0.0072,0.00062,0.9975675120642529,"Run - Jul 10, 2026 at 22:18:59"
Q23,5,1992881.5017595496,996440.7556740302,0.00757838510772084,0.0006426080114361554,0.01015,3.2004790249667967,15.019177021544168,-4.005718077734669e-07,-5987.612301969901,Active,ionq_forte_simulated,2026-07-10T16:49:14.938939+00:00,1,False,2023000.0,1011500.0,3.2,0.0073,0.00063,0.997533702064253,"Run - Jul 10, 2026 at 22:18:59"
Q24,5,1993866.6136991526,996933.3116438317,0.00768088510772084,0.0006528080114361555,0.01015,3.2004790249667967,15.019177021544168,-4.005718077734669e-07,-5990.572075228905,Active,ionq_forte_simulated,2026-07-10T16:49:14.942957+00:00,1,False,2024000.0,1012000.0,3.2,0.0074,0.00064,0.9974998920642528,"Run - Jul 10, 2026 at 22:18:59"
Q0,6,1964322.121180849,982161.0662368492,0.005262928494679007,0.00040960989992496605,0.01018,3.200564147477147,15.022585698935801,-4.949962483002227e-07,-5901.805967830354,Active,ionq_forte_simulated,2026-07-10T16:49:17.504237+00:00,1,False,2000000.0,1000000.0,3.2,0.005,0.0004,0.9982982384816188,"Run - Jul 10, 2026 at 22:18:59"
Q1,6,1965304.2822132073,982652.1467530284,0.005365928494679008,0.00041984989992496606,0.01018,3.200564147477147,15.022585698935801,-4.949962483002227e-07,-5904.756875074934,Active,ionq_forte_simulated,2026-07-10T16:49:17.506235+00:00,1,False,2001000.0,1000500.0,3.2,0.0051,0.00041000000000000005,0.9982642664816188,"Run - Jul 10, 2026 at 22:18:59"
Q2,6,1966286.4432455655,983143.2272692075,0.005468928494679007,0.000430089899924966,0.01018,3.200564147477147,15.022585698935801,-4.949962483002227e-07,-5907.707782319747,Active,ionq_forte_simulated,2026-07-10T16:49:17.508241+00:00,1,False,2002000.0,1001000.0,3.2,0.0052,0.00042,0.9982302944816188,"Run - Jul 10, 2026 at 22:18:59"
Q3,6,1967268.604277924,983634.3077853867,0.005571928494679007,0.0004403298999249661,0.01018,3.200564147477147,15.022585698935801,-4.949962483002227e-07,-5910.658689564327,Active,ionq_forte_simulated,2026-07-10T16:49:17.511242+00:00,1,False,2003000.0,1001500.0,3.2,0.0053,0.00043000000000000004,0.9981963224816188,"Run - Jul 10, 2026 at 22:18:59"
Q4,6,1968250.7653102821,984125.3883015658,0.005674928494679007,0.00045056989992496604,0.01018,3.200564147477147,15.022585698935801,-4.949962483002227e-07,-5913.609596809372,Active,ionq_forte_simulated,2026-07-10T16:49:17.513240+00:00,1,False,2004000.0,1002000.0,3.2,0.0054,0.00044,0.9981623504816188,"Run - Jul 10, 2026 at 22:18:59"
Q5,6,1969232.9263426405,984616.468817745,0.005777928494679007,0.00046080989992496605,0.01018,3.200564147477147,15.022585698935801,-4.949962483002227e-07,-5916.560504053952,Active,ionq_forte_simulated,2026-07-10T16:49:17.516240+00:00,1,False,2005000.0,1002500.0,3.2,0.0055,0.00045000000000000004,0.9981283784816188,"Run - Jul 10, 2026 at 22:18:59"
Q6,6,1970215.0873749987,985107.5493339241,0.005880928494679007,0.00047104989992496606,0.01018,3.200564147477147,15.022585698935801,-4.949962483002227e-07,-5919.511411298765,Active,ionq_forte_simulated,2026-07-10T16:49:17.518238+00:00,1,False,2006000.0,1003000.0,3.2,0.0056,0.00046,0.9980944064816188,"Run - Jul 10, 2026 at 22:18:59"
Q7,6,1971197.2484073571,985598.6298501033,0.005983928494679007,0.00048128989992496607,0.01018,3.200564147477147,15.022585698935801,-4.949962483002227e-07,-5922.462318543578,Active,ionq_forte_simulated,2026-07-10T16:49:17.520668+00:00,1,False,2007000.0,1003500.0,3.2,0.0057,0.00047000000000000004,0.9980604344816189,"Run - Jul 10, 2026 at 22:18:59"
Q8,6,1972179.4094397153,986089.7103662824,0.006086928494679008,0.000491529899924966,0.01018,3.200564147477147,15.022585698935801,-4.949962483002227e-07,-5925.41322578839,Active,ionq_forte_simulated,2026-07-10T16:49:17.522688+00:00,1,False,2008000.0,1004000.0,3.2,0.0058000000000000005,0.00048,0.9980264624816189,"Run - Jul 10, 2026 at 22:18:59"
Q9,6,1973161.5704720737,986580.7908824616,0.006189928494679007,0.0005017698999249659,0.01018,3.200564147477147,15.022585698935801,-4.949962483002227e-07,-5928.36413303297,Active,ionq_forte_simulated,2026-07-10T16:49:17.523687+00:00,1,False,2009000.0,1004500.0,3.2,0.0059,0.00049,0.9979924904816186,"Run - Jul 10, 2026 at 22:18:59"
Q10,6,1974143.731504432,987071.8713986407,0.0062929284946790075,0.0005120098999249659,0.01018,3.200564147477147,15.022585698935801,-4.949962483002227e-07,-5931.315040277783,Active,ionq_forte_simulated,2026-07-10T16:49:17.526687+00:00,1,False,2010000.0,1005000.0,3.2,0.006,0.0005,0.9979585184816189,"Run - Jul 10, 2026 at 22:18:59"
Q11,6,1975125.8925367903,987562.9519148199,0.006395928494679007,0.0005222498999249661,0.01018,3.200564147477147,15.022585698935801,-4.949962483002227e-07,-5934.2659475225955,Active,ionq_forte_simulated,2026-07-10T16:49:17.528690+00:00,1,False,2011000.0,1005500.0,3.2,0.0061,0.00051,0.9979245464816189,"Run - Jul 10, 2026 at 22:18:59"
Q12,6,1976108.0535691485,988054.032430999,0.006498928494679008,0.0005324898999249661,0.01018,3.200564147477147,15.022585698935801,-4.949962483002227e-07,-5937.216854767408,Active,ionq_forte_simulated,2026-07-10T16:49:17.530686+00:00,1,False,2012000.0,1006000.0,3.2,0.006200000000000001,0.0005200000000000001,0.9978905744816188,"Run - Jul 10, 2026 at 22:18:59"
Q13,6,1977090.214601507,988545.1129471782,0.006601928494679007,0.0005427298999249661,0.01018,3.200564147477147,15.022585698935801,-4.949962483002227e-07,-5940.167762011988,Active,ionq_forte_simulated,2026-07-10T16:49:17.532689+00:00,1,False,2013000.0,1006500.0,3.2,0.0063,0.0005300000000000001,0.9978566024816187,"Run - Jul 10, 2026 at 22:18:59"
Q14,6,1978072.3756338651,989036.1934633573,0.006704928494679008,0.000552969899924966,0.01018,3.200564147477147,15.022585698935801,-4.949962483002227e-07,-5943.118669257034,Active,ionq_forte_simulated,2026-07-10T16:49:17.534688+00:00,1,False,2014000.0,1007000.0,3.2,0.0064,0.00054,0.9978226304816189,"Run - Jul 10, 2026 at 22:18:59"
Q15,6,1979054.5366662235,989527.2739795365,0.006807928494679007,0.000563209899924966,0.01018,3.200564147477147,15.022585698935801,-4.949962483002227e-07,-5946.0695765016135,Active,ionq_forte_simulated,2026-07-10T16:49:17.536685+00:00,1,False,2015000.0,1007500.0,3.2,0.006500000000000001,0.00055,0.9977886584816189,"Run - Jul 10, 2026 at 22:18:59"
Q16,6,1980036.6976985817,990018.3544957156,0.006910928494679007,0.000573449899924966,0.01018,3.200564147477147,15.022585698935801,-4.949962483002227e-07,-5949.020483746426,Active,ionq_forte_simulated,2026-07-10T16:49:17.537994+00:00,1,False,2016000.0,1008000.0,3.2,0.0066,0.0005600000000000001,0.9977546864816188,"Run - Jul 10, 2026 at 22:18:59"
Q17,6,1981018.8587309401,990509.4350118948,0.007013928494679007,0.0005836898999249659,0.01018,3.200564147477147,15.022585698935801,-4.949962483002227e-07,-5951.971390991006,Active,ionq_forte_simulated,2026-07-10T16:49:17.539994+00:00,1,False,2017000.0,1008500.0,3.2,0.0067,0.00057,0.9977207144816189,"Run - Jul 10, 2026 at 22:18:59"
Q18,6,1982001.0197632983,991000.5155280739,0.007116928494679008,0.000593929899924966,0.01018,3.200564147477147,15.022585698935801,-4.949962483002227e-07,-5954.922298236052,Active,ionq_forte_simulated,2026-07-10T16:49:17.540995+00:00,1,False,2018000.0,1009000.0,3.2,0.0068000000000000005,0.00058,0.9976867424816187,"Run - Jul 10, 2026 at 22:18:59"
Q19,6,1982983.1807956567,991491.5960442531,0.007219928494679007,0.000604169899924966,0.01018,3.200564147477147,15.022585698935801,-4.949962483002227e-07,-5957.873205480631,Active,ionq_forte_simulated,2026-07-10T16:49:17.544002+00:00,1,False,2019000.0,1009500.0,3.2,0.0069,0.00059,0.9976527704816188,"Run - Jul 10, 2026 at 22:18:59"
Q20,6,1983965.341828015,991982.6765604322,0.007322928494679007,0.000614409899924966,0.01018,3.200564147477147,15.022585698935801,-4.949962483002227e-07,-5960.824112725444,Active,ionq_forte_simulated,2026-07-10T16:49:17.546001+00:00,1,False,2020000.0,1010000.0,3.2,0.007,0.0006000000000000001,0.9976187984816187,"Run - Jul 10, 2026 at 22:18:59"
Q21,6,1984947.5028603734,992473.7570766114,0.007425928494679008,0.000624649899924966,0.01018,3.200564147477147,15.022585698935801,-4.949962483002227e-07,-5963.775019970024,Active,ionq_forte_simulated,2026-07-10T16:49:17.548005+00:00,1,False,2021000.0,1010500.0,3.2,0.0071,0.0006100000000000001,0.9975848264816187,"Run - Jul 10, 2026 at 22:18:59"
Q22,6,1985929.6638927315,992964.8375927905,0.007528928494679007,0.000634889899924966,0.01018,3.200564147477147,15.022585698935801,-4.949962483002227e-07,-5966.7259272150695,Active,ionq_forte_simulated,2026-07-10T16:49:17.550003+00:00,1,False,2022000.0,1011000.0,3.2,0.0072,0.00062,0.9975508544816187,"Run - Jul 10, 2026 at 22:18:59"
Q23,6,1986911.82492509,993455.9181089697,0.0076319284946790075,0.000645129899924966,0.01018,3.200564147477147,15.022585698935801,-4.949962483002227e-07,-5969.676834459649,Active,ionq_forte_simulated,2026-07-10T16:49:17.551997+00:00,1,False,2023000.0,1011500.0,3.2,0.0073,0.00063,0.9975168824816188,"Run - Jul 10, 2026 at 22:18:59"
Q24,6,1987893.9859574481,993946.9986251488,0.007734928494679007,0.000655369899924966,0.01018,3.200564147477147,15.022585698935801,-4.949962483002227e-07,-5972.627741704462,Active,ionq_forte_simulated,2026-07-10T16:49:17.553994+00:00,1,False,2024000.0,1012000.0,3.2,0.0074,0.00064,0.9974829104816187,"Run - Jul 10, 2026 at 22:18:59"
Q0,7,1958437.9935606879,979219.0032225208,0.005303843537447538,0.00041120936456687295,0.010209999999999999,3.2006437494588944,15.025768707489508,-4.682283436453982e-07,-5884.127620161045,Active,ionq_forte_simulated,2026-07-10T16:49:19.192040+00:00,1,False,2000000.0,1000000.0,3.2,0.005,0.0004,0.9982854841293957,"Run - Jul 10, 2026 at 22:18:59"
Q1,7,1959417.2125252574,979708.6127048056,0.005407343537447538,0.000421489364566873,0.010209999999999999,3.2006437494588944,15.025768707489508,-4.682283436453982e-07,-5887.069687949959,Active,ionq_forte_simulated,2026-07-10T16:49:19.196040+00:00,1,False,2001000.0,1000500.0,3.2,0.0051,0.00041000000000000005,0.9982513501293956,"Run - Jul 10, 2026 at 22:18:59"
Q2,7,1960396.4314898269,980198.2221870903,0.0055108435374475375,0.000431769364566873,0.010209999999999999,3.2006437494588944,15.025768707489508,-4.682283436453982e-07,-5890.01175573864,Active,ionq_forte_simulated,2026-07-10T16:49:19.198035+00:00,1,False,2002000.0,1001000.0,3.2,0.0052,0.00042,0.9982172161293956,"Run - Jul 10, 2026 at 22:18:59"
Q3,7,1961375.6504543961,980687.831669375,0.005614343537447538,0.00044204936456687297,0.010209999999999999,3.2006437494588944,15.025768707489508,-4.682283436453982e-07,-5892.953823527787,Active,ionq_forte_simulated,2026-07-10T16:49:19.201034+00:00,1,False,2003000.0,1001500.0,3.2,0.0053,0.00043000000000000004,0.9981830821293958,"Run - Jul 10, 2026 at 22:18:59"
Q4,7,1962354.8694189657,981177.4411516597,0.005717843537447538,0.00045232936456687296,0.010209999999999999,3.2006437494588944,15.025768707489508,-4.682283436453982e-07,-5895.895891316468,Active,ionq_forte_simulated,2026-07-10T16:49:19.203038+00:00,1,False,2004000.0,1002000.0,3.2,0.0054,0.00044,0.9981489481293957,"Run - Jul 10, 2026 at 22:18:59"
Q5,7,1963334.0883835352,981667.0506339445,0.0058213435374475375,0.000462609364566873,0.010209999999999999,3.2006437494588944,15.025768707489508,-4.682283436453982e-07,-5898.837959105382,Active,ionq_forte_simulated,2026-07-10T16:49:19.206038+00:00,1,False,2005000.0,1002500.0,3.2,0.0055,0.00045000000000000004,0.9981148141293956,"Run - Jul 10, 2026 at 22:18:59"
Q6,7,1964313.3073481047,982156.6601162292,0.005924843537447537,0.00047288936456687294,0.010209999999999999,3.2006437494588944,15.025768707489508,-4.682283436453982e-07,-5901.780026894063,Active,ionq_forte_simulated,2026-07-10T16:49:19.209047+00:00,1,False,2006000.0,1003000.0,3.2,0.0056,0.00046,0.9980806801293957,"Run - Jul 10, 2026 at 22:18:59"
Q7,7,1965292.5263126742,982646.269598514,0.006028343537447537,0.000483169364566873,0.010209999999999999,3.2006437494588944,15.025768707489508,-4.682283436453982e-07,-5904.722094682977,Active,ionq_forte_simulated,2026-07-10T16:49:19.212047+00:00,1,False,2007000.0,1003500.0,3.2,0.0057,0.00047000000000000004,0.9980465461293957,"Run - Jul 10, 2026 at 22:18:59"
Q8,7,1966271.7452772437,983135.8790807987,0.0061318435374475375,0.000493449364566873,0.010209999999999999,3.2006437494588944,15.025768707489508,-4.682283436453982e-07,-5907.664162471658,Active,ionq_forte_simulated,2026-07-10T16:49:19.215033+00:00,1,False,2008000.0,1004000.0,3.2,0.0058000000000000005,0.00048,0.9980124121293956,"Run - Jul 10, 2026 at 22:18:59"
Q9,7,1967250.964241813,983625.4885630833,0.006235343537447537,0.000503729364566873,0.010209999999999999,3.2006437494588944,15.025768707489508,-4.682283436453982e-07,-5910.606230260804,Active,ionq_forte_simulated,2026-07-10T16:49:19.217034+00:00,1,False,2009000.0,1004500.0,3.2,0.0059,0.00049,0.9979782781293957,"Run - Jul 10, 2026 at 22:18:59"
Q10,7,1968230.1832063824,984115.0980453681,0.006338843537447537,0.000514009364566873,0.010209999999999999,3.2006437494588944,15.025768707489508,-4.682283436453982e-07,-5913.548298049485,Active,ionq_forte_simulated,2026-07-10T16:49:19.220037+00:00,1,False,2010000.0,1005000.0,3.2,0.006,0.0005,0.9979441441293957,"Run - Jul 10, 2026 at 22:18:59"
Q11,7,1969209.402170952,984604.7075276528,0.0064423435374475375,0.0005242893645668729,0.010209999999999999,3.2006437494588944,15.025768707489508,-4.682283436453982e-07,-5916.490365838399,Active,ionq_forte_simulated,2026-07-10T16:49:19.223044+00:00,1,False,2011000.0,1005500.0,3.2,0.0061,0.00051,0.9979100101293957,"Run - Jul 10, 2026 at 22:18:59"
Q12,7,1970188.6211355214,985094.3170099376,0.006545843537447538,0.000534569364566873,0.010209999999999999,3.2006437494588944,15.025768707489508,-4.682283436453982e-07,-5919.43243362708,Active,ionq_forte_simulated,2026-07-10T16:49:19.226070+00:00,1,False,2012000.0,1006000.0,3.2,0.006200000000000001,0.0005200000000000001,0.9978758761293958,"Run - Jul 10, 2026 at 22:18:59"
Q13,7,1971167.840100091,985583.9264922224,0.006649343537447537,0.000544849364566873,0.010209999999999999,3.2006437494588944,15.025768707489508,-4.682283436453982e-07,-5922.374501415994,Active,ionq_forte_simulated,2026-07-10T16:49:19.229068+00:00,1,False,2013000.0,1006500.0,3.2,0.0063,0.0005300000000000001,0.9978417421293957,"Run - Jul 10, 2026 at 22:18:59"
Q14,7,1972147.0590646602,986073.535974507,0.0067528435374475376,0.0005551293645668729,0.010209999999999999,3.2006437494588944,15.025768707489508,-4.682283436453982e-07,-5925.316569204908,Active,ionq_forte_simulated,2026-07-10T16:49:19.232227+00:00,1,False,2014000.0,1007000.0,3.2,0.0064,0.00054,0.9978076081293956,"Run - Jul 10, 2026 at 22:18:59"
Q15,7,1973126.2780292297,986563.1454567917,0.006856343537447538,0.000565409364566873,0.010209999999999999,3.2006437494588944,15.025768707489508,-4.682283436453982e-07,-5928.258636993822,Active,ionq_forte_simulated,2026-07-10T16:49:19.234358+00:00,1,False,2015000.0,1007500.0,3.2,0.006500000000000001,0.00055,0.9977734741293955,"Run - Jul 10, 2026 at 22:18:59"
Q16,7,1974105.4969937992,987052.7549390765,0.006959843537447537,0.000575689364566873,0.010209999999999999,3.2006437494588944,15.025768707489508,-4.682283436453982e-07,-5931.200704782503,Active,ionq_forte_simulated,2026-07-10T16:49:19.236357+00:00,1,False,2016000.0,1008000.0,3.2,0.0066,0.0005600000000000001,0.9977393401293957,"Run - Jul 10, 2026 at 22:18:59"
Q17,7,1975084.7159583687,987542.3644213612,0.007063343537447538,0.0005859693645668729,0.010209999999999999,3.2006437494588944,15.025768707489508,-4.682283436453982e-07,-5934.142772571417,Active,ionq_forte_simulated,2026-07-10T16:49:19.238872+00:00,1,False,2017000.0,1008500.0,3.2,0.0067,0.00057,0.9977052061293957,"Run - Jul 10, 2026 at 22:18:59"
Q18,7,1976063.9349229382,988031.973903646,0.007166843537447538,0.000596249364566873,0.010209999999999999,3.2006437494588944,15.025768707489508,-4.682283436453982e-07,-5937.084840360098,Active,ionq_forte_simulated,2026-07-10T16:49:19.241896+00:00,1,False,2018000.0,1009000.0,3.2,0.0068000000000000005,0.00058,0.9976710721293958,"Run - Jul 10, 2026 at 22:18:59"
Q19,7,1977043.1538875075,988521.5833859306,0.007270343537447537,0.000606529364566873,0.010209999999999999,3.2006437494588944,15.025768707489508,-4.682283436453982e-07,-5940.026908149244,Active,ionq_forte_simulated,2026-07-10T16:49:19.244890+00:00,1,False,2019000.0,1009500.0,3.2,0.0069,0.00059,0.9976369381293957,"Run - Jul 10, 2026 at 22:18:59"
Q20,7,1978022.372852077,989011.1928682154,0.007373843537447538,0.000616809364566873,0.010209999999999999,3.2006437494588944,15.025768707489508,-4.682283436453982e-07,-5942.968975937925,Active,ionq_forte_simulated,2026-07-10T16:49:19.247889+00:00,1,False,2020000.0,1010000.0,3.2,0.007,0.0006000000000000001,0.9976028041293956,"Run - Jul 10, 2026 at 22:18:59"
Q21,7,1979001.5918166465,989500.8023505001,0.007477343537447538,0.0006270893645668731,0.010209999999999999,3.2006437494588944,15.025768707489508,-4.682283436453982e-07,-5945.911043726839,Active,ionq_forte_simulated,2026-07-10T16:49:19.250922+00:00,1,False,2021000.0,1010500.0,3.2,0.0071,0.0006100000000000001,0.9975686701293955,"Run - Jul 10, 2026 at 22:18:59"
Q22,7,1979980.810781216,989990.4118327849,0.007580843537447537,0.0006373693645668729,0.010209999999999999,3.2006437494588944,15.025768707489508,-4.682283436453982e-07,-5948.85311151552,Active,ionq_forte_simulated,2026-07-10T16:49:19.253684+00:00,1,False,2022000.0,1011000.0,3.2,0.0072,0.00062,0.9975345361293956,"Run - Jul 10, 2026 at 22:18:59"
Q23,7,1980960.0297457855,990480.0213150696,0.007684343537447538,0.0006476493645668729,0.010209999999999999,3.2006437494588944,15.025768707489508,-4.682283436453982e-07,-5951.795179304434,Active,ionq_forte_simulated,2026-07-10T16:49:19.256064+00:00,1,False,2023000.0,1011500.0,3.2,0.0073,0.00063,0.9975004021293956,"Run - Jul 10, 2026 at 22:18:59"
Q24,7,1981939.248710355,990969.6307973544,0.007787843537447538,0.000657929364566873,0.010209999999999999,3.2006437494588944,15.025768707489508,-4.682283436453982e-07,-5954.737247093115,Active,ionq_forte_simulated,2026-07-10T16:49:19.259082+00:00,1,False,2024000.0,1012000.0,3.2,0.0074,0.00064,0.9974662681293958,"Run - Jul 10, 2026 at 22:18:59"
Q0,8,1952571.4912514277,976285.7527992747,0.005343471218179905,0.00041280653643620865,0.01024,3.2007170292690894,15.02869424363598,-3.26821810431806e-07,-5866.502309260191,Active,ionq_forte_simulated,2026-07-10T16:49:21.429195+00:00,1,False,2000000.0,1000000.0,3.2,0.005,0.0004,0.9982731166736152,"Run - Jul 10, 2026 at 22:18:59"
Q1,8,1953547.7769611855,976773.8956541537,0.005447471218179905,0.00042312653643620873,0.01024,3.2007170292690894,15.02869424363598,-3.26821810431806e-07,-5869.435564071871,Active,ionq_forte_simulated,2026-07-10T16:49:21.432197+00:00,1,False,2001000.0,1000500.0,3.2,0.0051,0.00041000000000000005,0.9982388206736151,"Run - Jul 10, 2026 at 22:18:59"
Q2,8,1954524.0626709436,977262.0385090327,0.005551471218179904,0.0004334465364362087,0.01024,3.2007170292690894,15.02869424363598,-3.26821810431806e-07,-5872.368818883318,Active,ionq_forte_simulated,2026-07-10T16:49:21.434195+00:00,1,False,2002000.0,1001000.0,3.2,0.0052,0.00042,0.9982045246736151,"Run - Jul 10, 2026 at 22:18:59"
Q3,8,1955500.3483807014,977750.1813639116,0.005655471218179905,0.0004437665364362087,0.01024,3.2007170292690894,15.02869424363598,-3.26821810431806e-07,-5875.302073694766,Active,ionq_forte_simulated,2026-07-10T16:49:21.437191+00:00,1,False,2003000.0,1001500.0,3.2,0.0053,0.00043000000000000004,0.9981702286736152,"Run - Jul 10, 2026 at 22:18:59"
Q4,8,1956476.6340904592,978238.3242187905,0.005759471218179905,0.0004540865364362087,0.01024,3.2007170292690894,15.02869424363598,-3.26821810431806e-07,-5878.2353285064455,Active,ionq_forte_simulated,2026-07-10T16:49:21.439190+00:00,1,False,2004000.0,1002000.0,3.2,0.0054,0.00044,0.9981359326736152,"Run - Jul 10, 2026 at 22:18:59"
Q5,8,1957452.9198002173,978726.4670736695,0.005863471218179905,0.0004644065364362087,0.01024,3.2007170292690894,15.02869424363598,-3.26821810431806e-07,-5881.168583317893,Active,ionq_forte_simulated,2026-07-10T16:49:21.440191+00:00,1,False,2005000.0,1002500.0,3.2,0.0055,0.00045000000000000004,0.9981016366736152,"Run - Jul 10, 2026 at 22:18:59"
Q6,8,1958429.205509975,979214.6099285485,0.005967471218179905,0.0004747265364362087,0.01024,3.2007170292690894,15.02869424363598,-3.26821810431806e-07,-5884.101838129573,Active,ionq_forte_simulated,2026-07-10T16:49:21.444720+00:00,1,False,2006000.0,1003000.0,3.2,0.0056,0.00046,0.9980673406736151,"Run - Jul 10, 2026 at 22:18:59"
Q7,8,1959405.4912197331,979702.7527834275,0.006071471218179905,0.0004850465364362087,0.01024,3.2007170292690894,15.02869424363598,-3.26821810431806e-07,-5887.03509294102,Active,ionq_forte_simulated,2026-07-10T16:49:21.446718+00:00,1,False,2007000.0,1003500.0,3.2,0.0057,0.00047000000000000004,0.9980330446736152,"Run - Jul 10, 2026 at 22:18:59"
Q8,8,1960381.776929491,980190.8956383064,0.006175471218179906,0.0004953665364362086,0.01024,3.2007170292690894,15.02869424363598,-3.26821810431806e-07,-5889.9683477527,Active,ionq_forte_simulated,2026-07-10T16:49:21.450047+00:00,1,False,2008000.0,1004000.0,3.2,0.0058000000000000005,0.00048,0.9979987486736153,"Run - Jul 10, 2026 at 22:18:59"
Q9,8,1961358.0626392488,980679.0384931853,0.006279471218179905,0.0005056865364362086,0.01024,3.2007170292690894,15.02869424363598,-3.26821810431806e-07,-5892.901602564147,Active,ionq_forte_simulated,2026-07-10T16:49:21.452612+00:00,1,False,2009000.0,1004500.0,3.2,0.0059,0.00049,0.9979644526736151,"Run - Jul 10, 2026 at 22:18:59"
Q10,8,1962334.3483490068,981167.1813480643,0.0063834712181799055,0.0005160065364362087,0.01024,3.2007170292690894,15.02869424363598,-3.26821810431806e-07,-5895.834857375594,Active,ionq_forte_simulated,2026-07-10T16:49:21.454610+00:00,1,False,2010000.0,1005000.0,3.2,0.006,0.0005,0.9979301566736152,"Run - Jul 10, 2026 at 22:18:59"
Q11,8,1963310.6340587647,981655.3242029432,0.006487471218179905,0.0005263265364362086,0.01024,3.2007170292690894,15.02869424363598,-3.26821810431806e-07,-5898.768112187274,Active,ionq_forte_simulated,2026-07-10T16:49:21.456613+00:00,1,False,2011000.0,1005500.0,3.2,0.0061,0.00051,0.9978958606736152,"Run - Jul 10, 2026 at 22:18:59"
Q12,8,1964286.9197685225,982143.4670578222,0.006591471218179905,0.0005366465364362087,0.01024,3.2007170292690894,15.02869424363598,-3.26821810431806e-07,-5901.701366998954,Active,ionq_forte_simulated,2026-07-10T16:49:21.459616+00:00,1,False,2012000.0,1006000.0,3.2,0.006200000000000001,0.0005200000000000001,0.9978615646736152,"Run - Jul 10, 2026 at 22:18:59"
Q13,8,1965263.2054782805,982631.6099127012,0.006695471218179905,0.0005469665364362087,0.01024,3.2007170292690894,15.02869424363598,-3.26821810431806e-07,-5904.634621810401,Active,ionq_forte_simulated,2026-07-10T16:49:21.462613+00:00,1,False,2013000.0,1006500.0,3.2,0.0063,0.0005300000000000001,0.9978272686736152,"Run - Jul 10, 2026 at 22:18:59"
Q14,8,1966239.4911880384,983119.7527675801,0.006799471218179905,0.0005572865364362086,0.01024,3.2007170292690894,15.02869424363598,-3.26821810431806e-07,-5907.567876621848,Active,ionq_forte_simulated,2026-07-10T16:49:21.465616+00:00,1,False,2014000.0,1007000.0,3.2,0.0064,0.00054,0.9977929726736152,"Run - Jul 10, 2026 at 22:18:59"
Q15,8,1967215.7768977964,983607.8956224591,0.006903471218179906,0.0005676065364362086,0.01024,3.2007170292690894,15.02869424363598,-3.26821810431806e-07,-5910.501131433295,Active,ionq_forte_simulated,2026-07-10T16:49:21.467613+00:00,1,False,2015000.0,1007500.0,3.2,0.006500000000000001,0.00055,0.9977586766736153,"Run - Jul 10, 2026 at 22:18:59"
Q16,8,1968192.0626075543,984096.038477338,0.007007471218179905,0.0005779265364362087,0.01024,3.2007170292690894,15.02869424363598,-3.26821810431806e-07,-5913.434386244975,Active,ionq_forte_simulated,2026-07-10T16:49:21.469613+00:00,1,False,2016000.0,1008000.0,3.2,0.0066,0.0005600000000000001,0.9977243806736151,"Run - Jul 10, 2026 at 22:18:59"
Q17,8,1969168.348317312,984584.181332217,0.007111471218179905,0.0005882465364362086,0.01024,3.2007170292690894,15.02869424363598,-3.26821810431806e-07,-5916.367641056655,Active,ionq_forte_simulated,2026-07-10T16:49:21.471612+00:00,1,False,2017000.0,1008500.0,3.2,0.0067,0.00057,0.9976900846736152,"Run - Jul 10, 2026 at 22:18:59"
Q18,8,1970144.6340270701,985072.324187096,0.007215471218179906,0.0005985665364362086,0.01024,3.2007170292690894,15.02869424363598,-3.26821810431806e-07,-5919.300895868102,Active,ionq_forte_simulated,2026-07-10T16:49:21.473612+00:00,1,False,2018000.0,1009000.0,3.2,0.0068000000000000005,0.00058,0.9976557886736152,"Run - Jul 10, 2026 at 22:18:59"
Q19,8,1971120.919736828,985560.4670419749,0.007319471218179905,0.0006088865364362086,0.01024,3.2007170292690894,15.02869424363598,-3.26821810431806e-07,-5922.234150679549,Active,ionq_forte_simulated,2026-07-10T16:49:21.476623+00:00,1,False,2019000.0,1009500.0,3.2,0.0069,0.00059,0.9976214926736151,"Run - Jul 10, 2026 at 22:18:59"
Q20,8,1972097.2054465858,986048.6098968538,0.007423471218179905,0.0006192065364362087,0.01024,3.2007170292690894,15.02869424363598,-3.26821810431806e-07,-5925.167405491229,Active,ionq_forte_simulated,2026-07-10T16:49:21.479614+00:00,1,False,2020000.0,1010000.0,3.2,0.007,0.0006000000000000001,0.9975871966736152,"Run - Jul 10, 2026 at 22:18:59"
Q21,8,1973073.4911563438,986536.7527517328,0.0075274712181799056,0.0006295265364362086,0.01024,3.2007170292690894,15.02869424363598,-3.26821810431806e-07,-5928.100660302676,Active,ionq_forte_simulated,2026-07-10T16:49:21.481616+00:00,1,False,2021000.0,1010500.0,3.2,0.0071,0.0006100000000000001,0.9975529006736151,"Run - Jul 10, 2026 at 22:18:59"
Q22,8,1974049.7768661017,987024.8956066117,0.007631471218179905,0.0006398465364362086,0.01024,3.2007170292690894,15.02869424363598,-3.26821810431806e-07,-5931.033915114356,Active,ionq_forte_simulated,2026-07-10T16:49:21.484614+00:00,1,False,2022000.0,1011000.0,3.2,0.0072,0.00062,0.9975186046736151,"Run - Jul 10, 2026 at 22:18:59"
Q23,8,1975026.0625758595,987513.0384614907,0.007735471218179905,0.0006501665364362086,0.01024,3.2007170292690894,15.02869424363598,-3.26821810431806e-07,-5933.967169926036,Active,ionq_forte_simulated,2026-07-10T16:49:21.486616+00:00,1,False,2023000.0,1011500.0,3.2,0.0073,0.00063,0.9974843086736151,"Run - Jul 10, 2026 at 22:18:59"
Q24,8,1976002.3482856175,988001.1813163697,0.007839471218179905,0.0006604865364362087,0.01024,3.2007170292690894,15.02869424363598,-3.26821810431806e-07,-5936.900424737483,Active,ionq_forte_simulated,2026-07-10T16:49:21.488617+00:00,1,False,2024000.0,1012000.0,3.2,0.0074,0.00064,0.9974500126736151,"Run - Jul 10, 2026 at 22:18:59"
Q0,9,1946722.5613813645,973361.2885239513,0.005381665381925496,0.00041440210795799434,0.01027,3.200783221511728,15.0313330763851,-1.0539789971538985e-07,-5848.929870063206,Active,ionq_forte_simulated,2026-07-10T16:49:23.675164+00:00,1,False,2000000.0,1000000.0,3.2,0.005,0.0004,0.998261179753035,"Run - Jul 10, 2026 at 22:18:59"
Q1,9,1947695.9226228888,973847.9691447135,0.005486165381925497,0.00042476210795799435,0.01027,3.200783221511728,15.0313330763851,-1.0539789971538985e-07,-5851.854338296689,Active,ionq_forte_simulated,2026-07-10T16:49:23.677151+00:00,1,False,2001000.0,1000500.0,3.2,0.0051,0.00041000000000000005,0.998226721753035,"Run - Jul 10, 2026 at 22:18:59"
Q2,9,1948669.2838644132,974334.6497654757,0.005590665381925496,0.00043512210795799435,0.01027,3.200783221511728,15.0313330763851,-1.0539789971538985e-07,-5854.778806530405,Active,ionq_forte_simulated,2026-07-10T16:49:23.679147+00:00,1,False,2002000.0,1001000.0,3.2,0.0052,0.00042,0.9981922637530348,"Run - Jul 10, 2026 at 22:18:59"
Q3,9,1949642.6451059375,974821.3303862378,0.005695165381925497,0.00044548210795799435,0.01027,3.200783221511728,15.0313330763851,-1.0539789971538985e-07,-5857.703274763888,Active,ionq_forte_simulated,2026-07-10T16:49:23.680146+00:00,1,False,2003000.0,1001500.0,3.2,0.0053,0.00043000000000000004,0.9981578057530349,"Run - Jul 10, 2026 at 22:18:59"
Q4,9,1950616.0063474618,975308.011007,0.005799665381925496,0.00045584210795799435,0.01027,3.200783221511728,15.0313330763851,-1.0539789971538985e-07,-5860.627742997371,Active,ionq_forte_simulated,2026-07-10T16:49:23.682148+00:00,1,False,2004000.0,1002000.0,3.2,0.0054,0.00044,0.9981233477530349,"Run - Jul 10, 2026 at 22:18:59"
Q5,9,1951589.3675889862,975794.6916277622,0.005904165381925496,0.00046620210795799436,0.01027,3.200783221511728,15.0313330763851,-1.0539789971538985e-07,-5863.552211231086,Active,ionq_forte_simulated,2026-07-10T16:49:23.684151+00:00,1,False,2005000.0,1002500.0,3.2,0.0055,0.00045000000000000004,0.9980888897530349,"Run - Jul 10, 2026 at 22:18:59"
Q6,9,1952562.7288305105,976281.3722485243,0.006008665381925496,0.0004765621079579943,0.01027,3.200783221511728,15.0313330763851,-1.0539789971538985e-07,-5866.476679464569,Active,ionq_forte_simulated,2026-07-10T16:49:23.686145+00:00,1,False,2006000.0,1003000.0,3.2,0.0056,0.00046,0.9980544317530349,"Run - Jul 10, 2026 at 22:18:59"
Q7,9,1953536.0900720349,976768.0528692865,0.006113165381925497,0.00048692210795799436,0.01027,3.200783221511728,15.0313330763851,-1.0539789971538985e-07,-5869.401147698285,Active,ionq_forte_simulated,2026-07-10T16:49:23.688145+00:00,1,False,2007000.0,1003500.0,3.2,0.0057,0.00047000000000000004,0.9980199737530349,"Run - Jul 10, 2026 at 22:18:59"
Q8,9,1954509.4513135592,977254.7334900487,0.006217665381925497,0.0004972821079579944,0.01027,3.200783221511728,15.0313330763851,-1.0539789971538985e-07,-5872.325615931768,Active,ionq_forte_simulated,2026-07-10T16:49:23.689146+00:00,1,False,2008000.0,1004000.0,3.2,0.0058000000000000005,0.00048,0.997985515753035,"Run - Jul 10, 2026 at 22:18:59"
Q9,9,1955482.8125550835,977741.4141108108,0.006322165381925496,0.0005076421079579943,0.01027,3.200783221511728,15.0313330763851,-1.0539789971538985e-07,-5875.250084165251,Active,ionq_forte_simulated,2026-07-10T16:49:23.691140+00:00,1,False,2009000.0,1004500.0,3.2,0.0059,0.00049,0.997951057753035,"Run - Jul 10, 2026 at 22:18:59"
Q10,9,1956456.1737966079,978228.094731573,0.006426665381925496,0.0005180021079579944,0.01027,3.200783221511728,15.0313330763851,-1.0539789971538985e-07,-5878.174552398967,Active,ionq_forte_simulated,2026-07-10T16:49:23.693154+00:00,1,False,2010000.0,1005000.0,3.2,0.006,0.0005,0.997916599753035,"Run - Jul 10, 2026 at 22:18:59"
Q11,9,1957429.5350381322,978714.7753523352,0.006531165381925497,0.0005283621079579944,0.01027,3.200783221511728,15.0313330763851,-1.0539789971538985e-07,-5881.0990206324495,Active,ionq_forte_simulated,2026-07-10T16:49:23.695147+00:00,1,False,2011000.0,1005500.0,3.2,0.0061,0.00051,0.997882141753035,"Run - Jul 10, 2026 at 22:18:59"
Q12,9,1958402.8962796566,979201.4559730974,0.006635665381925497,0.0005387221079579945,0.01027,3.200783221511728,15.0313330763851,-1.0539789971538985e-07,-5884.023488865932,Active,ionq_forte_simulated,2026-07-10T16:49:23.696144+00:00,1,False,2012000.0,1006000.0,3.2,0.006200000000000001,0.0005200000000000001,0.997847683753035,"Run - Jul 10, 2026 at 22:18:59"
Q13,9,1959376.257521181,979688.1365938595,0.006740165381925497,0.0005490821079579944,0.01027,3.200783221511728,15.0313330763851,-1.0539789971538985e-07,-5886.947957099648,Active,ionq_forte_simulated,2026-07-10T16:49:23.698147+00:00,1,False,2013000.0,1006500.0,3.2,0.0063,0.0005300000000000001,0.997813225753035,"Run - Jul 10, 2026 at 22:18:59"
Q14,9,1960349.6187627052,980174.8172146217,0.006844665381925496,0.0005594421079579944,0.01027,3.200783221511728,15.0313330763851,-1.0539789971538985e-07,-5889.872425333131,Active,ionq_forte_simulated,2026-07-10T16:49:23.700146+00:00,1,False,2014000.0,1007000.0,3.2,0.0064,0.00054,0.997778767753035,"Run - Jul 10, 2026 at 22:18:59"
Q15,9,1961322.9800042296,980661.4978353839,0.006949165381925497,0.0005698021079579944,0.01027,3.200783221511728,15.0313330763851,-1.0539789971538985e-07,-5892.796893566847,Active,ionq_forte_simulated,2026-07-10T16:49:23.702149+00:00,1,False,2015000.0,1007500.0,3.2,0.006500000000000001,0.00055,0.997744309753035,"Run - Jul 10, 2026 at 22:18:59"
Q16,9,1962296.341245754,981148.178456146,0.007053665381925496,0.0005801621079579944,0.01027,3.200783221511728,15.0313330763851,-1.0539789971538985e-07,-5895.72136180033,Active,ionq_forte_simulated,2026-07-10T16:49:23.704144+00:00,1,False,2016000.0,1008000.0,3.2,0.0066,0.0005600000000000001,0.997709851753035,"Run - Jul 10, 2026 at 22:18:59"
Q17,9,1963269.7024872783,981634.8590769082,0.007158165381925497,0.0005905221079579943,0.01027,3.200783221511728,15.0313330763851,-1.0539789971538985e-07,-5898.645830033813,Active,ionq_forte_simulated,2026-07-10T16:49:23.705143+00:00,1,False,2017000.0,1008500.0,3.2,0.0067,0.00057,0.9976753937530349,"Run - Jul 10, 2026 at 22:18:59"
Q18,9,1964243.0637288026,982121.5396976704,0.007262665381925497,0.0006008821079579944,0.01027,3.200783221511728,15.0313330763851,-1.0539789971538985e-07,-5901.570298267528,Active,ionq_forte_simulated,2026-07-10T16:49:23.706143+00:00,1,False,2018000.0,1009000.0,3.2,0.0068000000000000005,0.00058,0.9976409357530349,"Run - Jul 10, 2026 at 22:18:59"
Q19,9,1965216.424970327,982608.2203184325,0.007367165381925496,0.0006112421079579944,0.01027,3.200783221511728,15.0313330763851,-1.0539789971538985e-07,-5904.494766501011,Active,ionq_forte_simulated,2026-07-10T16:49:23.709157+00:00,1,False,2019000.0,1009500.0,3.2,0.0069,0.00059,0.9976064777530349,"Run - Jul 10, 2026 at 22:18:59"
Q20,9,1966189.7862118513,983094.9009391947,0.007471665381925496,0.0006216021079579944,0.01027,3.200783221511728,15.0313330763851,-1.0539789971538985e-07,-5907.419234734494,Active,ionq_forte_simulated,2026-07-10T16:49:23.711147+00:00,1,False,2020000.0,1010000.0,3.2,0.007,0.0006000000000000001,0.9975720197530349,"Run - Jul 10, 2026 at 22:18:59"
Q21,9,1967163.1474533756,983581.5815599569,0.007576165381925497,0.0006319621079579945,0.01027,3.200783221511728,15.0313330763851,-1.0539789971538985e-07,-5910.34370296821,Active,ionq_forte_simulated,2026-07-10T16:49:23.713143+00:00,1,False,2021000.0,1010500.0,3.2,0.0071,0.0006100000000000001,0.9975375617530349,"Run - Jul 10, 2026 at 22:18:59"
Q22,9,1968136.5086949,984068.2621807191,0.007680665381925496,0.0006423221079579944,0.01027,3.200783221511728,15.0313330763851,-1.0539789971538985e-07,-5913.268171201693,Active,ionq_forte_simulated,2026-07-10T16:49:23.714154+00:00,1,False,2022000.0,1011000.0,3.2,0.0072,0.00062,0.9975031037530349,"Run - Jul 10, 2026 at 22:18:59"
Q23,9,1969109.8699364243,984554.9428014812,0.007785165381925497,0.0006526821079579945,0.01027,3.200783221511728,15.0313330763851,-1.0539789971538985e-07,-5916.192639435176,Active,ionq_forte_simulated,2026-07-10T16:49:23.716159+00:00,1,False,2023000.0,1011500.0,3.2,0.0073,0.00063,0.997468645753035,"Run - Jul 10, 2026 at 22:18:59"
Q24,9,1970083.2311779486,985041.6234222434,0.007889665381925495,0.0006630421079579944,0.01027,3.200783221511728,15.0313330763851,-1.0539789971538985e-07,-5919.117107668892,Active,ionq_forte_simulated,2026-07-10T16:49:23.718148+00:00,1,False,2024000.0,1012000.0,3.2,0.0074,0.00064,0.9974341877530349,"Run - Jul 10, 2026 at 22:18:59"
Q0,10,1940891.1512441149,970445.5840367672,0.00541829419696158,0.00041600283662185465,0.0103,3.2008416128159007,15.033658839392317,1.4183109273161315e-07,-5831.4101372496225,Active,ionq_forte_simulated,2026-07-10T16:49:25.489992+00:00,1,False,2000000.0,1000000.0,3.2,0.005,0.0004,0.9982497108899249,"Run - Jul 10, 2026 at 22:18:59"
Q1,10,1941861.5967776633,970930.8068035415,0.00552329419696158,0.0004264028366218547,0.0103,3.2008416128159007,15.033658839392317,1.4183109273161315e-07,-5834.325845225481,Active,ionq_forte_simulated,2026-07-10T16:49:25.493694+00:00,1,False,2001000.0,1000500.0,3.2,0.0051,0.00041000000000000005,0.998215090889925,"Run - Jul 10, 2026 at 22:18:59"
Q2,10,1942832.0423112118,971416.0295703157,0.005628294196961579,0.00043680283662185466,0.0103,3.2008416128159007,15.033658839392317,1.4183109273161315e-07,-5837.24155320134,Active,ionq_forte_simulated,2026-07-10T16:49:25.495824+00:00,1,False,2002000.0,1001000.0,3.2,0.0052,0.00042,0.998180470889925,"Run - Jul 10, 2026 at 22:18:59"
Q3,10,1943802.4878447603,971901.25233709,0.00573329419696158,0.0004472028366218547,0.0103,3.2008416128159007,15.033658839392317,1.4183109273161315e-07,-5840.157261177199,Active,ionq_forte_simulated,2026-07-10T16:49:25.496823+00:00,1,False,2003000.0,1001500.0,3.2,0.0053,0.00043000000000000004,0.998145850889925,"Run - Jul 10, 2026 at 22:18:59"
Q4,10,1944772.9333783088,972386.4751038642,0.00583829419696158,0.0004576028366218546,0.0103,3.2008416128159007,15.033658839392317,1.4183109273161315e-07,-5843.072969153058,Active,ionq_forte_simulated,2026-07-10T16:49:25.498826+00:00,1,False,2004000.0,1002000.0,3.2,0.0054,0.00044,0.9981112308899249,"Run - Jul 10, 2026 at 22:18:59"
Q5,10,1945743.3789118573,972871.6978706385,0.005943294196961579,0.00046800283662185466,0.0103,3.2008416128159007,15.033658839392317,1.4183109273161315e-07,-5845.988677128917,Active,ionq_forte_simulated,2026-07-10T16:49:25.500827+00:00,1,False,2005000.0,1002500.0,3.2,0.0055,0.00045000000000000004,0.998076610889925,"Run - Jul 10, 2026 at 22:18:59"
Q6,10,1946713.8244454057,973356.9206374127,0.006048294196961579,0.00047840283662185464,0.0103,3.2008416128159007,15.033658839392317,1.4183109273161315e-07,-5848.904385104775,Active,ionq_forte_simulated,2026-07-10T16:49:25.502826+00:00,1,False,2006000.0,1003000.0,3.2,0.0056,0.00046,0.998041990889925,"Run - Jul 10, 2026 at 22:18:59"
Q7,10,1947684.2699789545,973842.143404187,0.00615329419696158,0.0004888028366218547,0.0103,3.2008416128159007,15.033658839392317,1.4183109273161315e-07,-5851.820093080401,Active,ionq_forte_simulated,2026-07-10T16:49:25.504825+00:00,1,False,2007000.0,1003500.0,3.2,0.0057,0.00047000000000000004,0.9980073708899249,"Run - Jul 10, 2026 at 22:18:59"
Q8,10,1948654.715512503,974327.3661709613,0.00625829419696158,0.0004992028366218546,0.0103,3.2008416128159007,15.033658839392317,1.4183109273161315e-07,-5854.73580105626,Active,ionq_forte_simulated,2026-07-10T16:49:25.507831+00:00,1,False,2008000.0,1004000.0,3.2,0.0058000000000000005,0.00048,0.997972750889925,"Run - Jul 10, 2026 at 22:18:59"
Q9,10,1949625.1610460514,974812.5889377355,0.006363294196961579,0.0005096028366218546,0.0103,3.2008416128159007,15.033658839392317,1.4183109273161315e-07,-5857.651509032119,Active,ionq_forte_simulated,2026-07-10T16:49:25.509831+00:00,1,False,2009000.0,1004500.0,3.2,0.0059,0.00049,0.9979381308899251,"Run - Jul 10, 2026 at 22:18:59"
Q10,10,1950595.6065796,975297.8117045098,0.006468294196961579,0.0005200028366218547,0.0103,3.2008416128159007,15.033658839392317,1.4183109273161315e-07,-5860.567217007978,Active,ionq_forte_simulated,2026-07-10T16:49:25.512823+00:00,1,False,2010000.0,1005000.0,3.2,0.006,0.0005,0.997903510889925,"Run - Jul 10, 2026 at 22:18:59"
Q11,10,1951566.0521131484,975783.034471284,0.00657329419696158,0.0005304028366218547,0.0103,3.2008416128159007,15.033658839392317,1.4183109273161315e-07,-5863.482924983837,Active,ionq_forte_simulated,2026-07-10T16:49:25.513833+00:00,1,False,2011000.0,1005500.0,3.2,0.0061,0.00051,0.9978688908899249,"Run - Jul 10, 2026 at 22:18:59"
Q12,10,1952536.4976466969,976268.2572380583,0.00667829419696158,0.0005408028366218548,0.0103,3.2008416128159007,15.033658839392317,1.4183109273161315e-07,-5866.3986329596955,Active,ionq_forte_simulated,2026-07-10T16:49:25.516828+00:00,1,False,2012000.0,1006000.0,3.2,0.006200000000000001,0.0005200000000000001,0.9978342708899249,"Run - Jul 10, 2026 at 22:18:59"
Q13,10,1953506.9431802453,976753.4800048325,0.0067832941969615795,0.0005512028366218547,0.0103,3.2008416128159007,15.033658839392317,1.4183109273161315e-07,-5869.314340935554,Active,ionq_forte_simulated,2026-07-10T16:49:25.520828+00:00,1,False,2013000.0,1006500.0,3.2,0.0063,0.0005300000000000001,0.997799650889925,"Run - Jul 10, 2026 at 22:18:59"
Q14,10,1954477.3887137938,977238.7027716067,0.0068882941969615795,0.0005616028366218546,0.0103,3.2008416128159007,15.033658839392317,1.4183109273161315e-07,-5872.230048911413,Active,ionq_forte_simulated,2026-07-10T16:49:25.522826+00:00,1,False,2014000.0,1007000.0,3.2,0.0064,0.00054,0.997765030889925,"Run - Jul 10, 2026 at 22:18:59"
Q15,10,1955447.8342473423,977723.925538381,0.0069932941969615805,0.0005720028366218546,0.0103,3.2008416128159007,15.033658839392317,1.4183109273161315e-07,-5875.145756887272,Active,ionq_forte_simulated,2026-07-10T16:49:25.525830+00:00,1,False,2015000.0,1007500.0,3.2,0.006500000000000001,0.00055,0.997730410889925,"Run - Jul 10, 2026 at 22:18:59"
Q16,10,1956418.279780891,978209.1483051553,0.00709829419696158,0.0005824028366218547,0.0103,3.2008416128159007,15.033658839392317,1.4183109273161315e-07,-5878.061464862898,Active,ionq_forte_simulated,2026-07-10T16:49:25.527823+00:00,1,False,2016000.0,1008000.0,3.2,0.0066,0.0005600000000000001,0.997695790889925,"Run - Jul 10, 2026 at 22:18:59"
Q17,10,1957388.7253144395,978694.3710719296,0.00720329419696158,0.0005928028366218546,0.0103,3.2008416128159007,15.033658839392317,1.4183109273161315e-07,-5880.977172838757,Active,ionq_forte_simulated,2026-07-10T16:49:25.529835+00:00,1,False,2017000.0,1008500.0,3.2,0.0067,0.00057,0.997661170889925,"Run - Jul 10, 2026 at 22:18:59"
Q18,10,1958359.170847988,979179.5938387038,0.00730829419696158,0.0006032028366218546,0.0103,3.2008416128159007,15.033658839392317,1.4183109273161315e-07,-5883.892880814616,Active,ionq_forte_simulated,2026-07-10T16:49:25.531842+00:00,1,False,2018000.0,1009000.0,3.2,0.0068000000000000005,0.00058,0.9976265508899249,"Run - Jul 10, 2026 at 22:18:59"
Q19,10,1959329.6163815365,979664.8166054781,0.00741329419696158,0.0006136028366218547,0.0103,3.2008416128159007,15.033658839392317,1.4183109273161315e-07,-5886.8085887904745,Active,ionq_forte_simulated,2026-07-10T16:49:25.533842+00:00,1,False,2019000.0,1009500.0,3.2,0.0069,0.00059,0.997591930889925,"Run - Jul 10, 2026 at 22:18:59"
Q20,10,1960300.061915085,980150.0393722523,0.00751829419696158,0.0006240028366218547,0.0103,3.2008416128159007,15.033658839392317,1.4183109273161315e-07,-5889.724296766333,Active,ionq_forte_simulated,2026-07-10T16:49:25.535843+00:00,1,False,2020000.0,1010000.0,3.2,0.007,0.0006000000000000001,0.9975573108899249,"Run - Jul 10, 2026 at 22:18:59"
Q21,10,1961270.5074486334,980635.2621390265,0.00762329419696158,0.0006344028366218547,0.0103,3.2008416128159007,15.033658839392317,1.4183109273161315e-07,-5892.640004742192,Active,ionq_forte_simulated,2026-07-10T16:49:25.537840+00:00,1,False,2021000.0,1010500.0,3.2,0.0071,0.0006100000000000001,0.9975226908899251,"Run - Jul 10, 2026 at 22:18:59"
Q22,10,1962240.952982182,981120.4849058008,0.007728294196961579,0.0006448028366218547,0.0103,3.2008416128159007,15.033658839392317,1.4183109273161315e-07,-5895.555712718051,Active,ionq_forte_simulated,2026-07-10T16:49:25.540844+00:00,1,False,2022000.0,1011000.0,3.2,0.0072,0.00062,0.997488070889925,"Run - Jul 10, 2026 at 22:18:59"
Q23,10,1963211.3985157304,981605.707672575,0.00783329419696158,0.0006552028366218547,0.0103,3.2008416128159007,15.033658839392317,1.4183109273161315e-07,-5898.47142069391,Active,ionq_forte_simulated,2026-07-10T16:49:25.543838+00:00,1,False,2023000.0,1011500.0,3.2,0.0073,0.00063,0.997453450889925,"Run - Jul 10, 2026 at 22:18:59"
Q24,10,1964181.8440492789,982090.9304393493,0.007938294196961581,0.0006656028366218546,0.0103,3.2008416128159007,15.033658839392317,1.4183109273161315e-07,-5901.387128669769,Active,ionq_forte_simulated,2026-07-10T16:49:25.545365+00:00,1,False,2024000.0,1012000.0,3.2,0.0074,0.00064,0.997418830889925,"Run - Jul 10, 2026 at 22:18:59"
Q0,11,1935077.2082988,967538.6130614736,0.005453241472012287,0.0004176070866977429,0.010329999999999999,3.2008915616949487,15.035648294402458,3.5433488714563e-07,-5813.942945314804,Active,ionq_forte_simulated,2026-07-10T16:49:27.768012+00:00,1,False,2000000.0,1000000.0,3.2,0.005,0.0004,0.998238745432387,"Run - Jul 10, 2026 at 22:18:59"
Q1,11,1936044.7468583891,968022.3823412681,0.005558741472012287,0.000428047086697743,0.010329999999999999,3.2008915616949487,15.035648294402458,3.5433488714563e-07,-5816.8499192742165,Active,ionq_forte_simulated,2026-07-10T16:49:27.771006+00:00,1,False,2001000.0,1000500.0,3.2,0.0051,0.00041000000000000005,0.9982039634323869,"Run - Jul 10, 2026 at 22:18:59"
Q2,11,1937012.2854179782,968506.1516210627,0.0056642414720122864,0.00043848708669774294,0.010329999999999999,3.2008915616949487,15.035648294402458,3.5433488714563e-07,-5819.756893233629,Active,ionq_forte_simulated,2026-07-10T16:49:27.774014+00:00,1,False,2002000.0,1001000.0,3.2,0.0052,0.00042,0.998169181432387,"Run - Jul 10, 2026 at 22:18:59"
Q3,11,1937979.8239775673,968989.9209008572,0.005769741472012287,0.00044892708669774296,0.010329999999999999,3.2008915616949487,15.035648294402458,3.5433488714563e-07,-5822.663867193041,Active,ionq_forte_simulated,2026-07-10T16:49:27.778010+00:00,1,False,2003000.0,1001500.0,3.2,0.0053,0.00043000000000000004,0.998134399432387,"Run - Jul 10, 2026 at 22:18:59"
Q4,11,1938947.3625371563,969473.6901806517,0.005875241472012287,0.0004593670866977429,0.010329999999999999,3.2008915616949487,15.035648294402458,3.5433488714563e-07,-5825.570841152454,Active,ionq_forte_simulated,2026-07-10T16:49:27.781029+00:00,1,False,2004000.0,1002000.0,3.2,0.0054,0.00044,0.9980996174323871,"Run - Jul 10, 2026 at 22:18:59"
Q5,11,1939914.9010967454,969957.4594604463,0.005980741472012286,0.00046980708669774293,0.010329999999999999,3.2008915616949487,15.035648294402458,3.5433488714563e-07,-5828.477815111866,Active,ionq_forte_simulated,2026-07-10T16:49:27.784028+00:00,1,False,2005000.0,1002500.0,3.2,0.0055,0.00045000000000000004,0.9980648354323869,"Run - Jul 10, 2026 at 22:18:59"
Q6,11,1940882.4396563342,970441.2287402407,0.006086241472012286,0.00048024708669774295,0.010329999999999999,3.2008915616949487,15.035648294402458,3.5433488714563e-07,-5831.3847890715115,Active,ionq_forte_simulated,2026-07-10T16:49:27.786020+00:00,1,False,2006000.0,1003000.0,3.2,0.0056,0.00046,0.998030053432387,"Run - Jul 10, 2026 at 22:18:59"
Q7,11,1941849.9782159233,970924.9980200352,0.006191741472012287,0.000490687086697743,0.010329999999999999,3.2008915616949487,15.035648294402458,3.5433488714563e-07,-5834.291763031157,Active,ionq_forte_simulated,2026-07-10T16:49:27.789020+00:00,1,False,2007000.0,1003500.0,3.2,0.0057,0.00047000000000000004,0.997995271432387,"Run - Jul 10, 2026 at 22:18:59"
Q8,11,1942817.5167755124,971408.7672998297,0.006297241472012287,0.000501127086697743,0.010329999999999999,3.2008915616949487,15.035648294402458,3.5433488714563e-07,-5837.198736990569,Active,ionq_forte_simulated,2026-07-10T16:49:27.792026+00:00,1,False,2008000.0,1004000.0,3.2,0.0058000000000000005,0.00048,0.997960489432387,"Run - Jul 10, 2026 at 22:18:59"
Q9,11,1943785.0553351014,971892.5365796243,0.006402741472012286,0.0005115670866977429,0.010329999999999999,3.2008915616949487,15.035648294402458,3.5433488714563e-07,-5840.105710949982,Active,ionq_forte_simulated,2026-07-10T16:49:27.795533+00:00,1,False,2009000.0,1004500.0,3.2,0.0059,0.00049,0.9979257074323871,"Run - Jul 10, 2026 at 22:18:59"
Q10,11,1944752.5938946905,972376.3058594188,0.006508241472012287,0.000522007086697743,0.010329999999999999,3.2008915616949487,15.035648294402458,3.5433488714563e-07,-5843.012684909394,Active,ionq_forte_simulated,2026-07-10T16:49:27.798283+00:00,1,False,2010000.0,1005000.0,3.2,0.006,0.0005,0.9978909254323871,"Run - Jul 10, 2026 at 22:18:59"
Q11,11,1945720.1324542796,972860.0751392134,0.006613741472012287,0.000532447086697743,0.010329999999999999,3.2008915616949487,15.035648294402458,3.5433488714563e-07,-5845.919658868806,Active,ionq_forte_simulated,2026-07-10T16:49:27.801276+00:00,1,False,2011000.0,1005500.0,3.2,0.0061,0.00051,0.9978561434323869,"Run - Jul 10, 2026 at 22:18:59"
Q12,11,1946687.6710138684,973343.8444190078,0.006719241472012287,0.000542887086697743,0.010329999999999999,3.2008915616949487,15.035648294402458,3.5433488714563e-07,-5848.826632828452,Active,ionq_forte_simulated,2026-07-10T16:49:27.803279+00:00,1,False,2012000.0,1006000.0,3.2,0.006200000000000001,0.0005200000000000001,0.997821361432387,"Run - Jul 10, 2026 at 22:18:59"
Q13,11,1947655.2095734575,973827.6136988023,0.0068247414720122865,0.0005533270866977431,0.010329999999999999,3.2008915616949487,15.035648294402458,3.5433488714563e-07,-5851.733606787864,Active,ionq_forte_simulated,2026-07-10T16:49:27.805276+00:00,1,False,2013000.0,1006500.0,3.2,0.0063,0.0005300000000000001,0.997786579432387,"Run - Jul 10, 2026 at 22:18:59"
Q14,11,1948622.7481330466,974311.3829785968,0.006930241472012287,0.000563767086697743,0.010329999999999999,3.2008915616949487,15.035648294402458,3.5433488714563e-07,-5854.6405807472765,Active,ionq_forte_simulated,2026-07-10T16:49:27.809290+00:00,1,False,2014000.0,1007000.0,3.2,0.0064,0.00054,0.9977517974323871,"Run - Jul 10, 2026 at 22:18:59"
Q15,11,1949590.2866926356,974795.1522583914,0.007035741472012287,0.000574207086697743,0.010329999999999999,3.2008915616949487,15.035648294402458,3.5433488714563e-07,-5857.547554706689,Active,ionq_forte_simulated,2026-07-10T16:49:27.812284+00:00,1,False,2015000.0,1007500.0,3.2,0.006500000000000001,0.00055,0.997717015432387,"Run - Jul 10, 2026 at 22:18:59"
Q16,11,1950557.8252522247,975278.9215381859,0.0071412414720122865,0.000584647086697743,0.010329999999999999,3.2008915616949487,15.035648294402458,3.5433488714563e-07,-5860.454528666334,Active,ionq_forte_simulated,2026-07-10T16:49:27.815277+00:00,1,False,2016000.0,1008000.0,3.2,0.0066,0.0005600000000000001,0.9976822334323869,"Run - Jul 10, 2026 at 22:18:59"
Q17,11,1951525.3638118138,975762.6908179804,0.007246741472012287,0.000595087086697743,0.010329999999999999,3.2008915616949487,15.035648294402458,3.5433488714563e-07,-5863.361502625747,Active,ionq_forte_simulated,2026-07-10T16:49:27.817276+00:00,1,False,2017000.0,1008500.0,3.2,0.0067,0.00057,0.997647451432387,"Run - Jul 10, 2026 at 22:18:59"
Q18,11,1952492.9023714026,976246.4600977749,0.007352241472012287,0.000605527086697743,0.010329999999999999,3.2008915616949487,15.035648294402458,3.5433488714563e-07,-5866.268476585392,Active,ionq_forte_simulated,2026-07-10T16:49:27.820275+00:00,1,False,2018000.0,1009000.0,3.2,0.0068000000000000005,0.00058,0.997612669432387,"Run - Jul 10, 2026 at 22:18:59"
Q19,11,1953460.4409309917,976730.2293775694,0.007457741472012286,0.000615967086697743,0.010329999999999999,3.2008915616949487,15.035648294402458,3.5433488714563e-07,-5869.175450544804,Active,ionq_forte_simulated,2026-07-10T16:49:27.822275+00:00,1,False,2019000.0,1009500.0,3.2,0.0069,0.00059,0.997577887432387,"Run - Jul 10, 2026 at 22:18:59"
Q20,11,1954427.9794905807,977213.9986573639,0.007563241472012287,0.000626407086697743,0.010329999999999999,3.2008915616949487,15.035648294402458,3.5433488714563e-07,-5872.082424504217,Active,ionq_forte_simulated,2026-07-10T16:49:27.825280+00:00,1,False,2020000.0,1010000.0,3.2,0.007,0.0006000000000000001,0.997543105432387,"Run - Jul 10, 2026 at 22:18:59"
Q21,11,1955395.5180501698,977697.7679371585,0.007668741472012287,0.000636847086697743,0.010329999999999999,3.2008915616949487,15.035648294402458,3.5433488714563e-07,-5874.989398463629,Active,ionq_forte_simulated,2026-07-10T16:49:27.828279+00:00,1,False,2021000.0,1010500.0,3.2,0.0071,0.0006100000000000001,0.997508323432387,"Run - Jul 10, 2026 at 22:18:59"
Q22,11,1956363.0566097589,978181.537216953,0.007774241472012286,0.000647287086697743,0.010329999999999999,3.2008915616949487,15.035648294402458,3.5433488714563e-07,-5877.896372423042,Active,ionq_forte_simulated,2026-07-10T16:49:27.831303+00:00,1,False,2022000.0,1011000.0,3.2,0.0072,0.00062,0.997473541432387,"Run - Jul 10, 2026 at 22:18:59"
Q23,11,1957330.595169348,978665.3064967475,0.007879741472012288,0.000657727086697743,0.010329999999999999,3.2008915616949487,15.035648294402458,3.5433488714563e-07,-5880.803346382454,Active,ionq_forte_simulated,2026-07-10T16:49:27.834294+00:00,1,False,2023000.0,1011500.0,3.2,0.0073,0.00063,0.997438759432387,"Run - Jul 10, 2026 at 22:18:59"
Q24,11,1958298.133728937,979149.0757765421,0.007985241472012287,0.0006681670866977431,0.010329999999999999,3.2008915616949487,15.035648294402458,3.5433488714563e-07,-5883.7103203418665,Active,ionq_forte_simulated,2026-07-10T16:49:27.836296+00:00,1,False,2024000.0,1012000.0,3.2,0.0074,0.00064,0.9974039774323871,"Run - Jul 10, 2026 at 22:18:59"
Q0,12,1929280.6801701547,964640.3494054682,0.005486407817193445,0.00041920960170286655,0.010360000000000001,3.2009325191711104,15.03728156343869,4.80085143325183e-07,-5796.528128645383,Active,ionq_forte_simulated,2026-07-10T16:49:30.295280+00:00,1,False,2000000.0,1000000.0,3.2,0.005,0.0004,0.9982283147743312,"Run - Jul 10, 2026 at 22:18:59"
Q1,12,1930245.3204636378,965122.6695522098,0.005592407817193446,0.00042968960170286654,0.010360000000000001,3.2009325191711104,15.03728156343869,4.80085143325183e-07,-5799.426394751295,Active,ionq_forte_simulated,2026-07-10T16:49:30.298283+00:00,1,False,2001000.0,1000500.0,3.2,0.0051,0.00041000000000000005,0.998193370774331,"Run - Jul 10, 2026 at 22:18:59"
Q2,12,1931209.960757121,965604.9896989514,0.005698407817193446,0.00044016960170286653,0.010360000000000001,3.2009325191711104,15.03728156343869,4.80085143325183e-07,-5802.324660857208,Active,ionq_forte_simulated,2026-07-10T16:49:30.300283+00:00,1,False,2002000.0,1001000.0,3.2,0.0052,0.00042,0.9981584267743311,"Run - Jul 10, 2026 at 22:18:59"
Q3,12,1932174.6010506041,966087.309845693,0.005804407817193446,0.0004506496017028666,0.010360000000000001,3.2009325191711104,15.03728156343869,4.80085143325183e-07,-5805.222926963121,Active,ionq_forte_simulated,2026-07-10T16:49:30.303285+00:00,1,False,2003000.0,1001500.0,3.2,0.0053,0.00043000000000000004,0.998123482774331,"Run - Jul 10, 2026 at 22:18:59"
Q4,12,1933139.2413440873,966569.6299924345,0.005910407817193446,0.0004611296017028665,0.010360000000000001,3.2009325191711104,15.03728156343869,4.80085143325183e-07,-5808.121193069033,Active,ionq_forte_simulated,2026-07-10T16:49:30.305280+00:00,1,False,2004000.0,1002000.0,3.2,0.0054,0.00044,0.998088538774331,"Run - Jul 10, 2026 at 22:18:59"
Q5,12,1934103.8816375702,967051.950139176,0.006016407817193445,0.00047160960170286657,0.010360000000000001,3.2009325191711104,15.03728156343869,4.80085143325183e-07,-5811.019459175179,Active,ionq_forte_simulated,2026-07-10T16:49:30.308284+00:00,1,False,2005000.0,1002500.0,3.2,0.0055,0.00045000000000000004,0.9980535947743312,"Run - Jul 10, 2026 at 22:18:59"
Q6,12,1935068.5219310534,967534.2702859176,0.006122407817193446,0.0004820896017028665,0.010360000000000001,3.2009325191711104,15.03728156343869,4.80085143325183e-07,-5813.917725280859,Active,ionq_forte_simulated,2026-07-10T16:49:30.311288+00:00,1,False,2006000.0,1003000.0,3.2,0.0056,0.00046,0.9980186507743312,"Run - Jul 10, 2026 at 22:18:59"
Q7,12,1936033.1622245365,968016.5904326591,0.006228407817193446,0.0004925696017028666,0.010360000000000001,3.2009325191711104,15.03728156343869,4.80085143325183e-07,-5816.815991386771,Active,ionq_forte_simulated,2026-07-10T16:49:30.313291+00:00,1,False,2007000.0,1003500.0,3.2,0.0057,0.00047000000000000004,0.9979837067743311,"Run - Jul 10, 2026 at 22:18:59"
Q8,12,1936997.8025180197,968498.9105794007,0.006334407817193446,0.0005030496017028666,0.010360000000000001,3.2009325191711104,15.03728156343869,4.80085143325183e-07,-5819.714257492684,Active,ionq_forte_simulated,2026-07-10T16:49:30.316286+00:00,1,False,2008000.0,1004000.0,3.2,0.0058000000000000005,0.00048,0.9979487627743311,"Run - Jul 10, 2026 at 22:18:59"
Q9,12,1937962.4428115028,968981.2307261423,0.006440407817193445,0.0005135296017028666,0.010360000000000001,3.2009325191711104,15.03728156343869,4.80085143325183e-07,-5822.612523598596,Active,ionq_forte_simulated,2026-07-10T16:49:30.319282+00:00,1,False,2009000.0,1004500.0,3.2,0.0059,0.00049,0.997913818774331,"Run - Jul 10, 2026 at 22:18:59"
Q10,12,1938927.083104986,969463.5508728839,0.0065464078171934455,0.0005240096017028665,0.010360000000000001,3.2009325191711104,15.03728156343869,4.80085143325183e-07,-5825.510789704509,Active,ionq_forte_simulated,2026-07-10T16:49:30.321281+00:00,1,False,2010000.0,1005000.0,3.2,0.006,0.0005,0.9978788747743311,"Run - Jul 10, 2026 at 22:18:59"
Q11,12,1939891.7233984692,969945.8710196255,0.006652407817193446,0.0005344896017028665,0.010360000000000001,3.2009325191711104,15.03728156343869,4.80085143325183e-07,-5828.409055810422,Active,ionq_forte_simulated,2026-07-10T16:49:30.324284+00:00,1,False,2011000.0,1005500.0,3.2,0.0061,0.00051,0.9978439307743311,"Run - Jul 10, 2026 at 22:18:59"
Q12,12,1940856.363691952,970428.1911663669,0.006758407817193447,0.0005449696017028665,0.010360000000000001,3.2009325191711104,15.03728156343869,4.80085143325183e-07,-5831.307321916334,Active,ionq_forte_simulated,2026-07-10T16:49:30.327287+00:00,1,False,2012000.0,1006000.0,3.2,0.006200000000000001,0.0005200000000000001,0.997808986774331,"Run - Jul 10, 2026 at 22:18:59"
Q13,12,1941821.0039854352,970910.5113131085,0.006864407817193446,0.0005554496017028666,0.010360000000000001,3.2009325191711104,15.03728156343869,4.80085143325183e-07,-5834.205588022247,Active,ionq_forte_simulated,2026-07-10T16:49:30.330286+00:00,1,False,2013000.0,1006500.0,3.2,0.0063,0.0005300000000000001,0.9977740427743311,"Run - Jul 10, 2026 at 22:18:59"
Q14,12,1942785.6442789184,971392.8314598501,0.006970407817193446,0.0005659296017028665,0.010360000000000001,3.2009325191711104,15.03728156343869,4.80085143325183e-07,-5837.10385412816,Active,ionq_forte_simulated,2026-07-10T16:49:30.333296+00:00,1,False,2014000.0,1007000.0,3.2,0.0064,0.00054,0.9977390987743311,"Run - Jul 10, 2026 at 22:18:59"
Q15,12,1943750.2845724015,971875.1516065917,0.007076407817193446,0.0005764096017028665,0.010360000000000001,3.2009325191711104,15.03728156343869,4.80085143325183e-07,-5840.002120234072,Active,ionq_forte_simulated,2026-07-10T16:49:30.335297+00:00,1,False,2015000.0,1007500.0,3.2,0.006500000000000001,0.00055,0.997704154774331,"Run - Jul 10, 2026 at 22:18:59"
Q16,12,1944714.9248658847,972357.4717533332,0.007182407817193446,0.0005868896017028666,0.010360000000000001,3.2009325191711104,15.03728156343869,4.80085143325183e-07,-5842.900386339985,Active,ionq_forte_simulated,2026-07-10T16:49:30.338297+00:00,1,False,2016000.0,1008000.0,3.2,0.0066,0.0005600000000000001,0.997669210774331,"Run - Jul 10, 2026 at 22:18:59"
Q17,12,1945679.5651593679,972839.7919000748,0.007288407817193446,0.0005973696017028665,0.010360000000000001,3.2009325191711104,15.03728156343869,4.80085143325183e-07,-5845.7986524458975,Active,ionq_forte_simulated,2026-07-10T16:49:30.340301+00:00,1,False,2017000.0,1008500.0,3.2,0.0067,0.00057,0.997634266774331,"Run - Jul 10, 2026 at 22:18:59"
Q18,12,1946644.205452851,973322.1120468164,0.007394407817193446,0.0006078496017028665,0.010360000000000001,3.2009325191711104,15.03728156343869,4.80085143325183e-07,-5848.696918551577,Active,ionq_forte_simulated,2026-07-10T16:49:30.344300+00:00,1,False,2018000.0,1009000.0,3.2,0.0068000000000000005,0.00058,0.9975993227743312,"Run - Jul 10, 2026 at 22:18:59"
Q19,12,1947608.845746334,973804.4321935578,0.0075004078171934455,0.0006183296017028665,0.010360000000000001,3.2009325191711104,15.03728156343869,4.80085143325183e-07,-5851.595184657723,Active,ionq_forte_simulated,2026-07-10T16:49:30.346298+00:00,1,False,2019000.0,1009500.0,3.2,0.0069,0.00059,0.9975643787743311,"Run - Jul 10, 2026 at 22:18:59"
Q20,12,1948573.486039817,974286.7523402994,0.007606407817193446,0.0006288096017028666,0.010360000000000001,3.2009325191711104,15.03728156343869,4.80085143325183e-07,-5854.493450763635,Active,ionq_forte_simulated,2026-07-10T16:49:30.349831+00:00,1,False,2020000.0,1010000.0,3.2,0.007,0.0006000000000000001,0.9975294347743311,"Run - Jul 10, 2026 at 22:18:59"
Q21,12,1949538.1263333003,974769.072487041,0.007712407817193446,0.0006392896017028666,0.010360000000000001,3.2009325191711104,15.03728156343869,4.80085143325183e-07,-5857.391716869548,Active,ionq_forte_simulated,2026-07-10T16:49:30.351825+00:00,1,False,2021000.0,1010500.0,3.2,0.0071,0.0006100000000000001,0.9974944907743312,"Run - Jul 10, 2026 at 22:18:59"
Q22,12,1950502.7666267834,975251.3926337826,0.007818407817193444,0.0006497696017028665,0.010360000000000001,3.2009325191711104,15.03728156343869,4.80085143325183e-07,-5860.289982975461,Active,ionq_forte_simulated,2026-07-10T16:49:30.354516+00:00,1,False,2022000.0,1011000.0,3.2,0.0072,0.00062,0.997459546774331,"Run - Jul 10, 2026 at 22:18:59"
Q23,12,1951467.4069202666,975733.7127805242,0.007924407817193446,0.0006602496017028666,0.010360000000000001,3.2009325191711104,15.03728156343869,4.80085143325183e-07,-5863.188249081373,Active,ionq_forte_simulated,2026-07-10T16:49:30.357331+00:00,1,False,2023000.0,1011500.0,3.2,0.0073,0.00063,0.9974246027743311,"Run - Jul 10, 2026 at 22:18:59"
Q24,12,1952432.0472137497,976216.0329272657,0.008030407817193445,0.0006707296017028666,0.010360000000000001,3.2009325191711104,15.03728156343869,4.80085143325183e-07,-5866.086515187286,Active,ionq_forte_simulated,2026-07-10T16:49:30.360166+00:00,1,False,2024000.0,1012000.0,3.2,0.0074,0.00064,0.9973896587743311,"Run - Jul 10, 2026 at 22:18:59"
Q0,13,1923501.5146485518,961750.7669598578,0.005517711637083439,0.00042080976587625734,0.01039,3.20096404647923,15.038542327416687,4.882938128640118e-07,-5779.165521602845,Active,ionq_forte_simulated,2026-07-10T16:49:32.625804+00:00,1,False,2000000.0,1000000.0,3.2,0.005,0.0004,0.998218443579112,"Run - Jul 10, 2026 at 22:18:59"
Q1,13,1924463.2653576983,962231.642314431,0.005624211637083439,0.00043132976587625737,0.01039,3.20096404647923,15.038542327416687,4.882938128640118e-07,-5782.0551059395075,Active,ionq_forte_simulated,2026-07-10T16:49:32.629801+00:00,1,False,2001000.0,1000500.0,3.2,0.0051,0.00041000000000000005,0.9981833375791122,"Run - Jul 10, 2026 at 22:18:59"
Q2,13,1925425.0160668446,962712.5176690042,0.005730711637083438,0.00044184976587625734,0.01039,3.20096404647923,15.038542327416687,4.882938128640118e-07,-5784.944690276403,Active,ionq_forte_simulated,2026-07-10T16:49:32.632801+00:00,1,False,2002000.0,1001000.0,3.2,0.0052,0.00042,0.998148231579112,"Run - Jul 10, 2026 at 22:18:59"
Q3,13,1926386.766775991,963193.3930235774,0.005837211637083438,0.00045236976587625737,0.01039,3.20096404647923,15.038542327416687,4.882938128640118e-07,-5787.834274613066,Active,ionq_forte_simulated,2026-07-10T16:49:32.635808+00:00,1,False,2003000.0,1001500.0,3.2,0.0053,0.00043000000000000004,0.9981131255791121,"Run - Jul 10, 2026 at 22:18:59"
Q4,13,1927348.5174851373,963674.2683781505,0.005943711637083439,0.00046288976587625734,0.01039,3.20096404647923,15.038542327416687,4.882938128640118e-07,-5790.723858949961,Active,ionq_forte_simulated,2026-07-10T16:49:32.637815+00:00,1,False,2004000.0,1002000.0,3.2,0.0054,0.00044,0.998078019579112,"Run - Jul 10, 2026 at 22:18:59"
Q5,13,1928310.2681942838,964155.1437327238,0.006050211637083438,0.00047340976587625737,0.01039,3.20096404647923,15.038542327416687,4.882938128640118e-07,-5793.613443286391,Active,ionq_forte_simulated,2026-07-10T16:49:32.640810+00:00,1,False,2005000.0,1002500.0,3.2,0.0055,0.00045000000000000004,0.9980429135791121,"Run - Jul 10, 2026 at 22:18:59"
Q6,13,1929272.01890343,964636.0190872969,0.0061567116370834386,0.00048392976587625735,0.01039,3.20096404647923,15.038542327416687,4.882938128640118e-07,-5796.5030276232865,Active,ionq_forte_simulated,2026-07-10T16:49:32.643810+00:00,1,False,2006000.0,1003000.0,3.2,0.0056,0.00046,0.998007807579112,"Run - Jul 10, 2026 at 22:18:59"
Q7,13,1930233.7696125766,965116.8944418702,0.006263211637083438,0.0004944497658762574,0.01039,3.20096404647923,15.038542327416687,4.882938128640118e-07,-5799.392611959949,Active,ionq_forte_simulated,2026-07-10T16:49:32.647814+00:00,1,False,2007000.0,1003500.0,3.2,0.0057,0.00047000000000000004,0.9979727015791122,"Run - Jul 10, 2026 at 22:18:59"
Q8,13,1931195.5203217228,965597.7697964433,0.006369711637083439,0.0005049697658762573,0.01039,3.20096404647923,15.038542327416687,4.882938128640118e-07,-5802.282196296845,Active,ionq_forte_simulated,2026-07-10T16:49:32.650343+00:00,1,False,2008000.0,1004000.0,3.2,0.0058000000000000005,0.00048,0.9979375955791121,"Run - Jul 10, 2026 at 22:18:59"
Q9,13,1932157.271030869,966078.6451510164,0.006476211637083438,0.0005154897658762573,0.01039,3.20096404647923,15.038542327416687,4.882938128640118e-07,-5805.17178063374,Active,ionq_forte_simulated,2026-07-10T16:49:32.652866+00:00,1,False,2009000.0,1004500.0,3.2,0.0059,0.00049,0.9979024895791122,"Run - Jul 10, 2026 at 22:18:59"
Q10,13,1933119.0217400156,966559.5205055897,0.006582711637083439,0.0005260097658762573,0.01039,3.20096404647923,15.038542327416687,4.882938128640118e-07,-5808.061364970403,Active,ionq_forte_simulated,2026-07-10T16:49:32.654873+00:00,1,False,2010000.0,1005000.0,3.2,0.006,0.0005,0.9978673835791121,"Run - Jul 10, 2026 at 22:18:59"
Q11,13,1934080.7724491619,967040.3958601628,0.0066892116370834385,0.0005365297658762574,0.01039,3.20096404647923,15.038542327416687,4.882938128640118e-07,-5810.950949307298,Active,ionq_forte_simulated,2026-07-10T16:49:32.657626+00:00,1,False,2011000.0,1005500.0,3.2,0.0061,0.00051,0.9978322775791122,"Run - Jul 10, 2026 at 22:18:59"
Q12,13,1935042.5231583084,967521.271214736,0.006795711637083439,0.0005470497658762574,0.01039,3.20096404647923,15.038542327416687,4.882938128640118e-07,-5813.840533643728,Active,ionq_forte_simulated,2026-07-10T16:49:32.660636+00:00,1,False,2012000.0,1006000.0,3.2,0.006200000000000001,0.0005200000000000001,0.9977971715791121,"Run - Jul 10, 2026 at 22:18:59"
Q13,13,1936004.2738674546,968002.1465693092,0.006902211637083438,0.0005575697658762574,0.01039,3.20096404647923,15.038542327416687,4.882938128640118e-07,-5816.730117980624,Active,ionq_forte_simulated,2026-07-10T16:49:32.663639+00:00,1,False,2013000.0,1006500.0,3.2,0.0063,0.0005300000000000001,0.9977620655791122,"Run - Jul 10, 2026 at 22:18:59"
Q14,13,1936966.024576601,968483.0219238824,0.007008711637083439,0.0005680897658762573,0.01039,3.20096404647923,15.038542327416687,4.882938128640118e-07,-5819.619702317286,Active,ionq_forte_simulated,2026-07-10T16:49:32.666645+00:00,1,False,2014000.0,1007000.0,3.2,0.0064,0.00054,0.9977269595791121,"Run - Jul 10, 2026 at 22:18:59"
Q15,13,1937927.7752857474,968963.8972784556,0.007115211637083439,0.0005786097658762574,0.01039,3.20096404647923,15.038542327416687,4.882938128640118e-07,-5822.509286654182,Active,ionq_forte_simulated,2026-07-10T16:49:32.669641+00:00,1,False,2015000.0,1007500.0,3.2,0.006500000000000001,0.00055,0.9976918535791122,"Run - Jul 10, 2026 at 22:18:59"
Q16,13,1938889.5259948939,969444.7726330288,0.0072217116370834385,0.0005891297658762574,0.01039,3.20096404647923,15.038542327416687,4.882938128640118e-07,-5825.398870990844,Active,ionq_forte_simulated,2026-07-10T16:49:32.672639+00:00,1,False,2016000.0,1008000.0,3.2,0.0066,0.0005600000000000001,0.997656747579112,"Run - Jul 10, 2026 at 22:18:59"
Q17,13,1939851.2767040401,969925.6479876019,0.007328211637083438,0.0005996497658762573,0.01039,3.20096404647923,15.038542327416687,4.882938128640118e-07,-5828.28845532774,Active,ionq_forte_simulated,2026-07-10T16:49:32.675637+00:00,1,False,2017000.0,1008500.0,3.2,0.0067,0.00057,0.9976216415791122,"Run - Jul 10, 2026 at 22:18:59"
Q18,13,1940813.0274131866,970406.5233421752,0.007434711637083439,0.0006101697658762573,0.01039,3.20096404647923,15.038542327416687,4.882938128640118e-07,-5831.178039664403,Active,ionq_forte_simulated,2026-07-10T16:49:32.677637+00:00,1,False,2018000.0,1009000.0,3.2,0.0068000000000000005,0.00058,0.997586535579112,"Run - Jul 10, 2026 at 22:18:59"
Q19,13,1941774.7781223329,970887.3986967483,0.007541211637083438,0.0006206897658762574,0.01039,3.20096404647923,15.038542327416687,4.882938128640118e-07,-5834.067624001065,Active,ionq_forte_simulated,2026-07-10T16:49:32.680642+00:00,1,False,2019000.0,1009500.0,3.2,0.0069,0.00059,0.9975514295791121,"Run - Jul 10, 2026 at 22:18:59"
Q20,13,1942736.5288314791,971368.2740513214,0.007647711637083439,0.0006312097658762574,0.01039,3.20096404647923,15.038542327416687,4.882938128640118e-07,-5836.957208337961,Active,ionq_forte_simulated,2026-07-10T16:49:32.683638+00:00,1,False,2020000.0,1010000.0,3.2,0.007,0.0006000000000000001,0.997516323579112,"Run - Jul 10, 2026 at 22:18:59"
Q21,13,1943698.2795406256,971849.1494058947,0.0077542116370834385,0.0006417297658762574,0.01039,3.20096404647923,15.038542327416687,4.882938128640118e-07,-5839.846792674623,Active,ionq_forte_simulated,2026-07-10T16:49:32.686637+00:00,1,False,2021000.0,1010500.0,3.2,0.0071,0.0006100000000000001,0.9974812175791121,"Run - Jul 10, 2026 at 22:18:59"
Q22,13,1944660.030249772,972330.0247604678,0.007860711637083437,0.0006522497658762573,0.01039,3.20096404647923,15.038542327416687,4.882938128640118e-07,-5842.736377011519,Active,ionq_forte_simulated,2026-07-10T16:49:32.690637+00:00,1,False,2022000.0,1011000.0,3.2,0.0072,0.00062,0.997446111579112,"Run - Jul 10, 2026 at 22:18:59"
Q23,13,1945621.7809589184,972810.9001150411,0.007967211637083438,0.0006627697658762574,0.01039,3.20096404647923,15.038542327416687,4.882938128640118e-07,-5845.625961348182,Active,ionq_forte_simulated,2026-07-10T16:49:32.694032+00:00,1,False,2023000.0,1011500.0,3.2,0.0073,0.00063,0.9974110055791121,"Run - Jul 10, 2026 at 22:18:59"
Q24,13,1946583.5316680647,973291.7754696142,0.008073711637083437,0.0006732897658762574,0.01039,3.20096404647923,15.038542327416687,4.882938128640118e-07,-5848.515545685077,Active,ionq_forte_simulated,2026-07-10T16:49:32.696045+00:00,1,False,2024000.0,1012000.0,3.2,0.0074,0.00064,0.9973758995791121,"Run - Jul 10, 2026 at 22:18:59"
Q0,14,1917739.659689942,958869.8396994682,0.005547089945997692,0.0004224075390225435,0.01042,3.2009858266811158,15.039417989199539,3.7695112717165235e-07,-5761.854958609911,Active,ionq_forte_simulated,2026-07-10T16:49:35.328696+00:00,1,False,2000000.0,1000000.0,3.2,0.005,0.0004,0.9982091507544939,"Run - Jul 10, 2026 at 22:18:59"
Q1,14,1918698.5294705145,959349.2745897545,0.005654089945997693,0.00043296753902254354,0.01042,3.2009858266811158,15.039417989199539,3.7695112717165235e-07,-5764.735887183808,Active,ionq_forte_simulated,2026-07-10T16:49:35.331690+00:00,1,False,2001000.0,1000500.0,3.2,0.0051,0.00041000000000000005,0.9981738827544939,"Run - Jul 10, 2026 at 22:18:59"
Q2,14,1919657.3992510869,959828.7094800407,0.005761089945997692,0.0004435275390225435,0.01042,3.2009858266811158,15.039417989199539,3.7695112717165235e-07,-5767.616815757705,Active,ionq_forte_simulated,2026-07-10T16:49:35.334692+00:00,1,False,2002000.0,1001000.0,3.2,0.0052,0.00042,0.9981386147544938,"Run - Jul 10, 2026 at 22:18:59"
Q3,14,1920616.2690316595,960308.144370327,0.0058680899459976925,0.0004540875390225435,0.01042,3.2009858266811158,15.039417989199539,3.7695112717165235e-07,-5770.497744331602,Active,ionq_forte_simulated,2026-07-10T16:49:35.336688+00:00,1,False,2003000.0,1001500.0,3.2,0.0053,0.00043000000000000004,0.998103346754494,"Run - Jul 10, 2026 at 22:18:59"
Q4,14,1921575.1388122318,960787.5792606132,0.005975089945997693,0.0004646475390225435,0.01042,3.2009858266811158,15.039417989199539,3.7695112717165235e-07,-5773.378672905499,Active,ionq_forte_simulated,2026-07-10T16:49:35.339713+00:00,1,False,2004000.0,1002000.0,3.2,0.0054,0.00044,0.9980680787544939,"Run - Jul 10, 2026 at 22:18:59"
Q5,14,1922534.0085928044,961267.0141508995,0.006082089945997691,0.0004752075390225435,0.01042,3.2009858266811158,15.039417989199539,3.7695112717165235e-07,-5776.259601479396,Active,ionq_forte_simulated,2026-07-10T16:49:35.343726+00:00,1,False,2005000.0,1002500.0,3.2,0.0055,0.00045000000000000004,0.9980328107544939,"Run - Jul 10, 2026 at 22:18:59"
Q6,14,1923492.8783733768,961746.4490411857,0.006189089945997692,0.00048576753902254346,0.01042,3.2009858266811158,15.039417989199539,3.7695112717165235e-07,-5779.140530053293,Active,ionq_forte_simulated,2026-07-10T16:49:35.346707+00:00,1,False,2006000.0,1003000.0,3.2,0.0056,0.00046,0.9979975427544939,"Run - Jul 10, 2026 at 22:18:59"
Q7,14,1924451.7481539494,962225.883931472,0.006296089945997692,0.0004963275390225435,0.01042,3.2009858266811158,15.039417989199539,3.7695112717165235e-07,-5782.02145862719,Active,ionq_forte_simulated,2026-07-10T16:49:35.349710+00:00,1,False,2007000.0,1003500.0,3.2,0.0057,0.00047000000000000004,0.9979622747544938,"Run - Jul 10, 2026 at 22:18:59"
Q8,14,1925410.6179345218,962705.3188217581,0.006403089945997692,0.0005068875390225434,0.01042,3.2009858266811158,15.039417989199539,3.7695112717165235e-07,-5784.902387201088,Active,ionq_forte_simulated,2026-07-10T16:49:35.351706+00:00,1,False,2008000.0,1004000.0,3.2,0.0058000000000000005,0.00048,0.997927006754494,"Run - Jul 10, 2026 at 22:18:59"
Q9,14,1926369.4877150944,963184.7537120444,0.006510089945997692,0.0005174475390225434,0.01042,3.2009858266811158,15.039417989199539,3.7695112717165235e-07,-5787.783315774752,Active,ionq_forte_simulated,2026-07-10T16:49:35.354211+00:00,1,False,2009000.0,1004500.0,3.2,0.0059,0.00049,0.9978917387544939,"Run - Jul 10, 2026 at 22:18:59"
Q10,14,1927328.3574956667,963664.1886023306,0.006617089945997692,0.0005280075390225434,0.01042,3.2009858266811158,15.039417989199539,3.7695112717165235e-07,-5790.664244348882,Active,ionq_forte_simulated,2026-07-10T16:49:35.358230+00:00,1,False,2010000.0,1005000.0,3.2,0.006,0.0005,0.9978564707544939,"Run - Jul 10, 2026 at 22:18:59"
Q11,14,1928287.2272762393,964143.6234926169,0.0067240899459976924,0.0005385675390225435,0.01042,3.2009858266811158,15.039417989199539,3.7695112717165235e-07,-5793.545172922546,Active,ionq_forte_simulated,2026-07-10T16:49:35.361237+00:00,1,False,2011000.0,1005500.0,3.2,0.0061,0.00051,0.9978212027544939,"Run - Jul 10, 2026 at 22:18:59"
Q12,14,1929246.0970568117,964623.0583829031,0.006831089945997693,0.0005491275390225435,0.01042,3.2009858266811158,15.039417989199539,3.7695112717165235e-07,-5796.426101496676,Active,ionq_forte_simulated,2026-07-10T16:49:35.364224+00:00,1,False,2012000.0,1006000.0,3.2,0.006200000000000001,0.0005200000000000001,0.997785934754494,"Run - Jul 10, 2026 at 22:18:59"
Q13,14,1930204.9668373843,965102.4932731894,0.006938089945997692,0.0005596875390225435,0.01042,3.2009858266811158,15.039417989199539,3.7695112717165235e-07,-5799.30703007034,Active,ionq_forte_simulated,2026-07-10T16:49:35.367224+00:00,1,False,2013000.0,1006500.0,3.2,0.0063,0.0005300000000000001,0.997750666754494,"Run - Jul 10, 2026 at 22:18:59"
Q14,14,1931163.8366179566,965581.9281634756,0.0070450899459976925,0.0005702475390225435,0.01042,3.2009858266811158,15.039417989199539,3.7695112717165235e-07,-5802.18795864447,Active,ionq_forte_simulated,2026-07-10T16:49:35.369221+00:00,1,False,2014000.0,1007000.0,3.2,0.0064,0.00054,0.9977153987544939,"Run - Jul 10, 2026 at 22:18:59"
Q15,14,1932122.7063985292,966061.3630537619,0.007152089945997693,0.0005808075390225434,0.01042,3.2009858266811158,15.039417989199539,3.7695112717165235e-07,-5805.0688872181345,Active,ionq_forte_simulated,2026-07-10T16:49:35.371223+00:00,1,False,2015000.0,1007500.0,3.2,0.006500000000000001,0.00055,0.9976801307544939,"Run - Jul 10, 2026 at 22:18:59"
Q16,14,1933081.5761791018,966540.7979440482,0.007259089945997692,0.0005913675390225435,0.01042,3.2009858266811158,15.039417989199539,3.7695112717165235e-07,-5807.949815792032,Active,ionq_forte_simulated,2026-07-10T16:49:35.375232+00:00,1,False,2016000.0,1008000.0,3.2,0.0066,0.0005600000000000001,0.9976448627544939,"Run - Jul 10, 2026 at 22:18:59"
Q17,14,1934040.4459596742,967020.2328343344,0.007366089945997693,0.0006019275390225434,0.01042,3.2009858266811158,15.039417989199539,3.7695112717165235e-07,-5810.830744365929,Active,ionq_forte_simulated,2026-07-10T16:49:35.378221+00:00,1,False,2017000.0,1008500.0,3.2,0.0067,0.00057,0.9976095947544938,"Run - Jul 10, 2026 at 22:18:59"
Q18,14,1934999.3157402468,967499.6677246207,0.007473089945997693,0.0006124875390225434,0.01042,3.2009858266811158,15.039417989199539,3.7695112717165235e-07,-5813.711672939826,Active,ionq_forte_simulated,2026-07-10T16:49:35.381233+00:00,1,False,2018000.0,1009000.0,3.2,0.0068000000000000005,0.00058,0.997574326754494,"Run - Jul 10, 2026 at 22:18:59"
Q19,14,1935958.1855208192,967979.1026149068,0.007580089945997692,0.0006230475390225435,0.01042,3.2009858266811158,15.039417989199539,3.7695112717165235e-07,-5816.592601513723,Active,ionq_forte_simulated,2026-07-10T16:49:35.384234+00:00,1,False,2019000.0,1009500.0,3.2,0.0069,0.00059,0.9975390587544939,"Run - Jul 10, 2026 at 22:18:59"
Q20,14,1936917.0553013918,968458.5375051931,0.007687089945997693,0.0006336075390225435,0.01042,3.2009858266811158,15.039417989199539,3.7695112717165235e-07,-5819.473530087387,Active,ionq_forte_simulated,2026-07-10T16:49:35.386234+00:00,1,False,2020000.0,1010000.0,3.2,0.007,0.0006000000000000001,0.997503790754494,"Run - Jul 10, 2026 at 22:18:59"
Q21,14,1937875.9250819641,968937.9723954793,0.007794089945997692,0.0006441675390225435,0.01042,3.2009858266811158,15.039417989199539,3.7695112717165235e-07,-5822.354458661517,Active,ionq_forte_simulated,2026-07-10T16:49:35.388707+00:00,1,False,2021000.0,1010500.0,3.2,0.0071,0.0006100000000000001,0.9974685227544939,"Run - Jul 10, 2026 at 22:18:59"
Q22,14,1938834.7948625367,969417.4072857656,0.007901089945997692,0.0006547275390225434,0.01042,3.2009858266811158,15.039417989199539,3.7695112717165235e-07,-5825.235387235181,Active,ionq_forte_simulated,2026-07-10T16:49:35.392730+00:00,1,False,2022000.0,1011000.0,3.2,0.0072,0.00062,0.997433254754494,"Run - Jul 10, 2026 at 22:18:59"
Q23,14,1939793.664643109,969896.8421760518,0.008008089945997693,0.0006652875390225435,0.01042,3.2009858266811158,15.039417989199539,3.7695112717165235e-07,-5828.116315809311,Active,ionq_forte_simulated,2026-07-10T16:49:35.396239+00:00,1,False,2023000.0,1011500.0,3.2,0.0073,0.00063,0.997397986754494,"Run - Jul 10, 2026 at 22:18:59"
Q24,14,1940752.5344236817,970376.2770663381,0.008115089945997694,0.0006758475390225434,0.01042,3.2009858266811158,15.039417989199539,3.7695112717165235e-07,-5830.997244382976,Active,ionq_forte_simulated,2026-07-10T16:49:35.398492+00:00,1,False,2024000.0,1012000.0,3.2,0.0074,0.00064,0.9973627187544939,"Run - Jul 10, 2026 at 22:18:59"
Q0,15,1911995.0634156987,955997.5416827991,0.005574498997320811,0.0004240034663531784,0.01045,3.200997668304263,15.039899799464163,1.733176589175129e-07,-5744.596274243202,Active,ionq_forte_simulated,2026-07-10T16:49:37.978428+00:00,1,False,2000000.0,1000000.0,3.2,0.005,0.0004,0.9982004492608978,"Run - Jul 10, 2026 at 22:18:59"
Q1,15,1912951.0608975317,956475.5404237156,0.005681998997320812,0.0004346034663531784,0.01045,3.200997668304263,15.039899799464163,1.733176589175129e-07,-5747.46857298282,Active,ionq_forte_simulated,2026-07-10T16:49:37.981066+00:00,1,False,2001000.0,1000500.0,3.2,0.0051,0.00041000000000000005,0.9981650192608977,"Run - Jul 10, 2026 at 22:18:59"
Q2,15,1913907.058379365,956953.5391646322,0.005789498997320811,0.0004452034663531784,0.01045,3.200997668304263,15.039899799464163,1.733176589175129e-07,-5750.340871721972,Active,ionq_forte_simulated,2026-07-10T16:49:37.982065+00:00,1,False,2002000.0,1001000.0,3.2,0.0052,0.00042,0.9981295892608979,"Run - Jul 10, 2026 at 22:18:59"
Q3,15,1914863.0558611979,957431.5379055487,0.005896998997320811,0.0004558034663531784,0.01045,3.200997668304263,15.039899799464163,1.733176589175129e-07,-5753.2131704615895,Active,ionq_forte_simulated,2026-07-10T16:49:37.983065+00:00,1,False,2003000.0,1001500.0,3.2,0.0053,0.00043000000000000004,0.9980941592608978,"Run - Jul 10, 2026 at 22:18:59"
Q4,15,1915819.053343031,957909.5366464653,0.0060044989973208115,0.0004664034663531784,0.01045,3.200997668304263,15.039899799464163,1.733176589175129e-07,-5756.0854692007415,Active,ionq_forte_simulated,2026-07-10T16:49:37.984066+00:00,1,False,2004000.0,1002000.0,3.2,0.0054,0.00044,0.9980587292608978,"Run - Jul 10, 2026 at 22:18:59"
Q5,15,1916775.0508248643,958387.5353873819,0.006111998997320811,0.0004770034663531784,0.01045,3.200997668304263,15.039899799464163,1.733176589175129e-07,-5758.957767940126,Active,ionq_forte_simulated,2026-07-10T16:49:37.985066+00:00,1,False,2005000.0,1002500.0,3.2,0.0055,0.00045000000000000004,0.9980232992608977,"Run - Jul 10, 2026 at 22:18:59"
Q6,15,1917731.0483066973,958865.5341282984,0.0062194989973208105,0.0004876034663531784,0.01045,3.200997668304263,15.039899799464163,1.733176589175129e-07,-5761.830066679511,Active,ionq_forte_simulated,2026-07-10T16:49:37.986065+00:00,1,False,2006000.0,1003000.0,3.2,0.0056,0.00046,0.9979878692608979,"Run - Jul 10, 2026 at 22:18:59"
Q7,15,1918687.0457885305,959343.532869215,0.006326998997320811,0.0004982034663531784,0.01045,3.200997668304263,15.039899799464163,1.733176589175129e-07,-5764.702365418896,Active,ionq_forte_simulated,2026-07-10T16:49:37.988068+00:00,1,False,2007000.0,1003500.0,3.2,0.0057,0.00047000000000000004,0.9979524392608978,"Run - Jul 10, 2026 at 22:18:59"
Q8,15,1919643.0432703635,959821.5316101315,0.006434498997320811,0.0005088034663531784,0.01045,3.200997668304263,15.039899799464163,1.733176589175129e-07,-5767.574664158281,Active,ionq_forte_simulated,2026-07-10T16:49:37.991068+00:00,1,False,2008000.0,1004000.0,3.2,0.0058000000000000005,0.00048,0.9979170092608978,"Run - Jul 10, 2026 at 22:18:59"
Q9,15,1920599.0407521967,960299.5303510481,0.00654199899732081,0.0005194034663531784,0.01045,3.200997668304263,15.039899799464163,1.733176589175129e-07,-5770.446962897666,Active,ionq_forte_simulated,2026-07-10T16:49:37.994068+00:00,1,False,2009000.0,1004500.0,3.2,0.0059,0.00049,0.9978815792608979,"Run - Jul 10, 2026 at 22:18:59"
Q10,15,1921555.0382340297,960777.5290919646,0.006649498997320811,0.0005300034663531784,0.01045,3.200997668304263,15.039899799464163,1.733176589175129e-07,-5773.319261637051,Active,ionq_forte_simulated,2026-07-10T16:49:37.996067+00:00,1,False,2010000.0,1005000.0,3.2,0.006,0.0005,0.9978461492608979,"Run - Jul 10, 2026 at 22:18:59"
Q11,15,1922511.0357158629,961255.5278328812,0.006756998997320811,0.0005406034663531784,0.01045,3.200997668304263,15.039899799464163,1.733176589175129e-07,-5776.1915603764355,Active,ionq_forte_simulated,2026-07-10T16:49:37.997067+00:00,1,False,2011000.0,1005500.0,3.2,0.0061,0.00051,0.9978107192608978,"Run - Jul 10, 2026 at 22:18:59"
Q12,15,1923467.0331976959,961733.5265737977,0.006864498997320812,0.0005512034663531784,0.01045,3.200997668304263,15.039899799464163,1.733176589175129e-07,-5779.06385911582,Active,ionq_forte_simulated,2026-07-10T16:49:37.999066+00:00,1,False,2012000.0,1006000.0,3.2,0.006200000000000001,0.0005200000000000001,0.9977752892608978,"Run - Jul 10, 2026 at 22:18:59"
Q13,15,1924423.030679529,962211.5253147143,0.006971998997320811,0.0005618034663531784,0.01045,3.200997668304263,15.039899799464163,1.733176589175129e-07,-5781.936157855205,Active,ionq_forte_simulated,2026-07-10T16:49:38.000066+00:00,1,False,2013000.0,1006500.0,3.2,0.0063,0.0005300000000000001,0.9977398592608979,"Run - Jul 10, 2026 at 22:18:59"
Q14,15,1925379.028161362,962689.5240556308,0.007079498997320811,0.0005724034663531784,0.01045,3.200997668304263,15.039899799464163,1.733176589175129e-07,-5784.80845659459,Active,ionq_forte_simulated,2026-07-10T16:49:38.001068+00:00,1,False,2014000.0,1007000.0,3.2,0.0064,0.00054,0.9977044292608978,"Run - Jul 10, 2026 at 22:18:59"
Q15,15,1926335.0256431953,963167.5227965474,0.007186998997320812,0.0005830034663531784,0.01045,3.200997668304263,15.039899799464163,1.733176589175129e-07,-5787.680755333975,Active,ionq_forte_simulated,2026-07-10T16:49:38.002066+00:00,1,False,2015000.0,1007500.0,3.2,0.006500000000000001,0.00055,0.9976689992608978,"Run - Jul 10, 2026 at 22:18:59"
Q16,15,1927291.0231250282,963645.5215374639,0.007294498997320811,0.0005936034663531785,0.01045,3.200997668304263,15.039899799464163,1.733176589175129e-07,-5790.553054073593,Active,ionq_forte_simulated,2026-07-10T16:49:38.004066+00:00,1,False,2016000.0,1008000.0,3.2,0.0066,0.0005600000000000001,0.9976335692608979,"Run - Jul 10, 2026 at 22:18:59"
Q17,15,1928247.0206068614,964123.5202783805,0.007401998997320811,0.0006042034663531784,0.01045,3.200997668304263,15.039899799464163,1.733176589175129e-07,-5793.425352812745,Active,ionq_forte_simulated,2026-07-10T16:49:38.006072+00:00,1,False,2017000.0,1008500.0,3.2,0.0067,0.00057,0.9975981392608978,"Run - Jul 10, 2026 at 22:18:59"
Q18,15,1929203.0180886944,964601.519019297,0.007509498997320812,0.0006148034663531783,0.01045,3.200997668304263,15.039899799464163,1.733176589175129e-07,-5796.297651552362,Active,ionq_forte_simulated,2026-07-10T16:49:38.009086+00:00,1,False,2018000.0,1009000.0,3.2,0.0068000000000000005,0.00058,0.9975627092608977,"Run - Jul 10, 2026 at 22:18:59"
Q19,15,1930159.0155705276,965079.5177602136,0.007616998997320811,0.0006254034663531784,0.01045,3.200997668304263,15.039899799464163,1.733176589175129e-07,-5799.169950291514,Active,ionq_forte_simulated,2026-07-10T16:49:38.012074+00:00,1,False,2019000.0,1009500.0,3.2,0.0069,0.00059,0.9975272792608978,"Run - Jul 10, 2026 at 22:18:59"
Q20,15,1931115.0130523606,965557.5165011301,0.007724498997320811,0.0006360034663531784,0.01045,3.200997668304263,15.039899799464163,1.733176589175129e-07,-5802.042249031132,Active,ionq_forte_simulated,2026-07-10T16:49:38.014068+00:00,1,False,2020000.0,1010000.0,3.2,0.007,0.0006000000000000001,0.9974918492608978,"Run - Jul 10, 2026 at 22:18:59"
Q21,15,1932071.0105341938,966035.5152420467,0.00783199899732081,0.0006466034663531784,0.01045,3.200997668304263,15.039899799464163,1.733176589175129e-07,-5804.914547770284,Active,ionq_forte_simulated,2026-07-10T16:49:38.015069+00:00,1,False,2021000.0,1010500.0,3.2,0.0071,0.0006100000000000001,0.9974564192608978,"Run - Jul 10, 2026 at 22:18:59"
Q22,15,1933027.0080160268,966513.5139829632,0.00793949899732081,0.0006572034663531784,0.01045,3.200997668304263,15.039899799464163,1.733176589175129e-07,-5807.786846509902,Active,ionq_forte_simulated,2026-07-10T16:49:38.017070+00:00,1,False,2022000.0,1011000.0,3.2,0.0072,0.00062,0.9974209892608978,"Run - Jul 10, 2026 at 22:18:59"
Q23,15,1933983.00549786,966991.5127238798,0.00804699899732081,0.0006678034663531784,0.01045,3.200997668304263,15.039899799464163,1.733176589175129e-07,-5810.659145249054,Active,ionq_forte_simulated,2026-07-10T16:49:38.018065+00:00,1,False,2023000.0,1011500.0,3.2,0.0073,0.00063,0.9973855592608978,"Run - Jul 10, 2026 at 22:18:59"
Q24,15,1934939.002979693,967469.5114647963,0.00815449899732081,0.0006784034663531785,0.01045,3.200997668304263,15.039899799464163,1.733176589175129e-07,-5813.5314439886715,Active,ionq_forte_simulated,2026-07-10T16:49:38.019067+00:00,1,False,2024000.0,1012000.0,3.2,0.0074,0.00064,0.9973501292608977,"Run - Jul 10, 2026 at 22:18:59"
Q0,16,1906267.67411237,953133.847051921,0.0055999147206083014,0.00042560145500033814,0.010480000000000001,3.2009995008530248,15.039982944121661,-7.275001690430678e-08,-5727.389303328702,Active,ionq_forte_simulated,2026-07-10T16:49:40.129453+00:00,1,False,2000000.0,1000000.0,3.2,0.005,0.0004,0.9981923451473174,"Run - Jul 10, 2026 at 22:18:59"
Q1,16,1907220.8078994474,953610.4139454596,0.005707914720608302,0.00043624145500033816,0.010480000000000001,3.2009995008530248,15.039982944121661,-7.275001690430678e-08,-5730.2529980842955,Active,ionq_forte_simulated,2026-07-10T16:49:40.132454+00:00,1,False,2001000.0,1000500.0,3.2,0.0051,0.00041000000000000005,0.9981567531473174,"Run - Jul 10, 2026 at 22:18:59"
Q2,16,1908173.941686525,954086.9808389985,0.0058159147206083015,0.0004468814550003381,0.010480000000000001,3.2009995008530248,15.039982944121661,-7.275001690430678e-08,-5733.116692839889,Active,ionq_forte_simulated,2026-07-10T16:49:40.134452+00:00,1,False,2002000.0,1001000.0,3.2,0.0052,0.00042,0.9981211611473173,"Run - Jul 10, 2026 at 22:18:59"
Q3,16,1909127.0754736024,954563.5477325371,0.005923914720608302,0.00045752145500033815,0.010480000000000001,3.2009995008530248,15.039982944121661,-7.275001690430678e-08,-5735.980387595482,Active,ionq_forte_simulated,2026-07-10T16:49:40.136453+00:00,1,False,2003000.0,1001500.0,3.2,0.0053,0.00043000000000000004,0.9980855691473174,"Run - Jul 10, 2026 at 22:18:59"
Q4,16,1910080.20926068,955040.114626076,0.0060319147206083015,0.0004681614550003381,0.010480000000000001,3.2009995008530248,15.039982944121661,-7.275001690430678e-08,-5738.8440823510755,Active,ionq_forte_simulated,2026-07-10T16:49:40.139493+00:00,1,False,2004000.0,1002000.0,3.2,0.0054,0.00044,0.9980499771473175,"Run - Jul 10, 2026 at 22:18:59"
Q5,16,1911033.3430477574,955516.6815196146,0.006139914720608301,0.0004788014550003382,0.010480000000000001,3.2009995008530248,15.039982944121661,-7.275001690430678e-08,-5741.707777106902,Active,ionq_forte_simulated,2026-07-10T16:49:40.142454+00:00,1,False,2005000.0,1002500.0,3.2,0.0055,0.00045000000000000004,0.9980143851473174,"Run - Jul 10, 2026 at 22:18:59"
Q6,16,1911986.476834835,955993.2484131535,0.006247914720608302,0.0004894414550003382,0.010480000000000001,3.2009995008530248,15.039982944121661,-7.275001690430678e-08,-5744.571471862262,Active,ionq_forte_simulated,2026-07-10T16:49:40.145466+00:00,1,False,2006000.0,1003000.0,3.2,0.0056,0.00046,0.9979787931473174,"Run - Jul 10, 2026 at 22:18:59"
Q7,16,1912939.6106219124,956469.8153066922,0.006355914720608302,0.0005000814550003382,0.010480000000000001,3.2009995008530248,15.039982944121661,-7.275001690430678e-08,-5747.435166618088,Active,ionq_forte_simulated,2026-07-10T16:49:40.148463+00:00,1,False,2007000.0,1003500.0,3.2,0.0057,0.00047000000000000004,0.9979432011473174,"Run - Jul 10, 2026 at 22:18:59"
Q8,16,1913892.74440899,956946.382200231,0.0064639147206083025,0.0005107214550003381,0.010480000000000001,3.2009995008530248,15.039982944121661,-7.275001690430678e-08,-5750.298861373449,Active,ionq_forte_simulated,2026-07-10T16:49:40.150463+00:00,1,False,2008000.0,1004000.0,3.2,0.0058000000000000005,0.00048,0.9979076091473175,"Run - Jul 10, 2026 at 22:18:59"
Q9,16,1914845.8781960674,957422.9490937697,0.006571914720608301,0.0005213614550003381,0.010480000000000001,3.2009995008530248,15.039982944121661,-7.275001690430678e-08,-5753.162556129275,Active,ionq_forte_simulated,2026-07-10T16:49:40.152461+00:00,1,False,2009000.0,1004500.0,3.2,0.0059,0.00049,0.9978720171473174,"Run - Jul 10, 2026 at 22:18:59"
Q10,16,1915799.011983145,957899.5159873085,0.006679914720608302,0.0005320014550003381,0.010480000000000001,3.2009995008530248,15.039982944121661,-7.275001690430678e-08,-5756.026250884635,Active,ionq_forte_simulated,2026-07-10T16:49:40.154463+00:00,1,False,2010000.0,1005000.0,3.2,0.006,0.0005,0.9978364251473175,"Run - Jul 10, 2026 at 22:18:59"
Q11,16,1916752.1457702224,958376.0828808472,0.006787914720608302,0.0005426414550003381,0.010480000000000001,3.2009995008530248,15.039982944121661,-7.275001690430678e-08,-5758.8899456404615,Active,ionq_forte_simulated,2026-07-10T16:49:40.157977+00:00,1,False,2011000.0,1005500.0,3.2,0.0061,0.00051,0.9978008331473174,"Run - Jul 10, 2026 at 22:18:59"
Q12,16,1917705.2795573,958852.649774386,0.006895914720608303,0.0005532814550003382,0.010480000000000001,3.2009995008530248,15.039982944121661,-7.275001690430678e-08,-5761.753640395822,Active,ionq_forte_simulated,2026-07-10T16:49:40.160990+00:00,1,False,2012000.0,1006000.0,3.2,0.006200000000000001,0.0005200000000000001,0.9977652411473173,"Run - Jul 10, 2026 at 22:18:59"
Q13,16,1918658.4133443774,959329.2166679247,0.007003914720608301,0.0005639214550003382,0.010480000000000001,3.2009995008530248,15.039982944121661,-7.275001690430678e-08,-5764.617335151648,Active,ionq_forte_simulated,2026-07-10T16:49:40.163987+00:00,1,False,2013000.0,1006500.0,3.2,0.0063,0.0005300000000000001,0.9977296491473173,"Run - Jul 10, 2026 at 22:18:59"
Q14,16,1919611.547131455,959805.7835614635,0.007111914720608302,0.0005745614550003381,0.010480000000000001,3.2009995008530248,15.039982944121661,-7.275001690430678e-08,-5767.481029907009,Active,ionq_forte_simulated,2026-07-10T16:49:40.165990+00:00,1,False,2014000.0,1007000.0,3.2,0.0064,0.00054,0.9976940571473174,"Run - Jul 10, 2026 at 22:18:59"
Q15,16,1920564.6809185324,960282.3504550022,0.007219914720608302,0.0005852014550003381,0.010480000000000001,3.2009995008530248,15.039982944121661,-7.275001690430678e-08,-5770.344724662835,Active,ionq_forte_simulated,2026-07-10T16:49:40.169196+00:00,1,False,2015000.0,1007500.0,3.2,0.006500000000000001,0.00055,0.9976584651473175,"Run - Jul 10, 2026 at 22:18:59"
Q16,16,1921517.81470561,960758.917348541,0.007327914720608302,0.0005958414550003381,0.010480000000000001,3.2009995008530248,15.039982944121661,-7.275001690430678e-08,-5773.208419418195,Active,ionq_forte_simulated,2026-07-10T16:49:40.170770+00:00,1,False,2016000.0,1008000.0,3.2,0.0066,0.0005600000000000001,0.9976228731473173,"Run - Jul 10, 2026 at 22:18:59"
Q17,16,1922470.9484926874,961235.4842420797,0.007435914720608302,0.0006064814550003382,0.010480000000000001,3.2009995008530248,15.039982944121661,-7.275001690430678e-08,-5776.072114174021,Active,ionq_forte_simulated,2026-07-10T16:49:40.174775+00:00,1,False,2017000.0,1008500.0,3.2,0.0067,0.00057,0.9975872811473174,"Run - Jul 10, 2026 at 22:18:59"
Q18,16,1923424.082279765,961712.0511356185,0.007543914720608302,0.0006171214550003382,0.010480000000000001,3.2009995008530248,15.039982944121661,-7.275001690430678e-08,-5778.935808929382,Active,ionq_forte_simulated,2026-07-10T16:49:40.177771+00:00,1,False,2018000.0,1009000.0,3.2,0.0068000000000000005,0.00058,0.9975516891473173,"Run - Jul 10, 2026 at 22:18:59"
Q19,16,1924377.2160668424,962188.6180291572,0.0076519147206083014,0.0006277614550003382,0.010480000000000001,3.2009995008530248,15.039982944121661,-7.275001690430678e-08,-5781.799503685208,Active,ionq_forte_simulated,2026-07-10T16:49:40.180771+00:00,1,False,2019000.0,1009500.0,3.2,0.0069,0.00059,0.9975160971473174,"Run - Jul 10, 2026 at 22:18:59"
Q20,16,1925330.34985392,962665.184922696,0.007759914720608302,0.0006384014550003382,0.010480000000000001,3.2009995008530248,15.039982944121661,-7.275001690430678e-08,-5784.6631984405685,Active,ionq_forte_simulated,2026-07-10T16:49:40.182770+00:00,1,False,2020000.0,1010000.0,3.2,0.007,0.0006000000000000001,0.9974805051473175,"Run - Jul 10, 2026 at 22:18:59"
Q21,16,1926283.4836409974,963141.7518162347,0.007867914720608302,0.0006490414550003382,0.010480000000000001,3.2009995008530248,15.039982944121661,-7.275001690430678e-08,-5787.526893196395,Active,ionq_forte_simulated,2026-07-10T16:49:40.185770+00:00,1,False,2021000.0,1010500.0,3.2,0.0071,0.0006100000000000001,0.9974449131473174,"Run - Jul 10, 2026 at 22:18:59"
Q22,16,1927236.617428075,963618.3187097735,0.007975914720608301,0.0006596814550003381,0.010480000000000001,3.2009995008530248,15.039982944121661,-7.275001690430678e-08,-5790.390587951755,Active,ionq_forte_simulated,2026-07-10T16:49:40.186770+00:00,1,False,2022000.0,1011000.0,3.2,0.0072,0.00062,0.9974093211473174,"Run - Jul 10, 2026 at 22:18:59"
Q23,16,1928189.7512151524,964094.8856033122,0.008083914720608302,0.0006703214550003382,0.010480000000000001,3.2009995008530248,15.039982944121661,-7.275001690430678e-08,-5793.254282707581,Active,ionq_forte_simulated,2026-07-10T16:49:40.189771+00:00,1,False,2023000.0,1011500.0,3.2,0.0073,0.00063,0.9973737291473173,"Run - Jul 10, 2026 at 22:18:59"
Q24,16,1929142.88500223,964571.452496851,0.008191914720608302,0.0006809614550003382,0.010480000000000001,3.2009995008530248,15.039982944121661,-7.275001690430678e-08,-5796.117977462942,Active,ionq_forte_simulated,2026-07-10T16:49:40.193108+00:00,1,False,2024000.0,1012000.0,3.2,0.0074,0.00064,0.9973381371473173,"Run - Jul 10, 2026 at 22:18:59"
Q0,17,1900557.4402313351,950278.7300323157,0.005623332962090494,0.0004272060201190269,0.01051,3.2009913638045013,15.039666592418099,-3.0100595134241185e-07,-5710.233881034888,Active,ionq_forte_simulated,2026-07-10T16:49:42.954465+00:00,1,False,2000000.0,1000000.0,3.2,0.005,0.0004,0.9981848383053371,"Run - Jul 10, 2026 at 22:18:59"
Q1,17,1901507.7189018675,950753.8693675819,0.005731832962090494,0.00043788602011902696,0.01051,3.2009913638045013,15.039666592418099,-3.0100595134241185e-07,-5713.088997579878,Active,ionq_forte_simulated,2026-07-10T16:49:42.960918+00:00,1,False,2001000.0,1000500.0,3.2,0.0051,0.00041000000000000005,0.9981490843053371,"Run - Jul 10, 2026 at 22:18:59"
Q2,17,1902457.9975724,951229.0087028481,0.005840332962090493,0.0004485660201190269,0.01051,3.2009913638045013,15.039666592418099,-3.0100595134241185e-07,-5715.944114125101,Active,ionq_forte_simulated,2026-07-10T16:49:42.967443+00:00,1,False,2002000.0,1001000.0,3.2,0.0052,0.00042,0.9981133303053371,"Run - Jul 10, 2026 at 22:18:59"
Q3,17,1903408.2762429323,951704.1480381143,0.0059488329620904935,0.00045924602011902696,0.01051,3.2009913638045013,15.039666592418099,-3.0100595134241185e-07,-5718.799230670091,Active,ionq_forte_simulated,2026-07-10T16:49:42.973441+00:00,1,False,2003000.0,1001500.0,3.2,0.0053,0.00043000000000000004,0.9980775763053371,"Run - Jul 10, 2026 at 22:18:59"
Q4,17,1904358.5549134647,952179.2873733805,0.006057332962090494,0.0004699260201190269,0.01051,3.2009913638045013,15.039666592418099,-3.0100595134241185e-07,-5721.6543472153135,Active,ionq_forte_simulated,2026-07-10T16:49:42.978441+00:00,1,False,2004000.0,1002000.0,3.2,0.0054,0.00044,0.9980418223053371,"Run - Jul 10, 2026 at 22:18:59"
Q5,17,1905308.833583997,952654.4267086467,0.006165832962090494,0.00048060602011902695,0.01051,3.2009913638045013,15.039666592418099,-3.0100595134241185e-07,-5724.509463760303,Active,ionq_forte_simulated,2026-07-10T16:49:42.981441+00:00,1,False,2005000.0,1002500.0,3.2,0.0055,0.00045000000000000004,0.9980060683053371,"Run - Jul 10, 2026 at 22:18:59"
Q6,17,1906259.1122545295,953129.5660439129,0.006274332962090494,0.000491286020119027,0.01051,3.2009913638045013,15.039666592418099,-3.0100595134241185e-07,-5727.364580305526,Active,ionq_forte_simulated,2026-07-10T16:49:42.985440+00:00,1,False,2006000.0,1003000.0,3.2,0.0056,0.00046,0.9979703143053371,"Run - Jul 10, 2026 at 22:18:59"
Q7,17,1907209.3909250621,953604.7053791792,0.006382832962090494,0.000501966020119027,0.01051,3.2009913638045013,15.039666592418099,-3.0100595134241185e-07,-5730.219696850283,Active,ionq_forte_simulated,2026-07-10T16:49:43.002438+00:00,1,False,2007000.0,1003500.0,3.2,0.0057,0.00047000000000000004,0.9979345603053371,"Run - Jul 10, 2026 at 22:18:59"
Q8,17,1908159.6695955945,954079.8447144454,0.006491332962090494,0.000512646020119027,0.01051,3.2009913638045013,15.039666592418099,-3.0100595134241185e-07,-5733.074813395506,Active,ionq_forte_simulated,2026-07-10T16:49:43.007440+00:00,1,False,2008000.0,1004000.0,3.2,0.0058000000000000005,0.00048,0.9978988063053372,"Run - Jul 10, 2026 at 22:18:59"
Q9,17,1909109.948266127,954554.9840497116,0.006599832962090494,0.0005233260201190268,0.01051,3.2009913638045013,15.039666592418099,-3.0100595134241185e-07,-5735.929929940496,Active,ionq_forte_simulated,2026-07-10T16:49:43.019334+00:00,1,False,2009000.0,1004500.0,3.2,0.0059,0.00049,0.9978630523053371,"Run - Jul 10, 2026 at 22:18:59"
Q10,17,1910060.2269366593,955030.1233849778,0.006708332962090494,0.000534006020119027,0.01051,3.2009913638045013,15.039666592418099,-3.0100595134241185e-07,-5738.785046485718,Active,ionq_forte_simulated,2026-07-10T16:49:43.041511+00:00,1,False,2010000.0,1005000.0,3.2,0.006,0.0005,0.9978272983053371,"Run - Jul 10, 2026 at 22:18:59"
Q11,17,1911010.5056071917,955505.262720244,0.006816832962090494,0.000544686020119027,0.01051,3.2009913638045013,15.039666592418099,-3.0100595134241185e-07,-5741.640163030708,Active,ionq_forte_simulated,2026-07-10T16:49:43.049955+00:00,1,False,2011000.0,1005500.0,3.2,0.0061,0.00051,0.9977915443053371,"Run - Jul 10, 2026 at 22:18:59"
Q12,17,1911960.784277724,955980.4020555102,0.006925332962090494,0.000555366020119027,0.01051,3.2009913638045013,15.039666592418099,-3.0100595134241185e-07,-5744.495279575931,Active,ionq_forte_simulated,2026-07-10T16:49:43.060956+00:00,1,False,2012000.0,1006000.0,3.2,0.006200000000000001,0.0005200000000000001,0.9977557903053371,"Run - Jul 10, 2026 at 22:18:59"
Q13,17,1912911.0629482565,956455.5413907764,0.0070338329620904935,0.000566046020119027,0.01051,3.2009913638045013,15.039666592418099,-3.0100595134241185e-07,-5747.350396120921,Active,ionq_forte_simulated,2026-07-10T16:49:43.064481+00:00,1,False,2013000.0,1006500.0,3.2,0.0063,0.0005300000000000001,0.9977200363053371,"Run - Jul 10, 2026 at 22:18:59"
Q14,17,1913861.341618789,956930.6807260426,0.0071423329620904944,0.000576726020119027,0.01051,3.2009913638045013,15.039666592418099,-3.0100595134241185e-07,-5750.2055126661435,Active,ionq_forte_simulated,2026-07-10T16:49:43.071264+00:00,1,False,2014000.0,1007000.0,3.2,0.0064,0.00054,0.9976842823053371,"Run - Jul 10, 2026 at 22:18:59"
Q15,17,1914811.6202893215,957405.8200613089,0.0072508329620904945,0.000587406020119027,0.01051,3.2009913638045013,15.039666592418099,-3.0100595134241185e-07,-5753.0606292109005,Active,ionq_forte_simulated,2026-07-10T16:49:43.076376+00:00,1,False,2015000.0,1007500.0,3.2,0.006500000000000001,0.00055,0.9976485283053371,"Run - Jul 10, 2026 at 22:18:59"
Q16,17,1915761.898959854,957880.9593965751,0.007359332962090494,0.000598086020119027,0.01051,3.2009913638045013,15.039666592418099,-3.0100595134241185e-07,-5755.915745756123,Active,ionq_forte_simulated,2026-07-10T16:49:43.080212+00:00,1,False,2016000.0,1008000.0,3.2,0.0066,0.0005600000000000001,0.9976127743053371,"Run - Jul 10, 2026 at 22:18:59"
Q17,17,1916712.1776303863,958356.0987318413,0.007467832962090494,0.0006087660201190268,0.01051,3.2009913638045013,15.039666592418099,-3.0100595134241185e-07,-5758.770862301113,Active,ionq_forte_simulated,2026-07-10T16:49:43.083078+00:00,1,False,2017000.0,1008500.0,3.2,0.0067,0.00057,0.9975770203053371,"Run - Jul 10, 2026 at 22:18:59"
Q18,17,1917662.4563009187,958831.2380671075,0.007576332962090494,0.000619446020119027,0.01051,3.2009913638045013,15.039666592418099,-3.0100595134241185e-07,-5761.625978846336,Active,ionq_forte_simulated,2026-07-10T16:49:43.085804+00:00,1,False,2018000.0,1009000.0,3.2,0.0068000000000000005,0.00058,0.9975412663053371,"Run - Jul 10, 2026 at 22:18:59"
Q19,17,1918612.734971451,959306.3774023737,0.007684832962090493,0.0006301260201190269,0.01051,3.2009913638045013,15.039666592418099,-3.0100595134241185e-07,-5764.481095391326,Active,ionq_forte_simulated,2026-07-10T16:49:43.089201+00:00,1,False,2019000.0,1009500.0,3.2,0.0069,0.00059,0.9975055123053372,"Run - Jul 10, 2026 at 22:18:59"
Q20,17,1919563.0136419835,959781.5167376399,0.007793332962090494,0.0006408060201190269,0.01051,3.2009913638045013,15.039666592418099,-3.0100595134241185e-07,-5767.336211936548,Active,ionq_forte_simulated,2026-07-10T16:49:43.092129+00:00,1,False,2020000.0,1010000.0,3.2,0.007,0.0006000000000000001,0.9974697583053371,"Run - Jul 10, 2026 at 22:18:59"
Q21,17,1920513.292312516,960256.6560729061,0.007901832962090493,0.0006514860201190269,0.01051,3.2009913638045013,15.039666592418099,-3.0100595134241185e-07,-5770.191328481538,Active,ionq_forte_simulated,2026-07-10T16:49:43.094911+00:00,1,False,2021000.0,1010500.0,3.2,0.0071,0.0006100000000000001,0.9974340043053371,"Run - Jul 10, 2026 at 22:18:59"
Q22,17,1921463.5709830485,960731.7954081724,0.008010332962090493,0.0006621660201190269,0.01051,3.2009913638045013,15.039666592418099,-3.0100595134241185e-07,-5773.046445026528,Active,ionq_forte_simulated,2026-07-10T16:49:43.097666+00:00,1,False,2022000.0,1011000.0,3.2,0.0072,0.00062,0.9973982503053371,"Run - Jul 10, 2026 at 22:18:59"
Q23,17,1922413.849653581,961206.9347434386,0.008118832962090494,0.0006728460201190269,0.01051,3.2009913638045013,15.039666592418099,-3.0100595134241185e-07,-5775.901561571518,Active,ionq_forte_simulated,2026-07-10T16:49:43.100310+00:00,1,False,2023000.0,1011500.0,3.2,0.0073,0.00063,0.9973624963053371,"Run - Jul 10, 2026 at 22:18:59"
Q24,17,1923364.1283241133,961682.0740787048,0.008227332962090493,0.0006835260201190269,0.01051,3.2009913638045013,15.039666592418099,-3.0100595134241185e-07,-5778.756678116741,Active,ionq_forte_simulated,2026-07-10T16:49:43.103341+00:00,1,False,2024000.0,1012000.0,3.2,0.0074,0.00064,0.9973267423053371,"Run - Jul 10, 2026 at 22:18:59"
Q0,18,1894864.31038836,947432.1649326562,0.0056447695261756395,0.0004288091113026189,0.01054,3.2009733920657473,15.038953905235127,-4.5556513094233846e-07,-5693.129842975177,Active,ionq_forte_simulated,2026-07-10T16:49:45.936964+00:00,1,False,2000000.0,1000000.0,3.2,0.005,0.0004,0.9981779264087565,"Run - Jul 10, 2026 at 22:18:59"
Q1,18,1895811.7424948616,947905.880985907,0.005753769526175639,0.00043952911130261895,0.01054,3.2009733920657473,15.038953905235127,-4.5556513094233846e-07,-5695.976407005917,Active,ionq_forte_simulated,2026-07-10T16:49:45.938971+00:00,1,False,2001000.0,1000500.0,3.2,0.0051,0.00041000000000000005,0.9981420104087565,"Run - Jul 10, 2026 at 22:18:59"
Q2,18,1896759.1746013635,948379.597039158,0.005862769526175639,0.0004502491113026189,0.01054,3.2009733920657473,15.038953905235127,-4.5556513094233846e-07,-5698.822971036425,Active,ionq_forte_simulated,2026-07-10T16:49:45.940970+00:00,1,False,2002000.0,1001000.0,3.2,0.0052,0.00042,0.9981060944087565,"Run - Jul 10, 2026 at 22:18:59"
Q3,18,1897706.6067078651,948853.3130924088,0.005971769526175639,0.0004609691113026189,0.01054,3.2009733920657473,15.038953905235127,-4.5556513094233846e-07,-5701.669535067165,Active,ionq_forte_simulated,2026-07-10T16:49:45.942972+00:00,1,False,2003000.0,1001500.0,3.2,0.0053,0.00043000000000000004,0.9980701784087564,"Run - Jul 10, 2026 at 22:18:59"
Q4,18,1898654.038814367,949327.0291456598,0.006080769526175639,0.0004716891113026189,0.01054,3.2009733920657473,15.038953905235127,-4.5556513094233846e-07,-5704.516099097673,Active,ionq_forte_simulated,2026-07-10T16:49:45.944974+00:00,1,False,2004000.0,1002000.0,3.2,0.0054,0.00044,0.9980342624087566,"Run - Jul 10, 2026 at 22:18:59"
Q5,18,1899601.470920869,949800.7451989107,0.006189769526175639,0.0004824091113026189,0.01054,3.2009733920657473,15.038953905235127,-4.5556513094233846e-07,-5707.36266312818,Active,ionq_forte_simulated,2026-07-10T16:49:45.946973+00:00,1,False,2005000.0,1002500.0,3.2,0.0055,0.00045000000000000004,0.9979983464087565,"Run - Jul 10, 2026 at 22:18:59"
Q6,18,1900548.9030273706,950274.4612521615,0.006298769526175639,0.0004931291113026188,0.01054,3.2009733920657473,15.038953905235127,-4.5556513094233846e-07,-5710.209227158921,Active,ionq_forte_simulated,2026-07-10T16:49:45.949971+00:00,1,False,2006000.0,1003000.0,3.2,0.0056,0.00046,0.9979624304087564,"Run - Jul 10, 2026 at 22:18:59"
Q7,18,1901496.3351338725,950748.1773054125,0.006407769526175639,0.0005038491113026189,0.01054,3.2009733920657473,15.038953905235127,-4.5556513094233846e-07,-5713.055791189661,Active,ionq_forte_simulated,2026-07-10T16:49:45.950980+00:00,1,False,2007000.0,1003500.0,3.2,0.0057,0.00047000000000000004,0.9979265144087566,"Run - Jul 10, 2026 at 22:18:59"
Q8,18,1902443.767240374,951221.8933586633,0.00651676952617564,0.0005145691113026189,0.01054,3.2009733920657473,15.038953905235127,-4.5556513094233846e-07,-5715.902355220402,Active,ionq_forte_simulated,2026-07-10T16:49:45.953980+00:00,1,False,2008000.0,1004000.0,3.2,0.0058000000000000005,0.00048,0.9978905984087565,"Run - Jul 10, 2026 at 22:18:59"
Q9,18,1903391.199346876,951695.6094119143,0.006625769526175639,0.0005252891113026189,0.01054,3.2009733920657473,15.038953905235127,-4.5556513094233846e-07,-5718.748919250909,Active,ionq_forte_simulated,2026-07-10T16:49:45.955981+00:00,1,False,2009000.0,1004500.0,3.2,0.0059,0.00049,0.9978546824087565,"Run - Jul 10, 2026 at 22:18:59"
Q10,18,1904338.631453378,952169.3254651652,0.006734769526175639,0.0005360091113026189,0.01054,3.2009733920657473,15.038953905235127,-4.5556513094233846e-07,-5721.595483281417,Active,ionq_forte_simulated,2026-07-10T16:49:45.957978+00:00,1,False,2010000.0,1005000.0,3.2,0.006,0.0005,0.9978187664087566,"Run - Jul 10, 2026 at 22:18:59"
Q11,18,1905286.0635598795,952643.041518416,0.00684376952617564,0.000546729111302619,0.01054,3.2009733920657473,15.038953905235127,-4.5556513094233846e-07,-5724.442047312157,Active,ionq_forte_simulated,2026-07-10T16:49:45.959977+00:00,1,False,2011000.0,1005500.0,3.2,0.0061,0.00051,0.9977828504087565,"Run - Jul 10, 2026 at 22:18:59"
Q12,18,1906233.4956663814,953116.757571667,0.00695276952617564,0.0005574491113026189,0.01054,3.2009733920657473,15.038953905235127,-4.5556513094233846e-07,-5727.288611342665,Active,ionq_forte_simulated,2026-07-10T16:49:45.961981+00:00,1,False,2012000.0,1006000.0,3.2,0.006200000000000001,0.0005200000000000001,0.9977469344087565,"Run - Jul 10, 2026 at 22:18:59"
Q13,18,1907180.927772883,953590.4736249178,0.007061769526175639,0.000568169111302619,0.01054,3.2009733920657473,15.038953905235127,-4.5556513094233846e-07,-5730.135175373405,Active,ionq_forte_simulated,2026-07-10T16:49:45.963979+00:00,1,False,2013000.0,1006500.0,3.2,0.0063,0.0005300000000000001,0.9977110184087565,"Run - Jul 10, 2026 at 22:18:59"
Q14,18,1908128.359879385,954064.1896781687,0.007170769526175639,0.0005788891113026189,0.01054,3.2009733920657473,15.038953905235127,-4.5556513094233846e-07,-5732.981739403913,Active,ionq_forte_simulated,2026-07-10T16:49:45.966502+00:00,1,False,2014000.0,1007000.0,3.2,0.0064,0.00054,0.9976751024087565,"Run - Jul 10, 2026 at 22:18:59"
Q15,18,1909075.7919858869,954537.9057314197,0.00727976952617564,0.0005896091113026189,0.01054,3.2009733920657473,15.038953905235127,-4.5556513094233846e-07,-5735.828303434653,Active,ionq_forte_simulated,2026-07-10T16:49:45.968499+00:00,1,False,2015000.0,1007500.0,3.2,0.006500000000000001,0.00055,0.9976391864087566,"Run - Jul 10, 2026 at 22:18:59"
Q16,18,1910023.2240923885,955011.6217846705,0.007388769526175639,0.000600329111302619,0.01054,3.2009733920657473,15.038953905235127,-4.5556513094233846e-07,-5738.674867465394,Active,ionq_forte_simulated,2026-07-10T16:49:45.970498+00:00,1,False,2016000.0,1008000.0,3.2,0.0066,0.0005600000000000001,0.9976032704087565,"Run - Jul 10, 2026 at 22:18:59"
Q17,18,1910970.6561988904,955485.3378379215,0.007497769526175639,0.0006110491113026188,0.01054,3.2009733920657473,15.038953905235127,-4.5556513094233846e-07,-5741.521431495901,Active,ionq_forte_simulated,2026-07-10T16:49:45.972502+00:00,1,False,2017000.0,1008500.0,3.2,0.0067,0.00057,0.9975673544087565,"Run - Jul 10, 2026 at 22:18:59"
Q18,18,1911918.0883053923,955959.0538911724,0.00760676952617564,0.0006217691113026189,0.01054,3.2009733920657473,15.038953905235127,-4.5556513094233846e-07,-5744.367995526409,Active,ionq_forte_simulated,2026-07-10T16:49:45.974498+00:00,1,False,2018000.0,1009000.0,3.2,0.0068000000000000005,0.00058,0.9975314384087566,"Run - Jul 10, 2026 at 22:18:59"
Q19,18,1912865.520411894,956432.7699444232,0.0077157695261756394,0.0006324891113026189,0.01054,3.2009733920657473,15.038953905235127,-4.5556513094233846e-07,-5747.214559557149,Active,ionq_forte_simulated,2026-07-10T16:49:45.976498+00:00,1,False,2019000.0,1009500.0,3.2,0.0069,0.00059,0.9974955224087565,"Run - Jul 10, 2026 at 22:18:59"
Q20,18,1913812.9525183958,956906.4859976742,0.00782476952617564,0.000643209111302619,0.01054,3.2009733920657473,15.038953905235127,-4.5556513094233846e-07,-5750.061123587657,Active,ionq_forte_simulated,2026-07-10T16:49:45.979499+00:00,1,False,2020000.0,1010000.0,3.2,0.007,0.0006000000000000001,0.9974596064087565,"Run - Jul 10, 2026 at 22:18:59"
Q21,18,1914760.3846248975,957380.202050925,0.00793376952617564,0.000653929111302619,0.01054,3.2009733920657473,15.038953905235127,-4.5556513094233846e-07,-5752.907687618397,Active,ionq_forte_simulated,2026-07-10T16:49:45.981502+00:00,1,False,2021000.0,1010500.0,3.2,0.0071,0.0006100000000000001,0.9974236904087566,"Run - Jul 10, 2026 at 22:18:59"
Q22,18,1915707.8167313994,957853.918104176,0.00804276952617564,0.0006646491113026189,0.01054,3.2009733920657473,15.038953905235127,-4.5556513094233846e-07,-5755.754251649138,Active,ionq_forte_simulated,2026-07-10T16:49:45.983500+00:00,1,False,2022000.0,1011000.0,3.2,0.0072,0.00062,0.9973877744087566,"Run - Jul 10, 2026 at 22:18:59"
Q23,18,1916655.2488379013,958327.6341574269,0.00815176952617564,0.0006753691113026189,0.01054,3.2009733920657473,15.038953905235127,-4.5556513094233846e-07,-5758.600815679645,Active,ionq_forte_simulated,2026-07-10T16:49:45.985856+00:00,1,False,2023000.0,1011500.0,3.2,0.0073,0.00063,0.9973518584087566,"Run - Jul 10, 2026 at 22:18:59"
Q24,18,1917602.680944403,958801.3502106777,0.008260769526175639,0.0006860891113026189,0.01054,3.2009733920657473,15.038953905235127,-4.5556513094233846e-07,-5761.447379710386,Active,ionq_forte_simulated,2026-07-10T16:49:45.988038+00:00,1,False,2024000.0,1012000.0,3.2,0.0074,0.00064,0.9973159424087565,"Run - Jul 10, 2026 at 22:18:59"
Q0,19,1889188.2333630554,944594.1261445285,0.005664260017537483,0.000430409971721562,0.01057,3.2009458015016095,15.037852003507497,-4.985860780981892e-07,-5676.077025304548,Active,ionq_forte_simulated,2026-07-10T16:49:48.395676+00:00,1,False,2000000.0,1000000.0,3.2,0.005,0.0004,0.9981715990032223,"Run - Jul 10, 2026 at 22:18:59"
Q1,19,1890132.827432422,945066.4231792118,0.005773760017537483,0.00044116997172156204,0.01057,3.2009458015016095,15.037852003507497,-4.985860780981892e-07,-5678.915062439628,Active,ionq_forte_simulated,2026-07-10T16:49:48.398672+00:00,1,False,2001000.0,1000500.0,3.2,0.0051,0.00041000000000000005,0.9981355210032223,"Run - Jul 10, 2026 at 22:18:59"
Q2,19,1891077.4215017885,945538.7202138951,0.005883260017537482,0.000451929971721562,0.01057,3.2009458015016095,15.037852003507497,-4.985860780981892e-07,-5681.75309957494,Active,ionq_forte_simulated,2026-07-10T16:49:48.401672+00:00,1,False,2002000.0,1001000.0,3.2,0.0052,0.00042,0.9980994430032222,"Run - Jul 10, 2026 at 22:18:59"
Q3,19,1892022.0155711551,946011.0172485784,0.0059927600175374825,0.00046268997172156206,0.01057,3.2009458015016095,15.037852003507497,-4.985860780981892e-07,-5684.59113671002,Active,ionq_forte_simulated,2026-07-10T16:49:48.404673+00:00,1,False,2003000.0,1001500.0,3.2,0.0053,0.00043000000000000004,0.9980633650032222,"Run - Jul 10, 2026 at 22:18:59"
Q4,19,1892966.6096405217,946483.3142832617,0.006102260017537483,0.000473449971721562,0.01057,3.2009458015016095,15.037852003507497,-4.985860780981892e-07,-5687.429173845332,Active,ionq_forte_simulated,2026-07-10T16:49:48.407672+00:00,1,False,2004000.0,1002000.0,3.2,0.0054,0.00044,0.9980272870032223,"Run - Jul 10, 2026 at 22:18:59"
Q5,19,1893911.203709888,946955.6113179448,0.006211760017537482,0.00048420997172156203,0.01057,3.2009458015016095,15.037852003507497,-4.985860780981892e-07,-5690.267210980877,Active,ionq_forte_simulated,2026-07-10T16:49:48.410685+00:00,1,False,2005000.0,1002500.0,3.2,0.0055,0.00045000000000000004,0.9979912090032222,"Run - Jul 10, 2026 at 22:18:59"
Q6,19,1894855.7977792546,947427.9083526281,0.006321260017537482,0.000494969971721562,0.01057,3.2009458015016095,15.037852003507497,-4.985860780981892e-07,-5693.105248115957,Active,ionq_forte_simulated,2026-07-10T16:49:48.413686+00:00,1,False,2006000.0,1003000.0,3.2,0.0056,0.00046,0.9979551310032222,"Run - Jul 10, 2026 at 22:18:59"
Q7,19,1895800.3918486212,947900.2053873114,0.0064307600175374825,0.0005057299717215621,0.01057,3.2009458015016095,15.037852003507497,-4.985860780981892e-07,-5695.943285251269,Active,ionq_forte_simulated,2026-07-10T16:49:48.416685+00:00,1,False,2007000.0,1003500.0,3.2,0.0057,0.00047000000000000004,0.9979190530032223,"Run - Jul 10, 2026 at 22:18:59"
Q8,19,1896744.9859179878,948372.5024219947,0.006540260017537484,0.000516489971721562,0.01057,3.2009458015016095,15.037852003507497,-4.985860780981892e-07,-5698.781322386349,Active,ionq_forte_simulated,2026-07-10T16:49:48.419683+00:00,1,False,2008000.0,1004000.0,3.2,0.0058000000000000005,0.00048,0.9978829750032223,"Run - Jul 10, 2026 at 22:18:59"
Q9,19,1897689.579987354,948844.7994566779,0.006649760017537483,0.000527249971721562,0.01057,3.2009458015016095,15.037852003507497,-4.985860780981892e-07,-5701.619359521894,Active,ionq_forte_simulated,2026-07-10T16:49:48.422860+00:00,1,False,2009000.0,1004500.0,3.2,0.0059,0.00049,0.9978468970032224,"Run - Jul 10, 2026 at 22:18:59"
Q10,19,1898634.1740567207,949317.0964913612,0.006759260017537483,0.000538009971721562,0.01057,3.2009458015016095,15.037852003507497,-4.985860780981892e-07,-5704.457396657206,Active,ionq_forte_simulated,2026-07-10T16:49:48.427337+00:00,1,False,2010000.0,1005000.0,3.2,0.006,0.0005,0.9978108190032224,"Run - Jul 10, 2026 at 22:18:59"
Q11,19,1899578.7681260873,949789.3935260444,0.006868760017537483,0.000548769971721562,0.01057,3.2009458015016095,15.037852003507497,-4.985860780981892e-07,-5707.295433792286,Active,ionq_forte_simulated,2026-07-10T16:49:48.430343+00:00,1,False,2011000.0,1005500.0,3.2,0.0061,0.00051,0.9977747410032223,"Run - Jul 10, 2026 at 22:18:59"
Q12,19,1900523.3621954538,950261.6905607277,0.006978260017537484,0.0005595299717215621,0.01057,3.2009458015016095,15.037852003507497,-4.985860780981892e-07,-5710.133470927598,Active,ionq_forte_simulated,2026-07-10T16:49:48.433341+00:00,1,False,2012000.0,1006000.0,3.2,0.006200000000000001,0.0005200000000000001,0.9977386630032223,"Run - Jul 10, 2026 at 22:18:59"
Q13,19,1901467.9562648202,950733.9875954109,0.007087760017537483,0.0005702899717215621,0.01057,3.2009458015016095,15.037852003507497,-4.985860780981892e-07,-5712.97150806291,Active,ionq_forte_simulated,2026-07-10T16:49:48.436341+00:00,1,False,2013000.0,1006500.0,3.2,0.0063,0.0005300000000000001,0.9977025850032222,"Run - Jul 10, 2026 at 22:18:59"
Q14,19,1902412.5503341868,951206.2846300942,0.007197260017537483,0.000581049971721562,0.01057,3.2009458015016095,15.037852003507497,-4.985860780981892e-07,-5715.809545198223,Active,ionq_forte_simulated,2026-07-10T16:49:48.439341+00:00,1,False,2014000.0,1007000.0,3.2,0.0064,0.00054,0.9976665070032222,"Run - Jul 10, 2026 at 22:18:59"
Q15,19,1903357.1444035533,951678.5816647775,0.0073067600175374834,0.000591809971721562,0.01057,3.2009458015016095,15.037852003507497,-4.985860780981892e-07,-5718.647582333535,Active,ionq_forte_simulated,2026-07-10T16:49:48.442340+00:00,1,False,2015000.0,1007500.0,3.2,0.006500000000000001,0.00055,0.9976304290032223,"Run - Jul 10, 2026 at 22:18:59"
Q16,19,1904301.73847292,952150.8786994608,0.007416260017537483,0.0006025699717215621,0.01057,3.2009458015016095,15.037852003507497,-4.985860780981892e-07,-5721.4856194686145,Active,ionq_forte_simulated,2026-07-10T16:49:48.445354+00:00,1,False,2016000.0,1008000.0,3.2,0.0066,0.0005600000000000001,0.9975943510032224,"Run - Jul 10, 2026 at 22:18:59"
Q17,19,1905246.3325422865,952623.175734144,0.007525760017537483,0.000613329971721562,0.01057,3.2009458015016095,15.037852003507497,-4.985860780981892e-07,-5724.323656603927,Active,ionq_forte_simulated,2026-07-10T16:49:48.448345+00:00,1,False,2017000.0,1008500.0,3.2,0.0067,0.00057,0.9975582730032223,"Run - Jul 10, 2026 at 22:18:59"
Q18,19,1906190.9266116528,953095.4727688272,0.007635260017537483,0.000624089971721562,0.01057,3.2009458015016095,15.037852003507497,-4.985860780981892e-07,-5727.161693739472,Active,ionq_forte_simulated,2026-07-10T16:49:48.451339+00:00,1,False,2018000.0,1009000.0,3.2,0.0068000000000000005,0.00058,0.9975221950032224,"Run - Jul 10, 2026 at 22:18:59"
Q19,19,1907135.5206810194,953567.7698035105,0.007744760017537483,0.0006348499717215621,0.01057,3.2009458015016095,15.037852003507497,-4.985860780981892e-07,-5729.9997308745515,Active,ionq_forte_simulated,2026-07-10T16:49:48.454347+00:00,1,False,2019000.0,1009500.0,3.2,0.0069,0.00059,0.9974861170032223,"Run - Jul 10, 2026 at 22:18:59"
Q20,19,1908080.114750386,954040.0668381938,0.007854260017537484,0.000645609971721562,0.01057,3.2009458015016095,15.037852003507497,-4.985860780981892e-07,-5732.837768009864,Active,ionq_forte_simulated,2026-07-10T16:49:48.457348+00:00,1,False,2020000.0,1010000.0,3.2,0.007,0.0006000000000000001,0.9974500390032222,"Run - Jul 10, 2026 at 22:18:59"
Q21,19,1909024.7088197526,954512.3638728771,0.007963760017537484,0.0006563699717215621,0.01057,3.2009458015016095,15.037852003507497,-4.985860780981892e-07,-5735.675805144943,Active,ionq_forte_simulated,2026-07-10T16:49:48.460347+00:00,1,False,2021000.0,1010500.0,3.2,0.0071,0.0006100000000000001,0.9974139610032222,"Run - Jul 10, 2026 at 22:18:59"
Q22,19,1909969.302889119,954984.6609075603,0.008073260017537484,0.000667129971721562,0.01057,3.2009458015016095,15.037852003507497,-4.985860780981892e-07,-5738.5138422804885,Active,ionq_forte_simulated,2026-07-10T16:49:48.463351+00:00,1,False,2022000.0,1011000.0,3.2,0.0072,0.00062,0.9973778830032223,"Run - Jul 10, 2026 at 22:18:59"
Q23,19,1910913.8969584855,955456.9579422435,0.008182760017537484,0.000677889971721562,0.01057,3.2009458015016095,15.037852003507497,-4.985860780981892e-07,-5741.351879415801,Active,ionq_forte_simulated,2026-07-10T16:49:48.466351+00:00,1,False,2023000.0,1011500.0,3.2,0.0073,0.00063,0.9973418050032223,"Run - Jul 10, 2026 at 22:18:59"
Q24,19,1911858.491027852,955929.2549769268,0.008292260017537485,0.0006886499717215621,0.01057,3.2009458015016095,15.037852003507497,-4.985860780981892e-07,-5744.18991655088,Active,ionq_forte_simulated,2026-07-10T16:49:48.468867+00:00,1,False,2024000.0,1012000.0,3.2,0.0074,0.00064,0.9973057270032223,"Run - Jul 10, 2026 at 22:18:59"
Q0,20,1883529.1580982402,941764.5881420943,0.005681859485365137,0.0004320083907152908,0.0106,3.2009088778910617,15.036371897073026,-4.195357645382263e-07,-5659.075264815241,Active,ionq_forte_simulated,2026-07-10T16:49:51.417107+00:00,1,False,2000000.0,1000000.0,3.2,0.005,0.0004,0.998165839637176,"Run - Jul 10, 2026 at 22:18:59"
Q1,20,1884470.9226318244,942235.4704088864,0.005791859485365138,0.00044280839071529084,0.0106,3.2009088778910617,15.036371897073026,-4.195357645382263e-07,-5661.904800597578,Active,ionq_forte_simulated,2026-07-10T16:49:51.420108+00:00,1,False,2001000.0,1000500.0,3.2,0.0051,0.00041000000000000005,0.998129599637176,"Run - Jul 10, 2026 at 22:18:59"
Q2,20,1885412.6871654086,942706.3526756786,0.005901859485365137,0.00045360839071529083,0.0106,3.2009088778910617,15.036371897073026,-4.195357645382263e-07,-5664.7343363799155,Active,ionq_forte_simulated,2026-07-10T16:49:51.423110+00:00,1,False,2002000.0,1001000.0,3.2,0.0052,0.00042,0.9980933596371758,"Run - Jul 10, 2026 at 22:18:59"
Q3,20,1886354.4516989929,943177.2349424707,0.006011859485365137,0.0004644083907152908,0.0106,3.2009088778910617,15.036371897073026,-4.195357645382263e-07,-5667.563872162253,Active,ionq_forte_simulated,2026-07-10T16:49:51.426108+00:00,1,False,2003000.0,1001500.0,3.2,0.0053,0.00043000000000000004,0.9980571196371759,"Run - Jul 10, 2026 at 22:18:59"
Q4,20,1887296.216232577,943648.1172092628,0.006121859485365137,0.0004752083907152908,0.0106,3.2009088778910617,15.036371897073026,-4.195357645382263e-07,-5670.39340794459,Active,ionq_forte_simulated,2026-07-10T16:49:51.429115+00:00,1,False,2004000.0,1002000.0,3.2,0.0054,0.00044,0.9980208796371759,"Run - Jul 10, 2026 at 22:18:59"
Q5,20,1888237.9807661613,944118.9994760549,0.006231859485365136,0.00048600839071529086,0.0106,3.2009088778910617,15.036371897073026,-4.195357645382263e-07,-5673.222943726694,Active,ionq_forte_simulated,2026-07-10T16:49:51.431615+00:00,1,False,2005000.0,1002500.0,3.2,0.0055,0.00045000000000000004,0.9979846396371759,"Run - Jul 10, 2026 at 22:18:59"
Q6,20,1889179.7452997456,944589.881742847,0.006341859485365137,0.0004968083907152908,0.0106,3.2009088778910617,15.036371897073026,-4.195357645382263e-07,-5676.052479509031,Active,ionq_forte_simulated,2026-07-10T16:49:51.434381+00:00,1,False,2006000.0,1003000.0,3.2,0.0056,0.00046,0.9979483996371759,"Run - Jul 10, 2026 at 22:18:59"
Q7,20,1890121.5098333298,945060.7640096392,0.006451859485365137,0.0005076083907152908,0.0106,3.2009088778910617,15.036371897073026,-4.195357645382263e-07,-5678.882015291369,Active,ionq_forte_simulated,2026-07-10T16:49:51.436382+00:00,1,False,2007000.0,1003500.0,3.2,0.0057,0.00047000000000000004,0.9979121596371758,"Run - Jul 10, 2026 at 22:18:59"
Q8,20,1891063.274366914,945531.6462764313,0.006561859485365138,0.0005184083907152908,0.0106,3.2009088778910617,15.036371897073026,-4.195357645382263e-07,-5681.711551073706,Active,ionq_forte_simulated,2026-07-10T16:49:51.439385+00:00,1,False,2008000.0,1004000.0,3.2,0.0058000000000000005,0.00048,0.9978759196371759,"Run - Jul 10, 2026 at 22:18:59"
Q9,20,1892005.0389004983,946002.5285432234,0.006671859485365137,0.0005292083907152908,0.0106,3.2009088778910617,15.036371897073026,-4.195357645382263e-07,-5684.54108685581,Active,ionq_forte_simulated,2026-07-10T16:49:51.442382+00:00,1,False,2009000.0,1004500.0,3.2,0.0059,0.00049,0.997839679637176,"Run - Jul 10, 2026 at 22:18:59"
Q10,20,1892946.8034340825,946473.4108100155,0.006781859485365137,0.0005400083907152908,0.0106,3.2009088778910617,15.036371897073026,-4.195357645382263e-07,-5687.370622638147,Active,ionq_forte_simulated,2026-07-10T16:49:51.445381+00:00,1,False,2010000.0,1005000.0,3.2,0.006,0.0005,0.9978034396371759,"Run - Jul 10, 2026 at 22:18:59"
Q11,20,1893888.5679676668,946944.2930768076,0.006891859485365137,0.0005508083907152908,0.0106,3.2009088778910617,15.036371897073026,-4.195357645382263e-07,-5690.2001584204845,Active,ionq_forte_simulated,2026-07-10T16:49:51.447384+00:00,1,False,2011000.0,1005500.0,3.2,0.0061,0.00051,0.9977671996371758,"Run - Jul 10, 2026 at 22:18:59"
Q12,20,1894830.332501251,947415.1753435998,0.007001859485365138,0.0005616083907152909,0.0106,3.2009088778910617,15.036371897073026,-4.195357645382263e-07,-5693.029694202822,Active,ionq_forte_simulated,2026-07-10T16:49:51.450381+00:00,1,False,2012000.0,1006000.0,3.2,0.006200000000000001,0.0005200000000000001,0.997730959637176,"Run - Jul 10, 2026 at 22:18:59"
Q13,20,1895772.0970348353,947886.0576103919,0.007111859485365137,0.0005724083907152909,0.0106,3.2009088778910617,15.036371897073026,-4.195357645382263e-07,-5695.859229984926,Active,ionq_forte_simulated,2026-07-10T16:49:51.452382+00:00,1,False,2013000.0,1006500.0,3.2,0.0063,0.0005300000000000001,0.9976947196371759,"Run - Jul 10, 2026 at 22:18:59"
Q14,20,1896713.8615684195,948356.939877184,0.007221859485365138,0.0005832083907152908,0.0106,3.2009088778910617,15.036371897073026,-4.195357645382263e-07,-5698.688765767263,Active,ionq_forte_simulated,2026-07-10T16:49:51.455383+00:00,1,False,2014000.0,1007000.0,3.2,0.0064,0.00054,0.9976584796371759,"Run - Jul 10, 2026 at 22:18:59"
Q15,20,1897655.6261020037,948827.8221439761,0.0073318594853651374,0.0005940083907152909,0.0106,3.2009088778910617,15.036371897073026,-4.195357645382263e-07,-5701.5183015496,Active,ionq_forte_simulated,2026-07-10T16:49:51.458393+00:00,1,False,2015000.0,1007500.0,3.2,0.006500000000000001,0.00055,0.9976222396371758,"Run - Jul 10, 2026 at 22:18:59"
Q16,20,1898597.390635588,949298.7044107682,0.007441859485365137,0.0006048083907152908,0.0106,3.2009088778910617,15.036371897073026,-4.195357645382263e-07,-5704.347837331938,Active,ionq_forte_simulated,2026-07-10T16:49:51.461396+00:00,1,False,2016000.0,1008000.0,3.2,0.0066,0.0005600000000000001,0.9975859996371759,"Run - Jul 10, 2026 at 22:18:59"
Q17,20,1899539.1551691724,949769.5866775605,0.007551859485365137,0.0006156083907152908,0.0106,3.2009088778910617,15.036371897073026,-4.195357645382263e-07,-5707.177373114042,Active,ionq_forte_simulated,2026-07-10T16:49:51.463392+00:00,1,False,2017000.0,1008500.0,3.2,0.0067,0.00057,0.9975497596371758,"Run - Jul 10, 2026 at 22:18:59"
Q18,20,1900480.9197027567,950240.4689443526,0.007661859485365138,0.0006264083907152908,0.0106,3.2009088778910617,15.036371897073026,-4.195357645382263e-07,-5710.006908896146,Active,ionq_forte_simulated,2026-07-10T16:49:51.466391+00:00,1,False,2018000.0,1009000.0,3.2,0.0068000000000000005,0.00058,0.9975135196371758,"Run - Jul 10, 2026 at 22:18:59"
Q19,20,1901422.684236341,950711.3512111447,0.007771859485365137,0.0006372083907152909,0.0106,3.2009088778910617,15.036371897073026,-4.195357645382263e-07,-5712.8364446784835,Active,ionq_forte_simulated,2026-07-10T16:49:51.468392+00:00,1,False,2019000.0,1009500.0,3.2,0.0069,0.00059,0.9974772796371758,"Run - Jul 10, 2026 at 22:18:59"
Q20,20,1902364.4487699252,951182.2334779368,0.007881859485365137,0.0006480083907152909,0.0106,3.2009088778910617,15.036371897073026,-4.195357645382263e-07,-5715.665980460821,Active,ionq_forte_simulated,2026-07-10T16:49:51.472901+00:00,1,False,2020000.0,1010000.0,3.2,0.007,0.0006000000000000001,0.9974410396371758,"Run - Jul 10, 2026 at 22:18:59"
Q21,20,1903306.2133035094,951653.115744729,0.007991859485365137,0.0006588083907152909,0.0106,3.2009088778910617,15.036371897073026,-4.195357645382263e-07,-5718.495516243158,Active,ionq_forte_simulated,2026-07-10T16:49:51.474912+00:00,1,False,2021000.0,1010500.0,3.2,0.0071,0.0006100000000000001,0.9974047996371759,"Run - Jul 10, 2026 at 22:18:59"
Q22,20,1904247.9778370936,952123.9980115211,0.008101859485365136,0.0006696083907152908,0.0106,3.2009088778910617,15.036371897073026,-4.195357645382263e-07,-5721.325052025262,Active,ionq_forte_simulated,2026-07-10T16:49:51.477916+00:00,1,False,2022000.0,1011000.0,3.2,0.0072,0.00062,0.997368559637176,"Run - Jul 10, 2026 at 22:18:59"
Q23,20,1905189.7423706779,952594.8802783132,0.008211859485365137,0.0006804083907152908,0.0106,3.2009088778910617,15.036371897073026,-4.195357645382263e-07,-5724.1545878075995,Active,ionq_forte_simulated,2026-07-10T16:49:51.480912+00:00,1,False,2023000.0,1011500.0,3.2,0.0073,0.00063,0.997332319637176,"Run - Jul 10, 2026 at 22:18:59"
Q24,20,1906131.5069042621,953065.7625451053,0.008321859485365138,0.0006912083907152909,0.0106,3.2009088778910617,15.036371897073026,-4.195357645382263e-07,-5726.984123589937,Active,ionq_forte_simulated,2026-07-10T16:49:51.483567+00:00,1,False,2024000.0,1012000.0,3.2,0.0074,0.00064,0.9972960796371758,"Run - Jul 10, 2026 at 22:18:59"
Q0,21,1877887.033699203,938943.5254816952,0.0056976418733297755,0.00043360475536928,0.010629999999999999,3.200862971598185,15.034528374665955,-2.3776846399799624e-07,-5642.1243990371,Active,ionq_forte_simulated,2026-07-10T16:49:53.984658+00:00,1,False,2000000.0,1000000.0,3.2,0.005,0.0004,0.9981606260113904,"Run - Jul 10, 2026 at 22:18:59"
Q1,21,1878825.9771728923,939412.9972185398,0.005808141873329775,0.00044444475536928004,0.010629999999999999,3.200862971598185,15.034528374665955,-2.3776846399799624e-07,-5644.945458932081,Active,ionq_forte_simulated,2026-07-10T16:49:53.987234+00:00,1,False,2001000.0,1000500.0,3.2,0.0051,0.00041000000000000005,0.9981242240113901,"Run - Jul 10, 2026 at 22:18:59"
Q2,21,1879764.9206465813,939882.4689553843,0.0059186418733297745,0.00045528475536928,0.010629999999999999,3.200862971598185,15.034528374665955,-2.3776846399799624e-07,-5647.766518827295,Active,ionq_forte_simulated,2026-07-10T16:49:53.990228+00:00,1,False,2002000.0,1001000.0,3.2,0.0052,0.00042,0.9980878220113902,"Run - Jul 10, 2026 at 22:18:59"
Q3,21,1880703.8641202706,940351.940692229,0.006029141873329775,0.00046612475536928004,0.010629999999999999,3.200862971598185,15.034528374665955,-2.3776846399799624e-07,-5650.587578722276,Active,ionq_forte_simulated,2026-07-10T16:49:53.992228+00:00,1,False,2003000.0,1001500.0,3.2,0.0053,0.00043000000000000004,0.9980514200113904,"Run - Jul 10, 2026 at 22:18:59"
Q4,21,1881642.8075939596,940821.4124290735,0.006139641873329775,0.00047696475536928,0.010629999999999999,3.200862971598185,15.034528374665955,-2.3776846399799624e-07,-5653.4086386174895,Active,ionq_forte_simulated,2026-07-10T16:49:53.994748+00:00,1,False,2004000.0,1002000.0,3.2,0.0054,0.00044,0.9980150180113903,"Run - Jul 10, 2026 at 22:18:59"
Q5,21,1882581.7510676489,941290.8841659181,0.006250141873329775,0.00048780475536928003,0.010629999999999999,3.200862971598185,15.034528374665955,-2.3776846399799624e-07,-5656.22969851247,Active,ionq_forte_simulated,2026-07-10T16:49:53.996751+00:00,1,False,2005000.0,1002500.0,3.2,0.0055,0.00045000000000000004,0.9979786160113903,"Run - Jul 10, 2026 at 22:18:59"
Q6,21,1883520.694541338,941760.3559027626,0.006360641873329775,0.0004986447553692801,0.010629999999999999,3.200862971598185,15.034528374665955,-2.3776846399799624e-07,-5659.050758407684,Active,ionq_forte_simulated,2026-07-10T16:49:53.998751+00:00,1,False,2006000.0,1003000.0,3.2,0.0056,0.00046,0.9979422140113903,"Run - Jul 10, 2026 at 22:18:59"
Q7,21,1884459.6380150272,942229.8276396072,0.006471141873329775,0.0005094847553692801,0.010629999999999999,3.200862971598185,15.034528374665955,-2.3776846399799624e-07,-5661.871818302665,Active,ionq_forte_simulated,2026-07-10T16:49:54.001391+00:00,1,False,2007000.0,1003500.0,3.2,0.0057,0.00047000000000000004,0.9979058120113904,"Run - Jul 10, 2026 at 22:18:59"
Q8,21,1885398.5814887162,942699.2993764518,0.006581641873329776,0.00052032475536928,0.010629999999999999,3.200862971598185,15.034528374665955,-2.3776846399799624e-07,-5664.692878197879,Active,ionq_forte_simulated,2026-07-10T16:49:54.004391+00:00,1,False,2008000.0,1004000.0,3.2,0.0058000000000000005,0.00048,0.9978694100113903,"Run - Jul 10, 2026 at 22:18:59"
Q9,21,1886337.5249624054,943168.7711132964,0.006692141873329775,0.00053116475536928,0.010629999999999999,3.200862971598185,15.034528374665955,-2.3776846399799624e-07,-5667.5139380928595,Active,ionq_forte_simulated,2026-07-10T16:49:54.006391+00:00,1,False,2009000.0,1004500.0,3.2,0.0059,0.00049,0.9978330080113904,"Run - Jul 10, 2026 at 22:18:59"
Q10,21,1887276.4684360945,943638.2428501409,0.006802641873329775,0.00054200475536928,0.010629999999999999,3.200862971598185,15.034528374665955,-2.3776846399799624e-07,-5670.334997988073,Active,ionq_forte_simulated,2026-07-10T16:49:54.009393+00:00,1,False,2010000.0,1005000.0,3.2,0.006,0.0005,0.9977966060113902,"Run - Jul 10, 2026 at 22:18:59"
Q11,21,1888215.4119097835,944107.7145869854,0.006913141873329775,0.0005528447553692801,0.010629999999999999,3.200862971598185,15.034528374665955,-2.3776846399799624e-07,-5673.156057883287,Active,ionq_forte_simulated,2026-07-10T16:49:54.011390+00:00,1,False,2011000.0,1005500.0,3.2,0.0061,0.00051,0.9977602040113902,"Run - Jul 10, 2026 at 22:18:59"
Q12,21,1889154.3553834727,944577.18632383,0.007023641873329775,0.0005636847553692801,0.010629999999999999,3.200862971598185,15.034528374665955,-2.3776846399799624e-07,-5675.977117778268,Active,ionq_forte_simulated,2026-07-10T16:49:54.014390+00:00,1,False,2012000.0,1006000.0,3.2,0.006200000000000001,0.0005200000000000001,0.9977238020113903,"Run - Jul 10, 2026 at 22:18:59"
Q13,21,1890093.2988571618,945046.6580606746,0.007134141873329775,0.0005745247553692801,0.010629999999999999,3.200862971598185,15.034528374665955,-2.3776846399799624e-07,-5678.798177673481,Active,ionq_forte_simulated,2026-07-10T16:49:54.016386+00:00,1,False,2013000.0,1006500.0,3.2,0.0063,0.0005300000000000001,0.9976874000113903,"Run - Jul 10, 2026 at 22:18:59"
Q14,21,1891032.242330851,945516.1297975192,0.007244641873329775,0.00058536475536928,0.010629999999999999,3.200862971598185,15.034528374665955,-2.3776846399799624e-07,-5681.619237568462,Active,ionq_forte_simulated,2026-07-10T16:49:54.018388+00:00,1,False,2014000.0,1007000.0,3.2,0.0064,0.00054,0.9976509980113903,"Run - Jul 10, 2026 at 22:18:59"
Q15,21,1891971.18580454,945985.6015343637,0.007355141873329776,0.0005962047553692801,0.010629999999999999,3.200862971598185,15.034528374665955,-2.3776846399799624e-07,-5684.440297463676,Active,ionq_forte_simulated,2026-07-10T16:49:54.021393+00:00,1,False,2015000.0,1007500.0,3.2,0.006500000000000001,0.00055,0.9976145960113904,"Run - Jul 10, 2026 at 22:18:59"
Q16,21,1892910.1292782293,946455.0732712083,0.007465641873329775,0.0006070447553692801,0.010629999999999999,3.200862971598185,15.034528374665955,-2.3776846399799624e-07,-5687.261357358657,Active,ionq_forte_simulated,2026-07-10T16:49:54.023388+00:00,1,False,2016000.0,1008000.0,3.2,0.0066,0.0005600000000000001,0.9975781940113904,"Run - Jul 10, 2026 at 22:18:59"
Q17,21,1893849.0727519183,946924.5450080528,0.0075761418733297755,0.00061788475536928,0.010629999999999999,3.200862971598185,15.034528374665955,-2.3776846399799624e-07,-5690.082417254103,Active,ionq_forte_simulated,2026-07-10T16:49:54.025389+00:00,1,False,2017000.0,1008500.0,3.2,0.0067,0.00057,0.9975417920113903,"Run - Jul 10, 2026 at 22:18:59"
Q18,21,1894788.0162256076,947394.0167448975,0.007686641873329776,0.00062872475536928,0.010629999999999999,3.200862971598185,15.034528374665955,-2.3776846399799624e-07,-5692.903477149084,Active,ionq_forte_simulated,2026-07-10T16:49:54.028388+00:00,1,False,2018000.0,1009000.0,3.2,0.0068000000000000005,0.00058,0.9975053900113904,"Run - Jul 10, 2026 at 22:18:59"
Q19,21,1895726.9596992966,947863.488481742,0.0077971418733297744,0.0006395647553692801,0.010629999999999999,3.200862971598185,15.034528374665955,-2.3776846399799624e-07,-5695.724537044298,Active,ionq_forte_simulated,2026-07-10T16:49:54.030388+00:00,1,False,2019000.0,1009500.0,3.2,0.0069,0.00059,0.9974689880113902,"Run - Jul 10, 2026 at 22:18:59"
Q20,21,1896665.9031729859,948332.9602185866,0.007907641873329775,0.0006504047553692801,0.010629999999999999,3.200862971598185,15.034528374665955,-2.3776846399799624e-07,-5698.545596939279,Active,ionq_forte_simulated,2026-07-10T16:49:54.032387+00:00,1,False,2020000.0,1010000.0,3.2,0.007,0.0006000000000000001,0.9974325860113903,"Run - Jul 10, 2026 at 22:18:59"
Q21,21,1897604.846646675,948802.4319554311,0.008018141873329774,0.0006612447553692801,0.010629999999999999,3.200862971598185,15.034528374665955,-2.3776846399799624e-07,-5701.3666568344925,Active,ionq_forte_simulated,2026-07-10T16:49:54.034388+00:00,1,False,2021000.0,1010500.0,3.2,0.0071,0.0006100000000000001,0.9973961840113903,"Run - Jul 10, 2026 at 22:18:59"
Q22,21,1898543.7901203642,949271.9036922758,0.008128641873329774,0.00067208475536928,0.010629999999999999,3.200862971598185,15.034528374665955,-2.3776846399799624e-07,-5704.187716729473,Active,ionq_forte_simulated,2026-07-10T16:49:54.037392+00:00,1,False,2022000.0,1011000.0,3.2,0.0072,0.00062,0.9973597820113903,"Run - Jul 10, 2026 at 22:18:59"
Q23,21,1899482.7335940532,949741.3754291203,0.008239141873329775,0.00068292475536928,0.010629999999999999,3.200862971598185,15.034528374665955,-2.3776846399799624e-07,-5707.008776624687,Active,ionq_forte_simulated,2026-07-10T16:49:54.039390+00:00,1,False,2023000.0,1011500.0,3.2,0.0073,0.00063,0.9973233800113903,"Run - Jul 10, 2026 at 22:18:59"
Q24,21,1900421.6770677422,950210.8471659648,0.008349641873329774,0.0006937647553692801,0.010629999999999999,3.200862971598185,15.034528374665955,-2.3776846399799624e-07,-5709.829836519901,Active,ionq_forte_simulated,2026-07-10T16:49:54.041393+00:00,1,False,2024000.0,1012000.0,3.2,0.0074,0.00064,0.9972869780113903,"Run - Jul 10, 2026 at 22:18:59"
Q0,22,1872261.809432878,936130.9128014031,0.005711699280763918,0.0004352000442569799,0.010660000000000001,3.2008084986166687,15.032339856152783,2.2128489940253927e-09,-5625.224266325124,Active,ionq_forte_simulated,2026-07-10T16:49:56.994314+00:00,1,False,2000000.0,1000000.0,3.2,0.005,0.0004,0.9981559302024937,"Run - Jul 10, 2026 at 22:18:59"
Q1,22,1873197.9402971696,936598.9782335489,0.005822699280763919,0.00044608004425697993,0.010660000000000001,3.2008084986166687,15.032339856152783,2.2128489940253927e-09,-5628.036875722697,Active,ionq_forte_simulated,2026-07-10T16:49:56.997309+00:00,1,False,2001000.0,1000500.0,3.2,0.0051,0.00041000000000000005,0.9981193662024936,"Run - Jul 10, 2026 at 22:18:59"
Q2,22,1874134.0711614613,937067.0436656948,0.005933699280763918,0.00045696004425697993,0.010660000000000001,3.2008084986166687,15.032339856152783,2.2128489940253927e-09,-5630.849485120038,Active,ionq_forte_simulated,2026-07-10T16:49:57.000308+00:00,1,False,2002000.0,1001000.0,3.2,0.0052,0.00042,0.9980828022024937,"Run - Jul 10, 2026 at 22:18:59"
Q3,22,1875070.2020257527,937535.1090978405,0.006044699280763918,0.00046784004425697994,0.010660000000000001,3.2008084986166687,15.032339856152783,2.2128489940253927e-09,-5633.662094517844,Active,ionq_forte_simulated,2026-07-10T16:49:57.003313+00:00,1,False,2003000.0,1001500.0,3.2,0.0053,0.00043000000000000004,0.9980462382024938,"Run - Jul 10, 2026 at 22:18:59"
Q4,22,1876006.3328900444,938003.1745299863,0.006155699280763919,0.0004787200442569799,0.010660000000000001,3.2008084986166687,15.032339856152783,2.2128489940253927e-09,-5636.474703915184,Active,ionq_forte_simulated,2026-07-10T16:49:57.006313+00:00,1,False,2004000.0,1002000.0,3.2,0.0054,0.00044,0.9980096742024936,"Run - Jul 10, 2026 at 22:18:59"
Q5,22,1876942.4637543361,938471.2399621322,0.006266699280763918,0.00048960004425698,0.010660000000000001,3.2008084986166687,15.032339856152783,2.2128489940253927e-09,-5639.287313312758,Active,ionq_forte_simulated,2026-07-10T16:49:57.010312+00:00,1,False,2005000.0,1002500.0,3.2,0.0055,0.00045000000000000004,0.9979731102024938,"Run - Jul 10, 2026 at 22:18:59"
Q6,22,1877878.5946186278,938939.305394278,0.006377699280763918,0.00050048004425698,0.010660000000000001,3.2008084986166687,15.032339856152783,2.2128489940253927e-09,-5642.099922710098,Active,ionq_forte_simulated,2026-07-10T16:49:57.013310+00:00,1,False,2006000.0,1003000.0,3.2,0.0056,0.00046,0.9979365462024938,"Run - Jul 10, 2026 at 22:18:59"
Q7,22,1878814.7254829193,939407.3708264238,0.006488699280763919,0.00051136004425698,0.010660000000000001,3.2008084986166687,15.032339856152783,2.2128489940253927e-09,-5644.912532107905,Active,ionq_forte_simulated,2026-07-10T16:49:57.016308+00:00,1,False,2007000.0,1003500.0,3.2,0.0057,0.00047000000000000004,0.9978999822024937,"Run - Jul 10, 2026 at 22:18:59"
Q8,22,1879750.856347211,939875.4362585696,0.006599699280763919,0.00052224004425698,0.010660000000000001,3.2008084986166687,15.032339856152783,2.2128489940253927e-09,-5647.725141505245,Active,ionq_forte_simulated,2026-07-10T16:49:57.018309+00:00,1,False,2008000.0,1004000.0,3.2,0.0058000000000000005,0.00048,0.9978634182024937,"Run - Jul 10, 2026 at 22:18:59"
Q9,22,1880686.9872115026,940343.5016907154,0.006710699280763918,0.0005331200442569799,0.010660000000000001,3.2008084986166687,15.032339856152783,2.2128489940253927e-09,-5650.5377509028185,Active,ionq_forte_simulated,2026-07-10T16:49:57.021310+00:00,1,False,2009000.0,1004500.0,3.2,0.0059,0.00049,0.9978268542024937,"Run - Jul 10, 2026 at 22:18:59"
Q10,22,1881623.118075794,940811.5671228612,0.006821699280763919,0.00054400004425698,0.010660000000000001,3.2008084986166687,15.032339856152783,2.2128489940253927e-09,-5653.350360300392,Active,ionq_forte_simulated,2026-07-10T16:49:57.024310+00:00,1,False,2010000.0,1005000.0,3.2,0.006,0.0005,0.9977902902024938,"Run - Jul 10, 2026 at 22:18:59"
Q11,22,1882559.2489400858,941279.632555007,0.006932699280763919,0.00055488004425698,0.010660000000000001,3.2008084986166687,15.032339856152783,2.2128489940253927e-09,-5656.1629696977325,Active,ionq_forte_simulated,2026-07-10T16:49:57.027817+00:00,1,False,2011000.0,1005500.0,3.2,0.0061,0.00051,0.9977537262024937,"Run - Jul 10, 2026 at 22:18:59"
Q12,22,1883495.3798043774,941747.6979871528,0.007043699280763919,0.00056576004425698,0.010660000000000001,3.2008084986166687,15.032339856152783,2.2128489940253927e-09,-5658.975579095306,Active,ionq_forte_simulated,2026-07-10T16:49:57.043854+00:00,1,False,2012000.0,1006000.0,3.2,0.006200000000000001,0.0005200000000000001,0.9977171622024938,"Run - Jul 10, 2026 at 22:18:59"
Q13,22,1884431.5106686691,942215.7634192987,0.007154699280763919,0.00057664004425698,0.010660000000000001,3.2008084986166687,15.032339856152783,2.2128489940253927e-09,-5661.788188492646,Active,ionq_forte_simulated,2026-07-10T16:49:57.050856+00:00,1,False,2013000.0,1006500.0,3.2,0.0063,0.0005300000000000001,0.9976805982024937,"Run - Jul 10, 2026 at 22:18:59"
Q14,22,1885367.6415329606,942683.8288514444,0.007265699280763919,0.0005875200442569799,0.010660000000000001,3.2008084986166687,15.032339856152783,2.2128489940253927e-09,-5664.600797890453,Active,ionq_forte_simulated,2026-07-10T16:49:57.058855+00:00,1,False,2014000.0,1007000.0,3.2,0.0064,0.00054,0.9976440342024937,"Run - Jul 10, 2026 at 22:18:59"
Q15,22,1886303.7723972523,943151.8942835903,0.007376699280763919,0.00059840004425698,0.010660000000000001,3.2008084986166687,15.032339856152783,2.2128489940253927e-09,-5667.413407287793,Active,ionq_forte_simulated,2026-07-10T16:49:57.063866+00:00,1,False,2015000.0,1007500.0,3.2,0.006500000000000001,0.00055,0.9976074702024937,"Run - Jul 10, 2026 at 22:18:59"
Q16,22,1887239.903261544,943619.9597157361,0.007487699280763919,0.00060928004425698,0.010660000000000001,3.2008084986166687,15.032339856152783,2.2128489940253927e-09,-5670.226016685367,Active,ionq_forte_simulated,2026-07-10T16:49:57.067862+00:00,1,False,2016000.0,1008000.0,3.2,0.0066,0.0005600000000000001,0.9975709062024938,"Run - Jul 10, 2026 at 22:18:59"
Q17,22,1888176.0341258356,944088.0251478819,0.007598699280763919,0.0006201600442569799,0.010660000000000001,3.2008084986166687,15.032339856152783,2.2128489940253927e-09,-5673.038626082707,Active,ionq_forte_simulated,2026-07-10T16:49:57.070870+00:00,1,False,2017000.0,1008500.0,3.2,0.0067,0.00057,0.9975343422024937,"Run - Jul 10, 2026 at 22:18:59"
Q18,22,1889112.164990127,944556.0905800277,0.007709699280763919,0.00063104004425698,0.010660000000000001,3.2008084986166687,15.032339856152783,2.2128489940253927e-09,-5675.851235480513,Active,ionq_forte_simulated,2026-07-10T16:49:57.074865+00:00,1,False,2018000.0,1009000.0,3.2,0.0068000000000000005,0.00058,0.9974977782024936,"Run - Jul 10, 2026 at 22:18:59"
Q19,22,1890048.2958544188,945024.1560121735,0.00782069928076392,0.00064192004425698,0.010660000000000001,3.2008084986166687,15.032339856152783,2.2128489940253927e-09,-5678.663844877854,Active,ionq_forte_simulated,2026-07-10T16:49:57.077376+00:00,1,False,2019000.0,1009500.0,3.2,0.0069,0.00059,0.9974612142024938,"Run - Jul 10, 2026 at 22:18:59"
Q20,22,1890984.4267187105,945492.2214443194,0.00793169928076392,0.0006528000442569801,0.010660000000000001,3.2008084986166687,15.032339856152783,2.2128489940253927e-09,-5681.476454275427,Active,ionq_forte_simulated,2026-07-10T16:49:57.081403+00:00,1,False,2020000.0,1010000.0,3.2,0.007,0.0006000000000000001,0.9974246502024937,"Run - Jul 10, 2026 at 22:18:59"
Q21,22,1891920.557583002,945960.2868764651,0.00804269928076392,0.0006636800442569801,0.010660000000000001,3.2008084986166687,15.032339856152783,2.2128489940253927e-09,-5684.289063673001,Active,ionq_forte_simulated,2026-07-10T16:49:57.083406+00:00,1,False,2021000.0,1010500.0,3.2,0.0071,0.0006100000000000001,0.9973880862024938,"Run - Jul 10, 2026 at 22:18:59"
Q22,22,1892856.6884472936,946428.3523086109,0.00815369928076392,0.00067456004425698,0.010660000000000001,3.2008084986166687,15.032339856152783,2.2128489940253927e-09,-5687.101673070574,Active,ionq_forte_simulated,2026-07-10T16:49:57.087409+00:00,1,False,2022000.0,1011000.0,3.2,0.0072,0.00062,0.9973515222024938,"Run - Jul 10, 2026 at 22:18:59"
Q23,22,1893792.8193115853,946896.4177407568,0.00826469928076392,0.00068544004425698,0.010660000000000001,3.2008084986166687,15.032339856152783,2.2128489940253927e-09,-5689.914282467915,Active,ionq_forte_simulated,2026-07-10T16:49:57.090405+00:00,1,False,2023000.0,1011500.0,3.2,0.0073,0.00063,0.9973149582024937,"Run - Jul 10, 2026 at 22:18:59"
Q24,22,1894728.950175877,947364.4831729026,0.00837569928076392,0.00069632004425698,0.010660000000000001,3.2008084986166687,15.032339856152783,2.2128489940253927e-09,-5692.726891865255,Active,ionq_forte_simulated,2026-07-10T16:49:57.092403+00:00,1,False,2024000.0,1012000.0,3.2,0.0074,0.00064,0.9972783942024936,"Run - Jul 10, 2026 at 22:18:59"
Q0,23,1866653.434726925,933326.7248205147,0.005724141042435344,0.00043680483304758756,0.01069,3.2007459468645565,15.02982820848707,2.416523793765029e-07,-5608.374705952825,Active,ionq_forte_simulated,2026-07-10T16:50:00.148618+00:00,1,False,2000000.0,1000000.0,3.2,0.005,0.0004,0.9981517162373552,"Run - Jul 10, 2026 at 22:18:59"
Q1,23,1867586.7614070033,933793.3881605538,0.005835641042435344,0.0004477248330475876,0.01069,3.2007459468645565,15.02982820848707,2.416523793765029e-07,-5611.1788901663385,Active,ionq_forte_simulated,2026-07-10T16:50:00.150619+00:00,1,False,2001000.0,1000500.0,3.2,0.0051,0.00041000000000000005,0.9981149902373551,"Run - Jul 10, 2026 at 22:18:59"
Q2,23,1868520.0880870817,934260.051500593,0.005947141042435343,0.0004586448330475876,0.01069,3.2007459468645565,15.02982820848707,2.416523793765029e-07,-5613.983074379619,Active,ionq_forte_simulated,2026-07-10T16:50:00.153625+00:00,1,False,2002000.0,1001000.0,3.2,0.0052,0.00042,0.9980782642373551,"Run - Jul 10, 2026 at 22:18:59"
Q3,23,1869453.4147671598,934726.714840632,0.0060586410424353435,0.0004695648330475876,0.01069,3.2007459468645565,15.02982820848707,2.416523793765029e-07,-5616.7872585929,Active,ionq_forte_simulated,2026-07-10T16:50:00.155621+00:00,1,False,2003000.0,1001500.0,3.2,0.0053,0.00043000000000000004,0.9980415382373551,"Run - Jul 10, 2026 at 22:18:59"
Q4,23,1870386.741447238,935193.3781806711,0.006170141042435344,0.00048048483304758755,0.01069,3.2007459468645565,15.02982820848707,2.416523793765029e-07,-5619.591442806413,Active,ionq_forte_simulated,2026-07-10T16:50:00.157619+00:00,1,False,2004000.0,1002000.0,3.2,0.0054,0.00044,0.9980048122373552,"Run - Jul 10, 2026 at 22:18:59"
Q5,23,1871320.0681273162,935660.0415207102,0.006281641042435344,0.0004914048330475877,0.01069,3.2007459468645565,15.02982820848707,2.416523793765029e-07,-5622.395627019927,Active,ionq_forte_simulated,2026-07-10T16:50:00.159619+00:00,1,False,2005000.0,1002500.0,3.2,0.0055,0.00045000000000000004,0.9979680862373551,"Run - Jul 10, 2026 at 22:18:59"
Q6,23,1872253.3948073944,936126.7048607493,0.006393141042435343,0.0005023248330475876,0.01069,3.2007459468645565,15.02982820848707,2.416523793765029e-07,-5625.19981123344,Active,ionq_forte_simulated,2026-07-10T16:50:00.161619+00:00,1,False,2006000.0,1003000.0,3.2,0.0056,0.00046,0.9979313602373552,"Run - Jul 10, 2026 at 22:18:59"
Q7,23,1873186.7214874725,936593.3682007884,0.006504641042435344,0.0005132448330475877,0.01069,3.2007459468645565,15.02982820848707,2.416523793765029e-07,-5628.003995446721,Active,ionq_forte_simulated,2026-07-10T16:50:00.163258+00:00,1,False,2007000.0,1003500.0,3.2,0.0057,0.00047000000000000004,0.9978946342373551,"Run - Jul 10, 2026 at 22:18:59"
Q8,23,1874120.0481675507,937060.0315408275,0.006616141042435344,0.0005241648330475876,0.01069,3.2007459468645565,15.02982820848707,2.416523793765029e-07,-5630.808179660235,Active,ionq_forte_simulated,2026-07-10T16:50:00.165277+00:00,1,False,2008000.0,1004000.0,3.2,0.0058000000000000005,0.00048,0.9978579082373551,"Run - Jul 10, 2026 at 22:18:59"
Q9,23,1875053.374847629,937526.6948808667,0.006727641042435344,0.0005350848330475876,0.01069,3.2007459468645565,15.02982820848707,2.416523793765029e-07,-5633.612363873515,Active,ionq_forte_simulated,2026-07-10T16:50:00.167275+00:00,1,False,2009000.0,1004500.0,3.2,0.0059,0.00049,0.9978211822373552,"Run - Jul 10, 2026 at 22:18:59"
Q10,23,1875986.7015277073,937993.3582209058,0.006839141042435343,0.0005460048330475876,0.01069,3.2007459468645565,15.02982820848707,2.416523793765029e-07,-5636.416548086796,Active,ionq_forte_simulated,2026-07-10T16:50:00.169279+00:00,1,False,2010000.0,1005000.0,3.2,0.006,0.0005,0.9977844562373551,"Run - Jul 10, 2026 at 22:18:59"
Q11,23,1876920.0282077854,938460.0215609448,0.006950641042435344,0.0005569248330475876,0.01069,3.2007459468645565,15.02982820848707,2.416523793765029e-07,-5639.2207323003095,Active,ionq_forte_simulated,2026-07-10T16:50:00.172276+00:00,1,False,2011000.0,1005500.0,3.2,0.0061,0.00051,0.9977477302373552,"Run - Jul 10, 2026 at 22:18:59"
Q12,23,1877853.3548878636,938926.6849009839,0.007062141042435344,0.0005678448330475877,0.01069,3.2007459468645565,15.02982820848707,2.416523793765029e-07,-5642.024916513823,Active,ionq_forte_simulated,2026-07-10T16:50:00.174277+00:00,1,False,2012000.0,1006000.0,3.2,0.006200000000000001,0.0005200000000000001,0.9977110042373551,"Run - Jul 10, 2026 at 22:18:59"
Q13,23,1878786.6815679418,939393.348241023,0.007173641042435344,0.0005787648330475877,0.01069,3.2007459468645565,15.02982820848707,2.416523793765029e-07,-5644.8291007273365,Active,ionq_forte_simulated,2026-07-10T16:50:00.175276+00:00,1,False,2013000.0,1006500.0,3.2,0.0063,0.0005300000000000001,0.9976742782373551,"Run - Jul 10, 2026 at 22:18:59"
Q14,23,1879720.00824802,939860.0115810621,0.007285141042435344,0.0005896848330475877,0.01069,3.2007459468645565,15.02982820848707,2.416523793765029e-07,-5647.633284940617,Active,ionq_forte_simulated,2026-07-10T16:50:00.177277+00:00,1,False,2014000.0,1007000.0,3.2,0.0064,0.00054,0.9976375522373551,"Run - Jul 10, 2026 at 22:18:59"
Q15,23,1880653.3349280981,940326.6749211012,0.007396641042435344,0.0006006048330475876,0.01069,3.2007459468645565,15.02982820848707,2.416523793765029e-07,-5650.437469154131,Active,ionq_forte_simulated,2026-07-10T16:50:00.179785+00:00,1,False,2015000.0,1007500.0,3.2,0.006500000000000001,0.00055,0.9976008262373552,"Run - Jul 10, 2026 at 22:18:59"
Q16,23,1881586.6616081763,940793.3382611403,0.007508141042435344,0.0006115248330475877,0.01069,3.2007459468645565,15.02982820848707,2.416523793765029e-07,-5653.241653367644,Active,ionq_forte_simulated,2026-07-10T16:50:00.181793+00:00,1,False,2016000.0,1008000.0,3.2,0.0066,0.0005600000000000001,0.9975641002373551,"Run - Jul 10, 2026 at 22:18:59"
Q17,23,1882519.9882882547,941260.0016011795,0.007619641042435344,0.0006224448330475876,0.01069,3.2007459468645565,15.02982820848707,2.416523793765029e-07,-5656.045837580925,Active,ionq_forte_simulated,2026-07-10T16:50:00.183792+00:00,1,False,2017000.0,1008500.0,3.2,0.0067,0.00057,0.9975273742373552,"Run - Jul 10, 2026 at 22:18:59"
Q18,23,1883453.3149683329,941726.6649412186,0.007731141042435344,0.0006333648330475876,0.01069,3.2007459468645565,15.02982820848707,2.416523793765029e-07,-5658.8500217942055,Active,ionq_forte_simulated,2026-07-10T16:50:00.186796+00:00,1,False,2018000.0,1009000.0,3.2,0.0068000000000000005,0.00058,0.9974906482373551,"Run - Jul 10, 2026 at 22:18:59"
Q19,23,1884386.641648411,942193.3282812577,0.007842641042435344,0.0006442848330475877,0.01069,3.2007459468645565,15.02982820848707,2.416523793765029e-07,-5661.654206007719,Active,ionq_forte_simulated,2026-07-10T16:50:00.188792+00:00,1,False,2019000.0,1009500.0,3.2,0.0069,0.00059,0.9974539222373551,"Run - Jul 10, 2026 at 22:18:59"
Q20,23,1885319.9683284892,942659.9916212967,0.007954141042435345,0.0006552048330475877,0.01069,3.2007459468645565,15.02982820848707,2.416523793765029e-07,-5664.458390221233,Active,ionq_forte_simulated,2026-07-10T16:50:00.190795+00:00,1,False,2020000.0,1010000.0,3.2,0.007,0.0006000000000000001,0.9974171962373551,"Run - Jul 10, 2026 at 22:18:59"
Q21,23,1886253.2950085674,943126.6549613358,0.008065641042435344,0.0006661248330475878,0.01069,3.2007459468645565,15.02982820848707,2.416523793765029e-07,-5667.262574434513,Active,ionq_forte_simulated,2026-07-10T16:50:00.192792+00:00,1,False,2021000.0,1010500.0,3.2,0.0071,0.0006100000000000001,0.9973804702373551,"Run - Jul 10, 2026 at 22:18:59"
Q22,23,1887186.6216886456,943593.3183013749,0.008177141042435344,0.0006770448330475876,0.01069,3.2007459468645565,15.02982820848707,2.416523793765029e-07,-5670.066758648027,Active,ionq_forte_simulated,2026-07-10T16:50:00.194796+00:00,1,False,2022000.0,1011000.0,3.2,0.0072,0.00062,0.9973437442373552,"Run - Jul 10, 2026 at 22:18:59"
Q23,23,1888119.9483687237,944059.981641414,0.008288641042435343,0.0006879648330475876,0.01069,3.2007459468645565,15.02982820848707,2.416523793765029e-07,-5672.87094286154,Active,ionq_forte_simulated,2026-07-10T16:50:00.196794+00:00,1,False,2023000.0,1011500.0,3.2,0.0073,0.00063,0.9973070182373551,"Run - Jul 10, 2026 at 22:18:59"
Q24,23,1889053.275048802,944526.6449814531,0.008400141042435343,0.0006988848330475877,0.01069,3.2007459468645565,15.02982820848707,2.416523793765029e-07,-5675.675127075054,Active,ionq_forte_simulated,2026-07-10T16:50:00.198794+00:00,1,False,2024000.0,1012000.0,3.2,0.0074,0.00064,0.9972702922373551,"Run - Jul 10, 2026 at 22:18:59"
Q0,24,1861061.8591687295,930530.9363389965,0.005735092636110231,0.00043840843853958734,0.01072,3.2006758851075308,15.027018527222046,4.219269793662461e-07,-5591.575558195589,Active,ionq_forte_simulated,2026-07-10T16:50:02.601246+00:00,1,False,2000000.0,1000000.0,3.2,0.005,0.0004,0.9981479496776051,"Run - Jul 10, 2026 at 22:18:59"
Q1,24,1861992.3900645408,930996.2017869022,0.005847092636110231,0.0004493684385395874,0.01072,3.2006758851075308,15.027018527222046,4.219269793662461e-07,-5594.3713424624875,Active,ionq_forte_simulated,2026-07-10T16:50:02.604249+00:00,1,False,2001000.0,1000500.0,3.2,0.0051,0.00041000000000000005,0.998111061677605,"Run - Jul 10, 2026 at 22:18:59"
Q2,24,1862922.9209603518,931461.4672348077,0.0059590926361102305,0.0004603284385395874,0.01072,3.2006758851075308,15.027018527222046,4.219269793662461e-07,-5597.167126729852,Active,ionq_forte_simulated,2026-07-10T16:50:02.607245+00:00,1,False,2002000.0,1001000.0,3.2,0.0052,0.00042,0.9980741736776051,"Run - Jul 10, 2026 at 22:18:59"
Q3,24,1863853.451856163,931926.7326827133,0.006071092636110231,0.0004712884385395874,0.01072,3.2006758851075308,15.027018527222046,4.219269793662461e-07,-5599.96291099675,Active,ionq_forte_simulated,2026-07-10T16:50:02.609244+00:00,1,False,2003000.0,1001500.0,3.2,0.0053,0.00043000000000000004,0.9980372856776051,"Run - Jul 10, 2026 at 22:18:59"
Q4,24,1864783.9827519744,932391.998130619,0.006183092636110232,0.00048224843853958736,0.01072,3.2006758851075308,15.027018527222046,4.219269793662461e-07,-5602.758695263648,Active,ionq_forte_simulated,2026-07-10T16:50:02.612248+00:00,1,False,2004000.0,1002000.0,3.2,0.0054,0.00044,0.9980003976776051,"Run - Jul 10, 2026 at 22:18:59"
Q5,24,1865714.5136477856,932857.2635785246,0.006295092636110231,0.0004932084385395874,0.01072,3.2006758851075308,15.027018527222046,4.219269793662461e-07,-5605.554479530547,Active,ionq_forte_simulated,2026-07-10T16:50:02.614248+00:00,1,False,2005000.0,1002500.0,3.2,0.0055,0.00045000000000000004,0.9979635096776049,"Run - Jul 10, 2026 at 22:18:59"
Q6,24,1866645.0445435967,933322.5290264301,0.006407092636110231,0.0005041684385395874,0.01072,3.2006758851075308,15.027018527222046,4.219269793662461e-07,-5608.350263797678,Active,ionq_forte_simulated,2026-07-10T16:50:02.617248+00:00,1,False,2006000.0,1003000.0,3.2,0.0056,0.00046,0.997926621677605,"Run - Jul 10, 2026 at 22:18:59"
Q7,24,1867575.575439408,933787.7944743357,0.006519092636110231,0.0005151284385395875,0.01072,3.2006758851075308,15.027018527222046,4.219269793662461e-07,-5611.1460480645765,Active,ionq_forte_simulated,2026-07-10T16:50:02.620249+00:00,1,False,2007000.0,1003500.0,3.2,0.0057,0.00047000000000000004,0.9978897336776049,"Run - Jul 10, 2026 at 22:18:59"
Q8,24,1868506.1063352192,934253.0599222414,0.006631092636110231,0.0005260884385395874,0.01072,3.2006758851075308,15.027018527222046,4.219269793662461e-07,-5613.941832331475,Active,ionq_forte_simulated,2026-07-10T16:50:02.622247+00:00,1,False,2008000.0,1004000.0,3.2,0.0058000000000000005,0.00048,0.997852845677605,"Run - Jul 10, 2026 at 22:18:59"
Q9,24,1869436.6372310303,934718.3253701469,0.0067430926361102305,0.0005370484385395874,0.01072,3.2006758851075308,15.027018527222046,4.219269793662461e-07,-5616.737616598839,Active,ionq_forte_simulated,2026-07-10T16:50:02.625247+00:00,1,False,2009000.0,1004500.0,3.2,0.0059,0.00049,0.9978159576776051,"Run - Jul 10, 2026 at 22:18:59"
Q10,24,1870367.1681268415,935183.5908180525,0.0068550926361102315,0.0005480084385395875,0.01072,3.2006758851075308,15.027018527222046,4.219269793662461e-07,-5619.533400865737,Active,ionq_forte_simulated,2026-07-10T16:50:02.627246+00:00,1,False,2010000.0,1005000.0,3.2,0.006,0.0005,0.997779069677605,"Run - Jul 10, 2026 at 22:18:59"
Q11,24,1871297.6990226528,935648.8562659582,0.006967092636110232,0.0005589684385395874,0.01072,3.2006758851075308,15.027018527222046,4.219269793662461e-07,-5622.329185132636,Active,ionq_forte_simulated,2026-07-10T16:50:02.630245+00:00,1,False,2011000.0,1005500.0,3.2,0.0061,0.00051,0.9977421816776051,"Run - Jul 10, 2026 at 22:18:59"
Q12,24,1872228.229918464,936114.1217138638,0.007079092636110232,0.0005699284385395875,0.01072,3.2006758851075308,15.027018527222046,4.219269793662461e-07,-5625.124969399534,Active,ionq_forte_simulated,2026-07-10T16:50:02.632250+00:00,1,False,2012000.0,1006000.0,3.2,0.006200000000000001,0.0005200000000000001,0.9977052936776051,"Run - Jul 10, 2026 at 22:18:59"
Q13,24,1873158.7608142751,936579.3871617693,0.007191092636110231,0.0005808884385395875,0.01072,3.2006758851075308,15.027018527222046,4.219269793662461e-07,-5627.920753666665,Active,ionq_forte_simulated,2026-07-10T16:50:02.635252+00:00,1,False,2013000.0,1006500.0,3.2,0.0063,0.0005300000000000001,0.997668405677605,"Run - Jul 10, 2026 at 22:18:59"
Q14,24,1874089.2917100864,937044.652609675,0.007303092636110231,0.0005918484385395874,0.01072,3.2006758851075308,15.027018527222046,4.219269793662461e-07,-5630.716537933564,Active,ionq_forte_simulated,2026-07-10T16:50:02.638255+00:00,1,False,2014000.0,1007000.0,3.2,0.0064,0.00054,0.9976315176776052,"Run - Jul 10, 2026 at 22:18:59"
Q15,24,1875019.8226058977,937509.9180575806,0.007415092636110232,0.0006028084385395875,0.01072,3.2006758851075308,15.027018527222046,4.219269793662461e-07,-5633.512322200462,Active,ionq_forte_simulated,2026-07-10T16:50:02.641254+00:00,1,False,2015000.0,1007500.0,3.2,0.006500000000000001,0.00055,0.997594629677605,"Run - Jul 10, 2026 at 22:18:59"
Q16,24,1875950.3535017087,937975.1835054861,0.007527092636110231,0.0006137684385395875,0.01072,3.2006758851075308,15.027018527222046,4.219269793662461e-07,-5636.3081064675935,Active,ionq_forte_simulated,2026-07-10T16:50:02.643255+00:00,1,False,2016000.0,1008000.0,3.2,0.0066,0.0005600000000000001,0.9975577416776051,"Run - Jul 10, 2026 at 22:18:59"
Q17,24,1876880.88439752,938440.4489533918,0.0076390926361102314,0.0006247284385395874,0.01072,3.2006758851075308,15.027018527222046,4.219269793662461e-07,-5639.103890734725,Active,ionq_forte_simulated,2026-07-10T16:50:02.646253+00:00,1,False,2017000.0,1008500.0,3.2,0.0067,0.00057,0.9975208536776051,"Run - Jul 10, 2026 at 22:18:59"
Q18,24,1877811.4152933313,938905.7144012974,0.0077510926361102316,0.0006356884385395874,0.01072,3.2006758851075308,15.027018527222046,4.219269793662461e-07,-5641.899675001623,Active,ionq_forte_simulated,2026-07-10T16:50:02.649291+00:00,1,False,2018000.0,1009000.0,3.2,0.0068000000000000005,0.00058,0.997483965677605,"Run - Jul 10, 2026 at 22:18:59"
Q19,24,1878741.9461891425,939370.979849203,0.00786309263611023,0.0006466484385395874,0.01072,3.2006758851075308,15.027018527222046,4.219269793662461e-07,-5644.6954592685215,Active,ionq_forte_simulated,2026-07-10T16:50:02.654426+00:00,1,False,2019000.0,1009500.0,3.2,0.0069,0.00059,0.997447077677605,"Run - Jul 10, 2026 at 22:18:59"
Q20,24,1879672.4770849536,939836.2452971085,0.007975092636110232,0.0006576084385395875,0.01072,3.2006758851075308,15.027018527222046,4.219269793662461e-07,-5647.491243535653,Active,ionq_forte_simulated,2026-07-10T16:50:02.658775+00:00,1,False,2020000.0,1010000.0,3.2,0.007,0.0006000000000000001,0.9974101896776051,"Run - Jul 10, 2026 at 22:18:59"
Q21,24,1880603.0079807648,940301.5107450142,0.008087092636110231,0.0006685684385395875,0.01072,3.2006758851075308,15.027018527222046,4.219269793662461e-07,-5650.287027802551,Active,ionq_forte_simulated,2026-07-10T16:50:02.661367+00:00,1,False,2021000.0,1010500.0,3.2,0.0071,0.0006100000000000001,0.997373301677605,"Run - Jul 10, 2026 at 22:18:59"
Q22,24,1881533.538876576,940766.7761929198,0.00819909263611023,0.0006795284385395874,0.01072,3.2006758851075308,15.027018527222046,4.219269793662461e-07,-5653.08281206945,Active,ionq_forte_simulated,2026-07-10T16:50:02.663879+00:00,1,False,2022000.0,1011000.0,3.2,0.0072,0.00062,0.9973364136776052,"Run - Jul 10, 2026 at 22:18:59"
Q23,24,1882464.0697723872,941232.0416408253,0.008311092636110231,0.0006904884385395874,0.01072,3.2006758851075308,15.027018527222046,4.219269793662461e-07,-5655.878596336581,Active,ionq_forte_simulated,2026-07-10T16:50:02.666465+00:00,1,False,2023000.0,1011500.0,3.2,0.0073,0.00063,0.997299525677605,"Run - Jul 10, 2026 at 22:18:59"
Q24,24,1883394.6006681984,941697.307088731,0.008423092636110232,0.0007014484385395875,0.01072,3.2006758851075308,15.027018527222046,4.219269793662461e-07,-5658.674380603479,Active,ionq_forte_simulated,2026-07-10T16:50:02.669477+00:00,1,False,2024000.0,1012000.0,3.2,0.0074,0.00064,0.997262637677605,"Run - Jul 10, 2026 at 22:18:59"
Q0,25,1855487.0325043201,927743.5222368814,0.005744694428820791,0.00044000997798279186,0.01075,3.200598971043244,15.023938885764158,4.988991395892904e-07,-5574.826664409367,Active,ionq_forte_simulated,2026-07-10T16:50:06.072884+00:00,1,False,2000000.0,1000000.0,3.2,0.005,0.0004,0.998144588677959,"Run - Jul 10, 2026 at 22:18:59"
Q1,25,1856414.7759906487,928207.3939800457,0.005857194428820792,0.00045100997798279185,0.01075,3.200598971043244,15.023938885764158,4.988991395892904e-07,-5577.614073892124,Active,ionq_forte_simulated,2026-07-10T16:50:06.075884+00:00,1,False,2001000.0,1000500.0,3.2,0.0051,0.00041000000000000005,0.998107538677959,"Run - Jul 10, 2026 at 22:18:59"
Q2,25,1857342.5194769774,928671.2657232101,0.005969694428820791,0.00046200997798279185,0.01075,3.200598971043244,15.023938885764158,4.988991395892904e-07,-5580.401483374415,Active,ionq_forte_simulated,2026-07-10T16:50:06.078393+00:00,1,False,2002000.0,1001000.0,3.2,0.0052,0.00042,0.9980704886779588,"Run - Jul 10, 2026 at 22:18:59"
Q3,25,1858270.262963306,929135.1374663743,0.006082194428820791,0.0004730099779827919,0.01075,3.200598971043244,15.023938885764158,4.988991395892904e-07,-5583.188892857172,Active,ionq_forte_simulated,2026-07-10T16:50:06.080403+00:00,1,False,2003000.0,1001500.0,3.2,0.0053,0.00043000000000000004,0.998033438677959,"Run - Jul 10, 2026 at 22:18:59"
Q4,25,1859198.0064496344,929599.0092095386,0.006194694428820792,0.00048400997798279184,0.01075,3.200598971043244,15.023938885764158,4.988991395892904e-07,-5585.976302339928,Active,ionq_forte_simulated,2026-07-10T16:50:06.084403+00:00,1,False,2004000.0,1002000.0,3.2,0.0054,0.00044,0.997996388677959,"Run - Jul 10, 2026 at 22:18:59"
Q5,25,1860125.749935963,930062.8809527028,0.006307194428820791,0.0004950099779827919,0.01075,3.200598971043244,15.023938885764158,4.988991395892904e-07,-5588.763711822685,Active,ionq_forte_simulated,2026-07-10T16:50:06.086925+00:00,1,False,2005000.0,1002500.0,3.2,0.0055,0.00045000000000000004,0.9979593386779588,"Run - Jul 10, 2026 at 22:18:59"
Q6,25,1861053.4934222915,930526.7526958671,0.0064196944288207915,0.0005060099779827918,0.01075,3.200598971043244,15.023938885764158,4.988991395892904e-07,-5591.551121305209,Active,ionq_forte_simulated,2026-07-10T16:50:06.089925+00:00,1,False,2006000.0,1003000.0,3.2,0.0056,0.00046,0.9979222886779588,"Run - Jul 10, 2026 at 22:18:59"
Q7,25,1861981.23690862,930990.6244390314,0.006532194428820791,0.0005170099779827919,0.01075,3.200598971043244,15.023938885764158,4.988991395892904e-07,-5594.338530787965,Active,ionq_forte_simulated,2026-07-10T16:50:06.091923+00:00,1,False,2007000.0,1003500.0,3.2,0.0057,0.00047000000000000004,0.9978852386779589,"Run - Jul 10, 2026 at 22:18:59"
Q8,25,1862908.9803949487,931454.4961821957,0.006644694428820792,0.0005280099779827918,0.01075,3.200598971043244,15.023938885764158,4.988991395892904e-07,-5597.125940270489,Active,ionq_forte_simulated,2026-07-10T16:50:06.094922+00:00,1,False,2008000.0,1004000.0,3.2,0.0058000000000000005,0.00048,0.997848188677959,"Run - Jul 10, 2026 at 22:18:59"
Q9,25,1863836.7238812773,931918.36792536,0.006757194428820792,0.0005390099779827918,0.01075,3.200598971043244,15.023938885764158,4.988991395892904e-07,-5599.913349753013,Active,ionq_forte_simulated,2026-07-10T16:50:06.096925+00:00,1,False,2009000.0,1004500.0,3.2,0.0059,0.00049,0.9978111386779589,"Run - Jul 10, 2026 at 22:18:59"
Q10,25,1864764.4673676058,932382.2396685242,0.006869694428820791,0.0005500099779827918,0.01075,3.200598971043244,15.023938885764158,4.988991395892904e-07,-5602.7007592357695,Active,ionq_forte_simulated,2026-07-10T16:50:06.099923+00:00,1,False,2010000.0,1005000.0,3.2,0.006,0.0005,0.9977740886779589,"Run - Jul 10, 2026 at 22:18:59"
Q11,25,1865692.2108539343,932846.1114116885,0.006982194428820792,0.0005610099779827919,0.01075,3.200598971043244,15.023938885764158,4.988991395892904e-07,-5605.488168718526,Active,ionq_forte_simulated,2026-07-10T16:50:06.102926+00:00,1,False,2011000.0,1005500.0,3.2,0.0061,0.00051,0.9977370386779589,"Run - Jul 10, 2026 at 22:18:59"
Q12,25,1866619.9543402628,933309.9831548528,0.007094694428820792,0.0005720099779827919,0.01075,3.200598971043244,15.023938885764158,4.988991395892904e-07,-5608.275578201283,Active,ionq_forte_simulated,2026-07-10T16:50:06.105925+00:00,1,False,2012000.0,1006000.0,3.2,0.006200000000000001,0.0005200000000000001,0.997699988677959,"Run - Jul 10, 2026 at 22:18:59"
Q13,25,1867547.6978265913,933773.854898017,0.0072071944288207915,0.000583009977982792,0.01075,3.200598971043244,15.023938885764158,4.988991395892904e-07,-5611.062987683807,Active,ionq_forte_simulated,2026-07-10T16:50:06.107923+00:00,1,False,2013000.0,1006500.0,3.2,0.0063,0.0005300000000000001,0.997662938677959,"Run - Jul 10, 2026 at 22:18:59"
Q14,25,1868475.4413129198,934237.7266411813,0.007319694428820792,0.0005940099779827918,0.01075,3.200598971043244,15.023938885764158,4.988991395892904e-07,-5613.850397166563,Active,ionq_forte_simulated,2026-07-10T16:50:06.109923+00:00,1,False,2014000.0,1007000.0,3.2,0.0064,0.00054,0.9976258886779589,"Run - Jul 10, 2026 at 22:18:59"
Q15,25,1869403.1847992486,934701.5983843456,0.007432194428820792,0.0006050099779827919,0.01075,3.200598971043244,15.023938885764158,4.988991395892904e-07,-5616.637806649087,Active,ionq_forte_simulated,2026-07-10T16:50:06.112925+00:00,1,False,2015000.0,1007500.0,3.2,0.006500000000000001,0.00055,0.997588838677959,"Run - Jul 10, 2026 at 22:18:59"
Q16,25,1870330.928285577,935165.4701275099,0.007544694428820792,0.0006160099779827919,0.01075,3.200598971043244,15.023938885764158,4.988991395892904e-07,-5619.425216131611,Active,ionq_forte_simulated,2026-07-10T16:50:06.114922+00:00,1,False,2016000.0,1008000.0,3.2,0.0066,0.0005600000000000001,0.997551788677959,"Run - Jul 10, 2026 at 22:18:59"
Q17,25,1871258.6717719056,935629.3418706742,0.007657194428820791,0.0006270099779827919,0.01075,3.200598971043244,15.023938885764158,4.988991395892904e-07,-5622.212625614367,Active,ionq_forte_simulated,2026-07-10T16:50:06.117925+00:00,1,False,2017000.0,1008500.0,3.2,0.0067,0.00057,0.9975147386779589,"Run - Jul 10, 2026 at 22:18:59"
Q18,25,1872186.4152582341,936093.2136138384,0.007769694428820792,0.0006380099779827918,0.01075,3.200598971043244,15.023938885764158,4.988991395892904e-07,-5625.000035097124,Active,ionq_forte_simulated,2026-07-10T16:50:06.120923+00:00,1,False,2018000.0,1009000.0,3.2,0.0068000000000000005,0.00058,0.9974776886779588,"Run - Jul 10, 2026 at 22:18:59"
Q19,25,1873114.1587445627,936557.0853570027,0.007882194428820792,0.0006490099779827918,0.01075,3.200598971043244,15.023938885764158,4.988991395892904e-07,-5627.787444579881,Active,ionq_forte_simulated,2026-07-10T16:50:06.122925+00:00,1,False,2019000.0,1009500.0,3.2,0.0069,0.00059,0.9974406386779588,"Run - Jul 10, 2026 at 22:18:59"
Q20,25,1874041.9022308912,937020.9571001669,0.007994694428820791,0.0006600099779827919,0.01075,3.200598971043244,15.023938885764158,4.988991395892904e-07,-5630.5748540624045,Active,ionq_forte_simulated,2026-07-10T16:50:06.125925+00:00,1,False,2020000.0,1010000.0,3.2,0.007,0.0006000000000000001,0.997403588677959,"Run - Jul 10, 2026 at 22:18:59"
Q21,25,1874969.64571722,937484.8288433313,0.008107194428820791,0.0006710099779827919,0.01075,3.200598971043244,15.023938885764158,4.988991395892904e-07,-5633.362263544928,Active,ionq_forte_simulated,2026-07-10T16:50:06.127924+00:00,1,False,2021000.0,1010500.0,3.2,0.0071,0.0006100000000000001,0.9973665386779589,"Run - Jul 10, 2026 at 22:18:59"
Q22,25,1875897.3892035484,937948.7005864956,0.008219694428820791,0.0006820099779827919,0.01075,3.200598971043244,15.023938885764158,4.988991395892904e-07,-5636.149673027685,Active,ionq_forte_simulated,2026-07-10T16:50:06.130923+00:00,1,False,2022000.0,1011000.0,3.2,0.0072,0.00062,0.9973294886779589,"Run - Jul 10, 2026 at 22:18:59"
Q23,25,1876825.132689877,938412.5723296598,0.00833219442882079,0.0006930099779827918,0.01075,3.200598971043244,15.023938885764158,4.988991395892904e-07,-5638.937082510209,Active,ionq_forte_simulated,2026-07-10T16:50:06.132927+00:00,1,False,2023000.0,1011500.0,3.2,0.0073,0.00063,0.9972924386779589,"Run - Jul 10, 2026 at 22:18:59"
Q24,25,1877752.8761762055,938876.4440728241,0.008444694428820792,0.0007040099779827919,0.01075,3.200598971043244,15.023938885764158,4.988991395892904e-07,-5641.724491992965,Active,ionq_forte_simulated,2026-07-10T16:50:06.135925+00:00,1,False,2024000.0,1012000.0,3.2,0.0074,0.00064,0.9972553886779589,"Run - Jul 10, 2026 at 22:18:59"
Q0,26,1849928.9046372157,924964.4574736216,0.005753100274364292,0.00044160907446781454,0.010780000000000001,3.2005159550952125,15.02062005487286,4.537233907250981e-07,-5558.127867104486,Active,ionq_forte_simulated,2026-07-10T16:50:08.661141+00:00,1,False,2000000.0,1000000.0,3.2,0.005,0.0004,0.9981415871953505,"Run - Jul 10, 2026 at 22:18:59"
Q1,26,1850853.8690637592,925426.9396868934,0.0058661002743642925,0.0004526490744678146,0.010780000000000001,3.2005159550952125,15.02062005487286,4.537233907250981e-07,-5560.906926889438,Active,ionq_forte_simulated,2026-07-10T16:50:08.663149+00:00,1,False,2001000.0,1000500.0,3.2,0.0051,0.00041000000000000005,0.9981043751953504,"Run - Jul 10, 2026 at 22:18:59"
Q2,26,1851778.8334903028,925889.4219001652,0.005979100274364292,0.00046368907446781455,0.010780000000000001,3.2005159550952125,15.02062005487286,4.537233907250981e-07,-5563.685986674624,Active,ionq_forte_simulated,2026-07-10T16:50:08.665149+00:00,1,False,2002000.0,1001000.0,3.2,0.0052,0.00042,0.9980671631953504,"Run - Jul 10, 2026 at 22:18:59"
Q3,26,1852703.7979168463,926351.9041134369,0.006092100274364292,0.0004747290744678146,0.010780000000000001,3.2005159550952125,15.02062005487286,4.537233907250981e-07,-5566.465046459576,Active,ionq_forte_simulated,2026-07-10T16:50:08.668151+00:00,1,False,2003000.0,1001500.0,3.2,0.0053,0.00043000000000000004,0.9980299511953503,"Run - Jul 10, 2026 at 22:18:59"
Q4,26,1853628.76234339,926814.3863267087,0.006205100274364292,0.00048576907446781455,0.010780000000000001,3.2005159550952125,15.02062005487286,4.537233907250981e-07,-5569.244106244529,Active,ionq_forte_simulated,2026-07-10T16:50:08.671150+00:00,1,False,2004000.0,1002000.0,3.2,0.0054,0.00044,0.9979927391953503,"Run - Jul 10, 2026 at 22:18:59"
Q5,26,1854553.7267699332,927276.8685399804,0.006318100274364292,0.0004968090744678146,0.010780000000000001,3.2005159550952125,15.02062005487286,4.537233907250981e-07,-5572.023166029714,Active,ionq_forte_simulated,2026-07-10T16:50:08.674165+00:00,1,False,2005000.0,1002500.0,3.2,0.0055,0.00045000000000000004,0.9979555271953503,"Run - Jul 10, 2026 at 22:18:59"
Q6,26,1855478.6911964768,927739.3507532522,0.006431100274364292,0.0005078490744678146,0.010780000000000001,3.2005159550952125,15.02062005487286,4.537233907250981e-07,-5574.802225814667,Active,ionq_forte_simulated,2026-07-10T16:50:08.677159+00:00,1,False,2006000.0,1003000.0,3.2,0.0056,0.00046,0.9979183151953503,"Run - Jul 10, 2026 at 22:18:59"
Q7,26,1856403.6556230204,928201.832966524,0.006544100274364292,0.0005188890744678146,0.010780000000000001,3.2005159550952125,15.02062005487286,4.537233907250981e-07,-5577.581285599619,Active,ionq_forte_simulated,2026-07-10T16:50:08.679160+00:00,1,False,2007000.0,1003500.0,3.2,0.0057,0.00047000000000000004,0.9978811031953505,"Run - Jul 10, 2026 at 22:18:59"
Q8,26,1857328.620049564,928664.3151797957,0.006657100274364293,0.0005299290744678146,0.010780000000000001,3.2005159550952125,15.02062005487286,4.537233907250981e-07,-5580.3603453848045,Active,ionq_forte_simulated,2026-07-10T16:50:08.682157+00:00,1,False,2008000.0,1004000.0,3.2,0.0058000000000000005,0.00048,0.9978438911953504,"Run - Jul 10, 2026 at 22:18:59"
Q9,26,1858253.5844761075,929126.7973930675,0.006770100274364292,0.0005409690744678146,0.010780000000000001,3.2005159550952125,15.02062005487286,4.537233907250981e-07,-5583.139405169757,Active,ionq_forte_simulated,2026-07-10T16:50:08.684159+00:00,1,False,2009000.0,1004500.0,3.2,0.0059,0.00049,0.9978066791953504,"Run - Jul 10, 2026 at 22:18:59"
Q10,26,1859178.548902651,929589.2796063393,0.006883100274364292,0.0005520090744678146,0.010780000000000001,3.2005159550952125,15.02062005487286,4.537233907250981e-07,-5585.91846495471,Active,ionq_forte_simulated,2026-07-10T16:50:08.686676+00:00,1,False,2010000.0,1005000.0,3.2,0.006,0.0005,0.9977694671953503,"Run - Jul 10, 2026 at 22:18:59"
Q11,26,1860103.5133291946,930051.7618196111,0.0069961002743642925,0.0005630490744678147,0.010780000000000001,3.2005159550952125,15.02062005487286,4.537233907250981e-07,-5588.697524739662,Active,ionq_forte_simulated,2026-07-10T16:50:08.689690+00:00,1,False,2011000.0,1005500.0,3.2,0.0061,0.00051,0.9977322551953504,"Run - Jul 10, 2026 at 22:18:59"
Q12,26,1861028.4777557382,930514.2440328829,0.007109100274364293,0.0005740890744678147,0.010780000000000001,3.2005159550952125,15.02062005487286,4.537233907250981e-07,-5591.476584524615,Active,ionq_forte_simulated,2026-07-10T16:50:08.692406+00:00,1,False,2012000.0,1006000.0,3.2,0.006200000000000001,0.0005200000000000001,0.9976950431953503,"Run - Jul 10, 2026 at 22:18:59"
Q13,26,1861953.4421822818,930976.7262461546,0.007222100274364292,0.0005851290744678147,0.010780000000000001,3.2005159550952125,15.02062005487286,4.537233907250981e-07,-5594.255644309567,Active,ionq_forte_simulated,2026-07-10T16:50:08.695145+00:00,1,False,2013000.0,1006500.0,3.2,0.0063,0.0005300000000000001,0.9976578311953503,"Run - Jul 10, 2026 at 22:18:59"
Q14,26,1862878.4066088253,931439.2084594264,0.007335100274364292,0.0005961690744678146,0.010780000000000001,3.2005159550952125,15.02062005487286,4.537233907250981e-07,-5597.03470409452,Active,ionq_forte_simulated,2026-07-10T16:50:08.697848+00:00,1,False,2014000.0,1007000.0,3.2,0.0064,0.00054,0.9976206191953505,"Run - Jul 10, 2026 at 22:18:59"
Q15,26,1863803.3710353686,931901.6906726981,0.007448100274364293,0.0006072090744678147,0.010780000000000001,3.2005159550952125,15.02062005487286,4.537233907250981e-07,-5599.813763879938,Active,ionq_forte_simulated,2026-07-10T16:50:08.699492+00:00,1,False,2015000.0,1007500.0,3.2,0.006500000000000001,0.00055,0.9975834071953504,"Run - Jul 10, 2026 at 22:18:59"
Q16,26,1864728.3354619122,932364.1728859699,0.007561100274364292,0.0006182490744678147,0.010780000000000001,3.2005159550952125,15.02062005487286,4.537233907250981e-07,-5602.592823664891,Active,ionq_forte_simulated,2026-07-10T16:50:08.702241+00:00,1,False,2016000.0,1008000.0,3.2,0.0066,0.0005600000000000001,0.9975461951953504,"Run - Jul 10, 2026 at 22:18:59"
Q17,26,1865653.2998884558,932826.6550992416,0.007674100274364292,0.0006292890744678146,0.010780000000000001,3.2005159550952125,15.02062005487286,4.537233907250981e-07,-5605.371883449843,Active,ionq_forte_simulated,2026-07-10T16:50:08.705364+00:00,1,False,2017000.0,1008500.0,3.2,0.0067,0.00057,0.9975089831953503,"Run - Jul 10, 2026 at 22:18:59"
Q18,26,1866578.2643149993,933289.1373125134,0.0077871002743642925,0.0006403290744678146,0.010780000000000001,3.2005159550952125,15.02062005487286,4.537233907250981e-07,-5608.150943234796,Active,ionq_forte_simulated,2026-07-10T16:50:08.708367+00:00,1,False,2018000.0,1009000.0,3.2,0.0068000000000000005,0.00058,0.9974717711953504,"Run - Jul 10, 2026 at 22:18:59"
Q19,26,1867503.228741543,933751.6195257852,0.007900100274364292,0.0006513690744678147,0.010780000000000001,3.2005159550952125,15.02062005487286,4.537233907250981e-07,-5610.930003019748,Active,ionq_forte_simulated,2026-07-10T16:50:08.710365+00:00,1,False,2019000.0,1009500.0,3.2,0.0069,0.00059,0.9974345591953503,"Run - Jul 10, 2026 at 22:18:59"
Q20,26,1868428.1931680865,934214.101739057,0.008013100274364292,0.0006624090744678147,0.010780000000000001,3.2005159550952125,15.02062005487286,4.537233907250981e-07,-5613.709062804701,Active,ionq_forte_simulated,2026-07-10T16:50:08.713365+00:00,1,False,2020000.0,1010000.0,3.2,0.007,0.0006000000000000001,0.9973973471953503,"Run - Jul 10, 2026 at 22:18:59"
Q21,26,1869353.15759463,934676.5839523288,0.008126100274364292,0.0006734490744678147,0.010780000000000001,3.2005159550952125,15.02062005487286,4.537233907250981e-07,-5616.488122589886,Active,ionq_forte_simulated,2026-07-10T16:50:08.715365+00:00,1,False,2021000.0,1010500.0,3.2,0.0071,0.0006100000000000001,0.9973601351953503,"Run - Jul 10, 2026 at 22:18:59"
Q22,26,1870278.1220211736,935139.0661656006,0.008239100274364293,0.0006844890744678145,0.010780000000000001,3.2005159550952125,15.02062005487286,4.537233907250981e-07,-5619.267182374839,Active,ionq_forte_simulated,2026-07-10T16:50:08.717365+00:00,1,False,2022000.0,1011000.0,3.2,0.0072,0.00062,0.9973229231953504,"Run - Jul 10, 2026 at 22:18:59"
Q23,26,1871203.0864477172,935601.5483788723,0.008352100274364293,0.0006955290744678146,0.010780000000000001,3.2005159550952125,15.02062005487286,4.537233907250981e-07,-5622.046242159791,Active,ionq_forte_simulated,2026-07-10T16:50:08.720372+00:00,1,False,2023000.0,1011500.0,3.2,0.0073,0.00063,0.9972857111953504,"Run - Jul 10, 2026 at 22:18:59"
Q24,26,1872128.0508742607,936064.0305921441,0.008465100274364293,0.0007065690744678146,0.010780000000000001,3.2005159550952125,15.02062005487286,4.537233907250981e-07,-5624.825301944744,Active,ionq_forte_simulated,2026-07-10T16:50:08.723379+00:00,1,False,2024000.0,1012000.0,3.2,0.0074,0.00064,0.9972484991953503,"Run - Jul 10, 2026 at 22:18:59"
Q0,27,1844387.4256272041,922193.7170874008,0.005760475976046766,0.0004432059492066331,0.01081,3.2004276773405653,15.017095195209354,2.97460331654946e-07,-5541.479010011535,Active,ionq_forte_simulated,2026-07-10T16:50:12.065139+00:00,1,False,2000000.0,1000000.0,3.2,0.005,0.0004,0.998138895422424,"Run - Jul 10, 2026 at 22:18:59"
Q1,27,1845309.6193186487,922654.8139331231,0.005873975976046766,0.0004542859492066332,0.01081,3.2004276773405653,15.017095195209354,2.97460331654946e-07,-5544.2497451105155,Active,ionq_forte_simulated,2026-07-10T16:50:12.069137+00:00,1,False,2001000.0,1000500.0,3.2,0.0051,0.00041000000000000005,0.998101521422424,"Run - Jul 10, 2026 at 22:18:59"
Q2,27,1846231.8130100933,923115.9107788454,0.005987475976046766,0.00046536594920663314,0.01081,3.2004276773405653,15.017095195209354,2.97460331654946e-07,-5547.020480209496,Active,ionq_forte_simulated,2026-07-10T16:50:12.071708+00:00,1,False,2002000.0,1001000.0,3.2,0.0052,0.00042,0.9980641474224239,"Run - Jul 10, 2026 at 22:18:59"
Q3,27,1847154.006701538,923577.0076245678,0.006100975976046766,0.00047644594920663314,0.01081,3.2004276773405653,15.017095195209354,2.97460331654946e-07,-5549.791215308243,Active,ionq_forte_simulated,2026-07-10T16:50:12.074726+00:00,1,False,2003000.0,1001500.0,3.2,0.0053,0.00043000000000000004,0.998026773422424,"Run - Jul 10, 2026 at 22:18:59"
Q4,27,1848076.2003929827,924038.1044702901,0.0062144759760467665,0.00048752594920663315,0.01081,3.2004276773405653,15.017095195209354,2.97460331654946e-07,-5552.561950407224,Active,ionq_forte_simulated,2026-07-10T16:50:12.077721+00:00,1,False,2004000.0,1002000.0,3.2,0.0054,0.00044,0.9979893994224239,"Run - Jul 10, 2026 at 22:18:59"
Q5,27,1848998.3940844273,924499.2013160124,0.0063279759760467656,0.0004986059492066332,0.01081,3.2004276773405653,15.017095195209354,2.97460331654946e-07,-5555.332685505971,Active,ionq_forte_simulated,2026-07-10T16:50:12.079720+00:00,1,False,2005000.0,1002500.0,3.2,0.0055,0.00045000000000000004,0.9979520254224239,"Run - Jul 10, 2026 at 22:18:59"
Q6,27,1849920.5877758719,924960.2981617347,0.0064414759760467654,0.0005096859492066332,0.01081,3.2004276773405653,15.017095195209354,2.97460331654946e-07,-5558.103420604952,Active,ionq_forte_simulated,2026-07-10T16:50:12.082722+00:00,1,False,2006000.0,1003000.0,3.2,0.0056,0.00046,0.997914651422424,"Run - Jul 10, 2026 at 22:18:59"
Q7,27,1850842.7814673164,925421.395007457,0.006554975976046766,0.0005207659492066332,0.01081,3.2004276773405653,15.017095195209354,2.97460331654946e-07,-5560.874155703932,Active,ionq_forte_simulated,2026-07-10T16:50:12.085722+00:00,1,False,2007000.0,1003500.0,3.2,0.0057,0.00047000000000000004,0.9978772774224239,"Run - Jul 10, 2026 at 22:18:59"
Q8,27,1851764.975158761,925882.4918531793,0.006668475976046766,0.0005318459492066332,0.01081,3.2004276773405653,15.017095195209354,2.97460331654946e-07,-5563.644890802912,Active,ionq_forte_simulated,2026-07-10T16:50:12.087719+00:00,1,False,2008000.0,1004000.0,3.2,0.0058000000000000005,0.00048,0.9978399034224239,"Run - Jul 10, 2026 at 22:18:59"
Q9,27,1852687.1688502056,926343.5886989016,0.006781975976046766,0.0005429259492066331,0.01081,3.2004276773405653,15.017095195209354,2.97460331654946e-07,-5566.415625901893,Active,ionq_forte_simulated,2026-07-10T16:50:12.091236+00:00,1,False,2009000.0,1004500.0,3.2,0.0059,0.00049,0.997802529422424,"Run - Jul 10, 2026 at 22:18:59"
Q10,27,1853609.3625416502,926804.6855446239,0.006895475976046766,0.0005540059492066331,0.01081,3.2004276773405653,15.017095195209354,2.97460331654946e-07,-5569.186361000873,Active,ionq_forte_simulated,2026-07-10T16:50:12.094235+00:00,1,False,2010000.0,1005000.0,3.2,0.006,0.0005,0.9977651554224238,"Run - Jul 10, 2026 at 22:18:59"
Q11,27,1854531.5562330948,927265.7823903462,0.007008975976046767,0.0005650859492066332,0.01081,3.2004276773405653,15.017095195209354,2.97460331654946e-07,-5571.9570960998535,Active,ionq_forte_simulated,2026-07-10T16:50:12.096234+00:00,1,False,2011000.0,1005500.0,3.2,0.0061,0.00051,0.9977277814224239,"Run - Jul 10, 2026 at 22:18:59"
Q12,27,1855453.7499245394,927726.8792360685,0.0071224759760467665,0.0005761659492066332,0.01081,3.2004276773405653,15.017095195209354,2.97460331654946e-07,-5574.727831198834,Active,ionq_forte_simulated,2026-07-10T16:50:12.098234+00:00,1,False,2012000.0,1006000.0,3.2,0.006200000000000001,0.0005200000000000001,0.997690407422424,"Run - Jul 10, 2026 at 22:18:59"
Q13,27,1856375.9436159842,928187.9760817909,0.0072359759760467655,0.0005872459492066332,0.01081,3.2004276773405653,15.017095195209354,2.97460331654946e-07,-5577.498566297581,Active,ionq_forte_simulated,2026-07-10T16:50:12.100234+00:00,1,False,2013000.0,1006500.0,3.2,0.0063,0.0005300000000000001,0.9976530334224241,"Run - Jul 10, 2026 at 22:18:59"
Q14,27,1857298.1373074288,928649.0729275132,0.007349475976046766,0.0005983259492066331,0.01081,3.2004276773405653,15.017095195209354,2.97460331654946e-07,-5580.269301396562,Active,ionq_forte_simulated,2026-07-10T16:50:12.103238+00:00,1,False,2014000.0,1007000.0,3.2,0.0064,0.00054,0.9976156594224239,"Run - Jul 10, 2026 at 22:18:59"
Q15,27,1858220.3309988733,929110.1697732355,0.007462975976046766,0.0006094059492066331,0.01081,3.2004276773405653,15.017095195209354,2.97460331654946e-07,-5583.040036495309,Active,ionq_forte_simulated,2026-07-10T16:50:12.106238+00:00,1,False,2015000.0,1007500.0,3.2,0.006500000000000001,0.00055,0.997578285422424,"Run - Jul 10, 2026 at 22:18:59"
Q16,27,1859142.524690318,929571.2666189577,0.007576475976046766,0.0006204859492066332,0.01081,3.2004276773405653,15.017095195209354,2.97460331654946e-07,-5585.81077159429,Active,ionq_forte_simulated,2026-07-10T16:50:12.108237+00:00,1,False,2016000.0,1008000.0,3.2,0.0066,0.0005600000000000001,0.997540911422424,"Run - Jul 10, 2026 at 22:18:59"
Q17,27,1860064.7183817625,930032.36346468,0.007689975976046766,0.0006315659492066331,0.01081,3.2004276773405653,15.017095195209354,2.97460331654946e-07,-5588.58150669327,Active,ionq_forte_simulated,2026-07-10T16:50:12.110240+00:00,1,False,2017000.0,1008500.0,3.2,0.0067,0.00057,0.9975035374224239,"Run - Jul 10, 2026 at 22:18:59"
Q18,27,1860986.912073207,930493.4603104023,0.007803475976046767,0.0006426459492066332,0.01081,3.2004276773405653,15.017095195209354,2.97460331654946e-07,-5591.35224179225,Active,ionq_forte_simulated,2026-07-10T16:50:12.113235+00:00,1,False,2018000.0,1009000.0,3.2,0.0068000000000000005,0.00058,0.997466163422424,"Run - Jul 10, 2026 at 22:18:59"
Q19,27,1861909.1057646517,930954.5571561246,0.007916975976046766,0.0006537259492066332,0.01081,3.2004276773405653,15.017095195209354,2.97460331654946e-07,-5594.122976891231,Active,ionq_forte_simulated,2026-07-10T16:50:12.115235+00:00,1,False,2019000.0,1009500.0,3.2,0.0069,0.00059,0.997428789422424,"Run - Jul 10, 2026 at 22:18:59"
Q20,27,1862831.2994560963,931415.6540018469,0.008030475976046766,0.0006648059492066332,0.01081,3.2004276773405653,15.017095195209354,2.97460331654946e-07,-5596.893711990211,Active,ionq_forte_simulated,2026-07-10T16:50:12.118237+00:00,1,False,2020000.0,1010000.0,3.2,0.007,0.0006000000000000001,0.997391415422424,"Run - Jul 10, 2026 at 22:18:59"
Q21,27,1863753.4931475408,931876.7508475692,0.008143975976046765,0.0006758859492066332,0.01081,3.2004276773405653,15.017095195209354,2.97460331654946e-07,-5599.6644470891915,Active,ionq_forte_simulated,2026-07-10T16:50:12.121235+00:00,1,False,2021000.0,1010500.0,3.2,0.0071,0.0006100000000000001,0.997354041422424,"Run - Jul 10, 2026 at 22:18:59"
Q22,27,1864675.6868389857,932337.8476932916,0.008257475976046766,0.0006869659492066331,0.01081,3.2004276773405653,15.017095195209354,2.97460331654946e-07,-5602.435182187939,Active,ionq_forte_simulated,2026-07-10T16:50:12.123237+00:00,1,False,2022000.0,1011000.0,3.2,0.0072,0.00062,0.9973166674224241,"Run - Jul 10, 2026 at 22:18:59"
Q23,27,1865597.8805304302,932798.9445390139,0.008370975976046765,0.0006980459492066332,0.01081,3.2004276773405653,15.017095195209354,2.97460331654946e-07,-5605.205917286919,Active,ionq_forte_simulated,2026-07-10T16:50:12.126235+00:00,1,False,2023000.0,1011500.0,3.2,0.0073,0.00063,0.997279293422424,"Run - Jul 10, 2026 at 22:18:59"
Q24,27,1866520.0742218748,933260.0413847362,0.008484475976046766,0.0007091259492066332,0.01081,3.2004276773405653,15.017095195209354,2.97460331654946e-07,-5607.9766523859,Active,ionq_forte_simulated,2026-07-10T16:50:12.129235+00:00,1,False,2024000.0,1012000.0,3.2,0.0074,0.00064,0.997241919422424,"Run - Jul 10, 2026 at 22:18:59"
Q0,28,1838862.5456890643,919431.2761944137,0.005766997630031182,0.00044480136737218214,0.01084,3.200335056518765,15.013399526006236,6.83686091039168e-08,-5524.879938139813,Active,ionq_forte_simulated,2026-07-10T16:50:15.103773+00:00,1,False,2000000.0,1000000.0,3.2,0.005,0.0004,0.9981364603007791,"Run - Jul 10, 2026 at 22:18:59"
Q1,28,1839781.9769451595,919890.9918224612,0.005880997630031182,0.00045592136737218213,0.01084,3.200335056518765,15.013399526006236,6.83686091039168e-08,-5527.642373489216,Active,ionq_forte_simulated,2026-07-10T16:50:15.106772+00:00,1,False,2001000.0,1000500.0,3.2,0.0051,0.00041000000000000005,0.9980989243007791,"Run - Jul 10, 2026 at 22:18:59"
Q2,28,1840701.4082012547,920350.7074505088,0.005994997630031181,0.0004670413673721821,0.01084,3.200335056518765,15.013399526006236,6.83686091039168e-08,-5530.404808838619,Active,ionq_forte_simulated,2026-07-10T16:50:15.108772+00:00,1,False,2002000.0,1001000.0,3.2,0.0052,0.00042,0.998061388300779,"Run - Jul 10, 2026 at 22:18:59"
Q3,28,1841620.8394573496,920810.4230785563,0.006108997630031181,0.00047816136737218216,0.01084,3.200335056518765,15.013399526006236,6.83686091039168e-08,-5533.1672441884875,Active,ionq_forte_simulated,2026-07-10T16:50:15.110772+00:00,1,False,2003000.0,1001500.0,3.2,0.0053,0.00043000000000000004,0.998023852300779,"Run - Jul 10, 2026 at 22:18:59"
Q4,28,1842540.2707134448,921270.1387066039,0.006222997630031182,0.0004892813673721821,0.01084,3.200335056518765,15.013399526006236,6.83686091039168e-08,-5535.9296795378905,Active,ionq_forte_simulated,2026-07-10T16:50:15.112773+00:00,1,False,2004000.0,1002000.0,3.2,0.0054,0.00044,0.9979863163007789,"Run - Jul 10, 2026 at 22:18:59"
Q5,28,1843459.70196954,921729.8543346515,0.006336997630031181,0.0005004013673721822,0.01084,3.200335056518765,15.013399526006236,6.83686091039168e-08,-5538.692114887293,Active,ionq_forte_simulated,2026-07-10T16:50:15.114772+00:00,1,False,2005000.0,1002500.0,3.2,0.0055,0.00045000000000000004,0.9979487803007789,"Run - Jul 10, 2026 at 22:18:59"
Q6,28,1844379.1332256352,922189.5699626991,0.006450997630031182,0.0005115213673721821,0.01084,3.200335056518765,15.013399526006236,6.83686091039168e-08,-5541.454550236696,Active,ionq_forte_simulated,2026-07-10T16:50:15.117775+00:00,1,False,2006000.0,1003000.0,3.2,0.0056,0.00046,0.9979112443007789,"Run - Jul 10, 2026 at 22:18:59"
Q7,28,1845298.56448173,922649.2855907466,0.006564997630031182,0.0005226413673721822,0.01084,3.200335056518765,15.013399526006236,6.83686091039168e-08,-5544.216985586332,Active,ionq_forte_simulated,2026-07-10T16:50:15.119771+00:00,1,False,2007000.0,1003500.0,3.2,0.0057,0.00047000000000000004,0.9978737083007789,"Run - Jul 10, 2026 at 22:18:59"
Q8,28,1846217.9957378253,923109.0012187941,0.0066789976300311825,0.0005337613673721822,0.01084,3.200335056518765,15.013399526006236,6.83686091039168e-08,-5546.979420935735,Active,ionq_forte_simulated,2026-07-10T16:50:15.122775+00:00,1,False,2008000.0,1004000.0,3.2,0.0058000000000000005,0.00048,0.9978361723007789,"Run - Jul 10, 2026 at 22:18:59"
Q9,28,1847137.4269939205,923568.7168468417,0.006792997630031181,0.0005448813673721821,0.01084,3.200335056518765,15.013399526006236,6.83686091039168e-08,-5549.741856285138,Active,ionq_forte_simulated,2026-07-10T16:50:15.124774+00:00,1,False,2009000.0,1004500.0,3.2,0.0059,0.00049,0.9977986363007789,"Run - Jul 10, 2026 at 22:18:59"
Q10,28,1848056.8582500156,924028.4324748893,0.0069069976300311815,0.0005560013673721821,0.01084,3.200335056518765,15.013399526006236,6.83686091039168e-08,-5552.504291634541,Active,ionq_forte_simulated,2026-07-10T16:50:15.126773+00:00,1,False,2010000.0,1005000.0,3.2,0.006,0.0005,0.9977611003007789,"Run - Jul 10, 2026 at 22:18:59"
Q11,28,1848976.2895061108,924488.1481029369,0.007020997630031182,0.0005671213673721821,0.01084,3.200335056518765,15.013399526006236,6.83686091039168e-08,-5555.266726983944,Active,ionq_forte_simulated,2026-07-10T16:50:15.128771+00:00,1,False,2011000.0,1005500.0,3.2,0.0061,0.00051,0.997723564300779,"Run - Jul 10, 2026 at 22:18:59"
Q12,28,1849895.7207622058,924947.8637309844,0.007134997630031182,0.0005782413673721822,0.01084,3.200335056518765,15.013399526006236,6.83686091039168e-08,-5558.02916233358,Active,ionq_forte_simulated,2026-07-10T16:50:15.131249+00:00,1,False,2012000.0,1006000.0,3.2,0.006200000000000001,0.0005200000000000001,0.997686028300779,"Run - Jul 10, 2026 at 22:18:59"
Q13,28,1850815.152018301,925407.579359032,0.007248997630031182,0.0005893613673721822,0.01084,3.200335056518765,15.013399526006236,6.83686091039168e-08,-5560.7915976832155,Active,ionq_forte_simulated,2026-07-10T16:50:15.133259+00:00,1,False,2013000.0,1006500.0,3.2,0.0063,0.0005300000000000001,0.997648492300779,"Run - Jul 10, 2026 at 22:18:59"
Q14,28,1851734.5832743961,925867.2949870796,0.007362997630031182,0.0006004813673721821,0.01084,3.200335056518765,15.013399526006236,6.83686091039168e-08,-5563.5540330326185,Active,ionq_forte_simulated,2026-07-10T16:50:15.136259+00:00,1,False,2014000.0,1007000.0,3.2,0.0064,0.00054,0.997610956300779,"Run - Jul 10, 2026 at 22:18:59"
Q15,28,1852654.0145304913,926327.0106151272,0.007476997630031183,0.0006116013673721822,0.01084,3.200335056518765,15.013399526006236,6.83686091039168e-08,-5566.316468382021,Active,ionq_forte_simulated,2026-07-10T16:50:15.138258+00:00,1,False,2015000.0,1007500.0,3.2,0.006500000000000001,0.00055,0.9975734203007791,"Run - Jul 10, 2026 at 22:18:59"
Q16,28,1853573.4457865863,926786.7262431746,0.007590997630031182,0.0006227213673721822,0.01084,3.200335056518765,15.013399526006236,6.83686091039168e-08,-5569.078903731657,Active,ionq_forte_simulated,2026-07-10T16:50:15.140257+00:00,1,False,2016000.0,1008000.0,3.2,0.0066,0.0005600000000000001,0.9975358843007789,"Run - Jul 10, 2026 at 22:18:59"
Q17,28,1854492.8770426814,927246.4418712222,0.007704997630031182,0.000633841367372182,0.01084,3.200335056518765,15.013399526006236,6.83686091039168e-08,-5571.84133908106,Active,ionq_forte_simulated,2026-07-10T16:50:15.142258+00:00,1,False,2017000.0,1008500.0,3.2,0.0067,0.00057,0.997498348300779,"Run - Jul 10, 2026 at 22:18:59"
Q18,28,1855412.3082987766,927706.1574992698,0.007818997630031181,0.0006449613673721821,0.01084,3.200335056518765,15.013399526006236,6.83686091039168e-08,-5574.603774430463,Active,ionq_forte_simulated,2026-07-10T16:50:15.145256+00:00,1,False,2018000.0,1009000.0,3.2,0.0068000000000000005,0.00058,0.997460812300779,"Run - Jul 10, 2026 at 22:18:59"
Q19,28,1856331.7395548718,928165.8731273174,0.007932997630031182,0.0006560813673721821,0.01084,3.200335056518765,15.013399526006236,6.83686091039168e-08,-5577.366209779866,Active,ionq_forte_simulated,2026-07-10T16:50:15.147258+00:00,1,False,2019000.0,1009500.0,3.2,0.0069,0.00059,0.9974232763007791,"Run - Jul 10, 2026 at 22:18:59"
Q20,28,1857251.1708109668,928625.5887553649,0.008046997630031182,0.0006672013673721822,0.01084,3.200335056518765,15.013399526006236,6.83686091039168e-08,-5580.128645129502,Active,ionq_forte_simulated,2026-07-10T16:50:15.149257+00:00,1,False,2020000.0,1010000.0,3.2,0.007,0.0006000000000000001,0.9973857403007791,"Run - Jul 10, 2026 at 22:18:59"
Q21,28,1858170.602067062,929085.3043834125,0.008160997630031181,0.0006783213673721822,0.01084,3.200335056518765,15.013399526006236,6.83686091039168e-08,-5582.891080478905,Active,ionq_forte_simulated,2026-07-10T16:50:15.152262+00:00,1,False,2021000.0,1010500.0,3.2,0.0071,0.0006100000000000001,0.9973482043007789,"Run - Jul 10, 2026 at 22:18:59"
Q22,28,1859090.033323157,929545.0200114601,0.008274997630031181,0.0006894413673721821,0.01084,3.200335056518765,15.013399526006236,6.83686091039168e-08,-5585.653515828541,Active,ionq_forte_simulated,2026-07-10T16:50:15.154257+00:00,1,False,2022000.0,1011000.0,3.2,0.0072,0.00062,0.997310668300779,"Run - Jul 10, 2026 at 22:18:59"
Q23,28,1860009.4645792523,930004.7356395076,0.008388997630031182,0.0007005613673721822,0.01084,3.200335056518765,15.013399526006236,6.83686091039168e-08,-5588.4159511779435,Active,ionq_forte_simulated,2026-07-10T16:50:15.157260+00:00,1,False,2023000.0,1011500.0,3.2,0.0073,0.00063,0.997273132300779,"Run - Jul 10, 2026 at 22:18:59"
Q24,28,1860928.8958353472,930464.4512675551,0.008502997630031182,0.0007116813673721822,0.01084,3.200335056518765,15.013399526006236,6.83686091039168e-08,-5591.178386527579,Active,ionq_forte_simulated,2026-07-10T16:50:15.159260+00:00,1,False,2024000.0,1012000.0,3.2,0.0074,0.00064,0.997235596300779,"Run - Jul 10, 2026 at 22:18:59"
Q0,29,1833354.2151912374,916677.109988112,0.005772849865842797,0.00044640354924266795,0.01087,3.2002390718670806,15.00956997316856,-1.774621333943525e-07,-5508.330497826915,Active,ionq_forte_simulated,2026-07-10T16:50:18.121169+00:00,1,False,2000000.0,1000000.0,3.2,0.005,0.0004,0.9981342239754744,"Run - Jul 10, 2026 at 22:18:59"
Q1,29,1834270.8922868704,917135.4485359285,0.005887349865842798,0.00045756354924266797,0.01087,3.2002390718670806,15.00956997316856,-1.774621333943525e-07,-5511.084658289095,Active,ionq_forte_simulated,2026-07-10T16:50:18.124178+00:00,1,False,2001000.0,1000500.0,3.2,0.0051,0.00041000000000000005,0.9980965259754744,"Run - Jul 10, 2026 at 22:18:59"
Q2,29,1835187.5693825036,917593.7870837451,0.006001849865842797,0.00046872354924266794,0.01087,3.2002390718670806,15.00956997316856,-1.774621333943525e-07,-5513.838818751043,Active,ionq_forte_simulated,2026-07-10T16:50:18.127180+00:00,1,False,2002000.0,1001000.0,3.2,0.0052,0.00042,0.9980588279754743,"Run - Jul 10, 2026 at 22:18:59"
Q3,29,1836104.2464781369,918052.1256315617,0.006116349865842797,0.00047988354924266796,0.01087,3.2002390718670806,15.00956997316856,-1.774621333943525e-07,-5516.592979212757,Active,ionq_forte_simulated,2026-07-10T16:50:18.129689+00:00,1,False,2003000.0,1001500.0,3.2,0.0053,0.00043000000000000004,0.9980211299754743,"Run - Jul 10, 2026 at 22:18:59"
Q4,29,1837020.9235737699,918510.4641793782,0.006230849865842797,0.000491043549242668,0.01087,3.2002390718670806,15.00956997316856,-1.774621333943525e-07,-5519.347139674937,Active,ionq_forte_simulated,2026-07-10T16:50:18.132700+00:00,1,False,2004000.0,1002000.0,3.2,0.0054,0.00044,0.9979834319754743,"Run - Jul 10, 2026 at 22:18:59"
Q5,29,1837937.600669403,918968.8027271949,0.006345349865842797,0.000502203549242668,0.01087,3.2002390718670806,15.00956997316856,-1.774621333943525e-07,-5522.101300136885,Active,ionq_forte_simulated,2026-07-10T16:50:18.135703+00:00,1,False,2005000.0,1002500.0,3.2,0.0055,0.00045000000000000004,0.9979457339754745,"Run - Jul 10, 2026 at 22:18:59"
Q6,29,1838854.2777650363,919427.1412750115,0.006459849865842797,0.0005133635492426679,0.01087,3.2002390718670806,15.00956997316856,-1.774621333943525e-07,-5524.855460598832,Active,ionq_forte_simulated,2026-07-10T16:50:18.138698+00:00,1,False,2006000.0,1003000.0,3.2,0.0056,0.00046,0.9979080359754744,"Run - Jul 10, 2026 at 22:18:59"
Q7,29,1839770.9548606693,919885.479822828,0.006574349865842797,0.000524523549242668,0.01087,3.2002390718670806,15.00956997316856,-1.774621333943525e-07,-5527.609621060779,Active,ionq_forte_simulated,2026-07-10T16:50:18.142700+00:00,1,False,2007000.0,1003500.0,3.2,0.0057,0.00047000000000000004,0.9978703379754743,"Run - Jul 10, 2026 at 22:18:59"
Q8,29,1840687.6319563026,920343.8183706446,0.006688849865842798,0.000535683549242668,0.01087,3.2002390718670806,15.00956997316856,-1.774621333943525e-07,-5530.363781522727,Active,ionq_forte_simulated,2026-07-10T16:50:18.144699+00:00,1,False,2008000.0,1004000.0,3.2,0.0058000000000000005,0.00048,0.9978326399754742,"Run - Jul 10, 2026 at 22:18:59"
Q9,29,1841604.3090519358,920802.1569184612,0.006803349865842797,0.0005468435492426679,0.01087,3.2002390718670806,15.00956997316856,-1.774621333943525e-07,-5533.117941984674,Active,ionq_forte_simulated,2026-07-10T16:50:18.147697+00:00,1,False,2009000.0,1004500.0,3.2,0.0059,0.00049,0.9977949419754744,"Run - Jul 10, 2026 at 22:18:59"
Q10,29,1842520.9861475688,921260.4954662777,0.006917849865842797,0.0005580035492426679,0.01087,3.2002390718670806,15.00956997316856,-1.774621333943525e-07,-5535.872102446854,Active,ionq_forte_simulated,2026-07-10T16:50:18.150701+00:00,1,False,2010000.0,1005000.0,3.2,0.006,0.0005,0.9977572439754744,"Run - Jul 10, 2026 at 22:18:59"
Q11,29,1843437.663243202,921718.8340140943,0.007032349865842797,0.000569163549242668,0.01087,3.2002390718670806,15.00956997316856,-1.774621333943525e-07,-5538.626262908801,Active,ionq_forte_simulated,2026-07-10T16:50:18.153700+00:00,1,False,2011000.0,1005500.0,3.2,0.0061,0.00051,0.9977195459754744,"Run - Jul 10, 2026 at 22:18:59"
Q12,29,1844354.340338835,922177.1725619108,0.007146849865842798,0.000580323549242668,0.01087,3.2002390718670806,15.00956997316856,-1.774621333943525e-07,-5541.380423370749,Active,ionq_forte_simulated,2026-07-10T16:50:18.156702+00:00,1,False,2012000.0,1006000.0,3.2,0.006200000000000001,0.0005200000000000001,0.9976818479754743,"Run - Jul 10, 2026 at 22:18:59"
Q13,29,1845271.0174344683,922635.5111097274,0.007261349865842797,0.000591483549242668,0.01087,3.2002390718670806,15.00956997316856,-1.774621333943525e-07,-5544.134583832696,Active,ionq_forte_simulated,2026-07-10T16:50:18.159699+00:00,1,False,2013000.0,1006500.0,3.2,0.0063,0.0005300000000000001,0.9976441499754742,"Run - Jul 10, 2026 at 22:18:59"
Q14,29,1846187.6945301015,923093.849657544,0.007375849865842797,0.000602643549242668,0.01087,3.2002390718670806,15.00956997316856,-1.774621333943525e-07,-5546.888744294643,Active,ionq_forte_simulated,2026-07-10T16:50:18.161701+00:00,1,False,2014000.0,1007000.0,3.2,0.0064,0.00054,0.9976064519754744,"Run - Jul 10, 2026 at 22:18:59"
Q15,29,1847104.3716257345,923552.1882053606,0.007490349865842798,0.000613803549242668,0.01087,3.2002390718670806,15.00956997316856,-1.774621333943525e-07,-5549.642904756824,Active,ionq_forte_simulated,2026-07-10T16:50:18.164700+00:00,1,False,2015000.0,1007500.0,3.2,0.006500000000000001,0.00055,0.9975687539754743,"Run - Jul 10, 2026 at 22:18:59"
Q16,29,1848021.0487213677,924010.5267531772,0.007604849865842797,0.000624963549242668,0.01087,3.2002390718670806,15.00956997316856,-1.774621333943525e-07,-5552.397065218538,Active,ionq_forte_simulated,2026-07-10T16:50:18.167703+00:00,1,False,2016000.0,1008000.0,3.2,0.0066,0.0005600000000000001,0.9975310559754744,"Run - Jul 10, 2026 at 22:18:59"
Q17,29,1848937.725817001,924468.8653009938,0.007719349865842797,0.0006361235492426679,0.01087,3.2002390718670806,15.00956997316856,-1.774621333943525e-07,-5555.151225680485,Active,ionq_forte_simulated,2026-07-10T16:50:18.170700+00:00,1,False,2017000.0,1008500.0,3.2,0.0067,0.00057,0.9974933579754744,"Run - Jul 10, 2026 at 22:18:59"
Q18,29,1849854.402912634,924927.2038488103,0.007833849865842797,0.000647283549242668,0.01087,3.2002390718670806,15.00956997316856,-1.774621333943525e-07,-5557.9053861426655,Active,ionq_forte_simulated,2026-07-10T16:50:18.173703+00:00,1,False,2018000.0,1009000.0,3.2,0.0068000000000000005,0.00058,0.9974556599754744,"Run - Jul 10, 2026 at 22:18:59"
Q19,29,1850771.0800082672,925385.5423966269,0.007948349865842795,0.0006584435492426679,0.01087,3.2002390718670806,15.00956997316856,-1.774621333943525e-07,-5560.659546604613,Active,ionq_forte_simulated,2026-07-10T16:50:18.176699+00:00,1,False,2019000.0,1009500.0,3.2,0.0069,0.00059,0.9974179619754743,"Run - Jul 10, 2026 at 22:18:59"
Q20,29,1851687.7571039004,925843.8809444435,0.008062849865842795,0.000669603549242668,0.01087,3.2002390718670806,15.00956997316856,-1.774621333943525e-07,-5563.413707066327,Active,ionq_forte_simulated,2026-07-10T16:50:18.179708+00:00,1,False,2020000.0,1010000.0,3.2,0.007,0.0006000000000000001,0.9973802639754743,"Run - Jul 10, 2026 at 22:18:59"
Q21,29,1852604.4341995334,926302.21949226,0.008177349865842797,0.0006807635492426681,0.01087,3.2002390718670806,15.00956997316856,-1.774621333943525e-07,-5566.1678675285075,Active,ionq_forte_simulated,2026-07-10T16:50:18.182710+00:00,1,False,2021000.0,1010500.0,3.2,0.0071,0.0006100000000000001,0.9973425659754744,"Run - Jul 10, 2026 at 22:18:59"
Q22,29,1853521.1112951667,926760.5580400766,0.008291849865842795,0.0006919235492426679,0.01087,3.2002390718670806,15.00956997316856,-1.774621333943525e-07,-5568.922027990455,Active,ionq_forte_simulated,2026-07-10T16:50:18.185711+00:00,1,False,2022000.0,1011000.0,3.2,0.0072,0.00062,0.9973048679754744,"Run - Jul 10, 2026 at 22:18:59"
Q23,29,1854437.7883908,927218.8965878933,0.008406349865842795,0.000703083549242668,0.01087,3.2002390718670806,15.00956997316856,-1.774621333943525e-07,-5571.676188452402,Active,ionq_forte_simulated,2026-07-10T16:50:18.188711+00:00,1,False,2023000.0,1011500.0,3.2,0.0073,0.00063,0.9972671699754744,"Run - Jul 10, 2026 at 22:18:59"
Q24,29,1855354.465486433,927677.2351357098,0.008520849865842797,0.000714243549242668,0.01087,3.2002390718670806,15.00956997316856,-1.774621333943525e-07,-5574.430348914349,Active,ionq_forte_simulated,2026-07-10T16:50:18.191305+00:00,1,False,2024000.0,1012000.0,3.2,0.0074,0.00064,0.9972294719754744,"Run - Jul 10, 2026 at 22:18:59"
Q0,30,1827862.3846544572,913931.1937384286,0.005778224001611973,0.00044800759687912864,0.010900000000000002,3.2001407401641035,15.005644800322395,-3.7984395642941065e-07,-5491.83053678018,Active,ionq_forte_simulated,2026-07-10T16:50:21.570181+00:00,1,False,2000000.0,1000000.0,3.2,0.005,0.0004,0.9981321305204526,"Run - Jul 10, 2026 at 22:18:59"
Q1,30,1828776.3158397283,914388.1593310642,0.005893224001611973,0.0004592075968791287,0.010900000000000002,3.2001407401641035,15.005644800322395,-3.7984395642941065e-07,-5494.576447142055,Active,ionq_forte_simulated,2026-07-10T16:50:21.573180+00:00,1,False,2001000.0,1000500.0,3.2,0.0051,0.00041000000000000005,0.9980942705204526,"Run - Jul 10, 2026 at 22:18:59"
Q2,30,1829690.2470249997,914845.1249236999,0.006008224001611972,0.00047040759687912864,0.010900000000000002,3.2001407401641035,15.005644800322395,-3.7984395642941065e-07,-5497.32235750393,Active,ionq_forte_simulated,2026-07-10T16:50:21.575181+00:00,1,False,2002000.0,1001000.0,3.2,0.0052,0.00042,0.9980564105204528,"Run - Jul 10, 2026 at 22:18:59"
Q3,30,1830604.1782102708,915302.0905163354,0.006123224001611973,0.0004816075968791287,0.010900000000000002,3.2001407401641035,15.005644800322395,-3.7984395642941065e-07,-5500.068267866038,Active,ionq_forte_simulated,2026-07-10T16:50:21.578182+00:00,1,False,2003000.0,1001500.0,3.2,0.0053,0.00043000000000000004,0.9980185505204526,"Run - Jul 10, 2026 at 22:18:59"
Q4,30,1831518.1093955422,915759.0561089711,0.006238224001611973,0.0004928075968791286,0.010900000000000002,3.2001407401641035,15.005644800322395,-3.7984395642941065e-07,-5502.81417822768,Active,ionq_forte_simulated,2026-07-10T16:50:21.579183+00:00,1,False,2004000.0,1002000.0,3.2,0.0054,0.00044,0.9979806905204527,"Run - Jul 10, 2026 at 22:18:59"
Q5,30,1832432.0405808133,916216.0217016067,0.006353224001611972,0.0005040075968791287,0.010900000000000002,3.2001407401641035,15.005644800322395,-3.7984395642941065e-07,-5505.5600885897875,Active,ionq_forte_simulated,2026-07-10T16:50:21.581183+00:00,1,False,2005000.0,1002500.0,3.2,0.0055,0.00045000000000000004,0.9979428305204527,"Run - Jul 10, 2026 at 22:18:59"
Q6,30,1833345.9717660847,916672.9872942424,0.0064682240016119726,0.0005152075968791286,0.010900000000000002,3.2001407401641035,15.005644800322395,-3.7984395642941065e-07,-5508.305998951662,Active,ionq_forte_simulated,2026-07-10T16:50:21.583192+00:00,1,False,2006000.0,1003000.0,3.2,0.0056,0.00046,0.9979049705204528,"Run - Jul 10, 2026 at 22:18:59"
Q7,30,1834259.9029513558,917129.9528868779,0.006583224001611973,0.0005264075968791287,0.010900000000000002,3.2001407401641035,15.005644800322395,-3.7984395642941065e-07,-5511.051909313537,Active,ionq_forte_simulated,2026-07-10T16:50:21.585193+00:00,1,False,2007000.0,1003500.0,3.2,0.0057,0.00047000000000000004,0.9978671105204526,"Run - Jul 10, 2026 at 22:18:59"
Q8,30,1835173.834136627,917586.9184795135,0.006698224001611973,0.0005376075968791286,0.010900000000000002,3.2001407401641035,15.005644800322395,-3.7984395642941065e-07,-5513.797819675645,Active,ionq_forte_simulated,2026-07-10T16:50:21.587191+00:00,1,False,2008000.0,1004000.0,3.2,0.0058000000000000005,0.00048,0.9978292505204527,"Run - Jul 10, 2026 at 22:18:59"
Q9,30,1836087.7653218983,918043.8840721492,0.006813224001611972,0.0005488075968791286,0.010900000000000002,3.2001407401641035,15.005644800322395,-3.7984395642941065e-07,-5516.54373003752,Active,ionq_forte_simulated,2026-07-10T16:50:21.589199+00:00,1,False,2009000.0,1004500.0,3.2,0.0059,0.00049,0.9977913905204527,"Run - Jul 10, 2026 at 22:18:59"
Q10,30,1837001.6965071694,918500.8496647847,0.006928224001611973,0.0005600075968791286,0.010900000000000002,3.2001407401641035,15.005644800322395,-3.7984395642941065e-07,-5519.289640399395,Active,ionq_forte_simulated,2026-07-10T16:50:21.591189+00:00,1,False,2010000.0,1005000.0,3.2,0.006,0.0005,0.9977535305204527,"Run - Jul 10, 2026 at 22:18:59"
Q11,30,1837915.6276924408,918957.8152574204,0.0070432240016119725,0.0005712075968791287,0.010900000000000002,3.2001407401641035,15.005644800322395,-3.7984395642941065e-07,-5522.035550761269,Active,ionq_forte_simulated,2026-07-10T16:50:21.593194+00:00,1,False,2011000.0,1005500.0,3.2,0.0061,0.00051,0.9977156705204526,"Run - Jul 10, 2026 at 22:18:59"
Q12,30,1838829.5588777119,919414.780850056,0.007158224001611973,0.0005824075968791288,0.010900000000000002,3.2001407401641035,15.005644800322395,-3.7984395642941065e-07,-5524.781461123144,Active,ionq_forte_simulated,2026-07-10T16:50:21.595189+00:00,1,False,2012000.0,1006000.0,3.2,0.006200000000000001,0.0005200000000000001,0.9976778105204527,"Run - Jul 10, 2026 at 22:18:59"
Q13,30,1839743.4900629832,919871.7464426917,0.007273224001611973,0.0005936075968791287,0.010900000000000002,3.2001407401641035,15.005644800322395,-3.7984395642941065e-07,-5527.527371485019,Active,ionq_forte_simulated,2026-07-10T16:50:21.596188+00:00,1,False,2013000.0,1006500.0,3.2,0.0063,0.0005300000000000001,0.9976399505204527,"Run - Jul 10, 2026 at 22:18:59"
Q14,30,1840657.4212482544,920328.7120353272,0.007388224001611972,0.0006048075968791287,0.010900000000000002,3.2001407401641035,15.005644800322395,-3.7984395642941065e-07,-5530.273281847127,Active,ionq_forte_simulated,2026-07-10T16:50:21.598710+00:00,1,False,2014000.0,1007000.0,3.2,0.0064,0.00054,0.9976020905204527,"Run - Jul 10, 2026 at 22:18:59"
Q15,30,1841571.3524335257,920785.6776279629,0.007503224001611973,0.0006160075968791287,0.010900000000000002,3.2001407401641035,15.005644800322395,-3.7984395642941065e-07,-5533.019192208769,Active,ionq_forte_simulated,2026-07-10T16:50:21.601712+00:00,1,False,2015000.0,1007500.0,3.2,0.006500000000000001,0.00055,0.9975642305204526,"Run - Jul 10, 2026 at 22:18:59"
Q16,30,1842485.2836187968,921242.6432205985,0.0076182240016119725,0.0006272075968791288,0.010900000000000002,3.2001407401641035,15.005644800322395,-3.7984395642941065e-07,-5535.7651025708765,Active,ionq_forte_simulated,2026-07-10T16:50:21.603710+00:00,1,False,2016000.0,1008000.0,3.2,0.0066,0.0005600000000000001,0.9975263705204527,"Run - Jul 10, 2026 at 22:18:59"
Q17,30,1843399.214804068,921699.608813234,0.007733224001611973,0.0006384075968791286,0.010900000000000002,3.2001407401641035,15.005644800322395,-3.7984395642941065e-07,-5538.511012932984,Active,ionq_forte_simulated,2026-07-10T16:50:21.606707+00:00,1,False,2017000.0,1008500.0,3.2,0.0067,0.00057,0.9974885105204526,"Run - Jul 10, 2026 at 22:18:59"
Q18,30,1844313.1459893393,922156.5744058697,0.007848224001611974,0.0006496075968791287,0.010900000000000002,3.2001407401641035,15.005644800322395,-3.7984395642941065e-07,-5541.256923294626,Active,ionq_forte_simulated,2026-07-10T16:50:21.608708+00:00,1,False,2018000.0,1009000.0,3.2,0.0068000000000000005,0.00058,0.9974506505204526,"Run - Jul 10, 2026 at 22:18:59"
Q19,30,1845227.0771746105,922613.5399985053,0.007963224001611972,0.0006608075968791287,0.010900000000000002,3.2001407401641035,15.005644800322395,-3.7984395642941065e-07,-5544.002833656734,Active,ionq_forte_simulated,2026-07-10T16:50:21.610704+00:00,1,False,2019000.0,1009500.0,3.2,0.0069,0.00059,0.9974127905204526,"Run - Jul 10, 2026 at 22:18:59"
Q20,30,1846141.0083598818,923070.505591141,0.008078224001611973,0.0006720075968791288,0.010900000000000002,3.2001407401641035,15.005644800322395,-3.7984395642941065e-07,-5546.748744018609,Active,ionq_forte_simulated,2026-07-10T16:50:21.612705+00:00,1,False,2020000.0,1010000.0,3.2,0.007,0.0006000000000000001,0.9973749305204527,"Run - Jul 10, 2026 at 22:18:59"
Q21,30,1847054.939545153,923527.4711837765,0.008193224001611973,0.0006832075968791287,0.010900000000000002,3.2001407401641035,15.005644800322395,-3.7984395642941065e-07,-5549.494654380484,Active,ionq_forte_simulated,2026-07-10T16:50:21.614708+00:00,1,False,2021000.0,1010500.0,3.2,0.0071,0.0006100000000000001,0.9973370705204527,"Run - Jul 10, 2026 at 22:18:59"
Q22,30,1847968.8707304243,923984.4367764122,0.008308224001611972,0.0006944075968791287,0.010900000000000002,3.2001407401641035,15.005644800322395,-3.7984395642941065e-07,-5552.240564742358,Active,ionq_forte_simulated,2026-07-10T16:50:21.617324+00:00,1,False,2022000.0,1011000.0,3.2,0.0072,0.00062,0.9972992105204526,"Run - Jul 10, 2026 at 22:18:59"
Q23,30,1848882.8019156954,924441.4023690477,0.008423224001611973,0.0007056075968791287,0.010900000000000002,3.2001407401641035,15.005644800322395,-3.7984395642941065e-07,-5554.986475104466,Active,ionq_forte_simulated,2026-07-10T16:50:21.619889+00:00,1,False,2023000.0,1011500.0,3.2,0.0073,0.00063,0.9972613505204527,"Run - Jul 10, 2026 at 22:18:59"
Q24,30,1849796.7331009668,924898.3679616834,0.008538224001611973,0.0007168075968791287,0.010900000000000002,3.2001407401641035,15.005644800322395,-3.7984395642941065e-07,-5557.732385466108,Active,ionq_forte_simulated,2026-07-10T16:50:21.621887+00:00,1,False,2024000.0,1012000.0,3.2,0.0074,0.00064,0.9972234905204527,"Run - Jul 10, 2026 at 22:18:59"
Q0,31,1822387.0047503475,911193.5027909803,0.005783316132486659,0.0004496097845346283,0.01093,3.200041091435702,15.001663226497332,-4.892267314094422e-07,-5475.379904109752,Active,ionq_forte_simulated,2026-07-10T16:50:24.902257+00:00,1,False,2000000.0,1000000.0,3.2,0.005,0.0004,0.9981301222248936,"Run - Jul 10, 2026 at 22:18:59"
Q1,31,1823298.1982506437,911649.0995411284,0.005898816132486659,0.00046084978453462833,0.01093,3.200041091435702,15.001663226497332,-4.892267314094422e-07,-5478.117589084664,Active,ionq_forte_simulated,2026-07-10T16:50:24.905260+00:00,1,False,2001000.0,1000500.0,3.2,0.0051,0.00041000000000000005,0.9980921002248936,"Run - Jul 10, 2026 at 22:18:59"
Q2,31,1824209.3917509397,912104.6962912764,0.006014316132486658,0.00047208978453462826,0.01093,3.200041091435702,15.001663226497332,-4.892267314094422e-07,-5480.855274060043,Active,ionq_forte_simulated,2026-07-10T16:50:24.908258+00:00,1,False,2002000.0,1001000.0,3.2,0.0052,0.00042,0.9980540782248936,"Run - Jul 10, 2026 at 22:18:59"
Q3,31,1825120.5852512359,912560.2930414245,0.0061298161324866585,0.0004833297845346283,0.01093,3.200041091435702,15.001663226497332,-4.892267314094422e-07,-5483.592959034955,Active,ionq_forte_simulated,2026-07-10T16:50:24.911255+00:00,1,False,2003000.0,1001500.0,3.2,0.0053,0.00043000000000000004,0.9980160562248936,"Run - Jul 10, 2026 at 22:18:59"
Q4,31,1826031.778751532,913015.8897915726,0.006245316132486659,0.0004945697845346283,0.01093,3.200041091435702,15.001663226497332,-4.892267314094422e-07,-5486.3306440101005,Active,ionq_forte_simulated,2026-07-10T16:50:24.913255+00:00,1,False,2004000.0,1002000.0,3.2,0.0054,0.00044,0.9979780342248936,"Run - Jul 10, 2026 at 22:18:59"
Q5,31,1826942.972251828,913471.4865417206,0.006360816132486658,0.0005058097845346282,0.01093,3.200041091435702,15.001663226497332,-4.892267314094422e-07,-5489.068328985246,Active,ionq_forte_simulated,2026-07-10T16:50:24.916258+00:00,1,False,2005000.0,1002500.0,3.2,0.0055,0.00045000000000000004,0.9979400122248936,"Run - Jul 10, 2026 at 22:18:59"
Q6,31,1827854.1657521243,913927.0832918687,0.006476316132486658,0.0005170497845346282,0.01093,3.200041091435702,15.001663226497332,-4.892267314094422e-07,-5491.806013960391,Active,ionq_forte_simulated,2026-07-10T16:50:24.919255+00:00,1,False,2006000.0,1003000.0,3.2,0.0056,0.00046,0.9979019902248936,"Run - Jul 10, 2026 at 22:18:59"
Q7,31,1828765.3592524205,914382.6800420168,0.006591816132486659,0.0005282897845346283,0.01093,3.200041091435702,15.001663226497332,-4.892267314094422e-07,-5494.543698935304,Active,ionq_forte_simulated,2026-07-10T16:50:24.922256+00:00,1,False,2007000.0,1003500.0,3.2,0.0057,0.00047000000000000004,0.9978639682248936,"Run - Jul 10, 2026 at 22:18:59"
Q8,31,1829676.5527527165,914838.2767921648,0.006707316132486659,0.0005395297845346282,0.01093,3.200041091435702,15.001663226497332,-4.892267314094422e-07,-5497.281383910449,Active,ionq_forte_simulated,2026-07-10T16:50:24.925258+00:00,1,False,2008000.0,1004000.0,3.2,0.0058000000000000005,0.00048,0.9978259462248935,"Run - Jul 10, 2026 at 22:18:59"
Q9,31,1830587.7462530127,915293.8735423129,0.006822816132486659,0.0005507697845346282,0.01093,3.200041091435702,15.001663226497332,-4.892267314094422e-07,-5500.019068885595,Active,ionq_forte_simulated,2026-07-10T16:50:24.928254+00:00,1,False,2009000.0,1004500.0,3.2,0.0059,0.00049,0.9977879242248937,"Run - Jul 10, 2026 at 22:18:59"
Q10,31,1831498.939753309,915749.470292461,0.006938316132486659,0.0005620097845346283,0.01093,3.200041091435702,15.001663226497332,-4.892267314094422e-07,-5502.756753860507,Active,ionq_forte_simulated,2026-07-10T16:50:24.930255+00:00,1,False,2010000.0,1005000.0,3.2,0.006,0.0005,0.9977499022248937,"Run - Jul 10, 2026 at 22:18:59"
Q11,31,1832410.133253605,916205.0670426091,0.007053816132486659,0.0005732497845346283,0.01093,3.200041091435702,15.001663226497332,-4.892267314094422e-07,-5505.4944388356525,Active,ionq_forte_simulated,2026-07-10T16:50:24.934259+00:00,1,False,2011000.0,1005500.0,3.2,0.0061,0.00051,0.9977118802248935,"Run - Jul 10, 2026 at 22:18:59"
Q12,31,1833321.326753901,916660.6637927571,0.007169316132486659,0.0005844897845346283,0.01093,3.200041091435702,15.001663226497332,-4.892267314094422e-07,-5508.232123810798,Active,ionq_forte_simulated,2026-07-10T16:50:24.937257+00:00,1,False,2012000.0,1006000.0,3.2,0.006200000000000001,0.0005200000000000001,0.9976738582248936,"Run - Jul 10, 2026 at 22:18:59"
Q13,31,1834232.5202541973,917116.2605429052,0.007284816132486658,0.0005957297845346284,0.01093,3.200041091435702,15.001663226497332,-4.892267314094422e-07,-5510.969808785943,Active,ionq_forte_simulated,2026-07-10T16:50:24.940255+00:00,1,False,2013000.0,1006500.0,3.2,0.0063,0.0005300000000000001,0.9976358362248936,"Run - Jul 10, 2026 at 22:18:59"
Q14,31,1835143.7137544935,917571.8572930533,0.0074003161324866585,0.0006069697845346282,0.01093,3.200041091435702,15.001663226497332,-4.892267314094422e-07,-5513.707493760856,Active,ionq_forte_simulated,2026-07-10T16:50:24.943257+00:00,1,False,2014000.0,1007000.0,3.2,0.0064,0.00054,0.9975978142248936,"Run - Jul 10, 2026 at 22:18:59"
Q15,31,1836054.9072547895,918027.4540432013,0.0075158161324866595,0.0006182097845346282,0.01093,3.200041091435702,15.001663226497332,-4.892267314094422e-07,-5516.445178736234,Active,ionq_forte_simulated,2026-07-10T16:50:24.945255+00:00,1,False,2015000.0,1007500.0,3.2,0.006500000000000001,0.00055,0.9975597922248938,"Run - Jul 10, 2026 at 22:18:59"
Q16,31,1836966.1007550857,918483.0507933494,0.007631316132486659,0.0006294497845346283,0.01093,3.200041091435702,15.001663226497332,-4.892267314094422e-07,-5519.182863711147,Active,ionq_forte_simulated,2026-07-10T16:50:24.948265+00:00,1,False,2016000.0,1008000.0,3.2,0.0066,0.0005600000000000001,0.9975217702248935,"Run - Jul 10, 2026 at 22:18:59"
Q17,31,1837877.294255382,918938.6475434975,0.007746816132486659,0.0006406897845346282,0.01093,3.200041091435702,15.001663226497332,-4.892267314094422e-07,-5521.920548686059,Active,ionq_forte_simulated,2026-07-10T16:50:24.952266+00:00,1,False,2017000.0,1008500.0,3.2,0.0067,0.00057,0.9974837482248937,"Run - Jul 10, 2026 at 22:18:59"
Q18,31,1838788.487755678,919394.2442936455,0.00786231613248666,0.0006519297845346282,0.01093,3.200041091435702,15.001663226497332,-4.892267314094422e-07,-5524.658233661437,Active,ionq_forte_simulated,2026-07-10T16:50:24.954266+00:00,1,False,2018000.0,1009000.0,3.2,0.0068000000000000005,0.00058,0.9974457262248937,"Run - Jul 10, 2026 at 22:18:59"
Q19,31,1839699.681255974,919849.8410437936,0.00797781613248666,0.0006631697845346283,0.01093,3.200041091435702,15.001663226497332,-4.892267314094422e-07,-5527.39591863635,Active,ionq_forte_simulated,2026-07-10T16:50:24.958268+00:00,1,False,2019000.0,1009500.0,3.2,0.0069,0.00059,0.9974077042248937,"Run - Jul 10, 2026 at 22:18:59"
Q20,31,1840610.8747562703,920305.4377939417,0.008093316132486659,0.0006744097845346283,0.01093,3.200041091435702,15.001663226497332,-4.892267314094422e-07,-5530.133603611495,Active,ionq_forte_simulated,2026-07-10T16:50:24.961266+00:00,1,False,2020000.0,1010000.0,3.2,0.007,0.0006000000000000001,0.9973696822248936,"Run - Jul 10, 2026 at 22:18:59"
Q21,31,1841522.0682565663,920761.0345440897,0.00820881613248666,0.0006856497845346283,0.01093,3.200041091435702,15.001663226497332,-4.892267314094422e-07,-5532.871288586641,Active,ionq_forte_simulated,2026-07-10T16:50:24.964123+00:00,1,False,2021000.0,1010500.0,3.2,0.0071,0.0006100000000000001,0.9973316602248936,"Run - Jul 10, 2026 at 22:18:59"
Q22,31,1842433.2617568625,921216.6312942378,0.008324316132486659,0.0006968897845346282,0.01093,3.200041091435702,15.001663226497332,-4.892267314094422e-07,-5535.608973561786,Active,ionq_forte_simulated,2026-07-10T16:50:24.966769+00:00,1,False,2022000.0,1011000.0,3.2,0.0072,0.00062,0.9972936382248936,"Run - Jul 10, 2026 at 22:18:59"
Q23,31,1843344.4552571587,921672.2280443859,0.008439816132486658,0.0007081297845346283,0.01093,3.200041091435702,15.001663226497332,-4.892267314094422e-07,-5538.346658536699,Active,ionq_forte_simulated,2026-07-10T16:50:24.969780+00:00,1,False,2023000.0,1011500.0,3.2,0.0073,0.00063,0.9972556162248936,"Run - Jul 10, 2026 at 22:18:59"
Q24,31,1844255.6487574547,922127.8247945339,0.008555316132486659,0.0007193697845346283,0.01093,3.200041091435702,15.001663226497332,-4.892267314094422e-07,-5541.084343512077,Active,ionq_forte_simulated,2026-07-10T16:50:24.972782+00:00,1,False,2024000.0,1012000.0,3.2,0.0074,0.00064,0.9972175942248935,"Run - Jul 10, 2026 at 22:18:59"
Q0,32,1816928.026299998,908464.0125662576,0.005811674828685515,0.0004512095765948033,0.010960000000000001,3.1999411470268324,15.002334965737104,-4.788297401616923e-07,-5458.978450349532,Active,ionq_forte_simulated,2026-07-10T16:50:28.522359+00:00,1,False,2000000.0,1000000.0,3.2,0.005,0.0004,0.9981211346784158,"Run - Jul 10, 2026 at 22:18:59"
Q1,32,1817836.4903160667,908918.244574292,0.005927674828685516,0.0004624895765948033,0.010960000000000001,3.1999411470268324,15.002334965737104,-4.788297401616923e-07,-5461.707934577018,Active,ionq_forte_simulated,2026-07-10T16:50:28.525363+00:00,1,False,2001000.0,1000500.0,3.2,0.0051,0.00041000000000000005,0.9980829506784159,"Run - Jul 10, 2026 at 22:18:59"
Q2,32,1818744.9543321354,909372.4765823263,0.006043674828685515,0.0004737695765948033,0.010960000000000001,3.1999411470268324,15.002334965737104,-4.788297401616923e-07,-5464.437418804271,Active,ionq_forte_simulated,2026-07-10T16:50:28.527363+00:00,1,False,2002000.0,1001000.0,3.2,0.0052,0.00042,0.9980447666784158,"Run - Jul 10, 2026 at 22:18:59"
Q3,32,1819653.418348204,909826.7085903607,0.006159674828685516,0.00048504957659480335,0.010960000000000001,3.1999411470268324,15.002334965737104,-4.788297401616923e-07,-5467.166903031757,Active,ionq_forte_simulated,2026-07-10T16:50:28.529360+00:00,1,False,2003000.0,1001500.0,3.2,0.0053,0.00043000000000000004,0.9980065826784159,"Run - Jul 10, 2026 at 22:18:59"
Q4,32,1820561.8823642728,910280.9405983951,0.006275674828685515,0.0004963295765948033,0.010960000000000001,3.1999411470268324,15.002334965737104,-4.788297401616923e-07,-5469.896387259243,Active,ionq_forte_simulated,2026-07-10T16:50:28.531364+00:00,1,False,2004000.0,1002000.0,3.2,0.0054,0.00044,0.9979683986784158,"Run - Jul 10, 2026 at 22:18:59"
Q5,32,1821470.3463803416,910735.1726064294,0.006391674828685515,0.0005076095765948033,0.010960000000000001,3.1999411470268324,15.002334965737104,-4.788297401616923e-07,-5472.625871486496,Active,ionq_forte_simulated,2026-07-10T16:50:28.534361+00:00,1,False,2005000.0,1002500.0,3.2,0.0055,0.00045000000000000004,0.9979302146784159,"Run - Jul 10, 2026 at 22:18:59"
Q6,32,1822378.8103964103,911189.4046144638,0.006507674828685515,0.0005188895765948033,0.010960000000000001,3.1999411470268324,15.002334965737104,-4.788297401616923e-07,-5475.355355713982,Active,ionq_forte_simulated,2026-07-10T16:50:28.536360+00:00,1,False,2006000.0,1003000.0,3.2,0.0056,0.00046,0.9978920306784158,"Run - Jul 10, 2026 at 22:18:59"
Q7,32,1823287.274412479,911643.6366224982,0.006623674828685516,0.0005301695765948033,0.010960000000000001,3.1999411470268324,15.002334965737104,-4.788297401616923e-07,-5478.084839941468,Active,ionq_forte_simulated,2026-07-10T16:50:28.538361+00:00,1,False,2007000.0,1003500.0,3.2,0.0057,0.00047000000000000004,0.9978538466784159,"Run - Jul 10, 2026 at 22:18:59"
Q8,32,1824195.7384285475,912097.8686305324,0.006739674828685516,0.0005414495765948032,0.010960000000000001,3.1999411470268324,15.002334965737104,-4.788297401616923e-07,-5480.814324168954,Active,ionq_forte_simulated,2026-07-10T16:50:28.541360+00:00,1,False,2008000.0,1004000.0,3.2,0.0058000000000000005,0.00048,0.9978156626784158,"Run - Jul 10, 2026 at 22:18:59"
Q9,32,1825104.2024446162,912552.1006385668,0.006855674828685515,0.0005527295765948032,0.010960000000000001,3.1999411470268324,15.002334965737104,-4.788297401616923e-07,-5483.54380839644,Active,ionq_forte_simulated,2026-07-10T16:50:28.542905+00:00,1,False,2009000.0,1004500.0,3.2,0.0059,0.00049,0.9977774786784159,"Run - Jul 10, 2026 at 22:18:59"
Q10,32,1826012.666460685,913006.3326466011,0.006971674828685516,0.0005640095765948032,0.010960000000000001,3.1999411470268324,15.002334965737104,-4.788297401616923e-07,-5486.273292623926,Active,ionq_forte_simulated,2026-07-10T16:50:28.544922+00:00,1,False,2010000.0,1005000.0,3.2,0.006,0.0005,0.9977392946784158,"Run - Jul 10, 2026 at 22:18:59"
Q11,32,1826921.1304767537,913460.5646546355,0.007087674828685516,0.0005752895765948032,0.010960000000000001,3.1999411470268324,15.002334965737104,-4.788297401616923e-07,-5489.002776851412,Active,ionq_forte_simulated,2026-07-10T16:50:28.547569+00:00,1,False,2011000.0,1005500.0,3.2,0.0061,0.00051,0.9977011106784159,"Run - Jul 10, 2026 at 22:18:59"
Q12,32,1827829.5944928224,913914.7966626699,0.007203674828685516,0.0005865695765948033,0.010960000000000001,3.1999411470268324,15.002334965737104,-4.788297401616923e-07,-5491.732261078665,Active,ionq_forte_simulated,2026-07-10T16:50:28.549087+00:00,1,False,2012000.0,1006000.0,3.2,0.006200000000000001,0.0005200000000000001,0.9976629266784158,"Run - Jul 10, 2026 at 22:18:59"
Q13,32,1828738.0585088911,914369.0286707042,0.007319674828685515,0.0005978495765948034,0.010960000000000001,3.1999411470268324,15.002334965737104,-4.788297401616923e-07,-5494.461745306151,Active,ionq_forte_simulated,2026-07-10T16:50:28.552513+00:00,1,False,2013000.0,1006500.0,3.2,0.0063,0.0005300000000000001,0.9976247426784159,"Run - Jul 10, 2026 at 22:18:59"
Q14,32,1829646.5225249599,914823.2606787386,0.007435674828685516,0.0006091295765948033,0.010960000000000001,3.1999411470268324,15.002334965737104,-4.788297401616923e-07,-5497.191229533637,Active,ionq_forte_simulated,2026-07-10T16:50:28.554513+00:00,1,False,2014000.0,1007000.0,3.2,0.0064,0.00054,0.9975865586784158,"Run - Jul 10, 2026 at 22:18:59"
Q15,32,1830554.9865410286,915277.492686773,0.007551674828685516,0.0006204095765948033,0.010960000000000001,3.1999411470268324,15.002334965737104,-4.788297401616923e-07,-5499.92071376089,Active,ionq_forte_simulated,2026-07-10T16:50:28.556513+00:00,1,False,2015000.0,1007500.0,3.2,0.006500000000000001,0.00055,0.997548374678416,"Run - Jul 10, 2026 at 22:18:59"
Q16,32,1831463.4505570973,915731.7246948073,0.007667674828685515,0.0006316895765948033,0.010960000000000001,3.1999411470268324,15.002334965737104,-4.788297401616923e-07,-5502.650197988376,Active,ionq_forte_simulated,2026-07-10T16:50:28.558512+00:00,1,False,2016000.0,1008000.0,3.2,0.0066,0.0005600000000000001,0.997510190678416,"Run - Jul 10, 2026 at 22:18:59"
Q17,32,1832371.914573166,916185.9567028417,0.007783674828685515,0.0006429695765948032,0.010960000000000001,3.1999411470268324,15.002334965737104,-4.788297401616923e-07,-5505.379682215862,Active,ionq_forte_simulated,2026-07-10T16:50:28.560513+00:00,1,False,2017000.0,1008500.0,3.2,0.0067,0.00057,0.997472006678416,"Run - Jul 10, 2026 at 22:18:59"
Q18,32,1833280.3785892348,916640.188710876,0.007899674828685515,0.0006542495765948032,0.010960000000000001,3.1999411470268324,15.002334965737104,-4.788297401616923e-07,-5508.109166443115,Active,ionq_forte_simulated,2026-07-10T16:50:28.562511+00:00,1,False,2018000.0,1009000.0,3.2,0.0068000000000000005,0.00058,0.997433822678416,"Run - Jul 10, 2026 at 22:18:59"
Q19,32,1834188.8426053033,917094.4207189103,0.008015674828685515,0.0006655295765948033,0.010960000000000001,3.1999411470268324,15.002334965737104,-4.788297401616923e-07,-5510.838650670834,Active,ionq_forte_simulated,2026-07-10T16:50:28.564512+00:00,1,False,2019000.0,1009500.0,3.2,0.0069,0.00059,0.997395638678416,"Run - Jul 10, 2026 at 22:18:59"
Q20,32,1835097.306621372,917548.6527269447,0.008131674828685515,0.0006768095765948033,0.010960000000000001,3.1999411470268324,15.002334965737104,-4.788297401616923e-07,-5513.56813489832,Active,ionq_forte_simulated,2026-07-10T16:50:28.566512+00:00,1,False,2020000.0,1010000.0,3.2,0.007,0.0006000000000000001,0.9973574546784159,"Run - Jul 10, 2026 at 22:18:59"
Q21,32,1836005.7706374407,918002.884734979,0.008247674828685516,0.0006880895765948034,0.010960000000000001,3.1999411470268324,15.002334965737104,-4.788297401616923e-07,-5516.297619125573,Active,ionq_forte_simulated,2026-07-10T16:50:28.569511+00:00,1,False,2021000.0,1010500.0,3.2,0.0071,0.0006100000000000001,0.997319270678416,"Run - Jul 10, 2026 at 22:18:59"
Q22,32,1836914.2346535095,918457.1167430134,0.008363674828685516,0.0006993695765948033,0.010960000000000001,3.1999411470268324,15.002334965737104,-4.788297401616923e-07,-5519.027103353059,Active,ionq_forte_simulated,2026-07-10T16:50:28.571512+00:00,1,False,2022000.0,1011000.0,3.2,0.0072,0.00062,0.9972810866784159,"Run - Jul 10, 2026 at 22:18:59"
Q23,32,1837822.6986695782,918911.3487510477,0.008479674828685516,0.0007106495765948033,0.010960000000000001,3.1999411470268324,15.002334965737104,-4.788297401616923e-07,-5521.756587580545,Active,ionq_forte_simulated,2026-07-10T16:50:28.572512+00:00,1,False,2023000.0,1011500.0,3.2,0.0073,0.00063,0.997242902678416,"Run - Jul 10, 2026 at 22:18:59"
Q24,32,1838731.162685647,919365.5807590821,0.008595674828685515,0.0007219295765948033,0.010960000000000001,3.1999411470268324,15.002334965737104,-4.788297401616923e-07,-5524.486071807798,Active,ionq_forte_simulated,2026-07-10T16:50:28.575513+00:00,1,False,2024000.0,1012000.0,3.2,0.0074,0.00064,0.9972047186784159,"Run - Jul 10, 2026 at 22:18:59"
Q0,33,1811485.4002725275,905742.6985588068,0.00585654913882865,0.0004528070239705751,0.01099,3.199841903107328,15.00630982776573,-3.511985287513568e-07,-5442.626027470455,Active,ionq_forte_simulated,2026-07-10T16:50:31.531336+00:00,1,False,2000000.0,1000000.0,3.2,0.005,0.0004,0.9981071931511603,"Run - Jul 10, 2026 at 22:18:59"
Q1,33,1812391.142980551,906195.5699128186,0.00597304913882865,0.00046412702397057514,0.01099,3.199841903107328,15.00630982776573,-3.511985287513568e-07,-5445.347335515544,Active,ionq_forte_simulated,2026-07-10T16:50:31.534335+00:00,1,False,2001000.0,1000500.0,3.2,0.0051,0.00041000000000000005,0.9980688471511603,"Run - Jul 10, 2026 at 22:18:59"
Q2,33,1813296.8856885745,906648.4412668303,0.00608954913882865,0.0004754470239705751,0.01099,3.199841903107328,15.00630982776573,-3.511985287513568e-07,-5448.068643560866,Active,ionq_forte_simulated,2026-07-10T16:50:31.536335+00:00,1,False,2002000.0,1001000.0,3.2,0.0052,0.00042,0.9980305011511601,"Run - Jul 10, 2026 at 22:18:59"
Q3,33,1814202.6283965982,907101.3126208421,0.00620604913882865,0.00048676702397057513,0.01099,3.199841903107328,15.00630982776573,-3.511985287513568e-07,-5450.789951605955,Active,ionq_forte_simulated,2026-07-10T16:50:31.539337+00:00,1,False,2003000.0,1001500.0,3.2,0.0053,0.00043000000000000004,0.9979921551511604,"Run - Jul 10, 2026 at 22:18:59"
Q4,33,1815108.3711046218,907554.183974854,0.00632254913882865,0.000498087023970575,0.01099,3.199841903107328,15.00630982776573,-3.511985287513568e-07,-5453.511259651044,Active,ionq_forte_simulated,2026-07-10T16:50:31.542334+00:00,1,False,2004000.0,1002000.0,3.2,0.0054,0.00044,0.9979538091511602,"Run - Jul 10, 2026 at 22:18:59"
Q5,33,1816014.1138126452,908007.0553288657,0.00643904913882865,0.0005094070239705751,0.01099,3.199841903107328,15.00630982776573,-3.511985287513568e-07,-5456.2325676963665,Active,ionq_forte_simulated,2026-07-10T16:50:31.544333+00:00,1,False,2005000.0,1002500.0,3.2,0.0055,0.00045000000000000004,0.9979154631511602,"Run - Jul 10, 2026 at 22:18:59"
Q6,33,1816919.8565206688,908459.9266828775,0.00655554913882865,0.0005207270239705751,0.01099,3.199841903107328,15.00630982776573,-3.511985287513568e-07,-5458.953875741456,Active,ionq_forte_simulated,2026-07-10T16:50:31.548336+00:00,1,False,2006000.0,1003000.0,3.2,0.0056,0.00046,0.9978771171511602,"Run - Jul 10, 2026 at 22:18:59"
Q7,33,1817825.5992286925,908912.7980368893,0.00667204913882865,0.0005320470239705751,0.01099,3.199841903107328,15.00630982776573,-3.511985287513568e-07,-5461.675183786545,Active,ionq_forte_simulated,2026-07-10T16:50:31.551335+00:00,1,False,2007000.0,1003500.0,3.2,0.0057,0.00047000000000000004,0.9978387711511602,"Run - Jul 10, 2026 at 22:18:59"
Q8,33,1818731.3419367159,909365.669390901,0.0067885491388286505,0.0005433670239705751,0.01099,3.199841903107328,15.00630982776573,-3.511985287513568e-07,-5464.396491831634,Active,ionq_forte_simulated,2026-07-10T16:50:31.553336+00:00,1,False,2008000.0,1004000.0,3.2,0.0058000000000000005,0.00048,0.9978004251511603,"Run - Jul 10, 2026 at 22:18:59"
Q9,33,1819637.0846447395,909818.5407449128,0.00690504913882865,0.000554687023970575,0.01099,3.199841903107328,15.00630982776573,-3.511985287513568e-07,-5467.117799876723,Active,ionq_forte_simulated,2026-07-10T16:50:31.556335+00:00,1,False,2009000.0,1004500.0,3.2,0.0059,0.00049,0.9977620791511602,"Run - Jul 10, 2026 at 22:18:59"
Q10,33,1820542.827352763,910271.4120989245,0.00702154913882865,0.0005660070239705751,0.01099,3.199841903107328,15.00630982776573,-3.511985287513568e-07,-5469.8391079220455,Active,ionq_forte_simulated,2026-07-10T16:50:31.559335+00:00,1,False,2010000.0,1005000.0,3.2,0.006,0.0005,0.9977237331511601,"Run - Jul 10, 2026 at 22:18:59"
Q11,33,1821448.5700607866,910724.2834529363,0.0071380491388286504,0.0005773270239705751,0.01099,3.199841903107328,15.00630982776573,-3.511985287513568e-07,-5472.560415967135,Active,ionq_forte_simulated,2026-07-10T16:50:31.562333+00:00,1,False,2011000.0,1005500.0,3.2,0.0061,0.00051,0.9976853871511602,"Run - Jul 10, 2026 at 22:18:59"
Q12,33,1822354.3127688102,911177.1548069482,0.007254549138828651,0.0005886470239705751,0.01099,3.199841903107328,15.00630982776573,-3.511985287513568e-07,-5475.281724012224,Active,ionq_forte_simulated,2026-07-10T16:50:31.566337+00:00,1,False,2012000.0,1006000.0,3.2,0.006200000000000001,0.0005200000000000001,0.9976470411511602,"Run - Jul 10, 2026 at 22:18:59"
Q13,33,1823260.0554768336,911630.0261609599,0.00737104913882865,0.0005999670239705752,0.01099,3.199841903107328,15.00630982776573,-3.511985287513568e-07,-5478.003032057546,Active,ionq_forte_simulated,2026-07-10T16:50:31.568649+00:00,1,False,2013000.0,1006500.0,3.2,0.0063,0.0005300000000000001,0.9976086951511602,"Run - Jul 10, 2026 at 22:18:59"
Q14,33,1824165.7981848572,912082.8975149717,0.00748754913882865,0.000611287023970575,0.01099,3.199841903107328,15.00630982776573,-3.511985287513568e-07,-5480.724340102635,Active,ionq_forte_simulated,2026-07-10T16:50:31.571658+00:00,1,False,2014000.0,1007000.0,3.2,0.0064,0.00054,0.9975703491511602,"Run - Jul 10, 2026 at 22:18:59"
Q15,33,1825071.5408928809,912535.7688689835,0.007604049138828651,0.000622607023970575,0.01099,3.199841903107328,15.00630982776573,-3.511985287513568e-07,-5483.445648147725,Active,ionq_forte_simulated,2026-07-10T16:50:31.574660+00:00,1,False,2015000.0,1007500.0,3.2,0.006500000000000001,0.00055,0.9975320031511603,"Run - Jul 10, 2026 at 22:18:59"
Q16,33,1825977.2836009043,912988.6402229952,0.00772054913882865,0.0006339270239705751,0.01099,3.199841903107328,15.00630982776573,-3.511985287513568e-07,-5486.166956193047,Active,ionq_forte_simulated,2026-07-10T16:50:31.578658+00:00,1,False,2016000.0,1008000.0,3.2,0.0066,0.0005600000000000001,0.9974936571511602,"Run - Jul 10, 2026 at 22:18:59"
Q17,33,1826883.026308928,913441.511577007,0.00783704913882865,0.000645247023970575,0.01099,3.199841903107328,15.00630982776573,-3.511985287513568e-07,-5488.888264238136,Active,ionq_forte_simulated,2026-07-10T16:50:31.581658+00:00,1,False,2017000.0,1008500.0,3.2,0.0067,0.00057,0.9974553111511602,"Run - Jul 10, 2026 at 22:18:59"
Q18,33,1827788.7690169513,913894.3829310187,0.00795354913882865,0.000656567023970575,0.01099,3.199841903107328,15.00630982776573,-3.511985287513568e-07,-5491.609572283458,Active,ionq_forte_simulated,2026-07-10T16:50:31.584656+00:00,1,False,2018000.0,1009000.0,3.2,0.0068000000000000005,0.00058,0.9974169651511603,"Run - Jul 10, 2026 at 22:18:59"
Q19,33,1828694.511724975,914347.2542850305,0.008070049138828651,0.0006678870239705751,0.01099,3.199841903107328,15.00630982776573,-3.511985287513568e-07,-5494.330880328314,Active,ionq_forte_simulated,2026-07-10T16:50:31.587656+00:00,1,False,2019000.0,1009500.0,3.2,0.0069,0.00059,0.9973786191511602,"Run - Jul 10, 2026 at 22:18:59"
Q20,33,1829600.2544329986,914800.1256390424,0.008186549138828651,0.0006792070239705751,0.01099,3.199841903107328,15.00630982776573,-3.511985287513568e-07,-5497.052188373404,Active,ionq_forte_simulated,2026-07-10T16:50:31.590671+00:00,1,False,2020000.0,1010000.0,3.2,0.007,0.0006000000000000001,0.9973402731511603,"Run - Jul 10, 2026 at 22:18:59"
Q21,33,1830505.997141022,915252.996993054,0.008303049138828652,0.0006905270239705751,0.01099,3.199841903107328,15.00630982776573,-3.511985287513568e-07,-5499.773496418726,Active,ionq_forte_simulated,2026-07-10T16:50:31.593674+00:00,1,False,2021000.0,1010500.0,3.2,0.0071,0.0006100000000000001,0.9973019271511603,"Run - Jul 10, 2026 at 22:18:59"
Q22,33,1831411.7398490456,915705.8683470659,0.00841954913882865,0.0007018470239705751,0.01099,3.199841903107328,15.00630982776573,-3.511985287513568e-07,-5502.494804463815,Active,ionq_forte_simulated,2026-07-10T16:50:31.596670+00:00,1,False,2022000.0,1011000.0,3.2,0.0072,0.00062,0.9972635811511601,"Run - Jul 10, 2026 at 22:18:59"
Q23,33,1832317.482557069,916158.7397010776,0.00853604913882865,0.0007131670239705751,0.01099,3.199841903107328,15.00630982776573,-3.511985287513568e-07,-5505.216112509137,Active,ionq_forte_simulated,2026-07-10T16:50:31.600675+00:00,1,False,2023000.0,1011500.0,3.2,0.0073,0.00063,0.9972252351511603,"Run - Jul 10, 2026 at 22:18:59"
Q24,33,1833223.2252650927,916611.6110550894,0.00865254913882865,0.0007244870239705751,0.01099,3.199841903107328,15.00630982776573,-3.511985287513568e-07,-5507.937420554226,Active,ionq_forte_simulated,2026-07-10T16:50:31.603669+00:00,1,False,2024000.0,1012000.0,3.2,0.0074,0.00064,0.9971868891511602,"Run - Jul 10, 2026 at 22:18:59"
Q0,34,1806059.0777836433,903029.5363364107,0.005901108220405366,0.0004544027516333806,0.01102,3.199744321316304,15.010221644081073,-1.3758166902579846e-07,-5426.322488884209,Active,ionq_forte_simulated,2026-07-10T16:50:35.390772+00:00,1,False,2000000.0,1000000.0,3.2,0.005,0.0004,0.9980933467083883,"Run - Jul 10, 2026 at 22:18:59"
Q1,34,1806962.107335312,903481.0511122451,0.006018108220405366,0.00046576275163338063,0.01102,3.199744321316304,15.010221644081073,-1.3758166902579846e-07,-5429.035645239055,Active,ionq_forte_simulated,2026-07-10T16:50:35.392772+00:00,1,False,2001000.0,1000500.0,3.2,0.0051,0.00041000000000000005,0.9980548387083883,"Run - Jul 10, 2026 at 22:18:59"
Q2,34,1807865.136886981,903932.5658880796,0.006135108220405365,0.0004771227516333806,0.01102,3.199744321316304,15.010221644081073,-1.3758166902579846e-07,-5431.748801593436,Active,ionq_forte_simulated,2026-07-10T16:50:35.394778+00:00,1,False,2002000.0,1001000.0,3.2,0.0052,0.00042,0.9980163307083884,"Run - Jul 10, 2026 at 22:18:59"
Q3,34,1808768.1664386499,904384.080663914,0.006252108220405366,0.0004884827516333807,0.01102,3.199744321316304,15.010221644081073,-1.3758166902579846e-07,-5434.461957948282,Active,ionq_forte_simulated,2026-07-10T16:50:35.397781+00:00,1,False,2003000.0,1001500.0,3.2,0.0053,0.00043000000000000004,0.9979778227083884,"Run - Jul 10, 2026 at 22:18:59"
Q4,34,1809671.1959903187,904835.5954397484,0.006369108220405366,0.0004998427516333807,0.01102,3.199744321316304,15.010221644081073,-1.3758166902579846e-07,-5437.175114303129,Active,ionq_forte_simulated,2026-07-10T16:50:35.399780+00:00,1,False,2004000.0,1002000.0,3.2,0.0054,0.00044,0.9979393147083884,"Run - Jul 10, 2026 at 22:18:59"
Q5,34,1810574.2255419877,905287.1102155829,0.006486108220405365,0.0005112027516333806,0.01102,3.199744321316304,15.010221644081073,-1.3758166902579846e-07,-5439.88827065751,Active,ionq_forte_simulated,2026-07-10T16:50:35.401781+00:00,1,False,2005000.0,1002500.0,3.2,0.0055,0.00045000000000000004,0.9979008067083883,"Run - Jul 10, 2026 at 22:18:59"
Q6,34,1811477.2550936565,905738.6249914173,0.006603108220405366,0.0005225627516333806,0.01102,3.199744321316304,15.010221644081073,-1.3758166902579846e-07,-5442.601427012356,Active,ionq_forte_simulated,2026-07-10T16:50:35.403778+00:00,1,False,2006000.0,1003000.0,3.2,0.0056,0.00046,0.9978622987083884,"Run - Jul 10, 2026 at 22:18:59"
Q7,34,1812380.2846453253,906190.1397672517,0.006720108220405366,0.0005339227516333807,0.01102,3.199744321316304,15.010221644081073,-1.3758166902579846e-07,-5445.314583367202,Active,ionq_forte_simulated,2026-07-10T16:50:35.405782+00:00,1,False,2007000.0,1003500.0,3.2,0.0057,0.00047000000000000004,0.9978237907083883,"Run - Jul 10, 2026 at 22:18:59"
Q8,34,1813283.3141969943,906641.6545430862,0.006837108220405366,0.0005452827516333807,0.01102,3.199744321316304,15.010221644081073,-1.3758166902579846e-07,-5448.027739721583,Active,ionq_forte_simulated,2026-07-10T16:50:35.407779+00:00,1,False,2008000.0,1004000.0,3.2,0.0058000000000000005,0.00048,0.9977852827083884,"Run - Jul 10, 2026 at 22:18:59"
Q9,34,1814186.343748663,907093.1693189206,0.0069541082204053655,0.0005566427516333806,0.01102,3.199744321316304,15.010221644081073,-1.3758166902579846e-07,-5450.74089607643,Active,ionq_forte_simulated,2026-07-10T16:50:35.409835+00:00,1,False,2009000.0,1004500.0,3.2,0.0059,0.00049,0.9977467747083885,"Run - Jul 10, 2026 at 22:18:59"
Q10,34,1815089.373300332,907544.6840947551,0.007071108220405365,0.0005680027516333806,0.01102,3.199744321316304,15.010221644081073,-1.3758166902579846e-07,-5453.45405243081,Active,ionq_forte_simulated,2026-07-10T16:50:35.412838+00:00,1,False,2010000.0,1005000.0,3.2,0.006,0.0005,0.9977082667083883,"Run - Jul 10, 2026 at 22:18:59"
Q11,34,1815992.402852001,907996.1988705895,0.007188108220405366,0.0005793627516333807,0.01102,3.199744321316304,15.010221644081073,-1.3758166902579846e-07,-5456.167208785657,Active,ionq_forte_simulated,2026-07-10T16:50:35.414839+00:00,1,False,2011000.0,1005500.0,3.2,0.0061,0.00051,0.9976697587083883,"Run - Jul 10, 2026 at 22:18:59"
Q12,34,1816895.4324036697,908447.7136464239,0.007305108220405366,0.0005907227516333807,0.01102,3.199744321316304,15.010221644081073,-1.3758166902579846e-07,-5458.880365140503,Active,ionq_forte_simulated,2026-07-10T16:50:35.417839+00:00,1,False,2012000.0,1006000.0,3.2,0.006200000000000001,0.0005200000000000001,0.9976312507083883,"Run - Jul 10, 2026 at 22:18:59"
Q13,34,1817798.4619553387,908899.2284222584,0.007422108220405366,0.0006020827516333807,0.01102,3.199744321316304,15.010221644081073,-1.3758166902579846e-07,-5461.593521494884,Active,ionq_forte_simulated,2026-07-10T16:50:35.419836+00:00,1,False,2013000.0,1006500.0,3.2,0.0063,0.0005300000000000001,0.9975927427083884,"Run - Jul 10, 2026 at 22:18:59"
Q14,34,1818701.4915070075,909350.7431980928,0.007539108220405366,0.0006134427516333806,0.01102,3.199744321316304,15.010221644081073,-1.3758166902579846e-07,-5464.3066778497305,Active,ionq_forte_simulated,2026-07-10T16:50:35.421842+00:00,1,False,2014000.0,1007000.0,3.2,0.0064,0.00054,0.9975542347083883,"Run - Jul 10, 2026 at 22:18:59"
Q15,34,1819604.5210586763,909802.2579739272,0.007656108220405366,0.0006248027516333807,0.01102,3.199744321316304,15.010221644081073,-1.3758166902579846e-07,-5467.019834204577,Active,ionq_forte_simulated,2026-07-10T16:50:35.423838+00:00,1,False,2015000.0,1007500.0,3.2,0.006500000000000001,0.00055,0.9975157267083884,"Run - Jul 10, 2026 at 22:18:59"
Q16,34,1820507.5506103453,910253.7727497617,0.007773108220405366,0.0006361627516333807,0.01102,3.199744321316304,15.010221644081073,-1.3758166902579846e-07,-5469.732990558958,Active,ionq_forte_simulated,2026-07-10T16:50:35.425836+00:00,1,False,2016000.0,1008000.0,3.2,0.0066,0.0005600000000000001,0.9974772187083885,"Run - Jul 10, 2026 at 22:18:59"
Q17,34,1821410.580162014,910705.2875255961,0.007890108220405367,0.0006475227516333806,0.01102,3.199744321316304,15.010221644081073,-1.3758166902579846e-07,-5472.446146913804,Active,ionq_forte_simulated,2026-07-10T16:50:35.427835+00:00,1,False,2017000.0,1008500.0,3.2,0.0067,0.00057,0.9974387107083884,"Run - Jul 10, 2026 at 22:18:59"
Q18,34,1822313.6097136831,911156.8023014306,0.008007108220405366,0.0006588827516333806,0.01102,3.199744321316304,15.010221644081073,-1.3758166902579846e-07,-5475.159303268185,Active,ionq_forte_simulated,2026-07-10T16:50:35.429838+00:00,1,False,2018000.0,1009000.0,3.2,0.0068000000000000005,0.00058,0.9974002027083884,"Run - Jul 10, 2026 at 22:18:59"
Q19,34,1823216.639265352,911608.317077265,0.008124108220405366,0.0006702427516333807,0.01102,3.199744321316304,15.010221644081073,-1.3758166902579846e-07,-5477.872459623031,Active,ionq_forte_simulated,2026-07-10T16:50:35.432836+00:00,1,False,2019000.0,1009500.0,3.2,0.0069,0.00059,0.9973616947083884,"Run - Jul 10, 2026 at 22:18:59"
Q20,34,1824119.6688170207,912059.8318530994,0.008241108220405366,0.0006816027516333807,0.01102,3.199744321316304,15.010221644081073,-1.3758166902579846e-07,-5480.585615977878,Active,ionq_forte_simulated,2026-07-10T16:50:35.434837+00:00,1,False,2020000.0,1010000.0,3.2,0.007,0.0006000000000000001,0.9973231867083884,"Run - Jul 10, 2026 at 22:18:59"
Q21,34,1825022.6983686897,912511.3466289339,0.008358108220405367,0.0006929627516333807,0.01102,3.199744321316304,15.010221644081073,-1.3758166902579846e-07,-5483.2987723322585,Active,ionq_forte_simulated,2026-07-10T16:50:35.436837+00:00,1,False,2021000.0,1010500.0,3.2,0.0071,0.0006100000000000001,0.9972846787083883,"Run - Jul 10, 2026 at 22:18:59"
Q22,34,1825925.7279203585,912962.8614047683,0.008475108220405366,0.0007043227516333806,0.01102,3.199744321316304,15.010221644081073,-1.3758166902579846e-07,-5486.011928687105,Active,ionq_forte_simulated,2026-07-10T16:50:35.438838+00:00,1,False,2022000.0,1011000.0,3.2,0.0072,0.00062,0.9972461707083885,"Run - Jul 10, 2026 at 22:18:59"
Q23,34,1826828.7574720273,913414.3761806027,0.008592108220405367,0.0007156827516333807,0.01102,3.199744321316304,15.010221644081073,-1.3758166902579846e-07,-5488.725085041719,Active,ionq_forte_simulated,2026-07-10T16:50:35.440837+00:00,1,False,2023000.0,1011500.0,3.2,0.0073,0.00063,0.9972076627083883,"Run - Jul 10, 2026 at 22:18:59"
Q24,34,1827731.7870236963,913865.8909564372,0.008709108220405366,0.0007270427516333807,0.01102,3.199744321316304,15.010221644081073,-1.3758166902579846e-07,-5491.438241396332,Active,ionq_forte_simulated,2026-07-10T16:50:35.442836+00:00,1,False,2024000.0,1012000.0,3.2,0.0074,0.00064,0.9971691547083883,"Run - Jul 10, 2026 at 22:18:59"
Q0,35,1800649.0100942084,900324.5015392719,0.005945156645537924,0.0004560021943996322,0.01105,3.1996493264922923,15.014031329107585,1.0971998160572965e-07,-5410.067689434858,Active,ionq_forte_simulated,2026-07-10T16:50:38.868885+00:00,1,False,2000000.0,1000000.0,3.2,0.005,0.0004,0.9980796523480187,"Run - Jul 10, 2026 at 22:18:59"
Q1,35,1801549.3346167947,900774.6638005651,0.006062656645537925,0.0004674021943996322,0.01105,3.1996493264922923,15.014031329107585,1.0971998160572965e-07,-5412.772718517343,Active,ionq_forte_simulated,2026-07-10T16:50:38.871880+00:00,1,False,2001000.0,1000500.0,3.2,0.0051,0.00041000000000000005,0.9980409823480186,"Run - Jul 10, 2026 at 22:18:59"
Q2,35,1802449.659139381,901224.8260618582,0.006180156645537924,0.0004788021943996322,0.01105,3.1996493264922923,15.014031329107585,1.0971998160572965e-07,-5415.47774760006,Active,ionq_forte_simulated,2026-07-10T16:50:38.874881+00:00,1,False,2002000.0,1001000.0,3.2,0.0052,0.00042,0.9980023123480187,"Run - Jul 10, 2026 at 22:18:59"
Q3,35,1803349.9836619673,901674.9883231514,0.006297656645537925,0.0004902021943996323,0.01105,3.1996493264922923,15.014031329107585,1.0971998160572965e-07,-5418.1827766825445,Active,ionq_forte_simulated,2026-07-10T16:50:38.877881+00:00,1,False,2003000.0,1001500.0,3.2,0.0053,0.00043000000000000004,0.9979636423480188,"Run - Jul 10, 2026 at 22:18:59"
Q4,35,1804250.3081845536,902125.1505844445,0.006415156645537925,0.0005016021943996322,0.01105,3.1996493264922923,15.014031329107585,1.0971998160572965e-07,-5420.887805765029,Active,ionq_forte_simulated,2026-07-10T16:50:38.880885+00:00,1,False,2004000.0,1002000.0,3.2,0.0054,0.00044,0.9979249723480188,"Run - Jul 10, 2026 at 22:18:59"
Q5,35,1805150.6327071397,902575.3128457376,0.006532656645537924,0.0005130021943996323,0.01105,3.1996493264922923,15.014031329107585,1.0971998160572965e-07,-5423.592834847979,Active,ionq_forte_simulated,2026-07-10T16:50:38.883881+00:00,1,False,2005000.0,1002500.0,3.2,0.0055,0.00045000000000000004,0.9978863023480187,"Run - Jul 10, 2026 at 22:18:59"
Q6,35,1806050.957229726,903025.4751070307,0.006650156645537924,0.0005244021943996322,0.01105,3.1996493264922923,15.014031329107585,1.0971998160572965e-07,-5426.297863930464,Active,ionq_forte_simulated,2026-07-10T16:50:38.886880+00:00,1,False,2006000.0,1003000.0,3.2,0.0056,0.00046,0.9978476323480187,"Run - Jul 10, 2026 at 22:18:59"
Q7,35,1806951.2817523123,903475.6373683239,0.006767656645537925,0.0005358021943996323,0.01105,3.1996493264922923,15.014031329107585,1.0971998160572965e-07,-5429.002893012948,Active,ionq_forte_simulated,2026-07-10T16:50:38.889881+00:00,1,False,2007000.0,1003500.0,3.2,0.0057,0.00047000000000000004,0.9978089623480187,"Run - Jul 10, 2026 at 22:18:59"
Q8,35,1807851.6062748986,903925.799629617,0.006885156645537925,0.0005472021943996322,0.01105,3.1996493264922923,15.014031329107585,1.0971998160572965e-07,-5431.707922095666,Active,ionq_forte_simulated,2026-07-10T16:50:38.892623+00:00,1,False,2008000.0,1004000.0,3.2,0.0058000000000000005,0.00048,0.9977702923480188,"Run - Jul 10, 2026 at 22:18:59"
Q9,35,1808751.930797485,904375.9618909102,0.007002656645537925,0.0005586021943996322,0.01105,3.1996493264922923,15.014031329107585,1.0971998160572965e-07,-5434.41295117815,Active,ionq_forte_simulated,2026-07-10T16:50:38.895624+00:00,1,False,2009000.0,1004500.0,3.2,0.0059,0.00049,0.9977316223480188,"Run - Jul 10, 2026 at 22:18:59"
Q10,35,1809652.255320071,904826.1241522032,0.007120156645537925,0.0005700021943996323,0.01105,3.1996493264922923,15.014031329107585,1.0971998160572965e-07,-5437.1179802611005,Active,ionq_forte_simulated,2026-07-10T16:50:38.898635+00:00,1,False,2010000.0,1005000.0,3.2,0.006,0.0005,0.9976929523480187,"Run - Jul 10, 2026 at 22:18:59"
Q11,35,1810552.5798426573,905276.2864134964,0.0072376566455379255,0.0005814021943996323,0.01105,3.1996493264922923,15.014031329107585,1.0971998160572965e-07,-5439.823009343585,Active,ionq_forte_simulated,2026-07-10T16:50:38.901634+00:00,1,False,2011000.0,1005500.0,3.2,0.0061,0.00051,0.9976542823480187,"Run - Jul 10, 2026 at 22:18:59"
Q12,35,1811452.9043652436,905726.4486747895,0.007355156645537925,0.0005928021943996323,0.01105,3.1996493264922923,15.014031329107585,1.0971998160572965e-07,-5442.5280384260695,Active,ionq_forte_simulated,2026-07-10T16:50:38.904632+00:00,1,False,2012000.0,1006000.0,3.2,0.006200000000000001,0.0005200000000000001,0.9976156123480188,"Run - Jul 10, 2026 at 22:18:59"
Q13,35,1812353.22888783,906176.6109360827,0.007472656645537925,0.0006042021943996323,0.01105,3.1996493264922923,15.014031329107585,1.0971998160572965e-07,-5445.233067508787,Active,ionq_forte_simulated,2026-07-10T16:50:38.907634+00:00,1,False,2013000.0,1006500.0,3.2,0.0063,0.0005300000000000001,0.9975769423480187,"Run - Jul 10, 2026 at 22:18:59"
Q14,35,1813253.5534104162,906626.7731973758,0.007590156645537925,0.0006156021943996323,0.01105,3.1996493264922923,15.014031329107585,1.0971998160572965e-07,-5447.9380965912715,Active,ionq_forte_simulated,2026-07-10T16:50:38.909632+00:00,1,False,2014000.0,1007000.0,3.2,0.0064,0.00054,0.9975382723480188,"Run - Jul 10, 2026 at 22:18:59"
Q15,35,1814153.8779330025,907076.935458669,0.007707656645537925,0.0006270021943996322,0.01105,3.1996493264922923,15.014031329107585,1.0971998160572965e-07,-5450.643125673756,Active,ionq_forte_simulated,2026-07-10T16:50:38.913151+00:00,1,False,2015000.0,1007500.0,3.2,0.006500000000000001,0.00055,0.9974996023480187,"Run - Jul 10, 2026 at 22:18:59"
Q16,35,1815054.2024555886,907527.097719962,0.007825156645537925,0.0006384021943996323,0.01105,3.1996493264922923,15.014031329107585,1.0971998160572965e-07,-5453.348154756706,Active,ionq_forte_simulated,2026-07-10T16:50:38.916151+00:00,1,False,2016000.0,1008000.0,3.2,0.0066,0.0005600000000000001,0.9974609323480187,"Run - Jul 10, 2026 at 22:18:59"
Q17,35,1815954.526978175,907977.2599812552,0.007942656645537925,0.0006498021943996322,0.01105,3.1996493264922923,15.014031329107585,1.0971998160572965e-07,-5456.053183839191,Active,ionq_forte_simulated,2026-07-10T16:50:38.919150+00:00,1,False,2017000.0,1008500.0,3.2,0.0067,0.00057,0.9974222623480187,"Run - Jul 10, 2026 at 22:18:59"
Q18,35,1816854.8515007612,908427.4222425483,0.008060156645537924,0.0006612021943996322,0.01105,3.1996493264922923,15.014031329107585,1.0971998160572965e-07,-5458.758212921908,Active,ionq_forte_simulated,2026-07-10T16:50:38.922149+00:00,1,False,2018000.0,1009000.0,3.2,0.0068000000000000005,0.00058,0.9973835923480188,"Run - Jul 10, 2026 at 22:18:59"
Q19,35,1817755.1760233475,908877.5845038415,0.008177656645537924,0.0006726021943996323,0.01105,3.1996493264922923,15.014031329107585,1.0971998160572965e-07,-5461.463242004393,Active,ionq_forte_simulated,2026-07-10T16:50:38.925153+00:00,1,False,2019000.0,1009500.0,3.2,0.0069,0.00059,0.9973449223480189,"Run - Jul 10, 2026 at 22:18:59"
Q20,35,1818655.5005459338,909327.7467651346,0.008295156645537923,0.0006840021943996323,0.01105,3.1996493264922923,15.014031329107585,1.0971998160572965e-07,-5464.168271086877,Active,ionq_forte_simulated,2026-07-10T16:50:38.928150+00:00,1,False,2020000.0,1010000.0,3.2,0.007,0.0006000000000000001,0.9973062523480187,"Run - Jul 10, 2026 at 22:18:59"
Q21,35,1819555.8250685201,909777.9090264278,0.008412656645537924,0.0006954021943996324,0.01105,3.1996493264922923,15.014031329107585,1.0971998160572965e-07,-5466.873300169595,Active,ionq_forte_simulated,2026-07-10T16:50:38.931155+00:00,1,False,2021000.0,1010500.0,3.2,0.0071,0.0006100000000000001,0.9972675823480187,"Run - Jul 10, 2026 at 22:18:59"
Q22,35,1820456.1495911062,910228.0712877208,0.008530156645537924,0.0007068021943996322,0.01105,3.1996493264922923,15.014031329107585,1.0971998160572965e-07,-5469.578329252312,Active,ionq_forte_simulated,2026-07-10T16:50:38.934010+00:00,1,False,2022000.0,1011000.0,3.2,0.0072,0.00062,0.9972289123480187,"Run - Jul 10, 2026 at 22:18:59"
Q23,35,1821356.4741136925,910678.233549014,0.008647656645537924,0.0007182021943996323,0.01105,3.1996493264922923,15.014031329107585,1.0971998160572965e-07,-5472.2833583347965,Active,ionq_forte_simulated,2026-07-10T16:50:38.936747+00:00,1,False,2023000.0,1011500.0,3.2,0.0073,0.00063,0.9971902423480188,"Run - Jul 10, 2026 at 22:18:59"
Q24,35,1822256.7986362788,911128.3958103071,0.008765156645537925,0.0007296021943996323,0.01105,3.1996493264922923,15.014031329107585,1.0971998160572965e-07,-5474.988387417514,Active,ionq_forte_simulated,2026-07-10T16:50:38.939521+00:00,1,False,2024000.0,1012000.0,3.2,0.0074,0.00064,0.9971515723480189,"Run - Jul 10, 2026 at 22:18:59"
Q0,36,1795255.1486088254,897627.5698792082,0.00598850408865897,0.0004576066031670825,0.011080000000000001,3.1995578097150594,15.017700817731795,3.301583541220401e-07,-5393.861485383008,Active,ionq_forte_simulated,2026-07-10T16:50:42.628348+00:00,1,False,2000000.0,1000000.0,3.2,0.005,0.0004,0.9980661667924522,"Run - Jul 10, 2026 at 22:18:59"
Q1,36,1796152.7762052559,898076.3836774235,0.00610650408865897,0.00046904660316708256,0.011080000000000001,3.1995578097150594,15.017700817731795,3.301583541220401e-07,-5396.558411538834,Active,ionq_forte_simulated,2026-07-10T16:50:42.631351+00:00,1,False,2001000.0,1000500.0,3.2,0.0051,0.00041000000000000005,0.9980273347924522,"Run - Jul 10, 2026 at 22:18:59"
Q2,36,1797050.4038016864,898525.1974756387,0.0062245040886589696,0.00048048660316708254,0.011080000000000001,3.1995578097150594,15.017700817731795,3.301583541220401e-07,-5399.25533769466,Active,ionq_forte_simulated,2026-07-10T16:50:42.633353+00:00,1,False,2002000.0,1001000.0,3.2,0.0052,0.00042,0.9979885027924522,"Run - Jul 10, 2026 at 22:18:59"
Q3,36,1797948.0313981168,898974.011273854,0.0063425040886589705,0.0004919266031670825,0.011080000000000001,3.1995578097150594,15.017700817731795,3.301583541220401e-07,-5401.952263850486,Active,ionq_forte_simulated,2026-07-10T16:50:42.635361+00:00,1,False,2003000.0,1001500.0,3.2,0.0053,0.00043000000000000004,0.9979496707924522,"Run - Jul 10, 2026 at 22:18:59"
Q4,36,1798845.6589945473,899422.8250720692,0.0064605040886589705,0.0005033666031670826,0.011080000000000001,3.1995578097150594,15.017700817731795,3.301583541220401e-07,-5404.649190006312,Active,ionq_forte_simulated,2026-07-10T16:50:42.637366+00:00,1,False,2004000.0,1002000.0,3.2,0.0054,0.00044,0.9979108387924521,"Run - Jul 10, 2026 at 22:18:59"
Q5,36,1799743.2865909776,899871.6388702843,0.00657850408865897,0.0005148066031670826,0.011080000000000001,3.1995578097150594,15.017700817731795,3.301583541220401e-07,-5407.346116162138,Active,ionq_forte_simulated,2026-07-10T16:50:42.640361+00:00,1,False,2005000.0,1002500.0,3.2,0.0055,0.00045000000000000004,0.9978720067924521,"Run - Jul 10, 2026 at 22:18:59"
Q6,36,1800640.914187408,900320.4526684996,0.00669650408865897,0.0005262466031670825,0.011080000000000001,3.1995578097150594,15.017700817731795,3.301583541220401e-07,-5410.043042317964,Active,ionq_forte_simulated,2026-07-10T16:50:42.642360+00:00,1,False,2006000.0,1003000.0,3.2,0.0056,0.00046,0.9978331747924523,"Run - Jul 10, 2026 at 22:18:59"
Q7,36,1801538.5417838385,900769.2664667148,0.006814504088658971,0.0005376866031670826,0.011080000000000001,3.1995578097150594,15.017700817731795,3.301583541220401e-07,-5412.73996847379,Active,ionq_forte_simulated,2026-07-10T16:50:42.643359+00:00,1,False,2007000.0,1003500.0,3.2,0.0057,0.00047000000000000004,0.9977943427924522,"Run - Jul 10, 2026 at 22:18:59"
Q8,36,1802436.169380269,901218.08026493,0.006932504088658971,0.0005491266031670825,0.011080000000000001,3.1995578097150594,15.017700817731795,3.301583541220401e-07,-5415.436894629616,Active,ionq_forte_simulated,2026-07-10T16:50:42.646361+00:00,1,False,2008000.0,1004000.0,3.2,0.0058000000000000005,0.00048,0.9977555107924522,"Run - Jul 10, 2026 at 22:18:59"
Q9,36,1803333.7969766995,901666.8940631453,0.00705050408865897,0.0005605666031670826,0.011080000000000001,3.1995578097150594,15.017700817731795,3.301583541220401e-07,-5418.133820785442,Active,ionq_forte_simulated,2026-07-10T16:50:42.648360+00:00,1,False,2009000.0,1004500.0,3.2,0.0059,0.00049,0.9977166787924523,"Run - Jul 10, 2026 at 22:18:59"
Q10,36,1804231.4245731297,902115.7078613604,0.00716850408865897,0.0005720066031670825,0.011080000000000001,3.1995578097150594,15.017700817731795,3.301583541220401e-07,-5420.830746941268,Active,ionq_forte_simulated,2026-07-10T16:50:42.649866+00:00,1,False,2010000.0,1005000.0,3.2,0.006,0.0005,0.9976778467924523,"Run - Jul 10, 2026 at 22:18:59"
Q11,36,1805129.0521695602,902564.5216595756,0.007286504088658971,0.0005834466031670825,0.011080000000000001,3.1995578097150594,15.017700817731795,3.301583541220401e-07,-5423.5276730970945,Active,ionq_forte_simulated,2026-07-10T16:50:42.651873+00:00,1,False,2011000.0,1005500.0,3.2,0.0061,0.00051,0.9976390147924522,"Run - Jul 10, 2026 at 22:18:59"
Q12,36,1806026.6797659907,903013.3354577909,0.007404504088658971,0.0005948866031670826,0.011080000000000001,3.1995578097150594,15.017700817731795,3.301583541220401e-07,-5426.224599252921,Active,ionq_forte_simulated,2026-07-10T16:50:42.653873+00:00,1,False,2012000.0,1006000.0,3.2,0.006200000000000001,0.0005200000000000001,0.9976001827924522,"Run - Jul 10, 2026 at 22:18:59"
Q13,36,1806924.3073624212,903462.1492560061,0.00752250408865897,0.0006063266031670826,0.011080000000000001,3.1995578097150594,15.017700817731795,3.301583541220401e-07,-5428.921525408747,Active,ionq_forte_simulated,2026-07-10T16:50:42.656875+00:00,1,False,2013000.0,1006500.0,3.2,0.0063,0.0005300000000000001,0.9975613507924521,"Run - Jul 10, 2026 at 22:18:59"
Q14,36,1807821.9349588517,903910.9630542214,0.00764050408865897,0.0006177666031670825,0.011080000000000001,3.1995578097150594,15.017700817731795,3.301583541220401e-07,-5431.618451564573,Active,ionq_forte_simulated,2026-07-10T16:50:42.658875+00:00,1,False,2014000.0,1007000.0,3.2,0.0064,0.00054,0.9975225187924521,"Run - Jul 10, 2026 at 22:18:59"
Q15,36,1808719.562555282,904359.7768524365,0.007758504088658971,0.0006292066031670826,0.011080000000000001,3.1995578097150594,15.017700817731795,3.301583541220401e-07,-5434.315377720632,Active,ionq_forte_simulated,2026-07-10T16:50:42.660426+00:00,1,False,2015000.0,1007500.0,3.2,0.006500000000000001,0.00055,0.9974836867924521,"Run - Jul 10, 2026 at 22:18:59"
Q16,36,1809617.1901517124,904808.5906506517,0.00787650408865897,0.0006406466031670826,0.011080000000000001,3.1995578097150594,15.017700817731795,3.301583541220401e-07,-5437.012303876225,Active,ionq_forte_simulated,2026-07-10T16:50:42.663619+00:00,1,False,2016000.0,1008000.0,3.2,0.0066,0.0005600000000000001,0.9974448547924522,"Run - Jul 10, 2026 at 22:18:59"
Q17,36,1810514.8177481429,905257.404448867,0.00799450408865897,0.0006520866031670825,0.011080000000000001,3.1995578097150594,15.017700817731795,3.301583541220401e-07,-5439.709230032051,Active,ionq_forte_simulated,2026-07-10T16:50:42.665615+00:00,1,False,2017000.0,1008500.0,3.2,0.0067,0.00057,0.9974060227924522,"Run - Jul 10, 2026 at 22:18:59"
Q18,36,1811412.4453445734,905706.2182470822,0.00811250408865897,0.0006635266031670826,0.011080000000000001,3.1995578097150594,15.017700817731795,3.301583541220401e-07,-5442.406156187877,Active,ionq_forte_simulated,2026-07-10T16:50:42.667613+00:00,1,False,2018000.0,1009000.0,3.2,0.0068000000000000005,0.00058,0.9973671907924522,"Run - Jul 10, 2026 at 22:18:59"
Q19,36,1812310.0729410038,906155.0320452974,0.00823050408865897,0.0006749666031670825,0.011080000000000001,3.1995578097150594,15.017700817731795,3.301583541220401e-07,-5445.103082343703,Active,ionq_forte_simulated,2026-07-10T16:50:42.669613+00:00,1,False,2019000.0,1009500.0,3.2,0.0069,0.00059,0.9973283587924522,"Run - Jul 10, 2026 at 22:18:59"
Q20,36,1813207.700537434,906603.8458435126,0.00834850408865897,0.0006864066031670826,0.011080000000000001,3.1995578097150594,15.017700817731795,3.301583541220401e-07,-5447.800008499762,Active,ionq_forte_simulated,2026-07-10T16:50:42.671613+00:00,1,False,2020000.0,1010000.0,3.2,0.007,0.0006000000000000001,0.9972895267924522,"Run - Jul 10, 2026 at 22:18:59"
Q21,36,1814105.3281338646,907052.6596417278,0.00846650408865897,0.0006978466031670826,0.011080000000000001,3.1995578097150594,15.017700817731795,3.301583541220401e-07,-5450.496934655588,Active,ionq_forte_simulated,2026-07-10T16:50:42.673613+00:00,1,False,2021000.0,1010500.0,3.2,0.0071,0.0006100000000000001,0.9972506947924522,"Run - Jul 10, 2026 at 22:18:59"
Q22,36,1815002.955730295,907501.473439943,0.00858450408865897,0.0007092866031670825,0.011080000000000001,3.1995578097150594,15.017700817731795,3.301583541220401e-07,-5453.193860811181,Active,ionq_forte_simulated,2026-07-10T16:50:42.675617+00:00,1,False,2022000.0,1011000.0,3.2,0.0072,0.00062,0.9972118627924522,"Run - Jul 10, 2026 at 22:18:59"
Q23,36,1815900.5833267255,907950.2872381583,0.00870250408865897,0.0007207266031670826,0.011080000000000001,3.1995578097150594,15.017700817731795,3.301583541220401e-07,-5455.890786967007,Active,ionq_forte_simulated,2026-07-10T16:50:42.678614+00:00,1,False,2023000.0,1011500.0,3.2,0.0073,0.00063,0.9971730307924522,"Run - Jul 10, 2026 at 22:18:59"
Q24,36,1816798.210923156,908399.1010363735,0.00882050408865897,0.0007321666031670826,0.011080000000000001,3.1995578097150594,15.017700817731795,3.301583541220401e-07,-5458.5877131228335,Active,ionq_forte_simulated,2026-07-10T16:50:42.680617+00:00,1,False,2024000.0,1012000.0,3.2,0.0074,0.00064,0.9971341987924522,"Run - Jul 10, 2026 at 22:18:59"
Q0,37,1789877.444874448,894938.7171388626,0.006030967228181699,0.0004592093952489375,0.01111,3.1994706336215386,15.02119344563634,4.69762446874128e-07,-5377.703734377399,Active,ionq_forte_simulated,2026-07-10T16:50:45.985446+00:00,1,False,2000000.0,1000000.0,3.2,0.005,0.0004,0.9980529470129706,"Run - Jul 10, 2026 at 22:18:59"
Q1,37,1790772.383623377,895386.1865133271,0.0061494672281817,0.0004706893952489375,0.01111,3.1994706336215386,15.02119344563634,4.69762446874128e-07,-5380.3925818789285,Active,ionq_forte_simulated,2026-07-10T16:50:45.988169+00:00,1,False,2001000.0,1000500.0,3.2,0.0051,0.00041000000000000005,0.9980139530129708,"Run - Jul 10, 2026 at 22:18:59"
Q2,37,1791667.322372306,895833.6558877915,0.0062679672281816985,0.0004821693952489375,0.01111,3.1994706336215386,15.02119344563634,4.69762446874128e-07,-5383.081429380458,Active,ionq_forte_simulated,2026-07-10T16:50:45.991471+00:00,1,False,2002000.0,1001000.0,3.2,0.0052,0.00042,0.9979749590129708,"Run - Jul 10, 2026 at 22:18:59"
Q3,37,1792562.261121235,896281.1252622561,0.006386467228181699,0.0004936493952489375,0.01111,3.1994706336215386,15.02119344563634,4.69762446874128e-07,-5385.770276881754,Active,ionq_forte_simulated,2026-07-10T16:50:45.993481+00:00,1,False,2003000.0,1001500.0,3.2,0.0053,0.00043000000000000004,0.9979359650129707,"Run - Jul 10, 2026 at 22:18:59"
Q4,37,1793457.199870164,896728.5946367206,0.0065049672281817,0.0005051293952489374,0.01111,3.1994706336215386,15.02119344563634,4.69762446874128e-07,-5388.459124383284,Active,ionq_forte_simulated,2026-07-10T16:50:45.997481+00:00,1,False,2004000.0,1002000.0,3.2,0.0054,0.00044,0.9978969710129708,"Run - Jul 10, 2026 at 22:18:59"
Q5,37,1794352.138619093,897176.0640111851,0.006623467228181698,0.0005166093952489374,0.01111,3.1994706336215386,15.02119344563634,4.69762446874128e-07,-5391.14797188458,Active,ionq_forte_simulated,2026-07-10T16:50:46.000481+00:00,1,False,2005000.0,1002500.0,3.2,0.0055,0.00045000000000000004,0.9978579770129707,"Run - Jul 10, 2026 at 22:18:59"
Q6,37,1795247.0773680222,897623.5333856497,0.006741967228181699,0.0005280893952489375,0.01111,3.1994706336215386,15.02119344563634,4.69762446874128e-07,-5393.836819385877,Active,ionq_forte_simulated,2026-07-10T16:50:46.003487+00:00,1,False,2006000.0,1003000.0,3.2,0.0056,0.00046,0.9978189830129707,"Run - Jul 10, 2026 at 22:18:59"
Q7,37,1796142.0161169511,898071.0027601141,0.0068604672281816995,0.0005395693952489375,0.01111,3.1994706336215386,15.02119344563634,4.69762446874128e-07,-5396.525666887406,Active,ionq_forte_simulated,2026-07-10T16:50:46.006488+00:00,1,False,2007000.0,1003500.0,3.2,0.0057,0.00047000000000000004,0.9977799890129708,"Run - Jul 10, 2026 at 22:18:59"
Q8,37,1797036.95486588,898518.4721345786,0.006978967228181699,0.0005510493952489374,0.01111,3.1994706336215386,15.02119344563634,4.69762446874128e-07,-5399.214514388936,Active,ionq_forte_simulated,2026-07-10T16:50:46.009486+00:00,1,False,2008000.0,1004000.0,3.2,0.0058000000000000005,0.00048,0.9977409950129708,"Run - Jul 10, 2026 at 22:18:59"
Q9,37,1797931.8936148093,898965.9415090432,0.007097467228181699,0.0005625293952489374,0.01111,3.1994706336215386,15.02119344563634,4.69762446874128e-07,-5401.903361890232,Active,ionq_forte_simulated,2026-07-10T16:50:46.012492+00:00,1,False,2009000.0,1004500.0,3.2,0.0059,0.00049,0.9977020010129707,"Run - Jul 10, 2026 at 22:18:59"
Q10,37,1798826.8323637382,899413.4108835077,0.0072159672281816994,0.0005740093952489374,0.01111,3.1994706336215386,15.02119344563634,4.69762446874128e-07,-5404.592209391529,Active,ionq_forte_simulated,2026-07-10T16:50:46.015488+00:00,1,False,2010000.0,1005000.0,3.2,0.006,0.0005,0.9976630070129707,"Run - Jul 10, 2026 at 22:18:59"
Q11,37,1799721.7711126672,899860.8802579722,0.007334467228181699,0.0005854893952489374,0.01111,3.1994706336215386,15.02119344563634,4.69762446874128e-07,-5407.281056893058,Active,ionq_forte_simulated,2026-07-10T16:50:46.018000+00:00,1,False,2011000.0,1005500.0,3.2,0.0061,0.00051,0.9976240130129708,"Run - Jul 10, 2026 at 22:18:59"
Q12,37,1800616.7098615963,900308.3496324368,0.0074529672281817,0.0005969693952489375,0.01111,3.1994706336215386,15.02119344563634,4.69762446874128e-07,-5409.969904394355,Active,ionq_forte_simulated,2026-07-10T16:50:46.021037+00:00,1,False,2012000.0,1006000.0,3.2,0.006200000000000001,0.0005200000000000001,0.9975850190129708,"Run - Jul 10, 2026 at 22:18:59"
Q13,37,1801511.6486105253,900755.8190069012,0.007571467228181699,0.0006084493952489375,0.01111,3.1994706336215386,15.02119344563634,4.69762446874128e-07,-5412.658751895884,Active,ionq_forte_simulated,2026-07-10T16:50:46.024254+00:00,1,False,2013000.0,1006500.0,3.2,0.0063,0.0005300000000000001,0.9975460250129708,"Run - Jul 10, 2026 at 22:18:59"
Q14,37,1802406.5873594542,901203.2883813657,0.007689967228181699,0.0006199293952489374,0.01111,3.1994706336215386,15.02119344563634,4.69762446874128e-07,-5415.347599397413,Active,ionq_forte_simulated,2026-07-10T16:50:46.026357+00:00,1,False,2014000.0,1007000.0,3.2,0.0064,0.00054,0.9975070310129708,"Run - Jul 10, 2026 at 22:18:59"
Q15,37,1803301.5261083834,901650.7577558303,0.0078084672281817,0.0006314093952489374,0.01111,3.1994706336215386,15.02119344563634,4.69762446874128e-07,-5418.036446898477,Active,ionq_forte_simulated,2026-07-10T16:50:46.030444+00:00,1,False,2015000.0,1007500.0,3.2,0.006500000000000001,0.00055,0.9974680370129707,"Run - Jul 10, 2026 at 22:18:59"
Q16,37,1804196.4648573124,902098.2271302948,0.0079269672281817,0.0006428893952489374,0.01111,3.1994706336215386,15.02119344563634,4.69762446874128e-07,-5420.7252944000065,Active,ionq_forte_simulated,2026-07-10T16:50:46.033442+00:00,1,False,2016000.0,1008000.0,3.2,0.0066,0.0005600000000000001,0.9974290430129709,"Run - Jul 10, 2026 at 22:18:59"
Q17,37,1805091.4036062413,902545.6965047593,0.0080454672281817,0.0006543693952489373,0.01111,3.1994706336215386,15.02119344563634,4.69762446874128e-07,-5423.414141901536,Active,ionq_forte_simulated,2026-07-10T16:50:46.035443+00:00,1,False,2017000.0,1008500.0,3.2,0.0067,0.00057,0.9973900490129708,"Run - Jul 10, 2026 at 22:18:59"
Q18,37,1805986.3423551705,902993.1658792238,0.0081639672281817,0.0006658493952489374,0.01111,3.1994706336215386,15.02119344563634,4.69762446874128e-07,-5426.1029894028325,Active,ionq_forte_simulated,2026-07-10T16:50:46.038652+00:00,1,False,2018000.0,1009000.0,3.2,0.0068000000000000005,0.00058,0.9973510550129707,"Run - Jul 10, 2026 at 22:18:59"
Q19,37,1806881.2811040995,903440.6352536883,0.0082824672281817,0.0006773293952489375,0.01111,3.1994706336215386,15.02119344563634,4.69762446874128e-07,-5428.791836904362,Active,ionq_forte_simulated,2026-07-10T16:50:46.040663+00:00,1,False,2019000.0,1009500.0,3.2,0.0069,0.00059,0.9973120610129709,"Run - Jul 10, 2026 at 22:18:59"
Q20,37,1807776.2198530284,903888.1046281528,0.0084009672281817,0.0006888093952489375,0.01111,3.1994706336215386,15.02119344563634,4.69762446874128e-07,-5431.480684405658,Active,ionq_forte_simulated,2026-07-10T16:50:46.044661+00:00,1,False,2020000.0,1010000.0,3.2,0.007,0.0006000000000000001,0.9972730670129708,"Run - Jul 10, 2026 at 22:18:59"
Q21,37,1808671.1586019576,904335.5740026174,0.0085194672281817,0.0007002893952489375,0.01111,3.1994706336215386,15.02119344563634,4.69762446874128e-07,-5434.169531906955,Active,ionq_forte_simulated,2026-07-10T16:50:46.047662+00:00,1,False,2021000.0,1010500.0,3.2,0.0071,0.0006100000000000001,0.9972340730129708,"Run - Jul 10, 2026 at 22:18:59"
Q22,37,1809566.0973508866,904783.0433770819,0.008637967228181699,0.0007117693952489374,0.01111,3.1994706336215386,15.02119344563634,4.69762446874128e-07,-5436.858379408484,Active,ionq_forte_simulated,2026-07-10T16:50:46.050292+00:00,1,False,2022000.0,1011000.0,3.2,0.0072,0.00062,0.9971950790129709,"Run - Jul 10, 2026 at 22:18:59"
Q23,37,1810461.0360998155,905230.5127515463,0.0087564672281817,0.0007232493952489374,0.01111,3.1994706336215386,15.02119344563634,4.69762446874128e-07,-5439.547226910014,Active,ionq_forte_simulated,2026-07-10T16:50:46.053292+00:00,1,False,2023000.0,1011500.0,3.2,0.0073,0.00063,0.9971560850129708,"Run - Jul 10, 2026 at 22:18:59"
Q24,37,1811355.9748487447,905677.9821260109,0.0088749672281817,0.0007347293952489375,0.01111,3.1994706336215386,15.02119344563634,4.69762446874128e-07,-5442.23607441131,Active,ionq_forte_simulated,2026-07-10T16:50:46.055870+00:00,1,False,2024000.0,1012000.0,3.2,0.0074,0.00064,0.9971170910129707,"Run - Jul 10, 2026 at 22:18:59"
Q0,38,1784515.8505790276,892257.9191709348,0.006072371578188543,0.00046080988704618185,0.01114,3.1993886364613666,15.02447431563771,4.943523090933347e-07,-5361.594295420451,Active,ionq_forte_simulated,2026-07-10T16:50:49.833746+00:00,1,False,2000000.0,1000000.0,3.2,0.005,0.0004,0.9980400455604297,"Run - Jul 10, 2026 at 22:18:59"
Q1,38,1785408.10853491,892704.048148876,0.006191371578188543,0.0004723298870461819,0.01114,3.1993886364613666,15.02447431563771,4.943523090933347e-07,-5364.275088466937,Active,ionq_forte_simulated,2026-07-10T16:50:49.835749+00:00,1,False,2001000.0,1000500.0,3.2,0.0051,0.00041000000000000005,0.9980008895604298,"Run - Jul 10, 2026 at 22:18:59"
Q2,38,1786300.3664907923,893150.1771268172,0.0063103715781885426,0.00048384988704618185,0.01114,3.1993886364613666,15.02447431563771,4.943523090933347e-07,-5366.955881513655,Active,ionq_forte_simulated,2026-07-10T16:50:49.838746+00:00,1,False,2002000.0,1001000.0,3.2,0.0052,0.00042,0.9979617335604296,"Run - Jul 10, 2026 at 22:18:59"
Q3,38,1787192.6244466747,893596.3061047584,0.006429371578188544,0.0004953698870461819,0.01114,3.1993886364613666,15.02447431563771,4.943523090933347e-07,-5369.636674560374,Active,ionq_forte_simulated,2026-07-10T16:50:49.840746+00:00,1,False,2003000.0,1001500.0,3.2,0.0053,0.00043000000000000004,0.9979225775604295,"Run - Jul 10, 2026 at 22:18:59"
Q4,38,1788084.8824025572,894042.4350826996,0.006548371578188544,0.0005068898870461819,0.01114,3.1993886364613666,15.02447431563771,4.943523090933347e-07,-5372.317467606859,Active,ionq_forte_simulated,2026-07-10T16:50:49.841745+00:00,1,False,2004000.0,1002000.0,3.2,0.0054,0.00044,0.9978834215604295,"Run - Jul 10, 2026 at 22:18:59"
Q5,38,1788977.1403584396,894488.5640606409,0.006667371578188543,0.0005184098870461819,0.01114,3.1993886364613666,15.02447431563771,4.943523090933347e-07,-5374.998260653345,Active,ionq_forte_simulated,2026-07-10T16:50:49.843747+00:00,1,False,2005000.0,1002500.0,3.2,0.0055,0.00045000000000000004,0.9978442655604296,"Run - Jul 10, 2026 at 22:18:59"
Q6,38,1789869.398314322,894934.6930385821,0.006786371578188543,0.0005299298870461819,0.01114,3.1993886364613666,15.02447431563771,4.943523090933347e-07,-5377.679053700063,Active,ionq_forte_simulated,2026-07-10T16:50:49.846752+00:00,1,False,2006000.0,1003000.0,3.2,0.0056,0.00046,0.9978051095604297,"Run - Jul 10, 2026 at 22:18:59"
Q7,38,1790761.6562702043,895380.8220165232,0.0069053715781885435,0.0005414498870461819,0.01114,3.1993886364613666,15.02447431563771,4.943523090933347e-07,-5380.359846746782,Active,ionq_forte_simulated,2026-07-10T16:50:49.848789+00:00,1,False,2007000.0,1003500.0,3.2,0.0057,0.00047000000000000004,0.9977659535604296,"Run - Jul 10, 2026 at 22:18:59"
Q8,38,1791653.9142260868,895826.9509944645,0.007024371578188544,0.0005529698870461819,0.01114,3.1993886364613666,15.02447431563771,4.943523090933347e-07,-5383.0406397932675,Active,ionq_forte_simulated,2026-07-10T16:50:49.850799+00:00,1,False,2008000.0,1004000.0,3.2,0.0058000000000000005,0.00048,0.9977267975604296,"Run - Jul 10, 2026 at 22:18:59"
Q9,38,1792546.1721819693,896273.0799724057,0.007143371578188543,0.0005644898870461818,0.01114,3.1993886364613666,15.02447431563771,4.943523090933347e-07,-5385.721432839986,Active,ionq_forte_simulated,2026-07-10T16:50:49.852797+00:00,1,False,2009000.0,1004500.0,3.2,0.0059,0.00049,0.9976876415604296,"Run - Jul 10, 2026 at 22:18:59"
Q10,38,1793438.4301378517,896719.2089503469,0.007262371578188543,0.0005760098870461819,0.01114,3.1993886364613666,15.02447431563771,4.943523090933347e-07,-5388.402225886472,Active,ionq_forte_simulated,2026-07-10T16:50:49.854797+00:00,1,False,2010000.0,1005000.0,3.2,0.006,0.0005,0.9976484855604295,"Run - Jul 10, 2026 at 22:18:59"
Q11,38,1794330.688093734,897165.337928288,0.007381371578188543,0.0005875298870461819,0.01114,3.1993886364613666,15.02447431563771,4.943523090933347e-07,-5391.08301893319,Active,ionq_forte_simulated,2026-07-10T16:50:49.856795+00:00,1,False,2011000.0,1005500.0,3.2,0.0061,0.00051,0.9976093295604296,"Run - Jul 10, 2026 at 22:18:59"
Q12,38,1795222.9460496164,897611.4669062293,0.0075003715781885435,0.0005990498870461819,0.01114,3.1993886364613666,15.02447431563771,4.943523090933347e-07,-5393.7638119799085,Active,ionq_forte_simulated,2026-07-10T16:50:49.857794+00:00,1,False,2012000.0,1006000.0,3.2,0.006200000000000001,0.0005200000000000001,0.9975701735604295,"Run - Jul 10, 2026 at 22:18:59"
Q13,38,1796115.204005499,898057.5958841705,0.007619371578188543,0.0006105698870461819,0.01114,3.1993886364613666,15.02447431563771,4.943523090933347e-07,-5396.444605026394,Active,ionq_forte_simulated,2026-07-10T16:50:49.859801+00:00,1,False,2013000.0,1006500.0,3.2,0.0063,0.0005300000000000001,0.9975310175604295,"Run - Jul 10, 2026 at 22:18:59"
Q14,38,1797007.4619613814,898503.7248621117,0.007738371578188544,0.0006220898870461819,0.01114,3.1993886364613666,15.02447431563771,4.943523090933347e-07,-5399.12539807288,Active,ionq_forte_simulated,2026-07-10T16:50:49.861803+00:00,1,False,2014000.0,1007000.0,3.2,0.0064,0.00054,0.9974918615604296,"Run - Jul 10, 2026 at 22:18:59"
Q15,38,1797899.7199172636,898949.8538400528,0.007857371578188544,0.0006336098870461819,0.01114,3.1993886364613666,15.02447431563771,4.943523090933347e-07,-5401.806191119831,Active,ionq_forte_simulated,2026-07-10T16:50:49.864803+00:00,1,False,2015000.0,1007500.0,3.2,0.006500000000000001,0.00055,0.9974527055604296,"Run - Jul 10, 2026 at 22:18:59"
Q16,38,1798791.977873146,899395.9828179941,0.007976371578188543,0.0006451298870461819,0.01114,3.1993886364613666,15.02447431563771,4.943523090933347e-07,-5404.486984166317,Active,ionq_forte_simulated,2026-07-10T16:50:49.866800+00:00,1,False,2016000.0,1008000.0,3.2,0.0066,0.0005600000000000001,0.9974135495604297,"Run - Jul 10, 2026 at 22:18:59"
Q17,38,1799684.2358290285,899842.1117959353,0.008095371578188543,0.0006566498870461818,0.01114,3.1993886364613666,15.02447431563771,4.943523090933347e-07,-5407.167777212802,Active,ionq_forte_simulated,2026-07-10T16:50:49.868802+00:00,1,False,2017000.0,1008500.0,3.2,0.0067,0.00057,0.9973743935604296,"Run - Jul 10, 2026 at 22:18:59"
Q18,38,1800576.493784911,900288.2407738765,0.008214371578188544,0.0006681698870461819,0.01114,3.1993886364613666,15.02447431563771,4.943523090933347e-07,-5409.848570259521,Active,ionq_forte_simulated,2026-07-10T16:50:49.870801+00:00,1,False,2018000.0,1009000.0,3.2,0.0068000000000000005,0.00058,0.9973352375604296,"Run - Jul 10, 2026 at 22:18:59"
Q19,38,1801468.7517407932,900734.3697518177,0.008333371578188543,0.0006796898870461819,0.01114,3.1993886364613666,15.02447431563771,4.943523090933347e-07,-5412.529363306239,Active,ionq_forte_simulated,2026-07-10T16:50:49.872800+00:00,1,False,2019000.0,1009500.0,3.2,0.0069,0.00059,0.9972960815604295,"Run - Jul 10, 2026 at 22:18:59"
Q20,38,1802361.0096966757,901180.4987297589,0.008452371578188544,0.0006912098870461819,0.01114,3.1993886364613666,15.02447431563771,4.943523090933347e-07,-5415.210156352725,Active,ionq_forte_simulated,2026-07-10T16:50:49.874418+00:00,1,False,2020000.0,1010000.0,3.2,0.007,0.0006000000000000001,0.9972569255604296,"Run - Jul 10, 2026 at 22:18:59"
Q21,38,1803253.2676525582,901626.6277077001,0.008571371578188543,0.0007027298870461819,0.01114,3.1993886364613666,15.02447431563771,4.943523090933347e-07,-5417.890949399443,Active,ionq_forte_simulated,2026-07-10T16:50:49.875423+00:00,1,False,2021000.0,1010500.0,3.2,0.0071,0.0006100000000000001,0.9972177695604296,"Run - Jul 10, 2026 at 22:18:59"
Q22,38,1804145.5256084406,902072.7566856414,0.008690371578188543,0.0007142498870461819,0.01114,3.1993886364613666,15.02447431563771,4.943523090933347e-07,-5420.571742445929,Active,ionq_forte_simulated,2026-07-10T16:50:49.877424+00:00,1,False,2022000.0,1011000.0,3.2,0.0072,0.00062,0.9971786135604296,"Run - Jul 10, 2026 at 22:18:59"
Q23,38,1805037.7835643229,902518.8856635825,0.008809371578188544,0.0007257698870461819,0.01114,3.1993886364613666,15.02447431563771,4.943523090933347e-07,-5423.252535492647,Active,ionq_forte_simulated,2026-07-10T16:50:49.880426+00:00,1,False,2023000.0,1011500.0,3.2,0.0073,0.00063,0.9971394575604295,"Run - Jul 10, 2026 at 22:18:59"
Q24,38,1805930.0415202053,902965.0146415237,0.008928371578188543,0.0007372898870461819,0.01114,3.1993886364613666,15.02447431563771,4.943523090933347e-07,-5425.933328539366,Active,ionq_forte_simulated,2026-07-10T16:50:49.882425+00:00,1,False,2024000.0,1012000.0,3.2,0.0074,0.00064,0.9971003015604296,"Run - Jul 10, 2026 at 22:18:59"
Q0,39,1779170.3175502068,889585.1518974418,0.006112553231836795,0.0004624079581496981,0.01117,3.199312631748301,15.02751064636736,3.979074849069721e-07,-5345.533028820762,Active,ionq_forte_simulated,2026-07-10T16:50:53.615940+00:00,1,False,2000000.0,1000000.0,3.2,0.005,0.0004,0.9980275116430041,"Run - Jul 10, 2026 at 22:18:59"
Q1,39,1780059.9027433703,890029.9444940236,0.006232053231836796,0.00047396795814969814,0.01117,3.199312631748301,15.02751064636736,3.979074849069721e-07,-5348.205791539745,Active,ionq_forte_simulated,2026-07-10T16:50:53.618940+00:00,1,False,2001000.0,1000500.0,3.2,0.0051,0.00041000000000000005,0.997988193643004,"Run - Jul 10, 2026 at 22:18:59"
Q2,39,1780949.4879365335,890474.7370906052,0.006351553231836795,0.0004855279581496981,0.01117,3.199312631748301,15.02751064636736,3.979074849069721e-07,-5350.878554258728,Active,ionq_forte_simulated,2026-07-10T16:50:53.622020+00:00,1,False,2002000.0,1001000.0,3.2,0.0052,0.00042,0.997948875643004,"Run - Jul 10, 2026 at 22:18:59"
Q3,39,1781839.073129697,890919.5296871869,0.0064710532318367955,0.0004970879581496982,0.01117,3.199312631748301,15.02751064636736,3.979074849069721e-07,-5353.551316977711,Active,ionq_forte_simulated,2026-07-10T16:50:53.623527+00:00,1,False,2003000.0,1001500.0,3.2,0.0053,0.00043000000000000004,0.9979095576430042,"Run - Jul 10, 2026 at 22:18:59"
Q4,39,1782728.6583228605,891364.3222837687,0.006590553231836795,0.0005086479581496981,0.01117,3.199312631748301,15.02751064636736,3.979074849069721e-07,-5356.224079696694,Active,ionq_forte_simulated,2026-07-10T16:50:53.626536+00:00,1,False,2004000.0,1002000.0,3.2,0.0054,0.00044,0.997870239643004,"Run - Jul 10, 2026 at 22:18:59"
Q5,39,1783618.2435160237,891809.1148803503,0.006710053231836795,0.0005202079581496981,0.01117,3.199312631748301,15.02751064636736,3.979074849069721e-07,-5358.89684241591,Active,ionq_forte_simulated,2026-07-10T16:50:53.630539+00:00,1,False,2005000.0,1002500.0,3.2,0.0055,0.00045000000000000004,0.9978309216430039,"Run - Jul 10, 2026 at 22:18:59"
Q6,39,1784507.8287091872,892253.907476932,0.006829553231836795,0.0005317679581496981,0.01117,3.199312631748301,15.02751064636736,3.979074849069721e-07,-5361.569605134893,Active,ionq_forte_simulated,2026-07-10T16:50:53.633158+00:00,1,False,2006000.0,1003000.0,3.2,0.0056,0.00046,0.997791603643004,"Run - Jul 10, 2026 at 22:18:59"
Q7,39,1785397.4139023507,892698.7000735138,0.006949053231836796,0.0005433279581496982,0.01117,3.199312631748301,15.02751064636736,3.979074849069721e-07,-5364.242367853643,Active,ionq_forte_simulated,2026-07-10T16:50:53.636169+00:00,1,False,2007000.0,1003500.0,3.2,0.0057,0.00047000000000000004,0.9977522856430041,"Run - Jul 10, 2026 at 22:18:59"
Q8,39,1786286.9990955142,893143.4926700955,0.007068553231836795,0.0005548879581496981,0.01117,3.199312631748301,15.02751064636736,3.979074849069721e-07,-5366.915130572626,Active,ionq_forte_simulated,2026-07-10T16:50:53.639170+00:00,1,False,2008000.0,1004000.0,3.2,0.0058000000000000005,0.00048,0.9977129676430041,"Run - Jul 10, 2026 at 22:18:59"
Q9,39,1787176.5842886774,893588.2852666772,0.007188053231836795,0.0005664479581496981,0.01117,3.199312631748301,15.02751064636736,3.979074849069721e-07,-5369.587893291842,Active,ionq_forte_simulated,2026-07-10T16:50:53.641168+00:00,1,False,2009000.0,1004500.0,3.2,0.0059,0.00049,0.9976736496430041,"Run - Jul 10, 2026 at 22:18:59"
Q10,39,1788066.169481841,894033.0778632589,0.007307553231836795,0.0005780079581496981,0.01117,3.199312631748301,15.02751064636736,3.979074849069721e-07,-5372.260656010825,Active,ionq_forte_simulated,2026-07-10T16:50:53.644170+00:00,1,False,2010000.0,1005000.0,3.2,0.006,0.0005,0.9976343316430041,"Run - Jul 10, 2026 at 22:18:59"
Q11,39,1788955.7546750044,894477.8704598406,0.007427053231836796,0.0005895679581496982,0.01117,3.199312631748301,15.02751064636736,3.979074849069721e-07,-5374.933418729575,Active,ionq_forte_simulated,2026-07-10T16:50:53.648168+00:00,1,False,2011000.0,1005500.0,3.2,0.0061,0.00051,0.9975950136430041,"Run - Jul 10, 2026 at 22:18:59"
Q12,39,1789845.3398681676,894922.6630564223,0.007546553231836796,0.0006011279581496982,0.01117,3.199312631748301,15.02751064636736,3.979074849069721e-07,-5377.606181448791,Active,ionq_forte_simulated,2026-07-10T16:50:53.650428+00:00,1,False,2012000.0,1006000.0,3.2,0.006200000000000001,0.0005200000000000001,0.9975556956430041,"Run - Jul 10, 2026 at 22:18:59"
Q13,39,1790734.9250613311,895367.455653004,0.007666053231836795,0.0006126879581496983,0.01117,3.199312631748301,15.02751064636736,3.979074849069721e-07,-5380.278944167774,Active,ionq_forte_simulated,2026-07-10T16:50:53.653425+00:00,1,False,2013000.0,1006500.0,3.2,0.0063,0.0005300000000000001,0.997516377643004,"Run - Jul 10, 2026 at 22:18:59"
Q14,39,1791624.5102544946,895812.2482495857,0.007785553231836796,0.0006242479581496981,0.01117,3.199312631748301,15.02751064636736,3.979074849069721e-07,-5382.951706886757,Active,ionq_forte_simulated,2026-07-10T16:50:53.656425+00:00,1,False,2014000.0,1007000.0,3.2,0.0064,0.00054,0.997477059643004,"Run - Jul 10, 2026 at 22:18:59"
Q15,39,1792514.0954476579,896257.0408461674,0.007905053231836795,0.0006358079581496981,0.01117,3.199312631748301,15.02751064636736,3.979074849069721e-07,-5385.62446960574,Active,ionq_forte_simulated,2026-07-10T16:50:53.658424+00:00,1,False,2015000.0,1007500.0,3.2,0.006500000000000001,0.00055,0.997437741643004,"Run - Jul 10, 2026 at 22:18:59"
Q16,39,1793403.6806408213,896701.8334427491,0.008024553231836795,0.0006473679581496982,0.01117,3.199312631748301,15.02751064636736,3.979074849069721e-07,-5388.297232324723,Active,ionq_forte_simulated,2026-07-10T16:50:53.662145+00:00,1,False,2016000.0,1008000.0,3.2,0.0066,0.0005600000000000001,0.9973984236430041,"Run - Jul 10, 2026 at 22:18:59"
Q17,39,1794293.2658339848,897146.6260393308,0.008144053231836796,0.000658927958149698,0.01117,3.199312631748301,15.02751064636736,3.979074849069721e-07,-5390.969995043706,Active,ionq_forte_simulated,2026-07-10T16:50:53.665154+00:00,1,False,2017000.0,1008500.0,3.2,0.0067,0.00057,0.997359105643004,"Run - Jul 10, 2026 at 22:18:59"
Q18,39,1795182.851027148,897591.4186359125,0.008263553231836796,0.0006704879581496981,0.01117,3.199312631748301,15.02751064636736,3.979074849069721e-07,-5393.642757762922,Active,ionq_forte_simulated,2026-07-10T16:50:53.668156+00:00,1,False,2018000.0,1009000.0,3.2,0.0068000000000000005,0.00058,0.997319787643004,"Run - Jul 10, 2026 at 22:18:59"
Q19,39,1796072.4362203116,898036.2112324942,0.008383053231836796,0.0006820479581496981,0.01117,3.199312631748301,15.02751064636736,3.979074849069721e-07,-5396.315520481672,Active,ionq_forte_simulated,2026-07-10T16:50:53.671154+00:00,1,False,2019000.0,1009500.0,3.2,0.0069,0.00059,0.997280469643004,"Run - Jul 10, 2026 at 22:18:59"
Q20,39,1796962.021413475,898481.003829076,0.008502553231836796,0.0006936079581496982,0.01117,3.199312631748301,15.02751064636736,3.979074849069721e-07,-5398.988283200655,Active,ionq_forte_simulated,2026-07-10T16:50:53.674153+00:00,1,False,2020000.0,1010000.0,3.2,0.007,0.0006000000000000001,0.9972411516430041,"Run - Jul 10, 2026 at 22:18:59"
Q21,39,1797851.6066066385,898925.7964256577,0.008622053231836796,0.0007051679581496982,0.01117,3.199312631748301,15.02751064636736,3.979074849069721e-07,-5401.661045919638,Active,ionq_forte_simulated,2026-07-10T16:50:53.677155+00:00,1,False,2021000.0,1010500.0,3.2,0.0071,0.0006100000000000001,0.997201833643004,"Run - Jul 10, 2026 at 22:18:59"
Q22,39,1798741.1917998018,899370.5890222393,0.008741553231836795,0.000716727958149698,0.01117,3.199312631748301,15.02751064636736,3.979074849069721e-07,-5404.333808638854,Active,ionq_forte_simulated,2026-07-10T16:50:53.680159+00:00,1,False,2022000.0,1011000.0,3.2,0.0072,0.00062,0.9971625156430041,"Run - Jul 10, 2026 at 22:18:59"
Q23,39,1799630.7769929653,899815.3816188211,0.008861053231836795,0.0007282879581496981,0.01117,3.199312631748301,15.02751064636736,3.979074849069721e-07,-5407.006571357604,Active,ionq_forte_simulated,2026-07-10T16:50:53.683294+00:00,1,False,2023000.0,1011500.0,3.2,0.0073,0.00063,0.997123197643004,"Run - Jul 10, 2026 at 22:18:59"
Q24,39,1800520.3621861287,900260.1742154028,0.008980553231836795,0.0007398479581496981,0.01117,3.199312631748301,15.02751064636736,3.979074849069721e-07,-5409.679334076587,Active,ionq_forte_simulated,2026-07-10T16:50:53.685863+00:00,1,False,2024000.0,1012000.0,3.2,0.0074,0.00064,0.997083879643004,"Run - Jul 10, 2026 at 22:18:59"
Q0,40,1773840.7977540654,886920.3913090078,0.006151360499061586,0.0004640040808206181,0.011200000000000002,3.199243401545723,15.030272099812317,2.0404103090669599e-07,-5329.519796141423,Active,ionq_forte_simulated,2026-07-10T16:50:57.458009+00:00,1,False,2000000.0,1000000.0,3.2,0.005,0.0004,0.9980153906260354,"Run - Jul 10, 2026 at 22:18:59"
Q1,40,1774727.7181907825,887363.8515273663,0.0062713604990615865,0.0004756040808206181,0.011200000000000002,3.199243401545723,15.030272099812317,2.0404103090669599e-07,-5332.184552587802,Active,ionq_forte_simulated,2026-07-10T16:50:57.461016+00:00,1,False,2001000.0,1000500.0,3.2,0.0051,0.00041000000000000005,0.9979759106260353,"Run - Jul 10, 2026 at 22:18:59"
Q2,40,1775614.6386274996,887807.3117457249,0.006391360499061586,0.0004872040808206181,0.011200000000000002,3.199243401545723,15.030272099812317,2.0404103090669599e-07,-5334.849309033947,Active,ionq_forte_simulated,2026-07-10T16:50:57.463015+00:00,1,False,2002000.0,1001000.0,3.2,0.0052,0.00042,0.9979364306260354,"Run - Jul 10, 2026 at 22:18:59"
Q3,40,1776501.559064217,888250.7719640835,0.006511360499061586,0.0004988040808206181,0.011200000000000002,3.199243401545723,15.030272099812317,2.0404103090669599e-07,-5337.5140654800925,Active,ionq_forte_simulated,2026-07-10T16:50:57.466011+00:00,1,False,2003000.0,1001500.0,3.2,0.0053,0.00043000000000000004,0.9978969506260355,"Run - Jul 10, 2026 at 22:18:59"
Q4,40,1777388.479500934,888694.2321824421,0.0066313604990615865,0.0005104040808206181,0.011200000000000002,3.199243401545723,15.030272099812317,2.0404103090669599e-07,-5340.178821926471,Active,ionq_forte_simulated,2026-07-10T16:50:57.468011+00:00,1,False,2004000.0,1002000.0,3.2,0.0054,0.00044,0.9978574706260352,"Run - Jul 10, 2026 at 22:18:59"
Q5,40,1778275.3999376511,889137.6924008006,0.006751360499061585,0.0005220040808206182,0.011200000000000002,3.199243401545723,15.030272099812317,2.0404103090669599e-07,-5342.843578372616,Active,ionq_forte_simulated,2026-07-10T16:50:57.470011+00:00,1,False,2005000.0,1002500.0,3.2,0.0055,0.00045000000000000004,0.9978179906260354,"Run - Jul 10, 2026 at 22:18:59"
Q6,40,1779162.3203743682,889581.1526191592,0.006871360499061585,0.0005336040808206181,0.011200000000000002,3.199243401545723,15.030272099812317,2.0404103090669599e-07,-5345.508334818995,Active,ionq_forte_simulated,2026-07-10T16:50:57.472010+00:00,1,False,2006000.0,1003000.0,3.2,0.0056,0.00046,0.9977785106260355,"Run - Jul 10, 2026 at 22:18:59"
Q7,40,1780049.2408110856,890024.6128375179,0.006991360499061586,0.0005452040808206182,0.011200000000000002,3.199243401545723,15.030272099812317,2.0404103090669599e-07,-5348.17309126514,Active,ionq_forte_simulated,2026-07-10T16:50:57.473010+00:00,1,False,2007000.0,1003500.0,3.2,0.0057,0.00047000000000000004,0.9977390306260353,"Run - Jul 10, 2026 at 22:18:59"
Q8,40,1780936.1612478027,890468.0730558764,0.007111360499061586,0.0005568040808206181,0.011200000000000002,3.199243401545723,15.030272099812317,2.0404103090669599e-07,-5350.837847711518,Active,ionq_forte_simulated,2026-07-10T16:50:57.474009+00:00,1,False,2008000.0,1004000.0,3.2,0.0058000000000000005,0.00048,0.9976995506260353,"Run - Jul 10, 2026 at 22:18:59"
Q9,40,1781823.0816845198,890911.533274235,0.0072313604990615855,0.0005684040808206181,0.011200000000000002,3.199243401545723,15.030272099812317,2.0404103090669599e-07,-5353.502604157664,Active,ionq_forte_simulated,2026-07-10T16:50:57.477013+00:00,1,False,2009000.0,1004500.0,3.2,0.0059,0.00049,0.9976600706260353,"Run - Jul 10, 2026 at 22:18:59"
Q10,40,1782710.0021212369,891354.9934925935,0.007351360499061586,0.0005800040808206182,0.011200000000000002,3.199243401545723,15.030272099812317,2.0404103090669599e-07,-5356.167360604042,Active,ionq_forte_simulated,2026-07-10T16:50:57.479011+00:00,1,False,2010000.0,1005000.0,3.2,0.006,0.0005,0.9976205906260354,"Run - Jul 10, 2026 at 22:18:59"
Q11,40,1783596.922557954,891798.4537109521,0.007471360499061586,0.0005916040808206181,0.011200000000000002,3.199243401545723,15.030272099812317,2.0404103090669599e-07,-5358.8321170504205,Active,ionq_forte_simulated,2026-07-10T16:50:57.481010+00:00,1,False,2011000.0,1005500.0,3.2,0.0061,0.00051,0.9975811106260354,"Run - Jul 10, 2026 at 22:18:59"
Q12,40,1784483.8429946713,892241.9139293107,0.0075913604990615864,0.0006032040808206182,0.011200000000000002,3.199243401545723,15.030272099812317,2.0404103090669599e-07,-5361.496873496333,Active,ionq_forte_simulated,2026-07-10T16:50:57.483011+00:00,1,False,2012000.0,1006000.0,3.2,0.006200000000000001,0.0005200000000000001,0.9975416306260354,"Run - Jul 10, 2026 at 22:18:59"
Q13,40,1785370.7634313884,892685.3741476693,0.007711360499061586,0.0006148040808206183,0.011200000000000002,3.199243401545723,15.030272099812317,2.0404103090669599e-07,-5364.161629942711,Active,ionq_forte_simulated,2026-07-10T16:50:57.486010+00:00,1,False,2013000.0,1006500.0,3.2,0.0063,0.0005300000000000001,0.9975021506260353,"Run - Jul 10, 2026 at 22:18:59"
Q14,40,1786257.6838681055,893128.8343660278,0.007831360499061586,0.0006264040808206181,0.011200000000000002,3.199243401545723,15.030272099812317,2.0404103090669599e-07,-5366.82638638909,Active,ionq_forte_simulated,2026-07-10T16:50:57.488010+00:00,1,False,2014000.0,1007000.0,3.2,0.0064,0.00054,0.9974626706260354,"Run - Jul 10, 2026 at 22:18:59"
Q15,40,1787144.6043048226,893572.2945843864,0.007951360499061587,0.0006380040808206182,0.011200000000000002,3.199243401545723,15.030272099812317,2.0404103090669599e-07,-5369.491142835235,Active,ionq_forte_simulated,2026-07-10T16:50:57.489546+00:00,1,False,2015000.0,1007500.0,3.2,0.006500000000000001,0.00055,0.9974231906260355,"Run - Jul 10, 2026 at 22:18:59"
Q16,40,1788031.52474154,894015.7548027451,0.008071360499061585,0.0006496040808206182,0.011200000000000002,3.199243401545723,15.030272099812317,2.0404103090669599e-07,-5372.155899281381,Active,ionq_forte_simulated,2026-07-10T16:50:57.491554+00:00,1,False,2016000.0,1008000.0,3.2,0.0066,0.0005600000000000001,0.9973837106260353,"Run - Jul 10, 2026 at 22:18:59"
Q17,40,1788918.445178257,894459.2150211036,0.008191360499061585,0.0006612040808206181,0.011200000000000002,3.199243401545723,15.030272099812317,2.0404103090669599e-07,-5374.820655727759,Active,ionq_forte_simulated,2026-07-10T16:50:57.493555+00:00,1,False,2017000.0,1008500.0,3.2,0.0067,0.00057,0.9973442306260354,"Run - Jul 10, 2026 at 22:18:59"
Q18,40,1789805.3656149742,894902.6752394622,0.008311360499061586,0.0006728040808206181,0.011200000000000002,3.199243401545723,15.030272099812317,2.0404103090669599e-07,-5377.4854121739045,Active,ionq_forte_simulated,2026-07-10T16:50:57.496554+00:00,1,False,2018000.0,1009000.0,3.2,0.0068000000000000005,0.00058,0.9973047506260353,"Run - Jul 10, 2026 at 22:18:59"
Q19,40,1790692.2860516913,895346.1354578207,0.008431360499061584,0.0006844040808206181,0.011200000000000002,3.199243401545723,15.030272099812317,2.0404103090669599e-07,-5380.150168620283,Active,ionq_forte_simulated,2026-07-10T16:50:57.498553+00:00,1,False,2019000.0,1009500.0,3.2,0.0069,0.00059,0.9972652706260353,"Run - Jul 10, 2026 at 22:18:59"
Q20,40,1791579.2064884086,895789.5956761794,0.008551360499061585,0.0006960040808206182,0.011200000000000002,3.199243401545723,15.030272099812317,2.0404103090669599e-07,-5382.814925066428,Active,ionq_forte_simulated,2026-07-10T16:50:57.500555+00:00,1,False,2020000.0,1010000.0,3.2,0.007,0.0006000000000000001,0.9972257906260353,"Run - Jul 10, 2026 at 22:18:59"
Q21,40,1792466.1269251257,896233.055894538,0.008671360499061585,0.0007076040808206182,0.011200000000000002,3.199243401545723,15.030272099812317,2.0404103090669599e-07,-5385.479681512807,Active,ionq_forte_simulated,2026-07-10T16:50:57.502553+00:00,1,False,2021000.0,1010500.0,3.2,0.0071,0.0006100000000000001,0.9971863106260354,"Run - Jul 10, 2026 at 22:18:59"
Q22,40,1793353.0473618428,896676.5161128965,0.008791360499061585,0.0007192040808206181,0.011200000000000002,3.199243401545723,15.030272099812317,2.0404103090669599e-07,-5388.144437958952,Active,ionq_forte_simulated,2026-07-10T16:50:57.504551+00:00,1,False,2022000.0,1011000.0,3.2,0.0072,0.00062,0.9971468306260354,"Run - Jul 10, 2026 at 22:18:59"
Q23,40,1794239.96779856,897119.976331255,0.008911360499061586,0.0007308040808206181,0.011200000000000002,3.199243401545723,15.030272099812317,2.0404103090669599e-07,-5390.80919440533,Active,ionq_forte_simulated,2026-07-10T16:50:57.506553+00:00,1,False,2023000.0,1011500.0,3.2,0.0073,0.00063,0.9971073506260354,"Run - Jul 10, 2026 at 22:18:59"
Q24,40,1795126.888235277,897563.4365496136,0.009031360499061586,0.0007424040808206182,0.011200000000000002,3.199243401545723,15.030272099812317,2.0404103090669599e-07,-5393.473950851709,Active,ionq_forte_simulated,2026-07-10T16:50:57.507551+00:00,1,False,2024000.0,1012000.0,3.2,0.0074,0.00064,0.9970678706260354,"Run - Jul 10, 2026 at 22:18:59"
Q0,41,1768527.2432939308,884263.6134641942,0.006188655422212883,0.0004656007956356728,0.01123,3.199181683107152,15.032731084442576,-3.978178363927004e-08,-5313.55446013459,Active,ionq_forte_simulated,2026-07-10T16:51:01.380183+00:00,1,False,2000000.0,1000000.0,3.2,0.005,0.0004,0.9980037231346455,"Run - Jul 10, 2026 at 22:18:59"
Q1,41,1769411.5069564916,884705.7452954747,0.006309155422212883,0.00047724079563567283,0.01123,3.199181683107152,15.032731084442576,-3.978178363927004e-08,-5316.211234290851,Active,ionq_forte_simulated,2026-07-10T16:51:01.384183+00:00,1,False,2001000.0,1000500.0,3.2,0.0051,0.00041000000000000005,0.9979640811346454,"Run - Jul 10, 2026 at 22:18:59"
Q2,41,1770295.7706190525,885147.8771267551,0.006429655422212882,0.0004888807956356728,0.01123,3.199181683107152,15.032731084442576,-3.978178363927004e-08,-5318.8680084471125,Active,ionq_forte_simulated,2026-07-10T16:51:01.387187+00:00,1,False,2002000.0,1001000.0,3.2,0.0052,0.00042,0.9979244391346456,"Run - Jul 10, 2026 at 22:18:59"
Q3,41,1771180.034281613,885590.0089580354,0.006550155422212883,0.0005005207956356729,0.01123,3.199181683107152,15.032731084442576,-3.978178363927004e-08,-5321.524782603839,Active,ionq_forte_simulated,2026-07-10T16:51:01.390464+00:00,1,False,2003000.0,1001500.0,3.2,0.0053,0.00043000000000000004,0.9978847971346454,"Run - Jul 10, 2026 at 22:18:59"
Q4,41,1772064.297944174,886032.1407893158,0.006670655422212883,0.0005121607956356728,0.01123,3.199181683107152,15.032731084442576,-3.978178363927004e-08,-5324.181556760101,Active,ionq_forte_simulated,2026-07-10T16:51:01.394760+00:00,1,False,2004000.0,1002000.0,3.2,0.0054,0.00044,0.9978451551346454,"Run - Jul 10, 2026 at 22:18:59"
Q5,41,1772948.5616067348,886474.2726205962,0.006791155422212882,0.0005238007956356728,0.01123,3.199181683107152,15.032731084442576,-3.978178363927004e-08,-5326.838330916362,Active,ionq_forte_simulated,2026-07-10T16:51:01.397759+00:00,1,False,2005000.0,1002500.0,3.2,0.0055,0.00045000000000000004,0.9978055131346454,"Run - Jul 10, 2026 at 22:18:59"
Q6,41,1773832.8252692956,886916.4044518766,0.006911655422212883,0.0005354407956356728,0.01123,3.199181683107152,15.032731084442576,-3.978178363927004e-08,-5329.495105072623,Active,ionq_forte_simulated,2026-07-10T16:51:01.400753+00:00,1,False,2006000.0,1003000.0,3.2,0.0056,0.00046,0.9977658711346454,"Run - Jul 10, 2026 at 22:18:59"
Q7,41,1774717.0889318564,887358.5362831571,0.007032155422212883,0.0005470807956356728,0.01123,3.199181683107152,15.032731084442576,-3.978178363927004e-08,-5332.151879229117,Active,ionq_forte_simulated,2026-07-10T16:51:01.404752+00:00,1,False,2007000.0,1003500.0,3.2,0.0057,0.00047000000000000004,0.9977262291346454,"Run - Jul 10, 2026 at 22:18:59"
Q8,41,1775601.3525944173,887800.6681144375,0.0071526554222128835,0.0005587207956356728,0.01123,3.199181683107152,15.032731084442576,-3.978178363927004e-08,-5334.808653385378,Active,ionq_forte_simulated,2026-07-10T16:51:01.407755+00:00,1,False,2008000.0,1004000.0,3.2,0.0058000000000000005,0.00048,0.9976865871346454,"Run - Jul 10, 2026 at 22:18:59"
Q9,41,1776485.6162569781,888242.7999457179,0.007273155422212883,0.0005703607956356727,0.01123,3.199181683107152,15.032731084442576,-3.978178363927004e-08,-5337.46542754164,Active,ionq_forte_simulated,2026-07-10T16:51:01.411759+00:00,1,False,2009000.0,1004500.0,3.2,0.0059,0.00049,0.9976469451346455,"Run - Jul 10, 2026 at 22:18:59"
Q10,41,1777369.879919539,888684.9317769983,0.0073936554222128826,0.0005820007956356727,0.01123,3.199181683107152,15.032731084442576,-3.978178363927004e-08,-5340.122201697901,Active,ionq_forte_simulated,2026-07-10T16:51:01.414753+00:00,1,False,2010000.0,1005000.0,3.2,0.006,0.0005,0.9976073031346454,"Run - Jul 10, 2026 at 22:18:59"
Q11,41,1778254.1435820998,889127.0636082788,0.007514155422212883,0.0005936407956356728,0.01123,3.199181683107152,15.032731084442576,-3.978178363927004e-08,-5342.778975854162,Active,ionq_forte_simulated,2026-07-10T16:51:01.418764+00:00,1,False,2011000.0,1005500.0,3.2,0.0061,0.00051,0.9975676611346456,"Run - Jul 10, 2026 at 22:18:59"
Q12,41,1779138.4072446607,889569.1954395592,0.007634655422212883,0.0006052807956356728,0.01123,3.199181683107152,15.032731084442576,-3.978178363927004e-08,-5345.435750010656,Active,ionq_forte_simulated,2026-07-10T16:51:01.421764+00:00,1,False,2012000.0,1006000.0,3.2,0.006200000000000001,0.0005200000000000001,0.9975280191346454,"Run - Jul 10, 2026 at 22:18:59"
Q13,41,1780022.6709072213,890011.3272708395,0.007755155422212882,0.0006169207956356729,0.01123,3.199181683107152,15.032731084442576,-3.978178363927004e-08,-5348.09252416715,Active,ionq_forte_simulated,2026-07-10T16:51:01.424763+00:00,1,False,2013000.0,1006500.0,3.2,0.0063,0.0005300000000000001,0.9974883771346454,"Run - Jul 10, 2026 at 22:18:59"
Q14,41,1780906.934569782,890453.4591021199,0.007875655422212883,0.0006285607956356728,0.01123,3.199181683107152,15.032731084442576,-3.978178363927004e-08,-5350.7492983234115,Active,ionq_forte_simulated,2026-07-10T16:51:01.428766+00:00,1,False,2014000.0,1007000.0,3.2,0.0064,0.00054,0.9974487351346454,"Run - Jul 10, 2026 at 22:18:59"
Q15,41,1781791.198232343,890895.5909334003,0.007996155422212882,0.0006402007956356727,0.01123,3.199181683107152,15.032731084442576,-3.978178363927004e-08,-5353.406072479673,Active,ionq_forte_simulated,2026-07-10T16:51:01.432444+00:00,1,False,2015000.0,1007500.0,3.2,0.006500000000000001,0.00055,0.9974090931346455,"Run - Jul 10, 2026 at 22:18:59"
Q16,41,1782675.4618949038,891337.7227646807,0.008116655422212881,0.0006518407956356728,0.01123,3.199181683107152,15.032731084442576,-3.978178363927004e-08,-5356.062846636167,Active,ionq_forte_simulated,2026-07-10T16:51:01.435447+00:00,1,False,2016000.0,1008000.0,3.2,0.0066,0.0005600000000000001,0.9973694511346455,"Run - Jul 10, 2026 at 22:18:59"
Q17,41,1783559.7255574646,891779.8545959612,0.008237155422212882,0.0006634807956356727,0.01123,3.199181683107152,15.032731084442576,-3.978178363927004e-08,-5358.719620792428,Active,ionq_forte_simulated,2026-07-10T16:51:01.438442+00:00,1,False,2017000.0,1008500.0,3.2,0.0067,0.00057,0.9973298091346454,"Run - Jul 10, 2026 at 22:18:59"
Q18,41,1784443.9892200255,892221.9864272416,0.008357655422212883,0.0006751207956356728,0.01123,3.199181683107152,15.032731084442576,-3.978178363927004e-08,-5361.376394948689,Active,ionq_forte_simulated,2026-07-10T16:51:01.441439+00:00,1,False,2018000.0,1009000.0,3.2,0.0068000000000000005,0.00058,0.9972901671346455,"Run - Jul 10, 2026 at 22:18:59"
Q19,41,1785328.2528825863,892664.118258522,0.008478155422212882,0.0006867607956356728,0.01123,3.199181683107152,15.032731084442576,-3.978178363927004e-08,-5364.0331691049505,Active,ionq_forte_simulated,2026-07-10T16:51:01.445443+00:00,1,False,2019000.0,1009500.0,3.2,0.0069,0.00059,0.9972505251346454,"Run - Jul 10, 2026 at 22:18:59"
Q20,41,1786212.5165451472,893106.2500898024,0.008598655422212883,0.0006984007956356729,0.01123,3.199181683107152,15.032731084442576,-3.978178363927004e-08,-5366.689943261445,Active,ionq_forte_simulated,2026-07-10T16:51:01.448438+00:00,1,False,2020000.0,1010000.0,3.2,0.007,0.0006000000000000001,0.9972108831346456,"Run - Jul 10, 2026 at 22:18:59"
Q21,41,1787096.780207708,893548.3819210829,0.008719155422212882,0.0007100407956356728,0.01123,3.199181683107152,15.032731084442576,-3.978178363927004e-08,-5369.346717417706,Active,ionq_forte_simulated,2026-07-10T16:51:01.452439+00:00,1,False,2021000.0,1010500.0,3.2,0.0071,0.0006100000000000001,0.9971712411346454,"Run - Jul 10, 2026 at 22:18:59"
Q22,41,1787981.0438702689,893990.5137523633,0.008839655422212881,0.0007216807956356727,0.01123,3.199181683107152,15.032731084442576,-3.978178363927004e-08,-5372.003491573967,Active,ionq_forte_simulated,2026-07-10T16:51:01.454542+00:00,1,False,2022000.0,1011000.0,3.2,0.0072,0.00062,0.9971315991346454,"Run - Jul 10, 2026 at 22:18:59"
Q23,41,1788865.3075328297,894432.6455836437,0.008960155422212882,0.0007333207956356728,0.01123,3.199181683107152,15.032731084442576,-3.978178363927004e-08,-5374.660265730228,Active,ionq_forte_simulated,2026-07-10T16:51:01.458149+00:00,1,False,2023000.0,1011500.0,3.2,0.0073,0.00063,0.9970919571346455,"Run - Jul 10, 2026 at 22:18:59"
Q24,41,1789749.5711953903,894874.777414924,0.009080655422212883,0.0007449607956356728,0.01123,3.199181683107152,15.032731084442576,-3.978178363927004e-08,-5377.317039886722,Active,ionq_forte_simulated,2026-07-10T16:51:01.462151+00:00,1,False,2024000.0,1012000.0,3.2,0.0074,0.00064,0.9970523151346454,"Run - Jul 10, 2026 at 22:18:59"
Q0,42,1763229.606409255,881614.7944888697,0.006224315154482718,0.0004672054772926022,0.01126,3.1991281503629567,15.034863030896544,-2.738646301121342e-07,-5297.636884675827,Active,ionq_forte_simulated,2026-07-10T16:51:05.111412+00:00,1,False,2000000.0,1000000.0,3.2,0.005,0.0004,0.9979925438104674,"Run - Jul 10, 2026 at 22:18:59"
Q1,42,1764111.2212560382,882055.6019122613,0.006345315154482718,0.00047888547729260227,0.01126,3.1991281503629567,15.034863030896544,-2.738646301121342e-07,-5300.285700453445,Active,ionq_forte_simulated,2026-07-10T16:51:05.114413+00:00,1,False,2001000.0,1000500.0,3.2,0.0051,0.00041000000000000005,0.9979527398104673,"Run - Jul 10, 2026 at 22:18:59"
Q2,42,1764992.8361028216,882496.4093356531,0.006466315154482718,0.0004905654772926022,0.01126,3.1991281503629567,15.034863030896544,-2.738646301121342e-07,-5302.934516230831,Active,ionq_forte_simulated,2026-07-10T16:51:05.117411+00:00,1,False,2002000.0,1001000.0,3.2,0.0052,0.00042,0.9979129358104675,"Run - Jul 10, 2026 at 22:18:59"
Q3,42,1765874.450949605,882937.2167590448,0.006587315154482717,0.0005022454772926023,0.01126,3.1991281503629567,15.034863030896544,-2.738646301121342e-07,-5305.583332007984,Active,ionq_forte_simulated,2026-07-10T16:51:05.120421+00:00,1,False,2003000.0,1001500.0,3.2,0.0053,0.00043000000000000004,0.9978731318104674,"Run - Jul 10, 2026 at 22:18:59"
Q4,42,1766756.0657963885,883378.0241824365,0.006708315154482718,0.0005139254772926022,0.01126,3.1991281503629567,15.034863030896544,-2.738646301121342e-07,-5308.232147785369,Active,ionq_forte_simulated,2026-07-10T16:51:05.122418+00:00,1,False,2004000.0,1002000.0,3.2,0.0054,0.00044,0.9978333278104675,"Run - Jul 10, 2026 at 22:18:59"
Q5,42,1767637.680643172,883818.8316058283,0.006829315154482717,0.0005256054772926022,0.01126,3.1991281503629567,15.034863030896544,-2.738646301121342e-07,-5310.880963562755,Active,ionq_forte_simulated,2026-07-10T16:51:05.126428+00:00,1,False,2005000.0,1002500.0,3.2,0.0055,0.00045000000000000004,0.9977935238104674,"Run - Jul 10, 2026 at 22:18:59"
Q6,42,1768519.2954899552,884259.6390292199,0.006950315154482718,0.0005372854772926022,0.01126,3.1991281503629567,15.034863030896544,-2.738646301121342e-07,-5313.529779340373,Active,ionq_forte_simulated,2026-07-10T16:51:05.129422+00:00,1,False,2006000.0,1003000.0,3.2,0.0056,0.00046,0.9977537198104673,"Run - Jul 10, 2026 at 22:18:59"
Q7,42,1769400.9103367387,884700.4464526116,0.007071315154482718,0.0005489654772926023,0.01126,3.1991281503629567,15.034863030896544,-2.738646301121342e-07,-5316.178595117759,Active,ionq_forte_simulated,2026-07-10T16:51:05.132934+00:00,1,False,2007000.0,1003500.0,3.2,0.0057,0.00047000000000000004,0.9977139158104674,"Run - Jul 10, 2026 at 22:18:59"
Q8,42,1770282.5251835221,885141.2538760033,0.007192315154482718,0.0005606454772926022,0.01126,3.1991281503629567,15.034863030896544,-2.738646301121342e-07,-5318.827410895145,Active,ionq_forte_simulated,2026-07-10T16:51:05.135948+00:00,1,False,2008000.0,1004000.0,3.2,0.0058000000000000005,0.00048,0.9976741118104675,"Run - Jul 10, 2026 at 22:18:59"
Q9,42,1771164.1400303056,885582.061299395,0.007313315154482717,0.0005723254772926022,0.01126,3.1991281503629567,15.034863030896544,-2.738646301121342e-07,-5321.47622667253,Active,ionq_forte_simulated,2026-07-10T16:51:05.138944+00:00,1,False,2009000.0,1004500.0,3.2,0.0059,0.00049,0.9976343078104675,"Run - Jul 10, 2026 at 22:18:59"
Q10,42,1772045.754877089,886022.8687227868,0.007434315154482718,0.0005840054772926022,0.01126,3.1991281503629567,15.034863030896544,-2.738646301121342e-07,-5324.125042449916,Active,ionq_forte_simulated,2026-07-10T16:51:05.141945+00:00,1,False,2010000.0,1005000.0,3.2,0.006,0.0005,0.9975945038104673,"Run - Jul 10, 2026 at 22:18:59"
Q11,42,1772927.3697238725,886463.6761461785,0.007555315154482718,0.0005956854772926022,0.01126,3.1991281503629567,15.034863030896544,-2.738646301121342e-07,-5326.773858227301,Active,ionq_forte_simulated,2026-07-10T16:51:05.144946+00:00,1,False,2011000.0,1005500.0,3.2,0.0061,0.00051,0.9975546998104674,"Run - Jul 10, 2026 at 22:18:59"
Q12,42,1773808.9845706557,886904.4835695701,0.007676315154482719,0.0006073654772926023,0.01126,3.1991281503629567,15.034863030896544,-2.738646301121342e-07,-5329.42267400492,Active,ionq_forte_simulated,2026-07-10T16:51:05.147945+00:00,1,False,2012000.0,1006000.0,3.2,0.006200000000000001,0.0005200000000000001,0.9975148958104674,"Run - Jul 10, 2026 at 22:18:59"
Q13,42,1774690.5994174392,887345.2909929618,0.007797315154482717,0.0006190454772926023,0.01126,3.1991281503629567,15.034863030896544,-2.738646301121342e-07,-5332.071489782073,Active,ionq_forte_simulated,2026-07-10T16:51:05.150943+00:00,1,False,2013000.0,1006500.0,3.2,0.0063,0.0005300000000000001,0.9974750918104675,"Run - Jul 10, 2026 at 22:18:59"
Q14,42,1775572.2142642227,887786.0984163536,0.007918315154482717,0.0006307254772926022,0.01126,3.1991281503629567,15.034863030896544,-2.738646301121342e-07,-5334.720305559458,Active,ionq_forte_simulated,2026-07-10T16:51:05.153944+00:00,1,False,2014000.0,1007000.0,3.2,0.0064,0.00054,0.9974352878104673,"Run - Jul 10, 2026 at 22:18:59"
Q15,42,1776453.829111006,888226.9058397453,0.008039315154482718,0.0006424054772926022,0.01126,3.1991281503629567,15.034863030896544,-2.738646301121342e-07,-5337.369121336844,Active,ionq_forte_simulated,2026-07-10T16:51:05.155946+00:00,1,False,2015000.0,1007500.0,3.2,0.006500000000000001,0.00055,0.9973954838104674,"Run - Jul 10, 2026 at 22:18:59"
Q16,42,1777335.4439577896,888667.713263137,0.008160315154482718,0.0006540854772926022,0.01126,3.1991281503629567,15.034863030896544,-2.738646301121342e-07,-5340.017937114229,Active,ionq_forte_simulated,2026-07-10T16:51:05.159957+00:00,1,False,2016000.0,1008000.0,3.2,0.0066,0.0005600000000000001,0.9973556798104675,"Run - Jul 10, 2026 at 22:18:59"
Q17,42,1778217.058804573,889108.5206865288,0.008281315154482717,0.0006657654772926022,0.01126,3.1991281503629567,15.034863030896544,-2.738646301121342e-07,-5342.666752891615,Active,ionq_forte_simulated,2026-07-10T16:51:05.162946+00:00,1,False,2017000.0,1008500.0,3.2,0.0067,0.00057,0.9973158758104674,"Run - Jul 10, 2026 at 22:18:59"
Q18,42,1779098.6736513563,889549.3281099204,0.008402315154482719,0.0006774454772926022,0.01126,3.1991281503629567,15.034863030896544,-2.738646301121342e-07,-5345.3155686692335,Active,ionq_forte_simulated,2026-07-10T16:51:05.165949+00:00,1,False,2018000.0,1009000.0,3.2,0.0068000000000000005,0.00058,0.9972760718104674,"Run - Jul 10, 2026 at 22:18:59"
Q19,42,1779980.2884981397,889990.1355333121,0.008523315154482717,0.0006891254772926022,0.01126,3.1991281503629567,15.034863030896544,-2.738646301121342e-07,-5347.964384446619,Active,ionq_forte_simulated,2026-07-10T16:51:05.168950+00:00,1,False,2019000.0,1009500.0,3.2,0.0069,0.00059,0.9972362678104674,"Run - Jul 10, 2026 at 22:18:59"
Q20,42,1780861.9033449232,890430.9429567038,0.008644315154482718,0.0007008054772926022,0.01126,3.1991281503629567,15.034863030896544,-2.738646301121342e-07,-5350.613200224005,Active,ionq_forte_simulated,2026-07-10T16:51:05.170946+00:00,1,False,2020000.0,1010000.0,3.2,0.007,0.0006000000000000001,0.9971964638104674,"Run - Jul 10, 2026 at 22:18:59"
Q21,42,1781743.5181917066,890871.7503800956,0.008765315154482718,0.0007124854772926023,0.01126,3.1991281503629567,15.034863030896544,-2.738646301121342e-07,-5353.26201600139,Active,ionq_forte_simulated,2026-07-10T16:51:05.173944+00:00,1,False,2021000.0,1010500.0,3.2,0.0071,0.0006100000000000001,0.9971566598104673,"Run - Jul 10, 2026 at 22:18:59"
Q22,42,1782625.13303849,891312.5578034873,0.008886315154482717,0.0007241654772926022,0.01126,3.1991281503629567,15.034863030896544,-2.738646301121342e-07,-5355.910831778776,Active,ionq_forte_simulated,2026-07-10T16:51:05.177948+00:00,1,False,2022000.0,1011000.0,3.2,0.0072,0.00062,0.9971168558104675,"Run - Jul 10, 2026 at 22:18:59"
Q23,42,1783506.7478852733,891753.3652268789,0.009007315154482718,0.0007358454772926022,0.01126,3.1991281503629567,15.034863030896544,-2.738646301121342e-07,-5358.559647556394,Active,ionq_forte_simulated,2026-07-10T16:51:05.180946+00:00,1,False,2023000.0,1011500.0,3.2,0.0073,0.00063,0.9970770518104675,"Run - Jul 10, 2026 at 22:18:59"
Q24,42,1784388.3627320568,892194.1726502706,0.009128315154482718,0.0007475254772926022,0.01126,3.1991281503629567,15.034863030896544,-2.738646301121342e-07,-5361.208463333547,Active,ionq_forte_simulated,2026-07-10T16:51:05.183946+00:00,1,False,2024000.0,1012000.0,3.2,0.0074,0.00064,0.9970372478104674,"Run - Jul 10, 2026 at 22:18:59"
Q0,43,1757947.8394745726,878973.910575627,0.006258233187349892,0.00046880881791727544,0.01129,3.199083393167387,15.036646637469978,-4.4089586377066214e-07,-5281.766934682382,Active,ionq_forte_simulated,2026-07-10T16:51:09.747070+00:00,1,False,2000000.0,1000000.0,3.2,0.005,0.0004,0.9979818873984199,"Run - Jul 10, 2026 at 22:18:59"
Q1,43,1758826.8134401182,879413.3975583998,0.006379733187349892,0.00048052881791727544,0.01129,3.199083393167387,15.036646637469978,-4.4089586377066214e-07,-5284.407815919956,Active,ionq_forte_simulated,2026-07-10T16:51:09.750080+00:00,1,False,2001000.0,1000500.0,3.2,0.0051,0.00041000000000000005,0.99794192139842,"Run - Jul 10, 2026 at 22:18:59"
Q2,43,1759705.7874056636,879852.8845411725,0.006501233187349891,0.0004922488179172754,0.01129,3.199083393167387,15.036646637469978,-4.4089586377066214e-07,-5287.048697157996,Active,ionq_forte_simulated,2026-07-10T16:51:09.753083+00:00,1,False,2002000.0,1001000.0,3.2,0.0052,0.00042,0.9979019553984199,"Run - Jul 10, 2026 at 22:18:59"
Q3,43,1760584.7613712093,880292.3715239454,0.006622733187349892,0.0005039688179172754,0.01129,3.199083393167387,15.036646637469978,-4.4089586377066214e-07,-5289.6895783958025,Active,ionq_forte_simulated,2026-07-10T16:51:09.756083+00:00,1,False,2003000.0,1001500.0,3.2,0.0053,0.00043000000000000004,0.9978619893984197,"Run - Jul 10, 2026 at 22:18:59"
Q4,43,1761463.735336755,880731.8585067182,0.006744233187349892,0.0005156888179172754,0.01129,3.199083393167387,15.036646637469978,-4.4089586377066214e-07,-5292.330459633609,Active,ionq_forte_simulated,2026-07-10T16:51:09.760083+00:00,1,False,2004000.0,1002000.0,3.2,0.0054,0.00044,0.9978220233984199,"Run - Jul 10, 2026 at 22:18:59"
Q5,43,1762342.7093023004,881171.3454894909,0.006865733187349891,0.0005274088179172754,0.01129,3.199083393167387,15.036646637469978,-4.4089586377066214e-07,-5294.971340871649,Active,ionq_forte_simulated,2026-07-10T16:51:09.763078+00:00,1,False,2005000.0,1002500.0,3.2,0.0055,0.00045000000000000004,0.9977820573984199,"Run - Jul 10, 2026 at 22:18:59"
Q6,43,1763221.683267846,881610.8324722637,0.0069872331873498915,0.0005391288179172754,0.01129,3.199083393167387,15.036646637469978,-4.4089586377066214e-07,-5297.612222109223,Active,ionq_forte_simulated,2026-07-10T16:51:09.765078+00:00,1,False,2006000.0,1003000.0,3.2,0.0056,0.00046,0.9977420913984199,"Run - Jul 10, 2026 at 22:18:59"
Q7,43,1764100.6572333917,882050.3194550365,0.0071087331873498924,0.0005508488179172754,0.01129,3.199083393167387,15.036646637469978,-4.4089586377066214e-07,-5300.2531033470295,Active,ionq_forte_simulated,2026-07-10T16:51:09.768078+00:00,1,False,2007000.0,1003500.0,3.2,0.0057,0.00047000000000000004,0.9977021253984198,"Run - Jul 10, 2026 at 22:18:59"
Q8,43,1764979.6311989373,882489.8064378094,0.0072302331873498925,0.0005625688179172754,0.01129,3.199083393167387,15.036646637469978,-4.4089586377066214e-07,-5302.893984584836,Active,ionq_forte_simulated,2026-07-10T16:51:09.770080+00:00,1,False,2008000.0,1004000.0,3.2,0.0058000000000000005,0.00048,0.9976621593984198,"Run - Jul 10, 2026 at 22:18:59"
Q9,43,1765858.6051644827,882929.2934205821,0.007351733187349892,0.0005742888179172753,0.01129,3.199083393167387,15.036646637469978,-4.4089586377066214e-07,-5305.534865822876,Active,ionq_forte_simulated,2026-07-10T16:51:09.773083+00:00,1,False,2009000.0,1004500.0,3.2,0.0059,0.00049,0.9976221933984197,"Run - Jul 10, 2026 at 22:18:59"
Q10,43,1766737.5791300284,883368.7804033549,0.007473233187349892,0.0005860088179172753,0.01129,3.199083393167387,15.036646637469978,-4.4089586377066214e-07,-5308.175747060683,Active,ionq_forte_simulated,2026-07-10T16:51:09.777085+00:00,1,False,2010000.0,1005000.0,3.2,0.006,0.0005,0.9975822273984198,"Run - Jul 10, 2026 at 22:18:59"
Q11,43,1767616.553095574,883808.2673861277,0.007594733187349892,0.0005977288179172754,0.01129,3.199083393167387,15.036646637469978,-4.4089586377066214e-07,-5310.816628298489,Active,ionq_forte_simulated,2026-07-10T16:51:09.780084+00:00,1,False,2011000.0,1005500.0,3.2,0.0061,0.00051,0.9975422613984198,"Run - Jul 10, 2026 at 22:18:59"
Q12,43,1768495.5270611194,884247.7543689004,0.007716233187349893,0.0006094488179172754,0.01129,3.199083393167387,15.036646637469978,-4.4089586377066214e-07,-5313.457509536296,Active,ionq_forte_simulated,2026-07-10T16:51:09.782084+00:00,1,False,2012000.0,1006000.0,3.2,0.006200000000000001,0.0005200000000000001,0.9975022953984198,"Run - Jul 10, 2026 at 22:18:59"
Q13,43,1769374.501026665,884687.2413516733,0.007837733187349892,0.0006211688179172754,0.01129,3.199083393167387,15.036646637469978,-4.4089586377066214e-07,-5316.098390774103,Active,ionq_forte_simulated,2026-07-10T16:51:09.785084+00:00,1,False,2013000.0,1006500.0,3.2,0.0063,0.0005300000000000001,0.99746232939842,"Run - Jul 10, 2026 at 22:18:59"
Q14,43,1770253.4749922107,885126.7283344461,0.007959233187349892,0.0006328888179172753,0.01129,3.199083393167387,15.036646637469978,-4.4089586377066214e-07,-5318.73927201191,Active,ionq_forte_simulated,2026-07-10T16:51:09.788084+00:00,1,False,2014000.0,1007000.0,3.2,0.0064,0.00054,0.9974223633984198,"Run - Jul 10, 2026 at 22:18:59"
Q15,43,1771132.4489577564,885566.2153172189,0.008080733187349892,0.0006446088179172753,0.01129,3.199083393167387,15.036646637469978,-4.4089586377066214e-07,-5321.380153249716,Active,ionq_forte_simulated,2026-07-10T16:51:09.791093+00:00,1,False,2015000.0,1007500.0,3.2,0.006500000000000001,0.00055,0.9973823973984199,"Run - Jul 10, 2026 at 22:18:59"
Q16,43,1772011.4229233018,886005.7022999916,0.00820223318734989,0.0006563288179172754,0.01129,3.199083393167387,15.036646637469978,-4.4089586377066214e-07,-5324.021034487756,Active,ionq_forte_simulated,2026-07-10T16:51:09.794090+00:00,1,False,2016000.0,1008000.0,3.2,0.0066,0.0005600000000000001,0.9973424313984198,"Run - Jul 10, 2026 at 22:18:59"
Q17,43,1772890.3968888475,886445.1892827644,0.00832373318734989,0.0006680488179172753,0.01129,3.199083393167387,15.036646637469978,-4.4089586377066214e-07,-5326.661915725563,Active,ionq_forte_simulated,2026-07-10T16:51:09.797085+00:00,1,False,2017000.0,1008500.0,3.2,0.0067,0.00057,0.9973024653984198,"Run - Jul 10, 2026 at 22:18:59"
Q18,43,1773769.370854393,886884.6762655373,0.008445233187349892,0.0006797688179172753,0.01129,3.199083393167387,15.036646637469978,-4.4089586377066214e-07,-5329.302796963137,Active,ionq_forte_simulated,2026-07-10T16:51:09.800085+00:00,1,False,2018000.0,1009000.0,3.2,0.0068000000000000005,0.00058,0.9972624993984198,"Run - Jul 10, 2026 at 22:18:59"
Q19,43,1774648.3448199385,887324.16324831,0.00856673318734989,0.0006914888179172753,0.01129,3.199083393167387,15.036646637469978,-4.4089586377066214e-07,-5331.943678201176,Active,ionq_forte_simulated,2026-07-10T16:51:09.803090+00:00,1,False,2019000.0,1009500.0,3.2,0.0069,0.00059,0.9972225333984199,"Run - Jul 10, 2026 at 22:18:59"
Q20,43,1775527.3187854842,887763.6502310828,0.008688233187349891,0.0007032088179172754,0.01129,3.199083393167387,15.036646637469978,-4.4089586377066214e-07,-5334.584559438983,Active,ionq_forte_simulated,2026-07-10T16:51:09.806088+00:00,1,False,2020000.0,1010000.0,3.2,0.007,0.0006000000000000001,0.9971825673984198,"Run - Jul 10, 2026 at 22:18:59"
Q21,43,1776406.2927510298,888203.1372138556,0.008809733187349891,0.0007149288179172754,0.01129,3.199083393167387,15.036646637469978,-4.4089586377066214e-07,-5337.22544067679,Active,ionq_forte_simulated,2026-07-10T16:51:09.809096+00:00,1,False,2021000.0,1010500.0,3.2,0.0071,0.0006100000000000001,0.9971426013984199,"Run - Jul 10, 2026 at 22:18:59"
Q22,43,1777285.2667165755,888642.6241966285,0.008931233187349891,0.0007266488179172753,0.01129,3.199083393167387,15.036646637469978,-4.4089586377066214e-07,-5339.8663219145965,Active,ionq_forte_simulated,2026-07-10T16:51:09.812090+00:00,1,False,2022000.0,1011000.0,3.2,0.0072,0.00062,0.9971026353984198,"Run - Jul 10, 2026 at 22:18:59"
Q23,43,1778164.240682121,889082.1111794012,0.009052733187349891,0.0007383688179172753,0.01129,3.199083393167387,15.036646637469978,-4.4089586377066214e-07,-5342.507203152403,Active,ionq_forte_simulated,2026-07-10T16:51:09.814742+00:00,1,False,2023000.0,1011500.0,3.2,0.0073,0.00063,0.9970626693984198,"Run - Jul 10, 2026 at 22:18:59"
Q24,43,1779043.2146476666,889521.598162174,0.009174233187349891,0.0007500888179172754,0.01129,3.199083393167387,15.036646637469978,-4.4089586377066214e-07,-5345.14808439021,Active,ionq_forte_simulated,2026-07-10T16:51:09.816760+00:00,1,False,2024000.0,1012000.0,3.2,0.0074,0.00064,0.9970227033984198,"Run - Jul 10, 2026 at 22:18:59"
Q0,44,1752681.894998539,876340.9379832488,0.006290320414777903,0.0004704099996082639,0.011320000000000002,3.1990478979456975,15.03806408295558,-4.999804131973186e-07,-5265.944476033561,Active,ionq_forte_simulated,2026-07-10T16:51:13.108009+00:00,1,False,2000000.0,1000000.0,3.2,0.005,0.0004,0.9979717808756843,"Run - Jul 10, 2026 at 22:18:59"
Q1,44,1753558.2359936184,876779.1084807885,0.006412320414777903,0.00048216999960826396,0.011320000000000002,3.1990478979456975,15.03806408295558,-4.999804131973186e-07,-5268.577446499839,Active,ionq_forte_simulated,2026-07-10T16:51:13.112007+00:00,1,False,2001000.0,1000500.0,3.2,0.0051,0.00041000000000000005,0.9979316528756841,"Run - Jul 10, 2026 at 22:18:59"
Q2,44,1754434.5769886978,877217.2789783282,0.006534320414777903,0.0004939299996082639,0.011320000000000002,3.1990478979456975,15.03806408295558,-4.999804131973186e-07,-5271.210416965885,Active,ionq_forte_simulated,2026-07-10T16:51:13.115823+00:00,1,False,2002000.0,1001000.0,3.2,0.0052,0.00042,0.9978915248756841,"Run - Jul 10, 2026 at 22:18:59"
Q3,44,1755310.9179837771,877655.4494758679,0.006656320414777902,0.0005056899996082639,0.011320000000000002,3.1990478979456975,15.03806408295558,-4.999804131973186e-07,-5273.843387432164,Active,ionq_forte_simulated,2026-07-10T16:51:13.119821+00:00,1,False,2003000.0,1001500.0,3.2,0.0053,0.00043000000000000004,0.9978513968756841,"Run - Jul 10, 2026 at 22:18:59"
Q4,44,1756187.2589788565,878093.6199734076,0.006778320414777903,0.0005174499996082639,0.011320000000000002,3.1990478979456975,15.03806408295558,-4.999804131973186e-07,-5276.476357898442,Active,ionq_forte_simulated,2026-07-10T16:51:13.123833+00:00,1,False,2004000.0,1002000.0,3.2,0.0054,0.00044,0.9978112688756842,"Run - Jul 10, 2026 at 22:18:59"
Q5,44,1757063.5999739359,878531.7904709473,0.006900320414777903,0.000529209999608264,0.011320000000000002,3.1990478979456975,15.03806408295558,-4.999804131973186e-07,-5279.109328364488,Active,ionq_forte_simulated,2026-07-10T16:51:13.127380+00:00,1,False,2005000.0,1002500.0,3.2,0.0055,0.00045000000000000004,0.9977711408756842,"Run - Jul 10, 2026 at 22:18:59"
Q6,44,1757939.9409690152,878969.960968487,0.007022320414777902,0.0005409699996082639,0.011320000000000002,3.1990478979456975,15.03806408295558,-4.999804131973186e-07,-5281.742298830766,Active,ionq_forte_simulated,2026-07-10T16:51:13.130380+00:00,1,False,2006000.0,1003000.0,3.2,0.0056,0.00046,0.9977310128756841,"Run - Jul 10, 2026 at 22:18:59"
Q7,44,1758816.2819640946,879408.1314660267,0.007144320414777903,0.000552729999608264,0.011320000000000002,3.1990478979456975,15.03806408295558,-4.999804131973186e-07,-5284.375269297045,Active,ionq_forte_simulated,2026-07-10T16:51:13.133381+00:00,1,False,2007000.0,1003500.0,3.2,0.0057,0.00047000000000000004,0.9976908848756841,"Run - Jul 10, 2026 at 22:18:59"
Q8,44,1759692.622959174,879846.3019635663,0.007266320414777904,0.0005644899996082639,0.011320000000000002,3.1990478979456975,15.03806408295558,-4.999804131973186e-07,-5287.008239763323,Active,ionq_forte_simulated,2026-07-10T16:51:13.136389+00:00,1,False,2008000.0,1004000.0,3.2,0.0058000000000000005,0.00048,0.9976507568756843,"Run - Jul 10, 2026 at 22:18:59"
Q9,44,1760568.9639542534,880284.472461106,0.007388320414777902,0.0005762499996082639,0.011320000000000002,3.1990478979456975,15.03806408295558,-4.999804131973186e-07,-5289.641210229369,Active,ionq_forte_simulated,2026-07-10T16:51:13.140851+00:00,1,False,2009000.0,1004500.0,3.2,0.0059,0.00049,0.9976106288756841,"Run - Jul 10, 2026 at 22:18:59"
Q10,44,1761445.3049493327,880722.6429586457,0.007510320414777903,0.0005880099996082639,0.011320000000000002,3.1990478979456975,15.03806408295558,-4.999804131973186e-07,-5292.274180695647,Active,ionq_forte_simulated,2026-07-10T16:51:13.144211+00:00,1,False,2010000.0,1005000.0,3.2,0.006,0.0005,0.9975705008756841,"Run - Jul 10, 2026 at 22:18:59"
Q11,44,1762321.645944412,881160.8134561854,0.007632320414777904,0.0005997699996082639,0.011320000000000002,3.1990478979456975,15.03806408295558,-4.999804131973186e-07,-5294.907151161926,Active,ionq_forte_simulated,2026-07-10T16:51:13.147018+00:00,1,False,2011000.0,1005500.0,3.2,0.0061,0.00051,0.9975303728756841,"Run - Jul 10, 2026 at 22:18:59"
Q12,44,1763197.9869394915,881598.9839537251,0.007754320414777903,0.000611529999608264,0.011320000000000002,3.1990478979456975,15.03806408295558,-4.999804131973186e-07,-5297.5401216279715,Active,ionq_forte_simulated,2026-07-10T16:51:13.150375+00:00,1,False,2012000.0,1006000.0,3.2,0.006200000000000001,0.0005200000000000001,0.9974902448756842,"Run - Jul 10, 2026 at 22:18:59"
Q13,44,1764074.3279345708,882037.1544512648,0.007876320414777904,0.000623289999608264,0.011320000000000002,3.1990478979456975,15.03806408295558,-4.999804131973186e-07,-5300.17309209425,Active,ionq_forte_simulated,2026-07-10T16:51:13.153573+00:00,1,False,2013000.0,1006500.0,3.2,0.0063,0.0005300000000000001,0.9974501168756842,"Run - Jul 10, 2026 at 22:18:59"
Q14,44,1764950.6689296502,882475.3249488045,0.007998320414777903,0.0006350499996082639,0.011320000000000002,3.1990478979456975,15.03806408295558,-4.999804131973186e-07,-5302.8060625605285,Active,ionq_forte_simulated,2026-07-10T16:51:13.156576+00:00,1,False,2014000.0,1007000.0,3.2,0.0064,0.00054,0.9974099888756841,"Run - Jul 10, 2026 at 22:18:59"
Q15,44,1765827.0099247296,882913.4954463441,0.008120320414777905,0.0006468099996082639,0.011320000000000002,3.1990478979456975,15.03806408295558,-4.999804131973186e-07,-5305.439033026807,Active,ionq_forte_simulated,2026-07-10T16:51:13.160571+00:00,1,False,2015000.0,1007500.0,3.2,0.006500000000000001,0.00055,0.997369860875684,"Run - Jul 10, 2026 at 22:18:59"
Q16,44,1766703.350919809,883351.6659438838,0.008242320414777904,0.0006585699996082639,0.011320000000000002,3.1990478979456975,15.03806408295558,-4.999804131973186e-07,-5308.072003492853,Active,ionq_forte_simulated,2026-07-10T16:51:13.163381+00:00,1,False,2016000.0,1008000.0,3.2,0.0066,0.0005600000000000001,0.9973297328756843,"Run - Jul 10, 2026 at 22:18:59"
Q17,44,1767579.6919148883,883789.8364414235,0.008364320414777904,0.0006703299996082639,0.011320000000000002,3.1990478979456975,15.03806408295558,-4.999804131973186e-07,-5310.704973959131,Active,ionq_forte_simulated,2026-07-10T16:51:13.166385+00:00,1,False,2017000.0,1008500.0,3.2,0.0067,0.00057,0.9972896048756842,"Run - Jul 10, 2026 at 22:18:59"
Q18,44,1768456.0329099677,884228.0069389632,0.008486320414777903,0.0006820899996082639,0.011320000000000002,3.1990478979456975,15.03806408295558,-4.999804131973186e-07,-5313.33794442541,Active,ionq_forte_simulated,2026-07-10T16:51:13.169382+00:00,1,False,2018000.0,1009000.0,3.2,0.0068000000000000005,0.00058,0.9972494768756841,"Run - Jul 10, 2026 at 22:18:59"
Q19,44,1769332.373905047,884666.1774365029,0.008608320414777904,0.000693849999608264,0.011320000000000002,3.1990478979456975,15.03806408295558,-4.999804131973186e-07,-5315.970914891455,Active,ionq_forte_simulated,2026-07-10T16:51:13.173383+00:00,1,False,2019000.0,1009500.0,3.2,0.0069,0.00059,0.9972093488756841,"Run - Jul 10, 2026 at 22:18:59"
Q20,44,1770208.7149001264,885104.3479340426,0.008730320414777904,0.000705609999608264,0.011320000000000002,3.1990478979456975,15.03806408295558,-4.999804131973186e-07,-5318.603885357734,Active,ionq_forte_simulated,2026-07-10T16:51:13.176382+00:00,1,False,2020000.0,1010000.0,3.2,0.007,0.0006000000000000001,0.9971692208756842,"Run - Jul 10, 2026 at 22:18:59"
Q21,44,1771085.0558952058,885542.5184315823,0.008852320414777903,0.0007173699996082639,0.011320000000000002,3.1990478979456975,15.03806408295558,-4.999804131973186e-07,-5321.236855824012,Active,ionq_forte_simulated,2026-07-10T16:51:13.179380+00:00,1,False,2021000.0,1010500.0,3.2,0.0071,0.0006100000000000001,0.9971290928756842,"Run - Jul 10, 2026 at 22:18:59"
Q22,44,1771961.3968902852,885980.6889291219,0.008974320414777904,0.0007291299996082639,0.011320000000000002,3.1990478979456975,15.03806408295558,-4.999804131973186e-07,-5323.869826290291,Active,ionq_forte_simulated,2026-07-10T16:51:13.182380+00:00,1,False,2022000.0,1011000.0,3.2,0.0072,0.00062,0.9970889648756841,"Run - Jul 10, 2026 at 22:18:59"
Q23,44,1772837.7378853646,886418.8594266616,0.009096320414777904,0.0007408899996082639,0.011320000000000002,3.1990478979456975,15.03806408295558,-4.999804131973186e-07,-5326.5027967563365,Active,ionq_forte_simulated,2026-07-10T16:51:13.185381+00:00,1,False,2023000.0,1011500.0,3.2,0.0073,0.00063,0.997048836875684,"Run - Jul 10, 2026 at 22:18:59"
Q24,44,1773714.078880444,886857.0299242013,0.009218320414777903,0.000752649999608264,0.011320000000000002,3.1990478979456975,15.03806408295558,-4.999804131973186e-07,-5329.135767222615,Active,ionq_forte_simulated,2026-07-10T16:51:13.187380+00:00,1,False,2024000.0,1012000.0,3.2,0.0074,0.00064,0.9970087088756842,"Run - Jul 10, 2026 at 22:18:59"
Q0,45,1747431.725623057,873715.8530362274,0.006320506023533019,0.0004720087330464009,0.01135,3.199022033230015,15.039101204706604,-4.3665232004675784e-07,-5250.169375482015,Active,ionq_forte_simulated,2026-07-10T16:51:18.542121+00:00,1,False,2000000.0,1000000.0,3.2,0.005,0.0004,0.9979622455730262,"Run - Jul 10, 2026 at 22:18:59"
Q1,45,1748305.441534745,874152.7109920714,0.00644300602353302,0.000483808733046401,0.01135,3.199022033230015,15.039101204706604,-4.3665232004675784e-07,-5252.794458873337,Active,ionq_forte_simulated,2026-07-10T16:51:18.545120+00:00,1,False,2001000.0,1000500.0,3.2,0.0051,0.00041000000000000005,0.9979219555730261,"Run - Jul 10, 2026 at 22:18:59"
Q2,45,1749179.157446433,874589.5689479155,0.006565506023533019,0.000495608733046401,0.01135,3.199022033230015,15.039101204706604,-4.3665232004675784e-07,-5255.419542264659,Active,ionq_forte_simulated,2026-07-10T16:51:18.547647+00:00,1,False,2002000.0,1001000.0,3.2,0.0052,0.00042,0.9978816655730263,"Run - Jul 10, 2026 at 22:18:59"
Q3,45,1750052.8733581211,875026.4269037595,0.00668800602353302,0.0005074087330464009,0.01135,3.199022033230015,15.039101204706604,-4.3665232004675784e-07,-5258.044625655981,Active,ionq_forte_simulated,2026-07-10T16:51:18.550649+00:00,1,False,2003000.0,1001500.0,3.2,0.0053,0.00043000000000000004,0.9978413755730262,"Run - Jul 10, 2026 at 22:18:59"
Q4,45,1750926.5892698092,875463.2848596035,0.00681050602353302,0.000519208733046401,0.01135,3.199022033230015,15.039101204706604,-4.3665232004675784e-07,-5260.669709047303,Active,ionq_forte_simulated,2026-07-10T16:51:18.552644+00:00,1,False,2004000.0,1002000.0,3.2,0.0054,0.00044,0.9978010855730262,"Run - Jul 10, 2026 at 22:18:59"
Q5,45,1751800.3051814972,875900.1428154475,0.0069330060235330195,0.000531008733046401,0.01135,3.199022033230015,15.039101204706604,-4.3665232004675784e-07,-5263.294792438624,Active,ionq_forte_simulated,2026-07-10T16:51:18.554643+00:00,1,False,2005000.0,1002500.0,3.2,0.0055,0.00045000000000000004,0.9977607955730261,"Run - Jul 10, 2026 at 22:18:59"
Q6,45,1752674.0210931853,876337.0007712916,0.00705550602353302,0.0005428087330464009,0.01135,3.199022033230015,15.039101204706604,-4.3665232004675784e-07,-5265.919875829946,Active,ionq_forte_simulated,2026-07-10T16:51:18.556652+00:00,1,False,2006000.0,1003000.0,3.2,0.0056,0.00046,0.9977205055730262,"Run - Jul 10, 2026 at 22:18:59"
Q7,45,1753547.737004873,876773.8587271355,0.00717800602353302,0.000554608733046401,0.01135,3.199022033230015,15.039101204706604,-4.3665232004675784e-07,-5268.544959221501,Active,ionq_forte_simulated,2026-07-10T16:51:18.559640+00:00,1,False,2007000.0,1003500.0,3.2,0.0057,0.00047000000000000004,0.9976802155730261,"Run - Jul 10, 2026 at 22:18:59"
Q8,45,1754421.4529165612,877210.7166829795,0.00730050602353302,0.0005664087330464009,0.01135,3.199022033230015,15.039101204706604,-4.3665232004675784e-07,-5271.170042612823,Active,ionq_forte_simulated,2026-07-10T16:51:18.561648+00:00,1,False,2008000.0,1004000.0,3.2,0.0058000000000000005,0.00048,0.9976399255730262,"Run - Jul 10, 2026 at 22:18:59"
Q9,45,1755295.1688282492,877647.5746388235,0.0074230060235330195,0.0005782087330464009,0.01135,3.199022033230015,15.039101204706604,-4.3665232004675784e-07,-5273.795126004145,Active,ionq_forte_simulated,2026-07-10T16:51:18.563650+00:00,1,False,2009000.0,1004500.0,3.2,0.0059,0.00049,0.9975996355730261,"Run - Jul 10, 2026 at 22:18:59"
Q10,45,1756168.8847399373,878084.4325946675,0.00754550602353302,0.000590008733046401,0.01135,3.199022033230015,15.039101204706604,-4.3665232004675784e-07,-5276.420209395466,Active,ionq_forte_simulated,2026-07-10T16:51:18.565644+00:00,1,False,2010000.0,1005000.0,3.2,0.006,0.0005,0.9975593455730263,"Run - Jul 10, 2026 at 22:18:59"
Q11,45,1757042.6006516253,878521.2905505116,0.00766800602353302,0.0006018087330464009,0.01135,3.199022033230015,15.039101204706604,-4.3665232004675784e-07,-5279.045292786788,Active,ionq_forte_simulated,2026-07-10T16:51:18.568643+00:00,1,False,2011000.0,1005500.0,3.2,0.0061,0.00051,0.9975190555730262,"Run - Jul 10, 2026 at 22:18:59"
Q12,45,1757916.3165633134,878958.1485063556,0.00779050602353302,0.000613608733046401,0.01135,3.199022033230015,15.039101204706604,-4.3665232004675784e-07,-5281.67037617811,Active,ionq_forte_simulated,2026-07-10T16:51:18.569644+00:00,1,False,2012000.0,1006000.0,3.2,0.006200000000000001,0.0005200000000000001,0.9974787655730262,"Run - Jul 10, 2026 at 22:18:59"
Q13,45,1758790.0324750014,879395.0064621996,0.00791300602353302,0.000625408733046401,0.01135,3.199022033230015,15.039101204706604,-4.3665232004675784e-07,-5284.295459569432,Active,ionq_forte_simulated,2026-07-10T16:51:18.571648+00:00,1,False,2013000.0,1006500.0,3.2,0.0063,0.0005300000000000001,0.9974384755730261,"Run - Jul 10, 2026 at 22:18:59"
Q14,45,1759663.7483866895,879831.8644180436,0.00803550602353302,0.0006372087330464009,0.01135,3.199022033230015,15.039101204706604,-4.3665232004675784e-07,-5286.920542960754,Active,ionq_forte_simulated,2026-07-10T16:51:18.574656+00:00,1,False,2014000.0,1007000.0,3.2,0.0064,0.00054,0.9973981855730261,"Run - Jul 10, 2026 at 22:18:59"
Q15,45,1760537.4642983775,880268.7223738877,0.00815800602353302,0.000649008733046401,0.01135,3.199022033230015,15.039101204706604,-4.3665232004675784e-07,-5289.5456263520755,Active,ionq_forte_simulated,2026-07-10T16:51:18.577650+00:00,1,False,2015000.0,1007500.0,3.2,0.006500000000000001,0.00055,0.9973578955730262,"Run - Jul 10, 2026 at 22:18:59"
Q16,45,1761411.1802100656,880705.5803297317,0.00828050602353302,0.000660808733046401,0.01135,3.199022033230015,15.039101204706604,-4.3665232004675784e-07,-5292.170709743397,Active,ionq_forte_simulated,2026-07-10T16:51:18.579650+00:00,1,False,2016000.0,1008000.0,3.2,0.0066,0.0005600000000000001,0.9973176055730262,"Run - Jul 10, 2026 at 22:18:59"
Q17,45,1762284.8961217536,881142.4382855757,0.00840300602353302,0.0006726087330464009,0.01135,3.199022033230015,15.039101204706604,-4.3665232004675784e-07,-5294.795793134719,Active,ionq_forte_simulated,2026-07-10T16:51:18.581649+00:00,1,False,2017000.0,1008500.0,3.2,0.0067,0.00057,0.9972773155730261,"Run - Jul 10, 2026 at 22:18:59"
Q18,45,1763158.6120334417,881579.2962414197,0.00852550602353302,0.0006844087330464009,0.01135,3.199022033230015,15.039101204706604,-4.3665232004675784e-07,-5297.420876526041,Active,ionq_forte_simulated,2026-07-10T16:51:18.583650+00:00,1,False,2018000.0,1009000.0,3.2,0.0068000000000000005,0.00058,0.9972370255730263,"Run - Jul 10, 2026 at 22:18:59"
Q19,45,1764032.3279451297,882016.1541972638,0.008648006023533019,0.000696208733046401,0.01135,3.199022033230015,15.039101204706604,-4.3665232004675784e-07,-5300.045959917363,Active,ionq_forte_simulated,2026-07-10T16:51:18.585643+00:00,1,False,2019000.0,1009500.0,3.2,0.0069,0.00059,0.9971967355730262,"Run - Jul 10, 2026 at 22:18:59"
Q20,45,1764906.0438568178,882453.0121531078,0.00877050602353302,0.000708008733046401,0.01135,3.199022033230015,15.039101204706604,-4.3665232004675784e-07,-5302.671043308685,Active,ionq_forte_simulated,2026-07-10T16:51:18.587642+00:00,1,False,2020000.0,1010000.0,3.2,0.007,0.0006000000000000001,0.9971564455730262,"Run - Jul 10, 2026 at 22:18:59"
Q21,45,1765779.7597685058,882889.8701089518,0.00889300602353302,0.000719808733046401,0.01135,3.199022033230015,15.039101204706604,-4.3665232004675784e-07,-5305.296126700006,Active,ionq_forte_simulated,2026-07-10T16:51:18.590651+00:00,1,False,2021000.0,1010500.0,3.2,0.0071,0.0006100000000000001,0.9971161555730261,"Run - Jul 10, 2026 at 22:18:59"
Q22,45,1766653.4756801936,883326.7280647957,0.009015506023533019,0.0007316087330464009,0.01135,3.199022033230015,15.039101204706604,-4.3665232004675784e-07,-5307.921210091561,Active,ionq_forte_simulated,2026-07-10T16:51:18.593647+00:00,1,False,2022000.0,1011000.0,3.2,0.0072,0.00062,0.9970758655730261,"Run - Jul 10, 2026 at 22:18:59"
Q23,45,1767527.1915918817,883763.5860206397,0.00913800602353302,0.0007434087330464009,0.01135,3.199022033230015,15.039101204706604,-4.3665232004675784e-07,-5310.546293482883,Active,ionq_forte_simulated,2026-07-10T16:51:18.595647+00:00,1,False,2023000.0,1011500.0,3.2,0.0073,0.00063,0.9970355755730262,"Run - Jul 10, 2026 at 22:18:59"
Q24,45,1768400.9075035697,884200.4439764838,0.009260506023533021,0.000755208733046401,0.01135,3.199022033230015,15.039101204706604,-4.3665232004675784e-07,-5313.171376874205,Active,ionq_forte_simulated,2026-07-10T16:51:18.597650+00:00,1,False,2024000.0,1012000.0,3.2,0.0074,0.00064,0.9969952855730262,"Run - Jul 10, 2026 at 22:18:59"
Q0,46,1742197.2841224964,871098.6321243381,0.006348738200726693,0.00047360532833020335,0.01138,3.1990060425798563,15.039747640145338,-2.664165101666988e-07,-5234.441500560613,Active,ionq_forte_simulated,2026-07-10T16:51:22.831491+00:00,1,False,2000000.0,1000000.0,3.2,0.005,0.0004,0.997953296941283,"Run - Jul 10, 2026 at 22:18:59"
Q1,46,1743068.3828142423,871534.181470211,0.0064717382007266925,0.00048544532833020334,0.01138,3.1990060425798563,15.039747640145338,-2.664165101666988e-07,-5237.05872050277,Active,ionq_forte_simulated,2026-07-10T16:51:22.834491+00:00,1,False,2001000.0,1000500.0,3.2,0.0051,0.00041000000000000005,0.9979128449412831,"Run - Jul 10, 2026 at 22:18:59"
Q2,46,1743939.481505988,871969.7308160838,0.006594738200726692,0.0004972853283302034,0.01138,3.1990060425798563,15.039747640145338,-2.664165101666988e-07,-5239.675940445159,Active,ionq_forte_simulated,2026-07-10T16:51:22.837507+00:00,1,False,2002000.0,1001000.0,3.2,0.0052,0.00042,0.997872392941283,"Run - Jul 10, 2026 at 22:18:59"
Q3,46,1744810.5801977338,872405.2801619568,0.006717738200726692,0.0005091253283302034,0.01138,3.1990060425798563,15.039747640145338,-2.664165101666988e-07,-5242.293160387315,Active,ionq_forte_simulated,2026-07-10T16:51:22.840513+00:00,1,False,2003000.0,1001500.0,3.2,0.0053,0.00043000000000000004,0.9978319409412828,"Run - Jul 10, 2026 at 22:18:59"
Q4,46,1745681.6788894795,872840.8295078296,0.006840738200726693,0.0005209653283302034,0.01138,3.1990060425798563,15.039747640145338,-2.664165101666988e-07,-5244.910380329704,Active,ionq_forte_simulated,2026-07-10T16:51:22.844507+00:00,1,False,2004000.0,1002000.0,3.2,0.0054,0.00044,0.997791488941283,"Run - Jul 10, 2026 at 22:18:59"
Q5,46,1746552.7775812254,873276.3788537026,0.006963738200726692,0.0005328053283302034,0.01138,3.1990060425798563,15.039747640145338,-2.664165101666988e-07,-5247.52760027186,Active,ionq_forte_simulated,2026-07-10T16:51:22.847507+00:00,1,False,2005000.0,1002500.0,3.2,0.0055,0.00045000000000000004,0.997751036941283,"Run - Jul 10, 2026 at 22:18:59"
Q6,46,1747423.8762729713,873711.9281995755,0.007086738200726693,0.0005446453283302034,0.01138,3.1990060425798563,15.039747640145338,-2.664165101666988e-07,-5250.144820214016,Active,ionq_forte_simulated,2026-07-10T16:51:22.850027+00:00,1,False,2006000.0,1003000.0,3.2,0.0056,0.00046,0.9977105849412831,"Run - Jul 10, 2026 at 22:18:59"
Q7,46,1748294.974964717,874147.4775454483,0.0072097382007266925,0.0005564853283302034,0.01138,3.1990060425798563,15.039747640145338,-2.664165101666988e-07,-5252.762040156173,Active,ionq_forte_simulated,2026-07-10T16:51:22.853038+00:00,1,False,2007000.0,1003500.0,3.2,0.0057,0.00047000000000000004,0.9976701329412829,"Run - Jul 10, 2026 at 22:18:59"
Q8,46,1749166.0736564628,874583.0268913213,0.007332738200726693,0.0005683253283302034,0.01138,3.1990060425798563,15.039747640145338,-2.664165101666988e-07,-5255.379260098329,Active,ionq_forte_simulated,2026-07-10T16:51:22.857048+00:00,1,False,2008000.0,1004000.0,3.2,0.0058000000000000005,0.00048,0.997629680941283,"Run - Jul 10, 2026 at 22:18:59"
Q9,46,1750037.1723482085,875018.5762371941,0.007455738200726692,0.0005801653283302033,0.01138,3.1990060425798563,15.039747640145338,-2.664165101666988e-07,-5257.996480040718,Active,ionq_forte_simulated,2026-07-10T16:51:22.860040+00:00,1,False,2009000.0,1004500.0,3.2,0.0059,0.00049,0.997589228941283,"Run - Jul 10, 2026 at 22:18:59"
Q10,46,1750908.2710399544,875454.1255830671,0.007578738200726693,0.0005920053283302034,0.01138,3.1990060425798563,15.039747640145338,-2.664165101666988e-07,-5260.613699982874,Active,ionq_forte_simulated,2026-07-10T16:51:22.863051+00:00,1,False,2010000.0,1005000.0,3.2,0.006,0.0005,0.997548776941283,"Run - Jul 10, 2026 at 22:18:59"
Q11,46,1751779.3697317003,875889.67492894,0.007701738200726693,0.0006038453283302034,0.01138,3.1990060425798563,15.039747640145338,-2.664165101666988e-07,-5263.23091992503,Active,ionq_forte_simulated,2026-07-10T16:51:22.866043+00:00,1,False,2011000.0,1005500.0,3.2,0.0061,0.00051,0.9975083249412829,"Run - Jul 10, 2026 at 22:18:59"
Q12,46,1752650.468423446,876325.2242748128,0.007824738200726693,0.0006156853283302035,0.01138,3.1990060425798563,15.039747640145338,-2.664165101666988e-07,-5265.848139867419,Active,ionq_forte_simulated,2026-07-10T16:51:22.869039+00:00,1,False,2012000.0,1006000.0,3.2,0.006200000000000001,0.0005200000000000001,0.9974678729412829,"Run - Jul 10, 2026 at 22:18:59"
Q13,46,1753521.5671151918,876760.7736206858,0.007947738200726693,0.0006275253283302035,0.01138,3.1990060425798563,15.039747640145338,-2.664165101666988e-07,-5268.465359809576,Active,ionq_forte_simulated,2026-07-10T16:51:22.872043+00:00,1,False,2013000.0,1006500.0,3.2,0.0063,0.0005300000000000001,0.997427420941283,"Run - Jul 10, 2026 at 22:18:59"
Q14,46,1754392.6658069375,877196.3229665586,0.008070738200726693,0.0006393653283302033,0.01138,3.1990060425798563,15.039747640145338,-2.664165101666988e-07,-5271.082579751965,Active,ionq_forte_simulated,2026-07-10T16:51:22.875726+00:00,1,False,2014000.0,1007000.0,3.2,0.0064,0.00054,0.9973869689412829,"Run - Jul 10, 2026 at 22:18:59"
Q15,46,1755263.7644986834,877631.8723124316,0.008193738200726693,0.0006512053283302034,0.01138,3.1990060425798563,15.039747640145338,-2.664165101666988e-07,-5273.699799694121,Active,ionq_forte_simulated,2026-07-10T16:51:22.878346+00:00,1,False,2015000.0,1007500.0,3.2,0.006500000000000001,0.00055,0.997346516941283,"Run - Jul 10, 2026 at 22:18:59"
Q16,46,1756134.8631904293,878067.4216583045,0.008316738200726693,0.0006630453283302034,0.01138,3.1990060425798563,15.039747640145338,-2.664165101666988e-07,-5276.317019636277,Active,ionq_forte_simulated,2026-07-10T16:51:22.882348+00:00,1,False,2016000.0,1008000.0,3.2,0.0066,0.0005600000000000001,0.9973060649412829,"Run - Jul 10, 2026 at 22:18:59"
Q17,46,1757005.961882175,878502.9710041774,0.008439738200726693,0.0006748853283302034,0.01138,3.1990060425798563,15.039747640145338,-2.664165101666988e-07,-5278.934239578666,Active,ionq_forte_simulated,2026-07-10T16:51:22.884348+00:00,1,False,2017000.0,1008500.0,3.2,0.0067,0.00057,0.9972656129412829,"Run - Jul 10, 2026 at 22:18:59"
Q18,46,1757877.0605739208,878938.5203500503,0.008562738200726693,0.0006867253283302033,0.01138,3.1990060425798563,15.039747640145338,-2.664165101666988e-07,-5281.551459520822,Active,ionq_forte_simulated,2026-07-10T16:51:22.887344+00:00,1,False,2018000.0,1009000.0,3.2,0.0068000000000000005,0.00058,0.9972251609412829,"Run - Jul 10, 2026 at 22:18:59"
Q19,46,1758748.1592656665,879374.0696959231,0.008685738200726692,0.0006985653283302034,0.01138,3.1990060425798563,15.039747640145338,-2.664165101666988e-07,-5284.168679463211,Active,ionq_forte_simulated,2026-07-10T16:51:22.890349+00:00,1,False,2019000.0,1009500.0,3.2,0.0069,0.00059,0.9971847089412829,"Run - Jul 10, 2026 at 22:18:59"
Q20,46,1759619.2579574124,879809.6190417961,0.008808738200726692,0.0007104053283302034,0.01138,3.1990060425798563,15.039747640145338,-2.664165101666988e-07,-5286.785899405368,Active,ionq_forte_simulated,2026-07-10T16:51:22.893359+00:00,1,False,2020000.0,1010000.0,3.2,0.007,0.0006000000000000001,0.997144256941283,"Run - Jul 10, 2026 at 22:18:59"
Q21,46,1760490.356649158,880245.1683876689,0.008931738200726694,0.0007222453283302035,0.01138,3.1990060425798563,15.039747640145338,-2.664165101666988e-07,-5289.403119347757,Active,ionq_forte_simulated,2026-07-10T16:51:22.896808+00:00,1,False,2021000.0,1010500.0,3.2,0.0071,0.0006100000000000001,0.9971038049412828,"Run - Jul 10, 2026 at 22:18:59"
Q22,46,1761361.455340904,880680.7177335419,0.009054738200726692,0.0007340853283302033,0.01138,3.1990060425798563,15.039747640145338,-2.664165101666988e-07,-5292.02033928968,Active,ionq_forte_simulated,2026-07-10T16:51:22.899391+00:00,1,False,2022000.0,1011000.0,3.2,0.0072,0.00062,0.9970633529412829,"Run - Jul 10, 2026 at 22:18:59"
Q23,46,1762232.5540326498,881116.2670794148,0.009177738200726692,0.0007459253283302033,0.01138,3.1990060425798563,15.039747640145338,-2.664165101666988e-07,-5294.637559231836,Active,ionq_forte_simulated,2026-07-10T16:51:22.902388+00:00,1,False,2023000.0,1011500.0,3.2,0.0073,0.00063,0.9970229009412829,"Run - Jul 10, 2026 at 22:18:59"
Q24,46,1763103.6527243955,881551.8164252876,0.009300738200726693,0.0007577653283302034,0.01138,3.1990060425798563,15.039747640145338,-2.664165101666988e-07,-5297.254779174225,Active,ionq_forte_simulated,2026-07-10T16:51:22.905391+00:00,1,False,2024000.0,1012000.0,3.2,0.0074,0.00064,0.9969824489412829,"Run - Jul 10, 2026 at 22:18:59"
Q0,47,1736978.5234030099,868489.2517022723,0.006374984651512821,0.00047520061905293994,0.01141,3.199000045789789,15.039996930302564,-3.095264699721028e-08,-5218.760719486512,Active,ionq_forte_simulated,2026-07-10T16:51:26.999216+00:00,1,False,2000000.0,1000000.0,3.2,0.005,0.0004,0.9979449444188302,"Run - Jul 10, 2026 at 22:18:59"
Q1,47,1737847.0127147075,868923.4963581212,0.006498484651512822,0.00048708061905293996,0.01141,3.199000045789789,15.039996930302564,-3.095264699721028e-08,-5221.370099534746,Active,ionq_forte_simulated,2026-07-10T16:51:27.002217+00:00,1,False,2001000.0,1000500.0,3.2,0.0051,0.00041000000000000005,0.9979043304188303,"Run - Jul 10, 2026 at 22:18:59"
Q2,47,1738715.5020264052,869357.74101397,0.006621984651512821,0.00049896061905294,0.01141,3.199000045789789,15.039996930302564,-3.095264699721028e-08,-5223.979479582747,Active,ionq_forte_simulated,2026-07-10T16:51:27.005219+00:00,1,False,2002000.0,1001000.0,3.2,0.0052,0.00042,0.9978637164188302,"Run - Jul 10, 2026 at 22:18:59"
Q3,47,1739583.9913381028,869791.9856698188,0.0067454846515128215,0.00051084061905294,0.01141,3.199000045789789,15.039996930302564,-3.095264699721028e-08,-5226.5888596309815,Active,ionq_forte_simulated,2026-07-10T16:51:27.007229+00:00,1,False,2003000.0,1001500.0,3.2,0.0053,0.00043000000000000004,0.9978231024188302,"Run - Jul 10, 2026 at 22:18:59"
Q4,47,1740452.4806498005,870226.2303256677,0.006868984651512821,0.0005227206190529399,0.01141,3.199000045789789,15.039996930302564,-3.095264699721028e-08,-5229.198239678983,Active,ionq_forte_simulated,2026-07-10T16:51:27.010221+00:00,1,False,2004000.0,1002000.0,3.2,0.0054,0.00044,0.9977824884188302,"Run - Jul 10, 2026 at 22:18:59"
Q5,47,1741320.9699614984,870660.4749815166,0.0069924846515128205,0.00053460061905294,0.01141,3.199000045789789,15.039996930302564,-3.095264699721028e-08,-5231.807619726984,Active,ionq_forte_simulated,2026-07-10T16:51:27.012222+00:00,1,False,2005000.0,1002500.0,3.2,0.0055,0.00045000000000000004,0.9977418744188302,"Run - Jul 10, 2026 at 22:18:59"
Q6,47,1742189.459273196,871094.7196373654,0.007115984651512821,0.00054648061905294,0.01141,3.199000045789789,15.039996930302564,-3.095264699721028e-08,-5234.416999775218,Active,ionq_forte_simulated,2026-07-10T16:51:27.015218+00:00,1,False,2006000.0,1003000.0,3.2,0.0056,0.00046,0.9977012604188302,"Run - Jul 10, 2026 at 22:18:59"
Q7,47,1743057.9485848937,871528.9642932143,0.007239484651512821,0.00055836061905294,0.01141,3.199000045789789,15.039996930302564,-3.095264699721028e-08,-5237.026379823219,Active,ionq_forte_simulated,2026-07-10T16:51:27.017728+00:00,1,False,2007000.0,1003500.0,3.2,0.0057,0.00047000000000000004,0.9976606464188302,"Run - Jul 10, 2026 at 22:18:59"
Q8,47,1743926.4378965914,871963.2089490631,0.0073629846515128215,0.00057024061905294,0.01141,3.199000045789789,15.039996930302564,-3.095264699721028e-08,-5239.635759871453,Active,ionq_forte_simulated,2026-07-10T16:51:27.029769+00:00,1,False,2008000.0,1004000.0,3.2,0.0058000000000000005,0.00048,0.9976200324188302,"Run - Jul 10, 2026 at 22:18:59"
Q9,47,1744794.927208289,872397.4536049119,0.007486484651512821,0.00058212061905294,0.01141,3.199000045789789,15.039996930302564,-3.095264699721028e-08,-5242.245139919454,Active,ionq_forte_simulated,2026-07-10T16:51:27.034498+00:00,1,False,2009000.0,1004500.0,3.2,0.0059,0.00049,0.9975794184188302,"Run - Jul 10, 2026 at 22:18:59"
Q10,47,1745663.4165199867,872831.6982607607,0.007609984651512821,0.00059400061905294,0.01141,3.199000045789789,15.039996930302564,-3.095264699721028e-08,-5244.854519967688,Active,ionq_forte_simulated,2026-07-10T16:51:27.041513+00:00,1,False,2010000.0,1005000.0,3.2,0.006,0.0005,0.9975388044188304,"Run - Jul 10, 2026 at 22:18:59"
Q11,47,1746531.9058316844,873265.9429166096,0.007733484651512822,0.00060588061905294,0.01141,3.199000045789789,15.039996930302564,-3.095264699721028e-08,-5247.463900015922,Active,ionq_forte_simulated,2026-07-10T16:51:27.046519+00:00,1,False,2011000.0,1005500.0,3.2,0.0061,0.00051,0.9974981904188303,"Run - Jul 10, 2026 at 22:18:59"
Q12,47,1747400.395143382,873700.1875724584,0.007856984651512822,0.0006177606190529401,0.01141,3.199000045789789,15.039996930302564,-3.095264699721028e-08,-5250.073280063923,Active,ionq_forte_simulated,2026-07-10T16:51:27.049516+00:00,1,False,2012000.0,1006000.0,3.2,0.006200000000000001,0.0005200000000000001,0.9974575764188303,"Run - Jul 10, 2026 at 22:18:59"
Q13,47,1748268.8844550797,874134.4322283072,0.00798048465151282,0.0006296406190529401,0.01141,3.199000045789789,15.039996930302564,-3.095264699721028e-08,-5252.6826601121575,Active,ionq_forte_simulated,2026-07-10T16:51:27.051510+00:00,1,False,2013000.0,1006500.0,3.2,0.0063,0.0005300000000000001,0.9974169624188303,"Run - Jul 10, 2026 at 22:18:59"
Q14,47,1749137.3737667773,874568.6768841561,0.008103984651512821,0.00064152061905294,0.01141,3.199000045789789,15.039996930302564,-3.095264699721028e-08,-5255.292040160159,Active,ionq_forte_simulated,2026-07-10T16:51:27.055046+00:00,1,False,2014000.0,1007000.0,3.2,0.0064,0.00054,0.9973763484188303,"Run - Jul 10, 2026 at 22:18:59"
Q15,47,1750005.863078475,875002.9215400049,0.008227484651512821,0.00065340061905294,0.01141,3.199000045789789,15.039996930302564,-3.095264699721028e-08,-5257.901420208393,Active,ionq_forte_simulated,2026-07-10T16:51:27.058037+00:00,1,False,2015000.0,1007500.0,3.2,0.006500000000000001,0.00055,0.9973357344188303,"Run - Jul 10, 2026 at 22:18:59"
Q16,47,1750874.3523901727,875437.1661958537,0.00835098465151282,0.0006652806190529401,0.01141,3.199000045789789,15.039996930302564,-3.095264699721028e-08,-5260.510800256627,Active,ionq_forte_simulated,2026-07-10T16:51:27.060038+00:00,1,False,2016000.0,1008000.0,3.2,0.0066,0.0005600000000000001,0.9972951204188303,"Run - Jul 10, 2026 at 22:18:59"
Q17,47,1751742.8417018703,875871.4108517026,0.00847448465151282,0.0006771606190529399,0.01141,3.199000045789789,15.039996930302564,-3.095264699721028e-08,-5263.120180304628,Active,ionq_forte_simulated,2026-07-10T16:51:27.063036+00:00,1,False,2017000.0,1008500.0,3.2,0.0067,0.00057,0.9972545064188303,"Run - Jul 10, 2026 at 22:18:59"
Q18,47,1752611.331013568,876305.6555075514,0.00859798465151282,0.0006890406190529399,0.01141,3.199000045789789,15.039996930302564,-3.095264699721028e-08,-5265.729560352862,Active,ionq_forte_simulated,2026-07-10T16:51:27.065040+00:00,1,False,2018000.0,1009000.0,3.2,0.0068000000000000005,0.00058,0.9972138924188303,"Run - Jul 10, 2026 at 22:18:59"
Q19,47,1753479.8203252656,876739.9001634002,0.008721484651512821,0.0007009206190529399,0.01141,3.199000045789789,15.039996930302564,-3.095264699721028e-08,-5268.338940400863,Active,ionq_forte_simulated,2026-07-10T16:51:27.067034+00:00,1,False,2019000.0,1009500.0,3.2,0.0069,0.00059,0.9971732784188303,"Run - Jul 10, 2026 at 22:18:59"
Q20,47,1754348.3096369633,877174.144819249,0.008844984651512821,0.0007128006190529401,0.01141,3.199000045789789,15.039996930302564,-3.095264699721028e-08,-5270.948320449097,Active,ionq_forte_simulated,2026-07-10T16:51:27.069030+00:00,1,False,2020000.0,1010000.0,3.2,0.007,0.0006000000000000001,0.9971326644188303,"Run - Jul 10, 2026 at 22:18:59"
Q21,47,1755216.798948661,877608.3894750979,0.008968484651512822,0.0007246806190529401,0.01141,3.199000045789789,15.039996930302564,-3.095264699721028e-08,-5273.557700497098,Active,ionq_forte_simulated,2026-07-10T16:51:27.071039+00:00,1,False,2021000.0,1010500.0,3.2,0.0071,0.0006100000000000001,0.9970920504188303,"Run - Jul 10, 2026 at 22:18:59"
Q22,47,1756085.2882603586,878042.6341309467,0.00909198465151282,0.0007365606190529399,0.01141,3.199000045789789,15.039996930302564,-3.095264699721028e-08,-5276.167080545332,Active,ionq_forte_simulated,2026-07-10T16:51:27.074037+00:00,1,False,2022000.0,1011000.0,3.2,0.0072,0.00062,0.9970514364188303,"Run - Jul 10, 2026 at 22:18:59"
Q23,47,1756953.7775720563,878476.8787867955,0.00921548465151282,0.0007484406190529399,0.01141,3.199000045789789,15.039996930302564,-3.095264699721028e-08,-5278.776460593566,Active,ionq_forte_simulated,2026-07-10T16:51:27.076037+00:00,1,False,2023000.0,1011500.0,3.2,0.0073,0.00063,0.9970108224188303,"Run - Jul 10, 2026 at 22:18:59"
Q24,47,1757822.266883754,878911.1234426444,0.009338984651512821,0.00076032061905294,0.01141,3.199000045789789,15.039996930302564,-3.095264699721028e-08,-5281.3858406415675,Active,ionq_forte_simulated,2026-07-10T16:51:27.078046+00:00,1,False,2024000.0,1012000.0,3.2,0.0074,0.00064,0.9969702084188303,"Run - Jul 10, 2026 at 22:18:59"
Q0,48,1731775.396501949,865887.6882893285,0.006399232921767168,0.00047680424179007337,0.011440000000000002,3.1990040474806682,15.039846584353434,2.1208950366849853e-07,-5203.126901060808,Active,ionq_forte_simulated,2026-07-10T16:51:31.425046+00:00,1,False,2000000.0,1000000.0,3.2,0.005,0.0004,0.9979371888509329,"Run - Jul 10, 2026 at 22:18:59"
Q1,48,1732641.2842500082,866320.632163358,0.006523232921767169,0.0004887242417900734,0.011440000000000002,3.1990040474806682,15.039846584353434,2.1208950366849853e-07,-5205.72846469935,Active,ionq_forte_simulated,2026-07-10T16:51:31.428920+00:00,1,False,2001000.0,1000500.0,3.2,0.0051,0.00041000000000000005,0.9978964128509329,"Run - Jul 10, 2026 at 22:18:59"
Q2,48,1733507.1719980675,866753.5760373877,0.006647232921767168,0.0005006442417900734,0.011440000000000002,3.1990040474806682,15.039846584353434,2.1208950366849853e-07,-5208.330028337659,Active,ionq_forte_simulated,2026-07-10T16:51:31.431967+00:00,1,False,2002000.0,1001000.0,3.2,0.0052,0.00042,0.9978556368509328,"Run - Jul 10, 2026 at 22:18:59"
Q3,48,1734373.0597461266,867186.5199114173,0.006771232921767168,0.0005125642417900734,0.011440000000000002,3.1990040474806682,15.039846584353434,2.1208950366849853e-07,-5210.931591976201,Active,ionq_forte_simulated,2026-07-10T16:51:31.434964+00:00,1,False,2003000.0,1001500.0,3.2,0.0053,0.00043000000000000004,0.9978148608509328,"Run - Jul 10, 2026 at 22:18:59"
Q4,48,1735238.9474941858,867619.4637854468,0.006895232921767169,0.0005244842417900734,0.011440000000000002,3.1990040474806682,15.039846584353434,2.1208950366849853e-07,-5213.533155614743,Active,ionq_forte_simulated,2026-07-10T16:51:31.437980+00:00,1,False,2004000.0,1002000.0,3.2,0.0054,0.00044,0.9977740848509328,"Run - Jul 10, 2026 at 22:18:59"
Q5,48,1736104.835242245,868052.4076594765,0.007019232921767168,0.0005364042417900734,0.011440000000000002,3.1990040474806682,15.039846584353434,2.1208950366849853e-07,-5216.134719253285,Active,ionq_forte_simulated,2026-07-10T16:51:31.441971+00:00,1,False,2005000.0,1002500.0,3.2,0.0055,0.00045000000000000004,0.9977333088509328,"Run - Jul 10, 2026 at 22:18:59"
Q6,48,1736970.7229903042,868485.3515335061,0.007143232921767168,0.0005483242417900734,0.011440000000000002,3.1990040474806682,15.039846584353434,2.1208950366849853e-07,-5218.736282891827,Active,ionq_forte_simulated,2026-07-10T16:51:31.444992+00:00,1,False,2006000.0,1003000.0,3.2,0.0056,0.00046,0.9976925328509328,"Run - Jul 10, 2026 at 22:18:59"
Q7,48,1737836.6107383633,868918.2954075356,0.007267232921767169,0.0005602442417900734,0.011440000000000002,3.1990040474806682,15.039846584353434,2.1208950366849853e-07,-5221.337846530369,Active,ionq_forte_simulated,2026-07-10T16:51:31.447991+00:00,1,False,2007000.0,1003500.0,3.2,0.0057,0.00047000000000000004,0.9976517568509329,"Run - Jul 10, 2026 at 22:18:59"
Q8,48,1738702.4984864227,869351.2392815653,0.007391232921767169,0.0005721642417900733,0.011440000000000002,3.1990040474806682,15.039846584353434,2.1208950366849853e-07,-5223.939410168678,Active,ionq_forte_simulated,2026-07-10T16:51:31.450984+00:00,1,False,2008000.0,1004000.0,3.2,0.0058000000000000005,0.00048,0.9976109808509328,"Run - Jul 10, 2026 at 22:18:59"
Q9,48,1739568.3862344818,869784.1831555949,0.007515232921767168,0.0005840842417900733,0.011440000000000002,3.1990040474806682,15.039846584353434,2.1208950366849853e-07,-5226.540973807219,Active,ionq_forte_simulated,2026-07-10T16:51:31.453995+00:00,1,False,2009000.0,1004500.0,3.2,0.0059,0.00049,0.9975702048509327,"Run - Jul 10, 2026 at 22:18:59"
Q10,48,1740434.2739825412,870217.1270296245,0.007639232921767169,0.0005960042417900733,0.011440000000000002,3.1990040474806682,15.039846584353434,2.1208950366849853e-07,-5229.142537445528,Active,ionq_forte_simulated,2026-07-10T16:51:31.456991+00:00,1,False,2010000.0,1005000.0,3.2,0.006,0.0005,0.9975294288509329,"Run - Jul 10, 2026 at 22:18:59"
Q11,48,1741300.1617306003,870650.0709036541,0.007763232921767169,0.0006079242417900733,0.011440000000000002,3.1990040474806682,15.039846584353434,2.1208950366849853e-07,-5231.74410108407,Active,ionq_forte_simulated,2026-07-10T16:51:31.460527+00:00,1,False,2011000.0,1005500.0,3.2,0.0061,0.00051,0.9974886528509328,"Run - Jul 10, 2026 at 22:18:59"
Q12,48,1742166.0494786594,871083.0147776837,0.007887232921767169,0.0006198442417900735,0.011440000000000002,3.1990040474806682,15.039846584353434,2.1208950366849853e-07,-5234.345664722612,Active,ionq_forte_simulated,2026-07-10T16:51:31.463526+00:00,1,False,2012000.0,1006000.0,3.2,0.006200000000000001,0.0005200000000000001,0.997447876850933,"Run - Jul 10, 2026 at 22:18:59"
Q13,48,1743031.9372267188,871515.9586517133,0.008011232921767168,0.0006317642417900735,0.011440000000000002,3.1990040474806682,15.039846584353434,2.1208950366849853e-07,-5236.947228360921,Active,ionq_forte_simulated,2026-07-10T16:51:31.466526+00:00,1,False,2013000.0,1006500.0,3.2,0.0063,0.0005300000000000001,0.9974071008509329,"Run - Jul 10, 2026 at 22:18:59"
Q14,48,1743897.8249747779,871948.9025257429,0.008135232921767169,0.0006436842417900734,0.011440000000000002,3.1990040474806682,15.039846584353434,2.1208950366849853e-07,-5239.548791999463,Active,ionq_forte_simulated,2026-07-10T16:51:31.469524+00:00,1,False,2014000.0,1007000.0,3.2,0.0064,0.00054,0.9973663248509328,"Run - Jul 10, 2026 at 22:18:59"
Q15,48,1744763.712722837,872381.8463997724,0.00825923292176717,0.0006556042417900734,0.011440000000000002,3.1990040474806682,15.039846584353434,2.1208950366849853e-07,-5242.150355638005,Active,ionq_forte_simulated,2026-07-10T16:51:31.472525+00:00,1,False,2015000.0,1007500.0,3.2,0.006500000000000001,0.00055,0.9973255488509327,"Run - Jul 10, 2026 at 22:18:59"
Q16,48,1745629.6004708963,872814.7902738021,0.008383232921767169,0.0006675242417900734,0.011440000000000002,3.1990040474806682,15.039846584353434,2.1208950366849853e-07,-5244.751919276314,Active,ionq_forte_simulated,2026-07-10T16:51:31.475525+00:00,1,False,2016000.0,1008000.0,3.2,0.0066,0.0005600000000000001,0.9972847728509329,"Run - Jul 10, 2026 at 22:18:59"
Q17,48,1746495.4882189555,873247.7341478317,0.008507232921767168,0.0006794442417900733,0.011440000000000002,3.1990040474806682,15.039846584353434,2.1208950366849853e-07,-5247.353482914856,Active,ionq_forte_simulated,2026-07-10T16:51:31.479527+00:00,1,False,2017000.0,1008500.0,3.2,0.0067,0.00057,0.9972439968509328,"Run - Jul 10, 2026 at 22:18:59"
Q18,48,1747361.3759670146,873680.6780218612,0.008631232921767169,0.0006913642417900734,0.011440000000000002,3.1990040474806682,15.039846584353434,2.1208950366849853e-07,-5249.955046553398,Active,ionq_forte_simulated,2026-07-10T16:51:31.482522+00:00,1,False,2018000.0,1009000.0,3.2,0.0068000000000000005,0.00058,0.9972032208509329,"Run - Jul 10, 2026 at 22:18:59"
Q19,48,1748227.263715074,874113.6218958909,0.008755232921767168,0.0007032842417900734,0.011440000000000002,3.1990040474806682,15.039846584353434,2.1208950366849853e-07,-5252.556610191707,Active,ionq_forte_simulated,2026-07-10T16:51:31.484524+00:00,1,False,2019000.0,1009500.0,3.2,0.0069,0.00059,0.9971624448509329,"Run - Jul 10, 2026 at 22:18:59"
Q20,48,1749093.151463133,874546.5657699205,0.008879232921767169,0.0007152042417900734,0.011440000000000002,3.1990040474806682,15.039846584353434,2.1208950366849853e-07,-5255.158173830248,Active,ionq_forte_simulated,2026-07-10T16:51:31.487524+00:00,1,False,2020000.0,1010000.0,3.2,0.007,0.0006000000000000001,0.9971216688509328,"Run - Jul 10, 2026 at 22:18:59"
Q21,48,1749959.0392111924,874979.5096439502,0.00900323292176717,0.0007271242417900734,0.011440000000000002,3.1990040474806682,15.039846584353434,2.1208950366849853e-07,-5257.759737468557,Active,ionq_forte_simulated,2026-07-10T16:51:31.490523+00:00,1,False,2021000.0,1010500.0,3.2,0.0071,0.0006100000000000001,0.9970808928509327,"Run - Jul 10, 2026 at 22:18:59"
Q22,48,1750824.9269592515,875412.4535179797,0.009127232921767169,0.0007390442417900733,0.011440000000000002,3.1990040474806682,15.039846584353434,2.1208950366849853e-07,-5260.361301107099,Active,ionq_forte_simulated,2026-07-10T16:51:31.493525+00:00,1,False,2022000.0,1011000.0,3.2,0.0072,0.00062,0.9970401168509329,"Run - Jul 10, 2026 at 22:18:59"
Q23,48,1751690.8147073106,875845.3973920093,0.009251232921767168,0.0007509642417900733,0.011440000000000002,3.1990040474806682,15.039846584353434,2.1208950366849853e-07,-5262.962864745641,Active,ionq_forte_simulated,2026-07-10T16:51:31.496527+00:00,1,False,2023000.0,1011500.0,3.2,0.0073,0.00063,0.9969993408509329,"Run - Jul 10, 2026 at 22:18:59"
Q24,48,1752556.70245537,876278.341266039,0.009375232921767169,0.0007628842417900734,0.011440000000000002,3.1990040474806682,15.039846584353434,2.1208950366849853e-07,-5265.56442838395,Active,ionq_forte_simulated,2026-07-10T16:51:31.499520+00:00,1,False,2024000.0,1012000.0,3.2,0.0074,0.00064,0.9969585648509329,"Run - Jul 10, 2026 at 22:18:59"
Q0,49,1726587.8565873776,863293.9184691627,0.006421490522524867,0.00047840806409493915,0.011470000000000001,3.199017950592123,15.039298104504974,4.032047469561273e-07,-5187.539914571447,Active,ionq_forte_simulated,2026-07-10T16:51:35.499230+00:00,1,False,2000000.0,1000000.0,3.2,0.005,0.0004,0.9979300304240141,"Run - Jul 10, 2026 at 22:18:59"
Q1,49,1727451.150564794,863725.5654578708,0.006545990522524868,0.0004903680640949391,0.011470000000000001,3.199017950592123,15.039298104504974,4.032047469561273e-07,-5190.133685214212,Active,ionq_forte_simulated,2026-07-10T16:51:35.503235+00:00,1,False,2001000.0,1000500.0,3.2,0.0051,0.00041000000000000005,0.997889092424014,"Run - Jul 10, 2026 at 22:18:59"
Q2,49,1728314.4445422103,864157.212446579,0.006670490522524867,0.0005023280640949391,0.011470000000000001,3.199017950592123,15.039298104504974,4.032047469561273e-07,-5192.72745585721,Active,ionq_forte_simulated,2026-07-10T16:51:35.506236+00:00,1,False,2002000.0,1001000.0,3.2,0.0052,0.00042,0.9978481544240141,"Run - Jul 10, 2026 at 22:18:59"
Q3,49,1729177.7385196264,864588.8594352871,0.006794990522524867,0.0005142880640949391,0.011470000000000001,3.199017950592123,15.039298104504974,4.032047469561273e-07,-5195.321226500208,Active,ionq_forte_simulated,2026-07-10T16:51:35.509234+00:00,1,False,2003000.0,1001500.0,3.2,0.0053,0.00043000000000000004,0.997807216424014,"Run - Jul 10, 2026 at 22:18:59"
Q4,49,1730041.0324970428,865020.5064239952,0.0069194905225248675,0.0005262480640949391,0.011470000000000001,3.199017950592123,15.039298104504974,4.032047469561273e-07,-5197.914997142972,Active,ionq_forte_simulated,2026-07-10T16:51:35.512234+00:00,1,False,2004000.0,1002000.0,3.2,0.0054,0.00044,0.997766278424014,"Run - Jul 10, 2026 at 22:18:59"
Q5,49,1730904.3264744591,865452.1534127034,0.007043990522524867,0.0005382080640949392,0.011470000000000001,3.199017950592123,15.039298104504974,4.032047469561273e-07,-5200.50876778597,Active,ionq_forte_simulated,2026-07-10T16:51:35.515232+00:00,1,False,2005000.0,1002500.0,3.2,0.0055,0.00045000000000000004,0.9977253404240141,"Run - Jul 10, 2026 at 22:18:59"
Q6,49,1731767.6204518755,865883.8004014116,0.007168490522524868,0.0005501680640949391,0.011470000000000001,3.199017950592123,15.039298104504974,4.032047469561273e-07,-5203.102538428735,Active,ionq_forte_simulated,2026-07-10T16:51:35.518232+00:00,1,False,2006000.0,1003000.0,3.2,0.0056,0.00046,0.9976844024240141,"Run - Jul 10, 2026 at 22:18:59"
Q7,49,1732630.9144292918,866315.4473901198,0.007292990522524868,0.0005621280640949392,0.011470000000000001,3.199017950592123,15.039298104504974,4.032047469561273e-07,-5205.6963090715,Active,ionq_forte_simulated,2026-07-10T16:51:35.521238+00:00,1,False,2007000.0,1003500.0,3.2,0.0057,0.00047000000000000004,0.9976434644240141,"Run - Jul 10, 2026 at 22:18:59"
Q8,49,1733494.2084067082,866747.094378828,0.007417490522524868,0.0005740880640949392,0.011470000000000001,3.199017950592123,15.039298104504974,4.032047469561273e-07,-5208.290079714498,Active,ionq_forte_simulated,2026-07-10T16:51:35.525232+00:00,1,False,2008000.0,1004000.0,3.2,0.0058000000000000005,0.00048,0.997602526424014,"Run - Jul 10, 2026 at 22:18:59"
Q9,49,1734357.5023841246,867178.7413675361,0.007541990522524867,0.000586048064094939,0.011470000000000001,3.199017950592123,15.039298104504974,4.032047469561273e-07,-5210.883850357262,Active,ionq_forte_simulated,2026-07-10T16:51:35.528235+00:00,1,False,2009000.0,1004500.0,3.2,0.0059,0.00049,0.9975615884240141,"Run - Jul 10, 2026 at 22:18:59"
Q10,49,1735220.7963615407,867610.3883562442,0.007666490522524868,0.0005980080640949391,0.011470000000000001,3.199017950592123,15.039298104504974,4.032047469561273e-07,-5213.477621000493,Active,ionq_forte_simulated,2026-07-10T16:51:35.531232+00:00,1,False,2010000.0,1005000.0,3.2,0.006,0.0005,0.997520650424014,"Run - Jul 10, 2026 at 22:18:59"
Q11,49,1736084.090338957,868042.0353449524,0.007790990522524868,0.0006099680640949391,0.011470000000000001,3.199017950592123,15.039298104504974,4.032047469561273e-07,-5216.071391643258,Active,ionq_forte_simulated,2026-07-10T16:51:35.534230+00:00,1,False,2011000.0,1005500.0,3.2,0.0061,0.00051,0.997479712424014,"Run - Jul 10, 2026 at 22:18:59"
Q12,49,1736947.3843163734,868473.6823336605,0.007915490522524868,0.0006219280640949392,0.011470000000000001,3.199017950592123,15.039298104504974,4.032047469561273e-07,-5218.665162286023,Active,ionq_forte_simulated,2026-07-10T16:51:35.536241+00:00,1,False,2012000.0,1006000.0,3.2,0.006200000000000001,0.0005200000000000001,0.9974387744240141,"Run - Jul 10, 2026 at 22:18:59"
Q13,49,1737810.6782937897,868905.3293223687,0.008039990522524867,0.0006338880640949392,0.011470000000000001,3.199017950592123,15.039298104504974,4.032047469561273e-07,-5221.25893292902,Active,ionq_forte_simulated,2026-07-10T16:51:35.540233+00:00,1,False,2013000.0,1006500.0,3.2,0.0063,0.0005300000000000001,0.997397836424014,"Run - Jul 10, 2026 at 22:18:59"
Q14,49,1738673.972271206,869336.9763110769,0.008164490522524867,0.0006458480640949391,0.011470000000000001,3.199017950592123,15.039298104504974,4.032047469561273e-07,-5223.852703571785,Active,ionq_forte_simulated,2026-07-10T16:51:35.543234+00:00,1,False,2014000.0,1007000.0,3.2,0.0064,0.00054,0.997356898424014,"Run - Jul 10, 2026 at 22:18:59"
Q15,49,1739537.2662486224,869768.6232997851,0.008288990522524867,0.0006578080640949392,0.011470000000000001,3.199017950592123,15.039298104504974,4.032047469561273e-07,-5226.44647421455,Active,ionq_forte_simulated,2026-07-10T16:51:35.546232+00:00,1,False,2015000.0,1007500.0,3.2,0.006500000000000001,0.00055,0.997315960424014,"Run - Jul 10, 2026 at 22:18:59"
Q16,49,1740400.5602260388,870200.2702884933,0.008413490522524866,0.0006697680640949392,0.011470000000000001,3.199017950592123,15.039298104504974,4.032047469561273e-07,-5229.040244857548,Active,ionq_forte_simulated,2026-07-10T16:51:35.549231+00:00,1,False,2016000.0,1008000.0,3.2,0.0066,0.0005600000000000001,0.9972750224240141,"Run - Jul 10, 2026 at 22:18:59"
Q17,49,1741263.854203455,870631.9172772013,0.008537990522524868,0.000681728064094939,0.011470000000000001,3.199017950592123,15.039298104504974,4.032047469561273e-07,-5231.6340155005455,Active,ionq_forte_simulated,2026-07-10T16:51:35.551241+00:00,1,False,2017000.0,1008500.0,3.2,0.0067,0.00057,0.9972340844240141,"Run - Jul 10, 2026 at 22:18:59"
Q18,49,1742127.1481808713,871063.5642659095,0.008662490522524867,0.0006936880640949391,0.011470000000000001,3.199017950592123,15.039298104504974,4.032047469561273e-07,-5234.22778614331,Active,ionq_forte_simulated,2026-07-10T16:51:35.554241+00:00,1,False,2018000.0,1009000.0,3.2,0.0068000000000000005,0.00058,0.997193146424014,"Run - Jul 10, 2026 at 22:18:59"
Q19,49,1742990.4421582876,871495.2112546177,0.008786990522524867,0.0007056480640949391,0.011470000000000001,3.199017950592123,15.039298104504974,4.032047469561273e-07,-5236.821556786308,Active,ionq_forte_simulated,2026-07-10T16:51:35.557246+00:00,1,False,2019000.0,1009500.0,3.2,0.0069,0.00059,0.9971522084240141,"Run - Jul 10, 2026 at 22:18:59"
Q20,49,1743853.736135704,871926.8582433258,0.008911490522524866,0.0007176080640949391,0.011470000000000001,3.199017950592123,15.039298104504974,4.032047469561273e-07,-5239.415327429073,Active,ionq_forte_simulated,2026-07-10T16:51:35.560248+00:00,1,False,2020000.0,1010000.0,3.2,0.007,0.0006000000000000001,0.9971112704240142,"Run - Jul 10, 2026 at 22:18:59"
Q21,49,1744717.0301131203,872358.505232034,0.009035990522524868,0.0007295680640949392,0.011470000000000001,3.199017950592123,15.039298104504974,4.032047469561273e-07,-5242.009098072071,Active,ionq_forte_simulated,2026-07-10T16:51:35.563249+00:00,1,False,2021000.0,1010500.0,3.2,0.0071,0.0006100000000000001,0.997070332424014,"Run - Jul 10, 2026 at 22:18:59"
Q22,49,1745580.3240905367,872790.1522207422,0.009160490522524866,0.0007415280640949391,0.011470000000000001,3.199017950592123,15.039298104504974,4.032047469561273e-07,-5244.6028687148355,Active,ionq_forte_simulated,2026-07-10T16:51:35.566780+00:00,1,False,2022000.0,1011000.0,3.2,0.0072,0.00062,0.9970293944240141,"Run - Jul 10, 2026 at 22:18:59"
Q23,49,1746443.618067953,873221.7992094504,0.009284990522524867,0.0007534880640949391,0.011470000000000001,3.199017950592123,15.039298104504974,4.032047469561273e-07,-5247.1966393576,Active,ionq_forte_simulated,2026-07-10T16:51:35.569786+00:00,1,False,2023000.0,1011500.0,3.2,0.0073,0.00063,0.9969884564240141,"Run - Jul 10, 2026 at 22:18:59"
Q24,49,1747306.9120453692,873653.4461981584,0.009409490522524867,0.0007654480640949392,0.011470000000000001,3.199017950592123,15.039298104504974,4.032047469561273e-07,-5249.790410000831,Active,ionq_forte_simulated,2026-07-10T16:51:35.572787+00:00,1,False,2024000.0,1012000.0,3.2,0.0074,0.00064,0.9969475184240141,"Run - Jul 10, 2026 at 22:18:59"
Q0,50,1721415.8569576882,860707.9188896014,0.006441784854932628,0.00048000991202811865,0.0115,3.199041571326743,15.038356970986525,4.956014059317368e-07,-5171.9996296893805,Active,ionq_forte_simulated,2026-07-10T16:51:40.471791+00:00,1,False,2000000.0,1000000.0,3.2,0.005,0.0004,0.9979234615699117,"Run - Jul 10, 2026 at 22:18:59"
Q1,50,1722276.5649341133,861138.2728778139,0.006566784854932628,0.0004920099120281187,0.0115,3.199041571326743,15.038356970986525,4.956014059317368e-07,-5174.585630680667,Active,ionq_forte_simulated,2026-07-10T16:51:40.474790+00:00,1,False,2001000.0,1000500.0,3.2,0.0051,0.00041000000000000005,0.9978823615699117,"Run - Jul 10, 2026 at 22:18:59"
Q2,50,1723137.2729105381,861568.6268660263,0.006691784854932627,0.0005040099120281186,0.0115,3.199041571326743,15.038356970986525,4.956014059317368e-07,-5177.171631672187,Active,ionq_forte_simulated,2026-07-10T16:51:40.477792+00:00,1,False,2002000.0,1001000.0,3.2,0.0052,0.00042,0.9978412615699118,"Run - Jul 10, 2026 at 22:18:59"
Q3,50,1723997.9808869632,861998.9808542388,0.0068167848549326275,0.0005160099120281187,0.0115,3.199041571326743,15.038356970986525,4.956014059317368e-07,-5179.757632663241,Active,ionq_forte_simulated,2026-07-10T16:51:40.480792+00:00,1,False,2003000.0,1001500.0,3.2,0.0053,0.00043000000000000004,0.9978001615699118,"Run - Jul 10, 2026 at 22:18:59"
Q4,50,1724858.6888633883,862429.3348424514,0.0069417848549326285,0.0005280099120281187,0.0115,3.199041571326743,15.038356970986525,4.956014059317368e-07,-5182.343633654527,Active,ionq_forte_simulated,2026-07-10T16:51:40.482791+00:00,1,False,2004000.0,1002000.0,3.2,0.0054,0.00044,0.9977590615699117,"Run - Jul 10, 2026 at 22:18:59"
Q5,50,1725719.3968398133,862859.6888306639,0.007066784854932627,0.0005400099120281186,0.0115,3.199041571326743,15.038356970986525,4.956014059317368e-07,-5184.929634645814,Active,ionq_forte_simulated,2026-07-10T16:51:40.485791+00:00,1,False,2005000.0,1002500.0,3.2,0.0055,0.00045000000000000004,0.9977179615699119,"Run - Jul 10, 2026 at 22:18:59"
Q6,50,1726580.1048162384,863290.0428188764,0.007191784854932628,0.0005520099120281186,0.0115,3.199041571326743,15.038356970986525,4.956014059317368e-07,-5187.515635637101,Active,ionq_forte_simulated,2026-07-10T16:51:40.488794+00:00,1,False,2006000.0,1003000.0,3.2,0.0056,0.00046,0.9976768615699118,"Run - Jul 10, 2026 at 22:18:59"
Q7,50,1727440.8127926635,863720.396807089,0.007316784854932628,0.0005640099120281187,0.0115,3.199041571326743,15.038356970986525,4.956014059317368e-07,-5190.1016366283875,Active,ionq_forte_simulated,2026-07-10T16:51:40.490792+00:00,1,False,2007000.0,1003500.0,3.2,0.0057,0.00047000000000000004,0.9976357615699118,"Run - Jul 10, 2026 at 22:18:59"
Q8,50,1728301.5207690885,864150.7507953015,0.007441784854932628,0.0005760099120281187,0.0115,3.199041571326743,15.038356970986525,4.956014059317368e-07,-5192.687637619674,Active,ionq_forte_simulated,2026-07-10T16:51:40.493792+00:00,1,False,2008000.0,1004000.0,3.2,0.0058000000000000005,0.00048,0.9975946615699118,"Run - Jul 10, 2026 at 22:18:59"
Q9,50,1729162.2287455136,864581.104783514,0.007566784854932627,0.0005880099120281186,0.0115,3.199041571326743,15.038356970986525,4.956014059317368e-07,-5195.273638610961,Active,ionq_forte_simulated,2026-07-10T16:51:40.495793+00:00,1,False,2009000.0,1004500.0,3.2,0.0059,0.00049,0.9975535615699118,"Run - Jul 10, 2026 at 22:18:59"
Q10,50,1730022.9367219387,865011.4587717266,0.007691784854932627,0.0006000099120281186,0.0115,3.199041571326743,15.038356970986525,4.956014059317368e-07,-5197.859639602015,Active,ionq_forte_simulated,2026-07-10T16:51:40.497794+00:00,1,False,2010000.0,1005000.0,3.2,0.006,0.0005,0.9975124615699118,"Run - Jul 10, 2026 at 22:18:59"
Q11,50,1730883.6446983637,865441.8127599391,0.007816784854932628,0.0006120099120281187,0.0115,3.199041571326743,15.038356970986525,4.956014059317368e-07,-5200.4456405933015,Active,ionq_forte_simulated,2026-07-10T16:51:40.499790+00:00,1,False,2011000.0,1005500.0,3.2,0.0061,0.00051,0.9974713615699118,"Run - Jul 10, 2026 at 22:18:59"
Q12,50,1731744.3526747888,865872.1667481516,0.007941784854932629,0.0006240099120281187,0.0115,3.199041571326743,15.038356970986525,4.956014059317368e-07,-5203.031641584588,Active,ionq_forte_simulated,2026-07-10T16:51:40.502795+00:00,1,False,2012000.0,1006000.0,3.2,0.006200000000000001,0.0005200000000000001,0.9974302615699118,"Run - Jul 10, 2026 at 22:18:59"
Q13,50,1732605.0606512139,866302.5207363642,0.008066784854932629,0.0006360099120281187,0.0115,3.199041571326743,15.038356970986525,4.956014059317368e-07,-5205.617642575875,Active,ionq_forte_simulated,2026-07-10T16:51:40.505791+00:00,1,False,2013000.0,1006500.0,3.2,0.0063,0.0005300000000000001,0.9973891615699118,"Run - Jul 10, 2026 at 22:18:59"
Q14,50,1733465.768627639,866732.8747245767,0.008191784854932629,0.0006480099120281187,0.0115,3.199041571326743,15.038356970986525,4.956014059317368e-07,-5208.203643567162,Active,ionq_forte_simulated,2026-07-10T16:51:40.507790+00:00,1,False,2014000.0,1007000.0,3.2,0.0064,0.00054,0.9973480615699117,"Run - Jul 10, 2026 at 22:18:59"
Q15,50,1734326.476604064,867163.2287127892,0.008316784854932629,0.0006600099120281186,0.0115,3.199041571326743,15.038356970986525,4.956014059317368e-07,-5210.789644558448,Active,ionq_forte_simulated,2026-07-10T16:51:40.510792+00:00,1,False,2015000.0,1007500.0,3.2,0.006500000000000001,0.00055,0.9973069615699118,"Run - Jul 10, 2026 at 22:18:59"
Q16,50,1735187.184580489,867593.5827010018,0.008441784854932629,0.0006720099120281187,0.0115,3.199041571326743,15.038356970986525,4.956014059317368e-07,-5213.375645549735,Active,ionq_forte_simulated,2026-07-10T16:51:40.512793+00:00,1,False,2016000.0,1008000.0,3.2,0.0066,0.0005600000000000001,0.9972658615699117,"Run - Jul 10, 2026 at 22:18:59"
Q17,50,1736047.8925569141,868023.9366892143,0.008566784854932629,0.0006840099120281186,0.0115,3.199041571326743,15.038356970986525,4.956014059317368e-07,-5215.961646540789,Active,ionq_forte_simulated,2026-07-10T16:51:40.514791+00:00,1,False,2017000.0,1008500.0,3.2,0.0067,0.00057,0.9972247615699118,"Run - Jul 10, 2026 at 22:18:59"
Q18,50,1736908.6005333392,868454.2906774268,0.00869178485493263,0.0006960099120281186,0.0115,3.199041571326743,15.038356970986525,4.956014059317368e-07,-5218.547647532076,Active,ionq_forte_simulated,2026-07-10T16:51:40.516789+00:00,1,False,2018000.0,1009000.0,3.2,0.0068000000000000005,0.00058,0.9971836615699118,"Run - Jul 10, 2026 at 22:18:59"
Q19,50,1737769.3085097643,868884.6446656394,0.00881678485493263,0.0007080099120281186,0.0115,3.199041571326743,15.038356970986525,4.956014059317368e-07,-5221.133648523362,Active,ionq_forte_simulated,2026-07-10T16:51:40.518790+00:00,1,False,2019000.0,1009500.0,3.2,0.0069,0.00059,0.9971425615699118,"Run - Jul 10, 2026 at 22:18:59"
Q20,50,1738630.0164861893,869314.9986538519,0.00894178485493263,0.0007200099120281187,0.0115,3.199041571326743,15.038356970986525,4.956014059317368e-07,-5223.719649514649,Active,ionq_forte_simulated,2026-07-10T16:51:40.521793+00:00,1,False,2020000.0,1010000.0,3.2,0.007,0.0006000000000000001,0.9971014615699119,"Run - Jul 10, 2026 at 22:18:59"
Q21,50,1739490.7244626144,869745.3526420644,0.00906678485493263,0.0007320099120281188,0.0115,3.199041571326743,15.038356970986525,4.956014059317368e-07,-5226.305650505936,Active,ionq_forte_simulated,2026-07-10T16:51:40.523792+00:00,1,False,2021000.0,1010500.0,3.2,0.0071,0.0006100000000000001,0.9970603615699116,"Run - Jul 10, 2026 at 22:18:59"
Q22,50,1740351.4324390395,870175.706630277,0.009191784854932626,0.0007440099120281186,0.0115,3.199041571326743,15.038356970986525,4.956014059317368e-07,-5228.8916514972225,Active,ionq_forte_simulated,2026-07-10T16:51:40.525790+00:00,1,False,2022000.0,1011000.0,3.2,0.0072,0.00062,0.9970192615699118,"Run - Jul 10, 2026 at 22:18:59"
Q23,50,1741212.1404154645,870606.0606184895,0.009316784854932626,0.0007560099120281187,0.0115,3.199041571326743,15.038356970986525,4.956014059317368e-07,-5231.477652488509,Active,ionq_forte_simulated,2026-07-10T16:51:40.528791+00:00,1,False,2023000.0,1011500.0,3.2,0.0073,0.00063,0.9969781615699118,"Run - Jul 10, 2026 at 22:18:59"
Q24,50,1742072.8483918896,871036.414606702,0.00944178485493263,0.0007680099120281187,0.0115,3.199041571326743,15.038356970986525,4.956014059317368e-07,-5234.063653479563,Active,ionq_forte_simulated,2026-07-10T16:51:40.530790+00:00,1,False,2024000.0,1012000.0,3.2,0.0074,0.00064,0.9969370615699118,"Run - Jul 10, 2026 at 22:18:59"
Q0,51,1716259.3510413193,858129.6662625128,0.006460162936465546,0.00048160933315112065,0.01153,3.1990746519752284,15.03703258729311,4.6665755603196104e-07,-5156.505916368915,Active,ionq_forte_simulated,2026-07-10T16:51:44.376115+00:00,1,False,2000000.0,1000000.0,3.2,0.005,0.0004,0.997917468319115,"Run - Jul 10, 2026 at 22:18:59"
Q1,51,1717117.4807631308,858558.7311234185,0.0065856629364655465,0.0004936493331511207,0.01153,3.1990746519752284,15.03703258729311,4.6665755603196104e-07,-5159.0841709824745,Active,ionq_forte_simulated,2026-07-10T16:51:44.379111+00:00,1,False,2001000.0,1000500.0,3.2,0.0051,0.00041000000000000005,0.997876206319115,"Run - Jul 10, 2026 at 22:18:59"
Q2,51,1717975.6104849423,858987.7959843243,0.006711162936465545,0.0005056893331511207,0.01153,3.1990746519752284,15.03703258729311,4.6665755603196104e-07,-5161.662425595801,Active,ionq_forte_simulated,2026-07-10T16:51:44.382110+00:00,1,False,2002000.0,1001000.0,3.2,0.0052,0.00042,0.997834944319115,"Run - Jul 10, 2026 at 22:18:59"
Q3,51,1718833.7402067536,859416.8608452299,0.006836662936465546,0.0005177293331511207,0.01153,3.1990746519752284,15.03703258729311,4.6665755603196104e-07,-5164.240680209594,Active,ionq_forte_simulated,2026-07-10T16:51:44.384110+00:00,1,False,2003000.0,1001500.0,3.2,0.0053,0.00043000000000000004,0.9977936823191149,"Run - Jul 10, 2026 at 22:18:59"
Q4,51,1719691.869928565,859845.9257061357,0.006962162936465547,0.0005297693331511207,0.01153,3.1990746519752284,15.03703258729311,4.6665755603196104e-07,-5166.8189348231535,Active,ionq_forte_simulated,2026-07-10T16:51:44.387115+00:00,1,False,2004000.0,1002000.0,3.2,0.0054,0.00044,0.997752420319115,"Run - Jul 10, 2026 at 22:18:59"
Q5,51,1720549.9996503764,860274.9905670413,0.0070876629364655455,0.0005418093331511207,0.01153,3.1990746519752284,15.03703258729311,4.6665755603196104e-07,-5169.397189436946,Active,ionq_forte_simulated,2026-07-10T16:51:44.390110+00:00,1,False,2005000.0,1002500.0,3.2,0.0055,0.00045000000000000004,0.9977111583191149,"Run - Jul 10, 2026 at 22:18:59"
Q6,51,1721408.129372188,860704.0554279471,0.007213162936465546,0.0005538493331511207,0.01153,3.1990746519752284,15.03703258729311,4.6665755603196104e-07,-5171.975444050506,Active,ionq_forte_simulated,2026-07-10T16:51:44.393113+00:00,1,False,2006000.0,1003000.0,3.2,0.0056,0.00046,0.997669896319115,"Run - Jul 10, 2026 at 22:18:59"
Q7,51,1722266.2590939992,861133.1202888527,0.007338662936465546,0.0005658893331511207,0.01153,3.1990746519752284,15.03703258729311,4.6665755603196104e-07,-5174.553698664298,Active,ionq_forte_simulated,2026-07-10T16:51:44.396791+00:00,1,False,2007000.0,1003500.0,3.2,0.0057,0.00047000000000000004,0.997628634319115,"Run - Jul 10, 2026 at 22:18:59"
Q8,51,1723124.3888158107,861562.1851497585,0.0074641629364655465,0.0005779293331511207,0.01153,3.1990746519752284,15.03703258729311,4.6665755603196104e-07,-5177.131953277858,Active,ionq_forte_simulated,2026-07-10T16:51:44.398789+00:00,1,False,2008000.0,1004000.0,3.2,0.0058000000000000005,0.00048,0.997587372319115,"Run - Jul 10, 2026 at 22:18:59"
Q9,51,1723982.518537622,861991.2500106641,0.007589662936465546,0.0005899693331511206,0.01153,3.1990746519752284,15.03703258729311,4.6665755603196104e-07,-5179.7102078916505,Active,ionq_forte_simulated,2026-07-10T16:51:44.401790+00:00,1,False,2009000.0,1004500.0,3.2,0.0059,0.00049,0.997546110319115,"Run - Jul 10, 2026 at 22:18:59"
Q10,51,1724840.6482594335,862420.3148715699,0.007715162936465546,0.0006020093331511207,0.01153,3.1990746519752284,15.03703258729311,4.6665755603196104e-07,-5182.28846250521,Active,ionq_forte_simulated,2026-07-10T16:51:44.404791+00:00,1,False,2010000.0,1005000.0,3.2,0.006,0.0005,0.9975048483191149,"Run - Jul 10, 2026 at 22:18:59"
Q11,51,1725698.7779812447,862849.3797324755,0.007840662936465546,0.0006140493331511207,0.01153,3.1990746519752284,15.03703258729311,4.6665755603196104e-07,-5184.866717119003,Active,ionq_forte_simulated,2026-07-10T16:51:44.407789+00:00,1,False,2011000.0,1005500.0,3.2,0.0061,0.00051,0.997463586319115,"Run - Jul 10, 2026 at 22:18:59"
Q12,51,1726556.9077030562,863278.4445933813,0.007966162936465546,0.0006260893331511208,0.01153,3.1990746519752284,15.03703258729311,4.6665755603196104e-07,-5187.444971732562,Active,ionq_forte_simulated,2026-07-10T16:51:44.411788+00:00,1,False,2012000.0,1006000.0,3.2,0.006200000000000001,0.0005200000000000001,0.9974223243191149,"Run - Jul 10, 2026 at 22:18:59"
Q13,51,1727415.0374248675,863707.5094542869,0.008091662936465545,0.0006381293331511207,0.01153,3.1990746519752284,15.03703258729311,4.6665755603196104e-07,-5190.023226346355,Active,ionq_forte_simulated,2026-07-10T16:51:44.413791+00:00,1,False,2013000.0,1006500.0,3.2,0.0063,0.0005300000000000001,0.997381062319115,"Run - Jul 10, 2026 at 22:18:59"
Q14,51,1728273.167146679,864136.5743151926,0.008217162936465546,0.0006501693331511207,0.01153,3.1990746519752284,15.03703258729311,4.6665755603196104e-07,-5192.601480959915,Active,ionq_forte_simulated,2026-07-10T16:51:44.415788+00:00,1,False,2014000.0,1007000.0,3.2,0.0064,0.00054,0.997339800319115,"Run - Jul 10, 2026 at 22:18:59"
Q15,51,1729131.2968684903,864565.6391760983,0.008342662936465546,0.0006622093331511207,0.01153,3.1990746519752284,15.03703258729311,4.6665755603196104e-07,-5195.179735573707,Active,ionq_forte_simulated,2026-07-10T16:51:44.418795+00:00,1,False,2015000.0,1007500.0,3.2,0.006500000000000001,0.00055,0.997298538319115,"Run - Jul 10, 2026 at 22:18:59"
Q16,51,1729989.4265903018,864994.704037004,0.008468162936465545,0.0006742493331511207,0.01153,3.1990746519752284,15.03703258729311,4.6665755603196104e-07,-5197.757990187267,Active,ionq_forte_simulated,2026-07-10T16:51:44.422798+00:00,1,False,2016000.0,1008000.0,3.2,0.0066,0.0005600000000000001,0.997257276319115,"Run - Jul 10, 2026 at 22:18:59"
Q17,51,1730847.556312113,865423.7688979097,0.008593662936465546,0.0006862893331511206,0.01153,3.1990746519752284,15.03703258729311,4.6665755603196104e-07,-5200.336244801059,Active,ionq_forte_simulated,2026-07-10T16:51:44.425800+00:00,1,False,2017000.0,1008500.0,3.2,0.0067,0.00057,0.997216014319115,"Run - Jul 10, 2026 at 22:18:59"
Q18,51,1731705.6860339246,865852.8337588154,0.008719162936465547,0.0006983293331511207,0.01153,3.1990746519752284,15.03703258729311,4.6665755603196104e-07,-5202.914499414619,Active,ionq_forte_simulated,2026-07-10T16:51:44.428796+00:00,1,False,2018000.0,1009000.0,3.2,0.0068000000000000005,0.00058,0.997174752319115,"Run - Jul 10, 2026 at 22:18:59"
Q19,51,1732563.8157557358,866281.8986197211,0.008844662936465545,0.0007103693331511207,0.01153,3.1990746519752284,15.03703258729311,4.6665755603196104e-07,-5205.492754028412,Active,ionq_forte_simulated,2026-07-10T16:51:44.430795+00:00,1,False,2019000.0,1009500.0,3.2,0.0069,0.00059,0.9971334903191149,"Run - Jul 10, 2026 at 22:18:59"
Q20,51,1733421.9454775474,866710.9634806268,0.008970162936465546,0.0007224093331511207,0.01153,3.1990746519752284,15.03703258729311,4.6665755603196104e-07,-5208.071008641971,Active,ionq_forte_simulated,2026-07-10T16:51:44.434311+00:00,1,False,2020000.0,1010000.0,3.2,0.007,0.0006000000000000001,0.997092228319115,"Run - Jul 10, 2026 at 22:18:59"
Q21,51,1734280.0751993586,867140.0283415325,0.009095662936465547,0.0007344493331511207,0.01153,3.1990746519752284,15.03703258729311,4.6665755603196104e-07,-5210.649263255764,Active,ionq_forte_simulated,2026-07-10T16:51:44.438508+00:00,1,False,2021000.0,1010500.0,3.2,0.0071,0.0006100000000000001,0.9970509663191149,"Run - Jul 10, 2026 at 22:18:59"
Q22,51,1735138.2049211701,867569.0932024382,0.009221162936465545,0.0007464893331511207,0.01153,3.1990746519752284,15.03703258729311,4.6665755603196104e-07,-5213.2275178693235,Active,ionq_forte_simulated,2026-07-10T16:51:44.442510+00:00,1,False,2022000.0,1011000.0,3.2,0.0072,0.00062,0.997009704319115,"Run - Jul 10, 2026 at 22:18:59"
Q23,51,1735996.3346429814,867998.1580633438,0.009346662936465546,0.0007585293331511207,0.01153,3.1990746519752284,15.03703258729311,4.6665755603196104e-07,-5215.805772483116,Active,ionq_forte_simulated,2026-07-10T16:51:44.445508+00:00,1,False,2023000.0,1011500.0,3.2,0.0073,0.00063,0.996968442319115,"Run - Jul 10, 2026 at 22:18:59"
Q24,51,1736854.464364793,868427.2229242496,0.009472162936465547,0.0007705693331511207,0.01153,3.1990746519752284,15.03703258729311,4.6665755603196104e-07,-5218.384027096676,Active,ionq_forte_simulated,2026-07-10T16:51:44.450508+00:00,1,False,2024000.0,1012000.0,3.2,0.0074,0.00064,0.996927180319115,"Run - Jul 10, 2026 at 22:18:59"
Q0,52,1711118.2923965715,855559.1373637392,0.006476690931144031,0.00048320646919322325,0.011559999999999999,3.1991168688039413,15.035338186228806,3.234596611643202e-07,-5141.058644747827,Active,ionq_forte_simulated,2026-07-10T16:51:48.825798+00:00,1,False,2000000.0,1000000.0,3.2,0.005,0.0004,0.9979120307798988,"Run - Jul 10, 2026 at 22:18:59"
Q1,52,1711973.8515869426,855986.9169589247,0.006602690931144031,0.0004952864691932234,0.011559999999999999,3.1991168688039413,15.035338186228806,3.234596611643202e-07,-5143.62917618826,Active,ionq_forte_simulated,2026-07-10T16:51:48.828538+00:00,1,False,2001000.0,1000500.0,3.2,0.0051,0.00041000000000000005,0.9978706067798988,"Run - Jul 10, 2026 at 22:18:59"
Q2,52,1712829.4107773134,856414.6965541102,0.006728690931144031,0.0005073664691932233,0.011559999999999999,3.1991168688039413,15.035338186228806,3.234596611643202e-07,-5146.199707628926,Active,ionq_forte_simulated,2026-07-10T16:51:48.830693+00:00,1,False,2002000.0,1001000.0,3.2,0.0052,0.00042,0.9978291827798988,"Run - Jul 10, 2026 at 22:18:59"
Q3,52,1713684.9699676845,856842.4761492957,0.006854690931144031,0.0005194464691932233,0.011559999999999999,3.1991168688039413,15.035338186228806,3.234596611643202e-07,-5148.770239069127,Active,ionq_forte_simulated,2026-07-10T16:51:48.832850+00:00,1,False,2003000.0,1001500.0,3.2,0.0053,0.00043000000000000004,0.9977877587798988,"Run - Jul 10, 2026 at 22:18:59"
Q4,52,1714540.5291580555,857270.2557444812,0.006980690931144031,0.0005315264691932233,0.011559999999999999,3.1991168688039413,15.035338186228806,3.234596611643202e-07,-5151.34077050956,Active,ionq_forte_simulated,2026-07-10T16:51:48.834856+00:00,1,False,2004000.0,1002000.0,3.2,0.0054,0.00044,0.9977463347798988,"Run - Jul 10, 2026 at 22:18:59"
Q5,52,1715396.0883484266,857698.0353396668,0.0071066909311440305,0.0005436064691932233,0.011559999999999999,3.1991168688039413,15.035338186228806,3.234596611643202e-07,-5153.91130194976,Active,ionq_forte_simulated,2026-07-10T16:51:48.837851+00:00,1,False,2005000.0,1002500.0,3.2,0.0055,0.00045000000000000004,0.9977049107798988,"Run - Jul 10, 2026 at 22:18:59"
Q6,52,1716251.6475387975,858125.8149348522,0.007232690931144031,0.0005556864691932233,0.011559999999999999,3.1991168688039413,15.035338186228806,3.234596611643202e-07,-5156.481833390426,Active,ionq_forte_simulated,2026-07-10T16:51:48.839851+00:00,1,False,2006000.0,1003000.0,3.2,0.0056,0.00046,0.9976634867798988,"Run - Jul 10, 2026 at 22:18:59"
Q7,52,1717107.2067291685,858553.5945300377,0.007358690931144031,0.0005677664691932234,0.011559999999999999,3.1991168688039413,15.035338186228806,3.234596611643202e-07,-5159.052364830626,Active,ionq_forte_simulated,2026-07-10T16:51:48.841855+00:00,1,False,2007000.0,1003500.0,3.2,0.0057,0.00047000000000000004,0.9976220627798988,"Run - Jul 10, 2026 at 22:18:59"
Q8,52,1717962.7659195396,858981.3741252233,0.007484690931144031,0.0005798464691932233,0.011559999999999999,3.1991168688039413,15.035338186228806,3.234596611643202e-07,-5161.622896271059,Active,ionq_forte_simulated,2026-07-10T16:51:48.844853+00:00,1,False,2008000.0,1004000.0,3.2,0.0058000000000000005,0.00048,0.9975806387798988,"Run - Jul 10, 2026 at 22:18:59"
Q9,52,1718818.3251099107,859409.1537204088,0.007610690931144031,0.0005919264691932233,0.011559999999999999,3.1991168688039413,15.035338186228806,3.234596611643202e-07,-5164.19342771126,Active,ionq_forte_simulated,2026-07-10T16:51:48.846853+00:00,1,False,2009000.0,1004500.0,3.2,0.0059,0.00049,0.9975392147798988,"Run - Jul 10, 2026 at 22:18:59"
Q10,52,1719673.8843002815,859836.9333155942,0.007736690931144031,0.0006040064691932234,0.011559999999999999,3.1991168688039413,15.035338186228806,3.234596611643202e-07,-5166.7639591519255,Active,ionq_forte_simulated,2026-07-10T16:51:48.848852+00:00,1,False,2010000.0,1005000.0,3.2,0.006,0.0005,0.9974977907798988,"Run - Jul 10, 2026 at 22:18:59"
Q11,52,1720529.4434906526,860264.7129107798,0.00786269093114403,0.0006160864691932234,0.011559999999999999,3.1991168688039413,15.035338186228806,3.234596611643202e-07,-5169.334490592126,Active,ionq_forte_simulated,2026-07-10T16:51:48.850853+00:00,1,False,2011000.0,1005500.0,3.2,0.0061,0.00051,0.9974563667798988,"Run - Jul 10, 2026 at 22:18:59"
Q12,52,1721385.0026810237,860692.4925059653,0.007988690931144031,0.0006281664691932233,0.011559999999999999,3.1991168688039413,15.035338186228806,3.234596611643202e-07,-5171.905022032559,Active,ionq_forte_simulated,2026-07-10T16:51:48.852854+00:00,1,False,2012000.0,1006000.0,3.2,0.006200000000000001,0.0005200000000000001,0.9974149427798988,"Run - Jul 10, 2026 at 22:18:59"
Q13,52,1722240.5618713947,861120.2721011508,0.00811469093114403,0.0006402464691932234,0.011559999999999999,3.1991168688039413,15.035338186228806,3.234596611643202e-07,-5174.475553472759,Active,ionq_forte_simulated,2026-07-10T16:51:48.855854+00:00,1,False,2013000.0,1006500.0,3.2,0.0063,0.0005300000000000001,0.9973735187798988,"Run - Jul 10, 2026 at 22:18:59"
Q14,52,1723096.1210617656,861548.0516963362,0.00824069093114403,0.0006523264691932233,0.011559999999999999,3.1991168688039413,15.035338186228806,3.234596611643202e-07,-5177.046084913425,Active,ionq_forte_simulated,2026-07-10T16:51:48.857855+00:00,1,False,2014000.0,1007000.0,3.2,0.0064,0.00054,0.9973320947798988,"Run - Jul 10, 2026 at 22:18:59"
Q15,52,1723951.6802521367,861975.8312915218,0.008366690931144031,0.0006644064691932233,0.011559999999999999,3.1991168688039413,15.035338186228806,3.234596611643202e-07,-5179.616616353625,Active,ionq_forte_simulated,2026-07-10T16:51:48.860852+00:00,1,False,2015000.0,1007500.0,3.2,0.006500000000000001,0.00055,0.9972906707798989,"Run - Jul 10, 2026 at 22:18:59"
Q16,52,1724807.2394425077,862403.6108867073,0.00849269093114403,0.0006764864691932234,0.011559999999999999,3.1991168688039413,15.035338186228806,3.234596611643202e-07,-5182.187147794059,Active,ionq_forte_simulated,2026-07-10T16:51:48.862858+00:00,1,False,2016000.0,1008000.0,3.2,0.0066,0.0005600000000000001,0.9972492467798988,"Run - Jul 10, 2026 at 22:18:59"
Q17,52,1725662.7986328788,862831.3904818929,0.00861869093114403,0.0006885664691932233,0.011559999999999999,3.1991168688039413,15.035338186228806,3.234596611643202e-07,-5184.757679234259,Active,ionq_forte_simulated,2026-07-10T16:51:48.864858+00:00,1,False,2017000.0,1008500.0,3.2,0.0067,0.00057,0.9972078227798988,"Run - Jul 10, 2026 at 22:18:59"
Q18,52,1726518.35782325,863259.1700770784,0.008744690931144031,0.0007006464691932233,0.011559999999999999,3.1991168688039413,15.035338186228806,3.234596611643202e-07,-5187.328210674692,Active,ionq_forte_simulated,2026-07-10T16:51:48.867858+00:00,1,False,2018000.0,1009000.0,3.2,0.0068000000000000005,0.00058,0.9971663987798989,"Run - Jul 10, 2026 at 22:18:59"
Q19,52,1727373.9170136207,863686.9496722638,0.00887069093114403,0.0007127264691932233,0.011559999999999999,3.1991168688039413,15.035338186228806,3.234596611643202e-07,-5189.898742115125,Active,ionq_forte_simulated,2026-07-10T16:51:48.869863+00:00,1,False,2019000.0,1009500.0,3.2,0.0069,0.00059,0.9971249747798988,"Run - Jul 10, 2026 at 22:18:59"
Q20,52,1728229.4762039918,864114.7292674494,0.00899669093114403,0.0007248064691932234,0.011559999999999999,3.1991168688039413,15.035338186228806,3.234596611643202e-07,-5192.469273555558,Active,ionq_forte_simulated,2026-07-10T16:51:48.872832+00:00,1,False,2020000.0,1010000.0,3.2,0.007,0.0006000000000000001,0.9970835507798989,"Run - Jul 10, 2026 at 22:18:59"
Q21,52,1729085.0353943629,864542.5088626349,0.009122690931144031,0.0007368864691932234,0.011559999999999999,3.1991168688039413,15.035338186228806,3.234596611643202e-07,-5195.0398049957585,Active,ionq_forte_simulated,2026-07-10T16:51:48.876028+00:00,1,False,2021000.0,1010500.0,3.2,0.0071,0.0006100000000000001,0.9970421267798988,"Run - Jul 10, 2026 at 22:18:59"
Q22,52,1729940.594584734,864970.2884578204,0.00924869093114403,0.0007489664691932233,0.011559999999999999,3.1991168688039413,15.035338186228806,3.234596611643202e-07,-5197.610336436192,Active,ionq_forte_simulated,2026-07-10T16:51:48.878102+00:00,1,False,2022000.0,1011000.0,3.2,0.0072,0.00062,0.9970007027798988,"Run - Jul 10, 2026 at 22:18:59"
Q23,52,1730796.1537751048,865398.0680530058,0.00937469093114403,0.0007610464691932234,0.011559999999999999,3.1991168688039413,15.035338186228806,3.234596611643202e-07,-5200.180867876625,Active,ionq_forte_simulated,2026-07-10T16:51:48.880101+00:00,1,False,2023000.0,1011500.0,3.2,0.0073,0.00063,0.9969592787798989,"Run - Jul 10, 2026 at 22:18:59"
Q24,52,1731651.7129654759,865825.8476481914,0.00950069093114403,0.0007731264691932234,0.011559999999999999,3.1991168688039413,15.035338186228806,3.234596611643202e-07,-5202.751399317058,Active,ionq_forte_simulated,2026-07-10T16:51:48.882169+00:00,1,False,2024000.0,1012000.0,3.2,0.0074,0.00064,0.9969178547798988,"Run - Jul 10, 2026 at 22:18:59"
Q0,53,1705992.6347115187,852996.3090330849,0.006491453488444781,0.0004848020213512039,0.011590000000000001,3.1991678336253364,15.033290697688956,1.01067560193591e-07,-5125.657685052836,Active,ionq_forte_simulated,2026-07-10T16:51:53.770514+00:00,1,False,2000000.0,1000000.0,3.2,0.005,0.0004,0.9979071233470611,"Run - Jul 10, 2026 at 22:18:59"
Q1,53,1706845.631070488,853422.8072125695,0.006617953488444781,0.0004969220213512039,0.011590000000000001,3.1991678336253364,15.033290697688956,1.01067560193591e-07,-5128.220516454661,Active,ionq_forte_simulated,2026-07-10T16:51:53.773262+00:00,1,False,2001000.0,1000500.0,3.2,0.0051,0.00041000000000000005,0.9978655373470613,"Run - Jul 10, 2026 at 22:18:59"
Q2,53,1707698.627429457,853849.305392054,0.00674445348844478,0.0005090420213512038,0.011590000000000001,3.1991678336253364,15.033290697688956,1.01067560193591e-07,-5130.783347856486,Active,ionq_forte_simulated,2026-07-10T16:51:53.776861+00:00,1,False,2002000.0,1001000.0,3.2,0.0052,0.00042,0.9978239513470613,"Run - Jul 10, 2026 at 22:18:59"
Q3,53,1708551.6237884262,854275.8035715387,0.00687095348844478,0.0005211620213512038,0.011590000000000001,3.1991678336253364,15.033290697688956,1.01067560193591e-07,-5133.346179258311,Active,ionq_forte_simulated,2026-07-10T16:51:53.780161+00:00,1,False,2003000.0,1001500.0,3.2,0.0053,0.00043000000000000004,0.9977823653470612,"Run - Jul 10, 2026 at 22:18:59"
Q4,53,1709404.6201473952,854702.3017510232,0.006997453488444781,0.0005332820213512038,0.011590000000000001,3.1991678336253364,15.033290697688956,1.01067560193591e-07,-5135.909010660369,Active,ionq_forte_simulated,2026-07-10T16:51:53.783269+00:00,1,False,2004000.0,1002000.0,3.2,0.0054,0.00044,0.9977407793470612,"Run - Jul 10, 2026 at 22:18:59"
Q5,53,1710257.6165063644,855128.7999305078,0.00712395348844478,0.0005454020213512039,0.011590000000000001,3.1991678336253364,15.033290697688956,1.01067560193591e-07,-5138.471842062194,Active,ionq_forte_simulated,2026-07-10T16:51:53.786792+00:00,1,False,2005000.0,1002500.0,3.2,0.0055,0.00045000000000000004,0.9976991933470613,"Run - Jul 10, 2026 at 22:18:59"
Q6,53,1711110.6128653334,855555.2981099923,0.007250453488444781,0.0005575220213512039,0.011590000000000001,3.1991678336253364,15.033290697688956,1.01067560193591e-07,-5141.034673464019,Active,ionq_forte_simulated,2026-07-10T16:51:53.789795+00:00,1,False,2006000.0,1003000.0,3.2,0.0056,0.00046,0.9976576073470611,"Run - Jul 10, 2026 at 22:18:59"
Q7,53,1711963.6092243027,855981.7962894769,0.007376953488444781,0.0005696420213512039,0.011590000000000001,3.1991678336253364,15.033290697688956,1.01067560193591e-07,-5143.597504865844,Active,ionq_forte_simulated,2026-07-10T16:51:53.793792+00:00,1,False,2007000.0,1003500.0,3.2,0.0057,0.00047000000000000004,0.9976160213470613,"Run - Jul 10, 2026 at 22:18:59"
Q8,53,1712816.6055832717,856408.2944689614,0.007503453488444781,0.0005817620213512038,0.011590000000000001,3.1991678336253364,15.033290697688956,1.01067560193591e-07,-5146.160336267902,Active,ionq_forte_simulated,2026-07-10T16:51:53.795793+00:00,1,False,2008000.0,1004000.0,3.2,0.0058000000000000005,0.00048,0.9975744353470613,"Run - Jul 10, 2026 at 22:18:59"
Q9,53,1713669.601942241,856834.792648446,0.00762995348844478,0.0005938820213512038,0.011590000000000001,3.1991678336253364,15.033290697688956,1.01067560193591e-07,-5148.7231676697265,Active,ionq_forte_simulated,2026-07-10T16:51:53.798791+00:00,1,False,2009000.0,1004500.0,3.2,0.0059,0.00049,0.9975328493470612,"Run - Jul 10, 2026 at 22:18:59"
Q10,53,1714522.59830121,857261.2908279306,0.007756453488444781,0.0006060020213512038,0.011590000000000001,3.1991678336253364,15.033290697688956,1.01067560193591e-07,-5151.2859990715515,Active,ionq_forte_simulated,2026-07-10T16:51:53.802795+00:00,1,False,2010000.0,1005000.0,3.2,0.006,0.0005,0.9974912633470612,"Run - Jul 10, 2026 at 22:18:59"
Q11,53,1715375.5946601792,857687.7890074152,0.007882953488444781,0.0006181220213512038,0.011590000000000001,3.1991678336253364,15.033290697688956,1.01067560193591e-07,-5153.848830473376,Active,ionq_forte_simulated,2026-07-10T16:51:53.805794+00:00,1,False,2011000.0,1005500.0,3.2,0.0061,0.00051,0.9974496773470611,"Run - Jul 10, 2026 at 22:18:59"
Q12,53,1716228.5910191482,858114.2871868997,0.00800945348844478,0.0006302420213512038,0.011590000000000001,3.1991678336253364,15.033290697688956,1.01067560193591e-07,-5156.411661875434,Active,ionq_forte_simulated,2026-07-10T16:51:53.808795+00:00,1,False,2012000.0,1006000.0,3.2,0.006200000000000001,0.0005200000000000001,0.9974080913470612,"Run - Jul 10, 2026 at 22:18:59"
Q13,53,1717081.5873781175,858540.7853663843,0.00813595348844478,0.000642362021351204,0.011590000000000001,3.1991678336253364,15.033290697688956,1.01067560193591e-07,-5158.974493277259,Active,ionq_forte_simulated,2026-07-10T16:51:53.811793+00:00,1,False,2013000.0,1006500.0,3.2,0.0063,0.0005300000000000001,0.9973665053470612,"Run - Jul 10, 2026 at 22:18:59"
Q14,53,1717934.5837370865,858967.2835458688,0.00826245348844478,0.0006544820213512039,0.011590000000000001,3.1991678336253364,15.033290697688956,1.01067560193591e-07,-5161.537324679084,Active,ionq_forte_simulated,2026-07-10T16:51:53.814791+00:00,1,False,2014000.0,1007000.0,3.2,0.0064,0.00054,0.9973249193470612,"Run - Jul 10, 2026 at 22:18:59"
Q15,53,1718787.5800960558,859393.7817253534,0.008388953488444782,0.0006666020213512039,0.011590000000000001,3.1991678336253364,15.033290697688956,1.01067560193591e-07,-5164.100156080909,Active,ionq_forte_simulated,2026-07-10T16:51:53.817795+00:00,1,False,2015000.0,1007500.0,3.2,0.006500000000000001,0.00055,0.9972833333470612,"Run - Jul 10, 2026 at 22:18:59"
Q16,53,1719640.5764550248,859820.279904838,0.00851545348844478,0.0006787220213512039,0.011590000000000001,3.1991678336253364,15.033290697688956,1.01067560193591e-07,-5166.662987482967,Active,ionq_forte_simulated,2026-07-10T16:51:53.820792+00:00,1,False,2016000.0,1008000.0,3.2,0.0066,0.0005600000000000001,0.9972417473470612,"Run - Jul 10, 2026 at 22:18:59"
Q17,53,1720493.572813994,860246.7780843226,0.00864195348844478,0.0006908420213512038,0.011590000000000001,3.1991678336253364,15.033290697688956,1.01067560193591e-07,-5169.225818884792,Active,ionq_forte_simulated,2026-07-10T16:51:53.824797+00:00,1,False,2017000.0,1008500.0,3.2,0.0067,0.00057,0.9972001613470611,"Run - Jul 10, 2026 at 22:18:59"
Q18,53,1721346.569172963,860673.2762638071,0.008768453488444782,0.0007029620213512038,0.011590000000000001,3.1991678336253364,15.033290697688956,1.01067560193591e-07,-5171.78865028685,Active,ionq_forte_simulated,2026-07-10T16:51:53.827793+00:00,1,False,2018000.0,1009000.0,3.2,0.0068000000000000005,0.00058,0.9971585753470611,"Run - Jul 10, 2026 at 22:18:59"
Q19,53,1722199.5655319323,861099.7744432917,0.00889495348844478,0.0007150820213512038,0.011590000000000001,3.1991678336253364,15.033290697688956,1.01067560193591e-07,-5174.351481688442,Active,ionq_forte_simulated,2026-07-10T16:51:53.830793+00:00,1,False,2019000.0,1009500.0,3.2,0.0069,0.00059,0.9971169893470613,"Run - Jul 10, 2026 at 22:18:59"
Q20,53,1723052.5618909013,861526.2726227762,0.009021453488444782,0.0007272020213512038,0.011590000000000001,3.1991678336253364,15.033290697688956,1.01067560193591e-07,-5176.9143130904995,Active,ionq_forte_simulated,2026-07-10T16:51:53.833902+00:00,1,False,2020000.0,1010000.0,3.2,0.007,0.0006000000000000001,0.9970754033470611,"Run - Jul 10, 2026 at 22:18:59"
Q21,53,1723905.5582498705,861952.7708022608,0.009147953488444781,0.000739322021351204,0.011590000000000001,3.1991678336253364,15.033290697688956,1.01067560193591e-07,-5179.477144492324,Active,ionq_forte_simulated,2026-07-10T16:51:53.836912+00:00,1,False,2021000.0,1010500.0,3.2,0.0071,0.0006100000000000001,0.9970338173470612,"Run - Jul 10, 2026 at 22:18:59"
Q22,53,1724758.5546088396,862379.2689817454,0.009274453488444781,0.0007514420213512039,0.011590000000000001,3.1991678336253364,15.033290697688956,1.01067560193591e-07,-5182.039975894382,Active,ionq_forte_simulated,2026-07-10T16:51:53.840914+00:00,1,False,2022000.0,1011000.0,3.2,0.0072,0.00062,0.9969922313470612,"Run - Jul 10, 2026 at 22:18:59"
Q23,53,1725611.5509678088,862805.76716123,0.009400953488444781,0.0007635620213512039,0.011590000000000001,3.1991678336253364,15.033290697688956,1.01067560193591e-07,-5184.602807295974,Active,ionq_forte_simulated,2026-07-10T16:51:53.843911+00:00,1,False,2023000.0,1011500.0,3.2,0.0073,0.00063,0.9969506453470611,"Run - Jul 10, 2026 at 22:18:59"
Q24,53,1726464.5473267778,863232.2653407145,0.009527453488444781,0.0007756820213512039,0.011590000000000001,3.1991678336253364,15.033290697688956,1.01067560193591e-07,-5187.165638698032,Active,ionq_forte_simulated,2026-07-10T16:51:53.846912+00:00,1,False,2024000.0,1012000.0,3.2,0.0074,0.00064,0.9969090593470612,"Run - Jul 10, 2026 at 22:18:59"
Q0,54,1700882.3318040173,850441.1581743638,0.006504552897511198,0.00048640292138808734,0.01162,3.1992270894430397,15.030910579502239,-1.460694043669181e-07,-5110.302907501347,Active,ionq_forte_simulated,2026-07-10T16:51:58.160123+00:00,1,False,2000000.0,1000000.0,3.2,0.005,0.0004,0.9979027132543301,"Run - Jul 10, 2026 at 22:18:59"
Q1,54,1701732.7730085575,850866.3787766339,0.006631552897511199,0.0004985629213880874,0.01162,3.1992270894430397,15.030910579502239,-1.460694043669181e-07,-5112.8580619303975,Active,ionq_forte_simulated,2026-07-10T16:51:58.163121+00:00,1,False,2001000.0,1000500.0,3.2,0.0051,0.00041000000000000005,0.9978609652543302,"Run - Jul 10, 2026 at 22:18:59"
Q2,54,1702583.2142130977,851291.599378904,0.0067585528975111974,0.0005107229213880874,0.01162,3.1992270894430397,15.030910579502239,-1.460694043669181e-07,-5115.413216359215,Active,ionq_forte_simulated,2026-07-10T16:51:58.165121+00:00,1,False,2002000.0,1001000.0,3.2,0.0052,0.00042,0.9978192172543303,"Run - Jul 10, 2026 at 22:18:59"
Q3,54,1703433.655417638,851716.8199811741,0.006885552897511198,0.0005228829213880875,0.01162,3.1992270894430397,15.030910579502239,-1.460694043669181e-07,-5117.968370788265,Active,ionq_forte_simulated,2026-07-10T16:51:58.169816+00:00,1,False,2003000.0,1001500.0,3.2,0.0053,0.00043000000000000004,0.9977774692543302,"Run - Jul 10, 2026 at 22:18:59"
Q4,54,1704284.096622178,852142.0405834442,0.007012552897511198,0.0005350429213880874,0.01162,3.1992270894430397,15.030910579502239,-1.460694043669181e-07,-5120.523525217082,Active,ionq_forte_simulated,2026-07-10T16:51:58.173155+00:00,1,False,2004000.0,1002000.0,3.2,0.0054,0.00044,0.9977357212543302,"Run - Jul 10, 2026 at 22:18:59"
Q5,54,1705134.5378267183,852567.2611857143,0.007139552897511198,0.0005472029213880875,0.01162,3.1992270894430397,15.030910579502239,-1.460694043669181e-07,-5123.0786796461325,Active,ionq_forte_simulated,2026-07-10T16:51:58.176611+00:00,1,False,2005000.0,1002500.0,3.2,0.0055,0.00045000000000000004,0.9976939732543302,"Run - Jul 10, 2026 at 22:18:59"
Q6,54,1705984.9790312587,852992.4817879845,0.007266552897511198,0.0005593629213880873,0.01162,3.1992270894430397,15.030910579502239,-1.460694043669181e-07,-5125.633834074717,Active,ionq_forte_simulated,2026-07-10T16:51:58.179882+00:00,1,False,2006000.0,1003000.0,3.2,0.0056,0.00046,0.9976522252543303,"Run - Jul 10, 2026 at 22:18:59"
Q7,54,1706835.420235799,853417.7023902546,0.0073935528975111985,0.0005715229213880874,0.01162,3.1992270894430397,15.030910579502239,-1.460694043669181e-07,-5128.188988503767,Active,ionq_forte_simulated,2026-07-10T16:51:58.183192+00:00,1,False,2007000.0,1003500.0,3.2,0.0057,0.00047000000000000004,0.9976104772543302,"Run - Jul 10, 2026 at 22:18:59"
Q8,54,1707685.8614403391,853842.9229925247,0.007520552897511199,0.0005836829213880874,0.01162,3.1992270894430397,15.030910579502239,-1.460694043669181e-07,-5130.7441429325845,Active,ionq_forte_simulated,2026-07-10T16:51:58.186604+00:00,1,False,2008000.0,1004000.0,3.2,0.0058000000000000005,0.00048,0.9975687292543303,"Run - Jul 10, 2026 at 22:18:59"
Q9,54,1708536.3026448793,854268.1435947948,0.0076475528975111975,0.0005958429213880873,0.01162,3.1992270894430397,15.030910579502239,-1.460694043669181e-07,-5133.299297361635,Active,ionq_forte_simulated,2026-07-10T16:51:58.189884+00:00,1,False,2009000.0,1004500.0,3.2,0.0059,0.00049,0.9975269812543303,"Run - Jul 10, 2026 at 22:18:59"
Q10,54,1709386.7438494195,854693.3641970649,0.007774552897511198,0.0006080029213880874,0.01162,3.1992270894430397,15.030910579502239,-1.460694043669181e-07,-5135.854451790452,Active,ionq_forte_simulated,2026-07-10T16:51:58.193215+00:00,1,False,2010000.0,1005000.0,3.2,0.006,0.0005,0.9974852332543303,"Run - Jul 10, 2026 at 22:18:59"
Q11,54,1710237.1850539597,855118.584799335,0.007901552897511198,0.0006201629213880874,0.01162,3.1992270894430397,15.030910579502239,-1.460694043669181e-07,-5138.409606219502,Active,ionq_forte_simulated,2026-07-10T16:51:58.196474+00:00,1,False,2011000.0,1005500.0,3.2,0.0061,0.00051,0.9974434852543302,"Run - Jul 10, 2026 at 22:18:59"
Q12,54,1711087.6262585,855543.8054016051,0.008028552897511199,0.0006323229213880874,0.01162,3.1992270894430397,15.030910579502239,-1.460694043669181e-07,-5140.9647606483195,Active,ionq_forte_simulated,2026-07-10T16:51:58.199175+00:00,1,False,2012000.0,1006000.0,3.2,0.006200000000000001,0.0005200000000000001,0.9974017372543302,"Run - Jul 10, 2026 at 22:18:59"
Q13,54,1711938.0674630404,855969.0260038753,0.008155552897511197,0.0006444829213880875,0.01162,3.1992270894430397,15.030910579502239,-1.460694043669181e-07,-5143.519915077137,Active,ionq_forte_simulated,2026-07-10T16:51:58.202269+00:00,1,False,2013000.0,1006500.0,3.2,0.0063,0.0005300000000000001,0.9973599892543303,"Run - Jul 10, 2026 at 22:18:59"
Q14,54,1712788.5086675806,856394.2466061454,0.008282552897511198,0.0006566429213880874,0.01162,3.1992270894430397,15.030910579502239,-1.460694043669181e-07,-5146.075069505954,Active,ionq_forte_simulated,2026-07-10T16:51:58.205789+00:00,1,False,2014000.0,1007000.0,3.2,0.0064,0.00054,0.9973182412543302,"Run - Jul 10, 2026 at 22:18:59"
Q15,54,1713638.9498721207,856819.4672084155,0.008409552897511198,0.0006688029213880874,0.01162,3.1992270894430397,15.030910579502239,-1.460694043669181e-07,-5148.630223935004,Active,ionq_forte_simulated,2026-07-10T16:51:58.208799+00:00,1,False,2015000.0,1007500.0,3.2,0.006500000000000001,0.00055,0.9972764932543302,"Run - Jul 10, 2026 at 22:18:59"
Q16,54,1714489.391076661,857244.6878106856,0.008536552897511198,0.0006809629213880875,0.01162,3.1992270894430397,15.030910579502239,-1.460694043669181e-07,-5151.185378363822,Active,ionq_forte_simulated,2026-07-10T16:51:58.212418+00:00,1,False,2016000.0,1008000.0,3.2,0.0066,0.0005600000000000001,0.9972347452543302,"Run - Jul 10, 2026 at 22:18:59"
Q17,54,1715339.8322812011,857669.9084129557,0.008663552897511199,0.0006931229213880874,0.01162,3.1992270894430397,15.030910579502239,-1.460694043669181e-07,-5153.740532792872,Active,ionq_forte_simulated,2026-07-10T16:51:58.215184+00:00,1,False,2017000.0,1008500.0,3.2,0.0067,0.00057,0.9971929972543302,"Run - Jul 10, 2026 at 22:18:59"
Q18,54,1716190.2734857413,858095.1290152258,0.008790552897511199,0.0007052829213880874,0.01162,3.1992270894430397,15.030910579502239,-1.460694043669181e-07,-5156.295687221689,Active,ionq_forte_simulated,2026-07-10T16:51:58.218482+00:00,1,False,2018000.0,1009000.0,3.2,0.0068000000000000005,0.00058,0.9971512492543303,"Run - Jul 10, 2026 at 22:18:59"
Q19,54,1717040.7146902815,858520.3496174959,0.008917552897511198,0.0007174429213880875,0.01162,3.1992270894430397,15.030910579502239,-1.460694043669181e-07,-5158.850841650739,Active,ionq_forte_simulated,2026-07-10T16:51:58.221538+00:00,1,False,2019000.0,1009500.0,3.2,0.0069,0.00059,0.9971095012543303,"Run - Jul 10, 2026 at 22:18:59"
Q20,54,1717891.155894822,858945.5702197661,0.009044552897511198,0.0007296029213880874,0.01162,3.1992270894430397,15.030910579502239,-1.460694043669181e-07,-5161.405996079324,Active,ionq_forte_simulated,2026-07-10T16:51:58.224837+00:00,1,False,2020000.0,1010000.0,3.2,0.007,0.0006000000000000001,0.9970677532543302,"Run - Jul 10, 2026 at 22:18:59"
Q21,54,1718741.5970993622,859370.7908220362,0.009171552897511199,0.0007417629213880874,0.01162,3.1992270894430397,15.030910579502239,-1.460694043669181e-07,-5163.961150508374,Active,ionq_forte_simulated,2026-07-10T16:51:58.228167+00:00,1,False,2021000.0,1010500.0,3.2,0.0071,0.0006100000000000001,0.9970260052543302,"Run - Jul 10, 2026 at 22:18:59"
Q22,54,1719592.0383039024,859796.0114243063,0.009298552897511197,0.0007539229213880873,0.01162,3.1992270894430397,15.030910579502239,-1.460694043669181e-07,-5166.516304937191,Active,ionq_forte_simulated,2026-07-10T16:51:58.230963+00:00,1,False,2022000.0,1011000.0,3.2,0.0072,0.00062,0.9969842572543302,"Run - Jul 10, 2026 at 22:18:59"
Q23,54,1720442.4795084426,860221.2320265764,0.009425552897511198,0.0007660829213880874,0.01162,3.1992270894430397,15.030910579502239,-1.460694043669181e-07,-5169.0714593662415,Active,ionq_forte_simulated,2026-07-10T16:51:58.234234+00:00,1,False,2023000.0,1011500.0,3.2,0.0073,0.00063,0.9969425092543303,"Run - Jul 10, 2026 at 22:18:59"
Q24,54,1721292.9207129828,860646.4526288465,0.009552552897511198,0.0007782429213880874,0.01162,3.1992270894430397,15.030910579502239,-1.460694043669181e-07,-5171.626613795059,Active,ionq_forte_simulated,2026-07-10T16:51:58.237268+00:00,1,False,2024000.0,1012000.0,3.2,0.0074,0.00064,0.9969007612543304,"Run - Jul 10, 2026 at 22:18:59"
Q0,55,1695787.3376217992,847893.6617554963,0.006516108065114078,0.0004880071488696878,0.01165,3.199294102230945,15.028221613022815,-3.5744348438983256e-07,-5094.994182218099,Active,ionq_forte_simulated,2026-07-10T16:52:02.536393+00:00,1,False,2000000.0,1000000.0,3.2,0.005,0.0004,0.9978987654358049,"Run - Jul 10, 2026 at 22:18:59"
Q1,55,1696635.2313258871,848317.6086075403,0.006643608065114078,0.0005002071488696879,0.01165,3.199294102230945,15.028221613022815,-3.5744348438983256e-07,-5097.541682670359,Active,ionq_forte_simulated,2026-07-10T16:52:02.540396+00:00,1,False,2001000.0,1000500.0,3.2,0.0051,0.00041000000000000005,0.9978568554358048,"Run - Jul 10, 2026 at 22:18:59"
Q2,55,1697483.125029975,848741.5554595842,0.006771108065114078,0.0005124071488696878,0.01165,3.199294102230945,15.028221613022815,-3.5744348438983256e-07,-5100.089183122618,Active,ionq_forte_simulated,2026-07-10T16:52:02.543393+00:00,1,False,2002000.0,1001000.0,3.2,0.0052,0.00042,0.9978149454358047,"Run - Jul 10, 2026 at 22:18:59"
Q3,55,1698331.018734063,849165.5023116282,0.006898608065114078,0.0005246071488696879,0.01165,3.199294102230945,15.028221613022815,-3.5744348438983256e-07,-5102.636683574878,Active,ionq_forte_simulated,2026-07-10T16:52:02.546391+00:00,1,False,2003000.0,1001500.0,3.2,0.0053,0.00043000000000000004,0.9977730354358048,"Run - Jul 10, 2026 at 22:18:59"
Q4,55,1699178.912438151,849589.4491636722,0.007026108065114078,0.0005368071488696879,0.01165,3.199294102230945,15.028221613022815,-3.5744348438983256e-07,-5105.184184027137,Active,ionq_forte_simulated,2026-07-10T16:52:02.549393+00:00,1,False,2004000.0,1002000.0,3.2,0.0054,0.00044,0.9977311254358049,"Run - Jul 10, 2026 at 22:18:59"
Q5,55,1700026.806142239,850013.3960157161,0.007153608065114077,0.0005490071488696879,0.01165,3.199294102230945,15.028221613022815,-3.5744348438983256e-07,-5107.731684479397,Active,ionq_forte_simulated,2026-07-10T16:52:02.552393+00:00,1,False,2005000.0,1002500.0,3.2,0.0055,0.00045000000000000004,0.9976892154358048,"Run - Jul 10, 2026 at 22:18:59"
Q6,55,1700874.6998463268,850437.3428677601,0.007281108065114078,0.0005612071488696878,0.01165,3.199294102230945,15.028221613022815,-3.5744348438983256e-07,-5110.279184931889,Active,ionq_forte_simulated,2026-07-10T16:52:02.555393+00:00,1,False,2006000.0,1003000.0,3.2,0.0056,0.00046,0.997647305435805,"Run - Jul 10, 2026 at 22:18:59"
Q7,55,1701722.5935504148,850861.2897198041,0.007408608065114078,0.0005734071488696879,0.01165,3.199294102230945,15.028221613022815,-3.5744348438983256e-07,-5112.826685384149,Active,ionq_forte_simulated,2026-07-10T16:52:02.558393+00:00,1,False,2007000.0,1003500.0,3.2,0.0057,0.00047000000000000004,0.997605395435805,"Run - Jul 10, 2026 at 22:18:59"
Q8,55,1702570.4872545027,851285.236571848,0.007536108065114078,0.0005856071488696879,0.01165,3.199294102230945,15.028221613022815,-3.5744348438983256e-07,-5115.374185836408,Active,ionq_forte_simulated,2026-07-10T16:52:02.561391+00:00,1,False,2008000.0,1004000.0,3.2,0.0058000000000000005,0.00048,0.9975634854358049,"Run - Jul 10, 2026 at 22:18:59"
Q9,55,1703418.3809585904,851709.1834238919,0.007663608065114078,0.0005978071488696878,0.01165,3.199294102230945,15.028221613022815,-3.5744348438983256e-07,-5117.921686288901,Active,ionq_forte_simulated,2026-07-10T16:52:02.563394+00:00,1,False,2009000.0,1004500.0,3.2,0.0059,0.00049,0.9975215754358049,"Run - Jul 10, 2026 at 22:18:59"
Q10,55,1704266.2746626784,852133.1302759359,0.007791108065114078,0.0006100071488696878,0.01165,3.199294102230945,15.028221613022815,-3.5744348438983256e-07,-5120.46918674116,Active,ionq_forte_simulated,2026-07-10T16:52:02.566394+00:00,1,False,2010000.0,1005000.0,3.2,0.006,0.0005,0.9974796654358049,"Run - Jul 10, 2026 at 22:18:59"
Q11,55,1705114.1683667663,852557.0771279798,0.007918608065114078,0.0006222071488696879,0.01165,3.199294102230945,15.028221613022815,-3.5744348438983256e-07,-5123.01668719342,Active,ionq_forte_simulated,2026-07-10T16:52:02.570393+00:00,1,False,2011000.0,1005500.0,3.2,0.0061,0.00051,0.9974377554358049,"Run - Jul 10, 2026 at 22:18:59"
Q12,55,1705962.0620708542,852981.0239800238,0.008046108065114079,0.0006344071488696879,0.01165,3.199294102230945,15.028221613022815,-3.5744348438983256e-07,-5125.564187645679,Active,ionq_forte_simulated,2026-07-10T16:52:02.573392+00:00,1,False,2012000.0,1006000.0,3.2,0.006200000000000001,0.0005200000000000001,0.9973958454358048,"Run - Jul 10, 2026 at 22:18:59"
Q13,55,1706809.9557749422,853404.9708320678,0.008173608065114078,0.000646607148869688,0.01165,3.199294102230945,15.028221613022815,-3.5744348438983256e-07,-5128.111688098172,Active,ionq_forte_simulated,2026-07-10T16:52:02.575396+00:00,1,False,2013000.0,1006500.0,3.2,0.0063,0.0005300000000000001,0.9973539354358049,"Run - Jul 10, 2026 at 22:18:59"
Q14,55,1707657.8494790301,853828.9176841117,0.008301108065114079,0.0006588071488696878,0.01165,3.199294102230945,15.028221613022815,-3.5744348438983256e-07,-5130.659188550431,Active,ionq_forte_simulated,2026-07-10T16:52:02.578402+00:00,1,False,2014000.0,1007000.0,3.2,0.0064,0.00054,0.9973120254358048,"Run - Jul 10, 2026 at 22:18:59"
Q15,55,1708505.743183118,854252.8645361557,0.008428608065114078,0.0006710071488696879,0.01165,3.199294102230945,15.028221613022815,-3.5744348438983256e-07,-5133.206689002691,Active,ionq_forte_simulated,2026-07-10T16:52:02.581403+00:00,1,False,2015000.0,1007500.0,3.2,0.006500000000000001,0.00055,0.9972701154358049,"Run - Jul 10, 2026 at 22:18:59"
Q16,55,1709353.636887206,854676.8113881997,0.008556108065114077,0.0006832071488696879,0.01165,3.199294102230945,15.028221613022815,-3.5744348438983256e-07,-5135.75418945495,Active,ionq_forte_simulated,2026-07-10T16:52:02.584405+00:00,1,False,2016000.0,1008000.0,3.2,0.0066,0.0005600000000000001,0.9972282054358048,"Run - Jul 10, 2026 at 22:18:59"
Q17,55,1710201.530591294,855100.7582402437,0.008683608065114078,0.0006954071488696878,0.01165,3.199294102230945,15.028221613022815,-3.5744348438983256e-07,-5138.30168990721,Active,ionq_forte_simulated,2026-07-10T16:52:02.587405+00:00,1,False,2017000.0,1008500.0,3.2,0.0067,0.00057,0.9971862954358048,"Run - Jul 10, 2026 at 22:18:59"
Q18,55,1711049.4242953819,855524.7050922876,0.008811108065114079,0.0007076071488696878,0.01165,3.199294102230945,15.028221613022815,-3.5744348438983256e-07,-5140.8491903594695,Active,ionq_forte_simulated,2026-07-10T16:52:02.590405+00:00,1,False,2018000.0,1009000.0,3.2,0.0068000000000000005,0.00058,0.9971443854358049,"Run - Jul 10, 2026 at 22:18:59"
Q19,55,1711897.3179994696,855948.6519443315,0.008938608065114078,0.0007198071488696879,0.01165,3.199294102230945,15.028221613022815,-3.5744348438983256e-07,-5143.396690811962,Active,ionq_forte_simulated,2026-07-10T16:52:02.593768+00:00,1,False,2019000.0,1009500.0,3.2,0.0069,0.00059,0.9971024754358049,"Run - Jul 10, 2026 at 22:18:59"
Q20,55,1712745.2117035575,856372.5987963754,0.009066108065114077,0.0007320071488696879,0.01165,3.199294102230945,15.028221613022815,-3.5744348438983256e-07,-5145.944191264454,Active,ionq_forte_simulated,2026-07-10T16:52:02.596768+00:00,1,False,2020000.0,1010000.0,3.2,0.007,0.0006000000000000001,0.9970605654358049,"Run - Jul 10, 2026 at 22:18:59"
Q21,55,1713593.1054076455,856796.5456484194,0.009193608065114078,0.0007442071488696879,0.01165,3.199294102230945,15.028221613022815,-3.5744348438983256e-07,-5148.491691716714,Active,ionq_forte_simulated,2026-07-10T16:52:02.598768+00:00,1,False,2021000.0,1010500.0,3.2,0.0071,0.0006100000000000001,0.9970186554358049,"Run - Jul 10, 2026 at 22:18:59"
Q22,55,1714440.9991117334,857220.4925004634,0.009321108065114077,0.0007564071488696878,0.01165,3.199294102230945,15.028221613022815,-3.5744348438983256e-07,-5151.039192168973,Active,ionq_forte_simulated,2026-07-10T16:52:02.602769+00:00,1,False,2022000.0,1011000.0,3.2,0.0072,0.00062,0.996976745435805,"Run - Jul 10, 2026 at 22:18:59"
Q23,55,1715288.8928158213,857644.4393525074,0.009448608065114078,0.0007686071488696879,0.01165,3.199294102230945,15.028221613022815,-3.5744348438983256e-07,-5153.586692621233,Active,ionq_forte_simulated,2026-07-10T16:52:02.606003+00:00,1,False,2023000.0,1011500.0,3.2,0.0073,0.00063,0.9969348354358049,"Run - Jul 10, 2026 at 22:18:59"
Q24,55,1716136.7865199093,858068.3862045513,0.009576108065114077,0.0007808071488696879,0.01165,3.199294102230945,15.028221613022815,-3.5744348438983256e-07,-5156.1341930734925,Active,ionq_forte_simulated,2026-07-10T16:52:02.609014+00:00,1,False,2024000.0,1012000.0,3.2,0.0074,0.00064,0.9968929254358049,"Run - Jul 10, 2026 at 22:18:59"
Q0,56,1690707.606242654,845353.7968086605,0.006526253327574464,0.0004896096260586631,0.01168,3.1993682520591946,15.025250665514893,-4.813029331567834e-07,-5079.731379145291,Active,ionq_forte_simulated,2026-07-10T16:52:07.406289+00:00,1,False,2000000.0,1000000.0,3.2,0.005,0.0004,0.9978952411139099,"Run - Jul 10, 2026 at 22:18:59"
Q1,56,1691552.9600773384,845776.4737260027,0.006654253327574465,0.0005018496260586632,0.01168,3.1993682520591946,15.025250665514893,-4.813029331567834e-07,-5082.271248548757,Active,ionq_forte_simulated,2026-07-10T16:52:07.409619+00:00,1,False,2001000.0,1000500.0,3.2,0.0051,0.00041000000000000005,0.99785316911391,"Run - Jul 10, 2026 at 22:18:59"
Q2,56,1692398.313912023,846199.1506433451,0.0067822533275744635,0.0005140896260586632,0.01168,3.1993682520591946,15.025250665514893,-4.813029331567834e-07,-5084.811117951991,Active,ionq_forte_simulated,2026-07-10T16:52:07.412293+00:00,1,False,2002000.0,1001000.0,3.2,0.0052,0.00042,0.99781109711391,"Run - Jul 10, 2026 at 22:18:59"
Q3,56,1693243.6677467078,846621.8275606874,0.006910253327574464,0.0005263296260586632,0.01168,3.1993682520591946,15.025250665514893,-4.813029331567834e-07,-5087.350987355225,Active,ionq_forte_simulated,2026-07-10T16:52:07.414290+00:00,1,False,2003000.0,1001500.0,3.2,0.0053,0.00043000000000000004,0.99776902511391,"Run - Jul 10, 2026 at 22:18:59"
Q4,56,1694089.0215813925,847044.5044780298,0.0070382533275744645,0.0005385696260586632,0.01168,3.1993682520591946,15.025250665514893,-4.813029331567834e-07,-5089.8908567584585,Active,ionq_forte_simulated,2026-07-10T16:52:07.418820+00:00,1,False,2004000.0,1002000.0,3.2,0.0054,0.00044,0.99772695311391,"Run - Jul 10, 2026 at 22:18:59"
Q5,56,1694934.3754160772,847467.1813953721,0.007166253327574463,0.0005508096260586632,0.01168,3.1993682520591946,15.025250665514893,-4.813029331567834e-07,-5092.430726161692,Active,ionq_forte_simulated,2026-07-10T16:52:07.421816+00:00,1,False,2005000.0,1002500.0,3.2,0.0055,0.00045000000000000004,0.9976848811139101,"Run - Jul 10, 2026 at 22:18:59"
Q6,56,1695779.7292507617,847889.8583127144,0.007294253327574464,0.0005630496260586632,0.01168,3.1993682520591946,15.025250665514893,-4.813029331567834e-07,-5094.970595565159,Active,ionq_forte_simulated,2026-07-10T16:52:07.425325+00:00,1,False,2006000.0,1003000.0,3.2,0.0056,0.00046,0.99764280911391,"Run - Jul 10, 2026 at 22:18:59"
Q7,56,1696625.0830854464,848312.5352300567,0.007422253327574464,0.0005752896260586632,0.01168,3.1993682520591946,15.025250665514893,-4.813029331567834e-07,-5097.510464968393,Active,ionq_forte_simulated,2026-07-10T16:52:07.427334+00:00,1,False,2007000.0,1003500.0,3.2,0.0057,0.00047000000000000004,0.99760073711391,"Run - Jul 10, 2026 at 22:18:59"
Q8,56,1697470.436920131,848735.2121473991,0.007550253327574465,0.0005875296260586632,0.01168,3.1993682520591946,15.025250665514893,-4.813029331567834e-07,-5100.050334371626,Active,ionq_forte_simulated,2026-07-10T16:52:07.430334+00:00,1,False,2008000.0,1004000.0,3.2,0.0058000000000000005,0.00048,0.9975586651139101,"Run - Jul 10, 2026 at 22:18:59"
Q9,56,1698315.7907548158,849157.8890647414,0.0076782533275744635,0.0005997696260586631,0.01168,3.1993682520591946,15.025250665514893,-4.813029331567834e-07,-5102.590203774627,Active,ionq_forte_simulated,2026-07-10T16:52:07.433336+00:00,1,False,2009000.0,1004500.0,3.2,0.0059,0.00049,0.99751659311391,"Run - Jul 10, 2026 at 22:18:59"
Q10,56,1699161.1445895005,849580.5659820838,0.007806253327574464,0.0006120096260586632,0.01168,3.1993682520591946,15.025250665514893,-4.813029331567834e-07,-5105.130073177861,Active,ionq_forte_simulated,2026-07-10T16:52:07.436335+00:00,1,False,2010000.0,1005000.0,3.2,0.006,0.0005,0.99747452111391,"Run - Jul 10, 2026 at 22:18:59"
Q11,56,1700006.498424185,850003.242899426,0.007934253327574465,0.0006242496260586633,0.01168,3.1993682520591946,15.025250665514893,-4.813029331567834e-07,-5107.669942581328,Active,ionq_forte_simulated,2026-07-10T16:52:07.439347+00:00,1,False,2011000.0,1005500.0,3.2,0.0061,0.00051,0.99743244911391,"Run - Jul 10, 2026 at 22:18:59"
Q12,56,1700851.8522588697,850425.9198167684,0.008062253327574464,0.0006364896260586632,0.01168,3.1993682520591946,15.025250665514893,-4.813029331567834e-07,-5110.209811984561,Active,ionq_forte_simulated,2026-07-10T16:52:07.442344+00:00,1,False,2012000.0,1006000.0,3.2,0.006200000000000001,0.0005200000000000001,0.9973903771139101,"Run - Jul 10, 2026 at 22:18:59"
Q13,56,1701697.2060935544,850848.5967341107,0.008190253327574464,0.0006487296260586633,0.01168,3.1993682520591946,15.025250665514893,-4.813029331567834e-07,-5112.749681387795,Active,ionq_forte_simulated,2026-07-10T16:52:07.445344+00:00,1,False,2013000.0,1006500.0,3.2,0.0063,0.0005300000000000001,0.99734830511391,"Run - Jul 10, 2026 at 22:18:59"
Q14,56,1702542.559928239,851271.2736514531,0.008318253327574465,0.0006609696260586632,0.01168,3.1993682520591946,15.025250665514893,-4.813029331567834e-07,-5115.289550791029,Active,ionq_forte_simulated,2026-07-10T16:52:07.447859+00:00,1,False,2014000.0,1007000.0,3.2,0.0064,0.00054,0.9973062331139101,"Run - Jul 10, 2026 at 22:18:59"
Q15,56,1703387.9137629238,851693.9505687954,0.008446253327574465,0.0006732096260586632,0.01168,3.1993682520591946,15.025250665514893,-4.813029331567834e-07,-5117.829420194263,Active,ionq_forte_simulated,2026-07-10T16:52:07.450863+00:00,1,False,2015000.0,1007500.0,3.2,0.006500000000000001,0.00055,0.9972641611139101,"Run - Jul 10, 2026 at 22:18:59"
Q16,56,1704233.2675976083,852116.6274861377,0.008574253327574465,0.0006854496260586632,0.01168,3.1993682520591946,15.025250665514893,-4.813029331567834e-07,-5120.369289597729,Active,ionq_forte_simulated,2026-07-10T16:52:07.454381+00:00,1,False,2016000.0,1008000.0,3.2,0.0066,0.0005600000000000001,0.9972220891139101,"Run - Jul 10, 2026 at 22:18:59"
Q17,56,1705078.621432293,852539.30440348,0.008702253327574464,0.0006976896260586632,0.01168,3.1993682520591946,15.025250665514893,-4.813029331567834e-07,-5122.909159000963,Active,ionq_forte_simulated,2026-07-10T16:52:07.457380+00:00,1,False,2017000.0,1008500.0,3.2,0.0067,0.00057,0.99718001711391,"Run - Jul 10, 2026 at 22:18:59"
Q18,56,1705923.9752669777,852961.9813208224,0.008830253327574466,0.0007099296260586631,0.01168,3.1993682520591946,15.025250665514893,-4.813029331567834e-07,-5125.449028404197,Active,ionq_forte_simulated,2026-07-10T16:52:07.460382+00:00,1,False,2018000.0,1009000.0,3.2,0.0068000000000000005,0.00058,0.9971379451139102,"Run - Jul 10, 2026 at 22:18:59"
Q19,56,1706769.3291016624,853384.6582381647,0.008958253327574463,0.0007221696260586632,0.01168,3.1993682520591946,15.025250665514893,-4.813029331567834e-07,-5127.988897807198,Active,ionq_forte_simulated,2026-07-10T16:52:07.462379+00:00,1,False,2019000.0,1009500.0,3.2,0.0069,0.00059,0.9970958731139101,"Run - Jul 10, 2026 at 22:18:59"
Q20,56,1707614.682936347,853807.3351555071,0.009086253327574465,0.0007344096260586632,0.01168,3.1993682520591946,15.025250665514893,-4.813029331567834e-07,-5130.528767210431,Active,ionq_forte_simulated,2026-07-10T16:52:07.465600+00:00,1,False,2020000.0,1010000.0,3.2,0.007,0.0006000000000000001,0.9970538011139101,"Run - Jul 10, 2026 at 22:18:59"
Q21,56,1708460.0367710316,854230.0120728493,0.009214253327574464,0.0007466496260586633,0.01168,3.1993682520591946,15.025250665514893,-4.813029331567834e-07,-5133.068636613898,Active,ionq_forte_simulated,2026-07-10T16:52:07.468595+00:00,1,False,2021000.0,1010500.0,3.2,0.0071,0.0006100000000000001,0.9970117291139101,"Run - Jul 10, 2026 at 22:18:59"
Q22,56,1709305.3906057163,854652.6889901917,0.009342253327574464,0.0007588896260586631,0.01168,3.1993682520591946,15.025250665514893,-4.813029331567834e-07,-5135.608506017132,Active,ionq_forte_simulated,2026-07-10T16:52:07.471598+00:00,1,False,2022000.0,1011000.0,3.2,0.0072,0.00062,0.9969696571139102,"Run - Jul 10, 2026 at 22:18:59"
Q23,56,1710150.744440401,855075.365907534,0.009470253327574464,0.0007711296260586632,0.01168,3.1993682520591946,15.025250665514893,-4.813029331567834e-07,-5138.1483754203655,Active,ionq_forte_simulated,2026-07-10T16:52:07.474594+00:00,1,False,2023000.0,1011500.0,3.2,0.0073,0.00063,0.9969275851139101,"Run - Jul 10, 2026 at 22:18:59"
Q24,56,1710996.0982750857,855498.0428248764,0.009598253327574465,0.0007833696260586633,0.01168,3.1993682520591946,15.025250665514893,-4.813029331567834e-07,-5140.688244823599,Active,ionq_forte_simulated,2026-07-10T16:52:07.477593+00:00,1,False,2024000.0,1012000.0,3.2,0.0074,0.00064,0.9968855131139102,"Run - Jul 10, 2026 at 22:18:59"
Q0,57,1685643.0918746854,842821.5404304872,0.006535137108519528,0.0004912097464527572,0.01171,3.1994488271347645,15.022027421703905,-4.87322637860329e-07,-5064.5143679685425,Active,ionq_forte_simulated,2026-07-10T16:52:12.347647+00:00,1,False,2000000.0,1000000.0,3.2,0.005,0.0004,0.9978920959435083,"Run - Jul 10, 2026 at 22:18:59"
Q1,57,1686485.913448157,843242.9512172231,0.0066636371085195285,0.0005034897464527572,0.01171,3.1994488271347645,15.022027421703905,-4.87322637860329e-07,-5067.046629181365,Active,ionq_forte_simulated,2026-07-10T16:52:12.351647+00:00,1,False,2001000.0,1000500.0,3.2,0.0051,0.00041000000000000005,0.9978498619435083,"Run - Jul 10, 2026 at 22:18:59"
Q2,57,1687328.7350216287,843664.3620039589,0.006792137108519528,0.0005157697464527572,0.01171,3.1994488271347645,15.022027421703905,-4.87322637860329e-07,-5069.578890394419,Active,ionq_forte_simulated,2026-07-10T16:52:12.354729+00:00,1,False,2002000.0,1001000.0,3.2,0.0052,0.00042,0.9978076279435084,"Run - Jul 10, 2026 at 22:18:59"
Q3,57,1688171.5565951003,844085.7727906947,0.006920637108519528,0.0005280497464527572,0.01171,3.1994488271347645,15.022027421703905,-4.87322637860329e-07,-5072.111151607474,Active,ionq_forte_simulated,2026-07-10T16:52:12.357674+00:00,1,False,2003000.0,1001500.0,3.2,0.0053,0.00043000000000000004,0.9977653939435084,"Run - Jul 10, 2026 at 22:18:59"
Q4,57,1689014.378168572,844507.1835774306,0.007049137108519528,0.0005403297464527572,0.01171,3.1994488271347645,15.022027421703905,-4.87322637860329e-07,-5074.643412820529,Active,ionq_forte_simulated,2026-07-10T16:52:12.360675+00:00,1,False,2004000.0,1002000.0,3.2,0.0054,0.00044,0.9977231599435084,"Run - Jul 10, 2026 at 22:18:59"
Q5,57,1689857.1997420436,844928.5943641664,0.007177637108519527,0.0005526097464527573,0.01171,3.1994488271347645,15.022027421703905,-4.87322637860329e-07,-5077.175674033584,Active,ionq_forte_simulated,2026-07-10T16:52:12.363677+00:00,1,False,2005000.0,1002500.0,3.2,0.0055,0.00045000000000000004,0.9976809259435083,"Run - Jul 10, 2026 at 22:18:59"
Q6,57,1690700.0213155153,845350.0051509022,0.007306137108519528,0.0005648897464527572,0.01171,3.1994488271347645,15.022027421703905,-4.87322637860329e-07,-5079.707935246406,Active,ionq_forte_simulated,2026-07-10T16:52:12.366678+00:00,1,False,2006000.0,1003000.0,3.2,0.0056,0.00046,0.9976386919435083,"Run - Jul 10, 2026 at 22:18:59"
Q7,57,1691542.8428889867,845771.4159376379,0.0074346371085195284,0.0005771697464527572,0.01171,3.1994488271347645,15.022027421703905,-4.87322637860329e-07,-5082.240196459694,Active,ionq_forte_simulated,2026-07-10T16:52:12.369677+00:00,1,False,2007000.0,1003500.0,3.2,0.0057,0.00047000000000000004,0.9975964579435083,"Run - Jul 10, 2026 at 22:18:59"
Q8,57,1692385.6644624583,846192.8267243737,0.007563137108519529,0.0005894497464527572,0.01171,3.1994488271347645,15.022027421703905,-4.87322637860329e-07,-5084.772457672749,Active,ionq_forte_simulated,2026-07-10T16:52:12.372677+00:00,1,False,2008000.0,1004000.0,3.2,0.0058000000000000005,0.00048,0.9975542239435082,"Run - Jul 10, 2026 at 22:18:59"
Q9,57,1693228.48603593,846614.2375111096,0.007691637108519528,0.0006017297464527571,0.01171,3.1994488271347645,15.022027421703905,-4.87322637860329e-07,-5087.304718885804,Active,ionq_forte_simulated,2026-07-10T16:52:12.375677+00:00,1,False,2009000.0,1004500.0,3.2,0.0059,0.00049,0.9975119899435083,"Run - Jul 10, 2026 at 22:18:59"
Q10,57,1694071.3076094016,847035.6482978454,0.007820137108519528,0.0006140097464527571,0.01171,3.1994488271347645,15.022027421703905,-4.87322637860329e-07,-5089.8369800988585,Active,ionq_forte_simulated,2026-07-10T16:52:12.378675+00:00,1,False,2010000.0,1005000.0,3.2,0.006,0.0005,0.9974697559435084,"Run - Jul 10, 2026 at 22:18:59"
Q11,57,1694914.1291828733,847457.0590845812,0.00794863710851953,0.0006262897464527572,0.01171,3.1994488271347645,15.022027421703905,-4.87322637860329e-07,-5092.3692413116805,Active,ionq_forte_simulated,2026-07-10T16:52:12.380675+00:00,1,False,2011000.0,1005500.0,3.2,0.0061,0.00051,0.9974275219435084,"Run - Jul 10, 2026 at 22:18:59"
Q12,57,1695756.950756345,847878.469871317,0.00807713710851953,0.0006385697464527572,0.01171,3.1994488271347645,15.022027421703905,-4.87322637860329e-07,-5094.901502524735,Active,ionq_forte_simulated,2026-07-10T16:52:12.384678+00:00,1,False,2012000.0,1006000.0,3.2,0.006200000000000001,0.0005200000000000001,0.9973852879435083,"Run - Jul 10, 2026 at 22:18:59"
Q13,57,1696599.7723298166,848299.8806580529,0.008205637108519528,0.0006508497464527572,0.01171,3.1994488271347645,15.022027421703905,-4.87322637860329e-07,-5097.43376373779,Active,ionq_forte_simulated,2026-07-10T16:52:12.387688+00:00,1,False,2013000.0,1006500.0,3.2,0.0063,0.0005300000000000001,0.9973430539435083,"Run - Jul 10, 2026 at 22:18:59"
Q14,57,1697442.593903288,848721.2914447886,0.00833413710851953,0.0006631297464527572,0.01171,3.1994488271347645,15.022027421703905,-4.87322637860329e-07,-5099.966024951078,Active,ionq_forte_simulated,2026-07-10T16:52:12.390689+00:00,1,False,2014000.0,1007000.0,3.2,0.0064,0.00054,0.9973008199435083,"Run - Jul 10, 2026 at 22:18:59"
Q15,57,1698285.4154767597,849142.7022315244,0.00846263710851953,0.0006754097464527572,0.01171,3.1994488271347645,15.022027421703905,-4.87322637860329e-07,-5102.498286164133,Active,ionq_forte_simulated,2026-07-10T16:52:12.393686+00:00,1,False,2015000.0,1007500.0,3.2,0.006500000000000001,0.00055,0.9972585859435084,"Run - Jul 10, 2026 at 22:18:59"
Q16,57,1699128.2370502313,849564.1130182602,0.008591137108519529,0.0006876897464527573,0.01171,3.1994488271347645,15.022027421703905,-4.87322637860329e-07,-5105.030547376955,Active,ionq_forte_simulated,2026-07-10T16:52:12.395687+00:00,1,False,2016000.0,1008000.0,3.2,0.0066,0.0005600000000000001,0.9972163519435083,"Run - Jul 10, 2026 at 22:18:59"
Q17,57,1699971.058623703,849985.523804996,0.008719637108519529,0.0006999697464527572,0.01171,3.1994488271347645,15.022027421703905,-4.87322637860329e-07,-5107.56280859001,Active,ionq_forte_simulated,2026-07-10T16:52:12.398689+00:00,1,False,2017000.0,1008500.0,3.2,0.0067,0.00057,0.9971741179435083,"Run - Jul 10, 2026 at 22:18:59"
Q18,57,1700813.8801971746,850406.9345917319,0.00884813710851953,0.0007122497464527571,0.01171,3.1994488271347645,15.022027421703905,-4.87322637860329e-07,-5110.095069803065,Active,ionq_forte_simulated,2026-07-10T16:52:12.402208+00:00,1,False,2018000.0,1009000.0,3.2,0.0068000000000000005,0.00058,0.9971318839435084,"Run - Jul 10, 2026 at 22:18:59"
Q19,57,1701656.7017706463,850828.3453784677,0.00897663710851953,0.0007245297464527572,0.01171,3.1994488271347645,15.022027421703905,-4.87322637860329e-07,-5112.62733101612,Active,ionq_forte_simulated,2026-07-10T16:52:12.405213+00:00,1,False,2019000.0,1009500.0,3.2,0.0069,0.00059,0.9970896499435085,"Run - Jul 10, 2026 at 22:18:59"
Q20,57,1702499.523344118,851249.7561652035,0.00910513710851953,0.0007368097464527572,0.01171,3.1994488271347645,15.022027421703905,-4.87322637860329e-07,-5115.159592229174,Active,ionq_forte_simulated,2026-07-10T16:52:12.408212+00:00,1,False,2020000.0,1010000.0,3.2,0.007,0.0006000000000000001,0.9970474159435083,"Run - Jul 10, 2026 at 22:18:59"
Q21,57,1703342.3449175896,851671.1669519393,0.00923363710851953,0.0007490897464527572,0.01171,3.1994488271347645,15.022027421703905,-4.87322637860329e-07,-5117.6918534419965,Active,ionq_forte_simulated,2026-07-10T16:52:12.411209+00:00,1,False,2021000.0,1010500.0,3.2,0.0071,0.0006100000000000001,0.9970051819435082,"Run - Jul 10, 2026 at 22:18:59"
Q22,57,1704185.166491061,852092.577738675,0.00936213710851953,0.0007613697464527572,0.01171,3.1994488271347645,15.022027421703905,-4.87322637860329e-07,-5120.224114655284,Active,ionq_forte_simulated,2026-07-10T16:52:12.414214+00:00,1,False,2022000.0,1011000.0,3.2,0.0072,0.00062,0.9969629479435083,"Run - Jul 10, 2026 at 22:18:59"
Q23,57,1705027.9880645326,852513.9885254109,0.00949063710851953,0.0007736497464527572,0.01171,3.1994488271347645,15.022027421703905,-4.87322637860329e-07,-5122.756375868339,Active,ionq_forte_simulated,2026-07-10T16:52:12.417212+00:00,1,False,2023000.0,1011500.0,3.2,0.0073,0.00063,0.9969207139435083,"Run - Jul 10, 2026 at 22:18:59"
Q24,57,1705870.8096380043,852935.3993121467,0.00961913710851953,0.0007859297464527572,0.01171,3.1994488271347645,15.022027421703905,-4.87322637860329e-07,-5125.288637081394,Active,ionq_forte_simulated,2026-07-10T16:52:12.421213+00:00,1,False,2024000.0,1012000.0,3.2,0.0074,0.00064,0.9968784799435083,"Run - Jul 10, 2026 at 22:18:59"
Q0,58,1680593.7488566448,840296.8697823007,0.006542920435882752,0.000492807480575297,0.01174,3.1995350237918214,15.018584087176551,-3.7402876484450025e-07,-5049.343018040527,Active,ionq_forte_simulated,2026-07-10T16:52:16.542508+00:00,1,False,2000000.0,1000000.0,3.2,0.005,0.0004,0.9978892816250625,"Run - Jul 10, 2026 at 22:18:59"
Q1,58,1681434.0457543032,840717.0182311299,0.006671920435882752,0.000505127480575297,0.01174,3.1995350237918214,15.018584087176551,-3.7402876484450025e-07,-5051.867693853797,Active,ionq_forte_simulated,2026-07-10T16:52:16.546080+00:00,1,False,2001000.0,1000500.0,3.2,0.0051,0.00041000000000000005,0.9978468856250626,"Run - Jul 10, 2026 at 22:18:59"
Q2,58,1682274.3426519616,841137.166679959,0.006800920435882751,0.0005174474805752969,0.01174,3.1995350237918214,15.018584087176551,-3.7402876484450025e-07,-5054.392369667068,Active,ionq_forte_simulated,2026-07-10T16:52:16.549327+00:00,1,False,2002000.0,1001000.0,3.2,0.0052,0.00042,0.9978044896250626,"Run - Jul 10, 2026 at 22:18:59"
Q3,58,1683114.63954962,841557.3151287882,0.006929920435882752,0.0005297674805752969,0.01174,3.1995350237918214,15.018584087176551,-3.7402876484450025e-07,-5056.917045480339,Active,ionq_forte_simulated,2026-07-10T16:52:16.552326+00:00,1,False,2003000.0,1001500.0,3.2,0.0053,0.00043000000000000004,0.9977620936250626,"Run - Jul 10, 2026 at 22:18:59"
Q4,58,1683954.9364472786,841977.4635776175,0.007058920435882752,0.0005420874805752969,0.01174,3.1995350237918214,15.018584087176551,-3.7402876484450025e-07,-5059.441721293377,Active,ionq_forte_simulated,2026-07-10T16:52:16.555327+00:00,1,False,2004000.0,1002000.0,3.2,0.0054,0.00044,0.9977196976250626,"Run - Jul 10, 2026 at 22:18:59"
Q5,58,1684795.233344937,842397.6120264467,0.007187920435882751,0.0005544074805752969,0.01174,3.1995350237918214,15.018584087176551,-3.7402876484450025e-07,-5061.9663971066475,Active,ionq_forte_simulated,2026-07-10T16:52:16.558327+00:00,1,False,2005000.0,1002500.0,3.2,0.0055,0.00045000000000000004,0.9976773016250625,"Run - Jul 10, 2026 at 22:18:59"
Q6,58,1685635.5302425954,842817.7604752759,0.007316920435882752,0.000566727480575297,0.01174,3.1995350237918214,15.018584087176551,-3.7402876484450025e-07,-5064.491072919918,Active,ionq_forte_simulated,2026-07-10T16:52:16.561326+00:00,1,False,2006000.0,1003000.0,3.2,0.0056,0.00046,0.9976349056250626,"Run - Jul 10, 2026 at 22:18:59"
Q7,58,1686475.8271402537,843237.9089241051,0.007445920435882752,0.000579047480575297,0.01174,3.1995350237918214,15.018584087176551,-3.7402876484450025e-07,-5067.015748732956,Active,ionq_forte_simulated,2026-07-10T16:52:16.564328+00:00,1,False,2007000.0,1003500.0,3.2,0.0057,0.00047000000000000004,0.9975925096250626,"Run - Jul 10, 2026 at 22:18:59"
Q8,58,1687316.1240379123,843658.0573729344,0.007574920435882752,0.0005913674805752969,0.01174,3.1995350237918214,15.018584087176551,-3.7402876484450025e-07,-5069.540424545994,Active,ionq_forte_simulated,2026-07-10T16:52:16.567325+00:00,1,False,2008000.0,1004000.0,3.2,0.0058000000000000005,0.00048,0.9975501136250626,"Run - Jul 10, 2026 at 22:18:59"
Q9,58,1688156.4209355707,844078.2058217636,0.007703920435882751,0.0006036874805752969,0.01174,3.1995350237918214,15.018584087176551,-3.7402876484450025e-07,-5072.065100359265,Active,ionq_forte_simulated,2026-07-10T16:52:16.570329+00:00,1,False,2009000.0,1004500.0,3.2,0.0059,0.00049,0.9975077176250626,"Run - Jul 10, 2026 at 22:18:59"
Q10,58,1688996.717833229,844498.3542705928,0.007832920435882752,0.0006160074805752969,0.01174,3.1995350237918214,15.018584087176551,-3.7402876484450025e-07,-5074.5897761725355,Active,ionq_forte_simulated,2026-07-10T16:52:16.573328+00:00,1,False,2010000.0,1005000.0,3.2,0.006,0.0005,0.9974653216250626,"Run - Jul 10, 2026 at 22:18:59"
Q11,58,1689837.0147308875,844918.502719422,0.007961920435882753,0.0006283274805752969,0.01174,3.1995350237918214,15.018584087176551,-3.7402876484450025e-07,-5077.114451985806,Active,ionq_forte_simulated,2026-07-10T16:52:16.576325+00:00,1,False,2011000.0,1005500.0,3.2,0.0061,0.00051,0.9974229256250626,"Run - Jul 10, 2026 at 22:18:59"
Q12,58,1690677.3116285459,845338.6511682512,0.008090920435882753,0.0006406474805752969,0.01174,3.1995350237918214,15.018584087176551,-3.7402876484450025e-07,-5079.639127799077,Active,ionq_forte_simulated,2026-07-10T16:52:16.579328+00:00,1,False,2012000.0,1006000.0,3.2,0.006200000000000001,0.0005200000000000001,0.9973805296250626,"Run - Jul 10, 2026 at 22:18:59"
Q13,58,1691517.6085262045,845758.7996170805,0.008219920435882752,0.000652967480575297,0.01174,3.1995350237918214,15.018584087176551,-3.7402876484450025e-07,-5082.163803612115,Active,ionq_forte_simulated,2026-07-10T16:52:16.582327+00:00,1,False,2013000.0,1006500.0,3.2,0.0063,0.0005300000000000001,0.9973381336250625,"Run - Jul 10, 2026 at 22:18:59"
Q14,58,1692357.9054238629,846178.9480659097,0.008348920435882753,0.0006652874805752969,0.01174,3.1995350237918214,15.018584087176551,-3.7402876484450025e-07,-5084.688479425153,Active,ionq_forte_simulated,2026-07-10T16:52:16.586326+00:00,1,False,2014000.0,1007000.0,3.2,0.0064,0.00054,0.9972957376250626,"Run - Jul 10, 2026 at 22:18:59"
Q15,58,1693198.2023215212,846599.0965147389,0.008477920435882753,0.0006776074805752969,0.01174,3.1995350237918214,15.018584087176551,-3.7402876484450025e-07,-5087.2131552384235,Active,ionq_forte_simulated,2026-07-10T16:52:16.589335+00:00,1,False,2015000.0,1007500.0,3.2,0.006500000000000001,0.00055,0.9972533416250626,"Run - Jul 10, 2026 at 22:18:59"
Q16,58,1694038.4992191796,847019.244963568,0.008606920435882752,0.000689927480575297,0.01174,3.1995350237918214,15.018584087176551,-3.7402876484450025e-07,-5089.737831051694,Active,ionq_forte_simulated,2026-07-10T16:52:16.592335+00:00,1,False,2016000.0,1008000.0,3.2,0.0066,0.0005600000000000001,0.9972109456250626,"Run - Jul 10, 2026 at 22:18:59"
Q17,58,1694878.7961168382,847439.3934123974,0.008735920435882753,0.0007022474805752968,0.01174,3.1995350237918214,15.018584087176551,-3.7402876484450025e-07,-5092.262506864732,Active,ionq_forte_simulated,2026-07-10T16:52:16.596202+00:00,1,False,2017000.0,1008500.0,3.2,0.0067,0.00057,0.9971685496250625,"Run - Jul 10, 2026 at 22:18:59"
Q18,58,1695719.0930144966,847859.5418612265,0.008864920435882752,0.0007145674805752969,0.01174,3.1995350237918214,15.018584087176551,-3.7402876484450025e-07,-5094.787182678003,Active,ionq_forte_simulated,2026-07-10T16:52:16.599209+00:00,1,False,2018000.0,1009000.0,3.2,0.0068000000000000005,0.00058,0.9971261536250626,"Run - Jul 10, 2026 at 22:18:59"
Q19,58,1696559.389912155,848279.6903100557,0.008993920435882753,0.000726887480575297,0.01174,3.1995350237918214,15.018584087176551,-3.7402876484450025e-07,-5097.311858491274,Active,ionq_forte_simulated,2026-07-10T16:52:16.602203+00:00,1,False,2019000.0,1009500.0,3.2,0.0069,0.00059,0.9970837576250626,"Run - Jul 10, 2026 at 22:18:59"
Q20,58,1697399.6868098134,848699.8387588849,0.009122920435882751,0.000739207480575297,0.01174,3.1995350237918214,15.018584087176551,-3.7402876484450025e-07,-5099.836534304544,Active,ionq_forte_simulated,2026-07-10T16:52:16.605725+00:00,1,False,2020000.0,1010000.0,3.2,0.007,0.0006000000000000001,0.9970413616250626,"Run - Jul 10, 2026 at 22:18:59"
Q21,58,1698239.9837074718,849119.9872077141,0.009251920435882752,0.000751527480575297,0.01174,3.1995350237918214,15.018584087176551,-3.7402876484450025e-07,-5102.361210117815,Active,ionq_forte_simulated,2026-07-10T16:52:16.608724+00:00,1,False,2021000.0,1010500.0,3.2,0.0071,0.0006100000000000001,0.9969989656250625,"Run - Jul 10, 2026 at 22:18:59"
Q22,58,1699080.2806051304,849540.1356565434,0.009380920435882751,0.0007638474805752969,0.01174,3.1995350237918214,15.018584087176551,-3.7402876484450025e-07,-5104.88588593062,Active,ionq_forte_simulated,2026-07-10T16:52:16.611721+00:00,1,False,2022000.0,1011000.0,3.2,0.0072,0.00062,0.9969565696250626,"Run - Jul 10, 2026 at 22:18:59"
Q23,58,1699920.5775027887,849960.2841053726,0.009509920435882752,0.0007761674805752969,0.01174,3.1995350237918214,15.018584087176551,-3.7402876484450025e-07,-5107.410561743891,Active,ionq_forte_simulated,2026-07-10T16:52:16.615724+00:00,1,False,2023000.0,1011500.0,3.2,0.0073,0.00063,0.9969141736250626,"Run - Jul 10, 2026 at 22:18:59"
Q24,58,1700760.8744004471,850380.4325542018,0.009638920435882752,0.0007884874805752969,0.01174,3.1995350237918214,15.018584087176551,-3.7402876484450025e-07,-5109.935237557162,Active,ionq_forte_simulated,2026-07-10T16:52:16.618725+00:00,1,False,2024000.0,1012000.0,3.2,0.0074,0.00064,0.9968717776250626,"Run - Jul 10, 2026 at 22:18:59"
Q0,59,1675559.5316583212,837779.7620903939,0.006549775332966047,0.0004944033831921097,0.011770000000000001,3.1996259541755645,15.01495506659321,-1.6915960548552763e-07,-5034.217198323691,Active,ionq_forte_simulated,2026-07-10T16:52:21.574843+00:00,1,False,2000000.0,1000000.0,3.2,0.005,0.0004,0.9978867463851525,"Run - Jul 10, 2026 at 22:18:59"
Q1,59,1676397.311442844,838198.6519826554,0.006679275332966047,0.0005067633831921098,0.011770000000000001,3.1996259541755645,15.01495506659321,-1.6915960548552763e-07,-5036.73431145912,Active,ionq_forte_simulated,2026-07-10T16:52:21.578548+00:00,1,False,2001000.0,1000500.0,3.2,0.0051,0.00041000000000000005,0.9978441883851525,"Run - Jul 10, 2026 at 22:18:59"
Q2,59,1677235.091227367,838617.5418749169,0.006808775332966047,0.0005191233831921097,0.011770000000000001,3.1996259541755645,15.01495506659321,-1.6915960548552763e-07,-5039.2514245945495,Active,ionq_forte_simulated,2026-07-10T16:52:21.582352+00:00,1,False,2002000.0,1001000.0,3.2,0.0052,0.00042,0.9978016303851525,"Run - Jul 10, 2026 at 22:18:59"
Q3,59,1678072.8710118902,839036.4317671785,0.006938275332966047,0.0005314833831921098,0.011770000000000001,3.1996259541755645,15.01495506659321,-1.6915960548552763e-07,-5041.768537729746,Active,ionq_forte_simulated,2026-07-10T16:52:21.585089+00:00,1,False,2003000.0,1001500.0,3.2,0.0053,0.00043000000000000004,0.9977590723851525,"Run - Jul 10, 2026 at 22:18:59"
Q4,59,1678910.6507964132,839455.32165944,0.007067775332966047,0.0005438433831921097,0.011770000000000001,3.1996259541755645,15.01495506659321,-1.6915960548552763e-07,-5044.285650865408,Active,ionq_forte_simulated,2026-07-10T16:52:21.588189+00:00,1,False,2004000.0,1002000.0,3.2,0.0054,0.00044,0.9977165143851525,"Run - Jul 10, 2026 at 22:18:59"
Q5,59,1679748.4305809361,839874.2115517014,0.007197275332966047,0.0005562033831921098,0.011770000000000001,3.1996259541755645,15.01495506659321,-1.6915960548552763e-07,-5046.802764000837,Active,ionq_forte_simulated,2026-07-10T16:52:21.592187+00:00,1,False,2005000.0,1002500.0,3.2,0.0055,0.00045000000000000004,0.9976739563851525,"Run - Jul 10, 2026 at 22:18:59"
Q6,59,1680586.210365459,840293.1014439629,0.007326775332966047,0.0005685633831921097,0.011770000000000001,3.1996259541755645,15.01495506659321,-1.6915960548552763e-07,-5049.319877136266,Active,ionq_forte_simulated,2026-07-10T16:52:21.594193+00:00,1,False,2006000.0,1003000.0,3.2,0.0056,0.00046,0.9976313983851525,"Run - Jul 10, 2026 at 22:18:59"
Q7,59,1681423.990149982,840711.9913362244,0.007456275332966047,0.0005809233831921098,0.011770000000000001,3.1996259541755645,15.01495506659321,-1.6915960548552763e-07,-5051.836990271695,Active,ionq_forte_simulated,2026-07-10T16:52:21.598197+00:00,1,False,2007000.0,1003500.0,3.2,0.0057,0.00047000000000000004,0.9975888403851525,"Run - Jul 10, 2026 at 22:18:59"
Q8,59,1682261.7699345052,841130.881228486,0.007585775332966047,0.0005932833831921097,0.011770000000000001,3.1996259541755645,15.01495506659321,-1.6915960548552763e-07,-5054.354103407124,Active,ionq_forte_simulated,2026-07-10T16:52:21.601195+00:00,1,False,2008000.0,1004000.0,3.2,0.0058000000000000005,0.00048,0.9975462823851526,"Run - Jul 10, 2026 at 22:18:59"
Q9,59,1683099.5497190282,841549.7711207474,0.007715275332966047,0.0006056433831921097,0.011770000000000001,3.1996259541755645,15.01495506659321,-1.6915960548552763e-07,-5056.871216542553,Active,ionq_forte_simulated,2026-07-10T16:52:21.604195+00:00,1,False,2009000.0,1004500.0,3.2,0.0059,0.00049,0.9975037243851526,"Run - Jul 10, 2026 at 22:18:59"
Q10,59,1683937.3295035511,841968.6610130089,0.007844775332966047,0.0006180033831921098,0.011770000000000001,3.1996259541755645,15.01495506659321,-1.6915960548552763e-07,-5059.388329677982,Active,ionq_forte_simulated,2026-07-10T16:52:21.607199+00:00,1,False,2010000.0,1005000.0,3.2,0.006,0.0005,0.9974611663851526,"Run - Jul 10, 2026 at 22:18:59"
Q11,59,1684775.109288074,842387.5509052704,0.007974275332966048,0.0006303633831921098,0.011770000000000001,3.1996259541755645,15.01495506659321,-1.6915960548552763e-07,-5061.905442813411,Active,ionq_forte_simulated,2026-07-10T16:52:21.609363+00:00,1,False,2011000.0,1005500.0,3.2,0.0061,0.00051,0.9974186083851526,"Run - Jul 10, 2026 at 22:18:59"
Q12,59,1685612.889072597,842806.4407975319,0.008103775332966048,0.0006427233831921098,0.011770000000000001,3.1996259541755645,15.01495506659321,-1.6915960548552763e-07,-5064.42255594884,Active,ionq_forte_simulated,2026-07-10T16:52:21.612361+00:00,1,False,2012000.0,1006000.0,3.2,0.006200000000000001,0.0005200000000000001,0.9973760503851525,"Run - Jul 10, 2026 at 22:18:59"
Q13,59,1686450.66885712,843225.3306897933,0.008233275332966047,0.0006550833831921098,0.011770000000000001,3.1996259541755645,15.01495506659321,-1.6915960548552763e-07,-5066.939669084502,Active,ionq_forte_simulated,2026-07-10T16:52:21.615366+00:00,1,False,2013000.0,1006500.0,3.2,0.0063,0.0005300000000000001,0.9973334923851526,"Run - Jul 10, 2026 at 22:18:59"
Q14,59,1687288.4486416432,843644.2205820549,0.008362775332966048,0.0006674433831921098,0.011770000000000001,3.1996259541755645,15.01495506659321,-1.6915960548552763e-07,-5069.456782219699,Active,ionq_forte_simulated,2026-07-10T16:52:21.618360+00:00,1,False,2014000.0,1007000.0,3.2,0.0064,0.00054,0.9972909343851526,"Run - Jul 10, 2026 at 22:18:59"
Q15,59,1688126.228426166,844063.1104743164,0.008492275332966048,0.0006798033831921098,0.011770000000000001,3.1996259541755645,15.01495506659321,-1.6915960548552763e-07,-5071.973895355128,Active,ionq_forte_simulated,2026-07-10T16:52:21.621359+00:00,1,False,2015000.0,1007500.0,3.2,0.006500000000000001,0.00055,0.9972483763851525,"Run - Jul 10, 2026 at 22:18:59"
Q16,59,1688964.008210689,844482.0003665779,0.008621775332966047,0.0006921633831921098,0.011770000000000001,3.1996259541755645,15.01495506659321,-1.6915960548552763e-07,-5074.491008490557,Active,ionq_forte_simulated,2026-07-10T16:52:21.624361+00:00,1,False,2016000.0,1008000.0,3.2,0.0066,0.0005600000000000001,0.9972058183851527,"Run - Jul 10, 2026 at 22:18:59"
Q17,59,1689801.787995212,844900.8902588394,0.008751275332966048,0.0007045233831921096,0.011770000000000001,3.1996259541755645,15.01495506659321,-1.6915960548552763e-07,-5077.008121626219,Active,ionq_forte_simulated,2026-07-10T16:52:21.627359+00:00,1,False,2017000.0,1008500.0,3.2,0.0067,0.00057,0.9971632603851526,"Run - Jul 10, 2026 at 22:18:59"
Q18,59,1690639.567779735,845319.7801511008,0.008880775332966048,0.0007168833831921097,0.011770000000000001,3.1996259541755645,15.01495506659321,-1.6915960548552763e-07,-5079.525234761648,Active,ionq_forte_simulated,2026-07-10T16:52:21.630361+00:00,1,False,2018000.0,1009000.0,3.2,0.0068000000000000005,0.00058,0.9971207023851525,"Run - Jul 10, 2026 at 22:18:59"
Q19,59,1691477.3475642581,845738.6700433624,0.009010275332966047,0.0007292433831921097,0.011770000000000001,3.1996259541755645,15.01495506659321,-1.6915960548552763e-07,-5082.042347896844,Active,ionq_forte_simulated,2026-07-10T16:52:21.633360+00:00,1,False,2019000.0,1009500.0,3.2,0.0069,0.00059,0.9970781443851526,"Run - Jul 10, 2026 at 22:18:59"
Q20,59,1692315.127348781,846157.5599356239,0.009139775332966048,0.0007416033831921097,0.011770000000000001,3.1996259541755645,15.01495506659321,-1.6915960548552763e-07,-5084.559461032273,Active,ionq_forte_simulated,2026-07-10T16:52:21.636368+00:00,1,False,2020000.0,1010000.0,3.2,0.007,0.0006000000000000001,0.9970355863851526,"Run - Jul 10, 2026 at 22:18:59"
Q21,59,1693152.907133304,846576.4498278854,0.009269275332966048,0.0007539633831921098,0.011770000000000001,3.1996259541755645,15.01495506659321,-1.6915960548552763e-07,-5087.076574167702,Active,ionq_forte_simulated,2026-07-10T16:52:21.639368+00:00,1,False,2021000.0,1010500.0,3.2,0.0071,0.0006100000000000001,0.9969930283851525,"Run - Jul 10, 2026 at 22:18:59"
Q22,59,1693990.686917827,846995.3397201468,0.009398775332966047,0.0007663233831921097,0.011770000000000001,3.1996259541755645,15.01495506659321,-1.6915960548552763e-07,-5089.593687303364,Active,ionq_forte_simulated,2026-07-10T16:52:21.642367+00:00,1,False,2022000.0,1011000.0,3.2,0.0072,0.00062,0.9969504703851526,"Run - Jul 10, 2026 at 22:18:59"
Q23,59,1694828.46670235,847414.2296124083,0.009528275332966048,0.0007786833831921097,0.011770000000000001,3.1996259541755645,15.01495506659321,-1.6915960548552763e-07,-5092.110800438793,Active,ionq_forte_simulated,2026-07-10T16:52:21.645371+00:00,1,False,2023000.0,1011500.0,3.2,0.0073,0.00063,0.9969079123851525,"Run - Jul 10, 2026 at 22:18:59"
Q24,59,1695666.246486873,847833.1195046698,0.009657775332966047,0.0007910433831921097,0.011770000000000001,3.1996259541755645,15.01495506659321,-1.6915960548552763e-07,-5094.6279135742225,Active,ionq_forte_simulated,2026-07-10T16:52:21.648372+00:00,1,False,2024000.0,1012000.0,3.2,0.0074,0.00064,0.9968653543851524,"Run - Jul 10, 2026 at 22:18:59"
Q0,60,1670540.3948809942,835270.1946463422,0.006555883099639785,0.0004960015425144989,0.0118,3.199720661627526,15.011176619927957,7.712572494379203e-08,-5019.13677732693,Active,ionq_forte_simulated,2026-07-10T16:52:26.607185+00:00,1,False,2000000.0,1000000.0,3.2,0.005,0.0004,0.9978844346073537,"Run - Jul 10, 2026 at 22:18:59"
Q1,60,1671375.6650924054,835687.8297520478,0.006685883099639785,0.0005084015425144989,0.0118,3.199720661627526,15.011176619927957,7.712572494379203e-08,-5021.646350438707,Active,ionq_forte_simulated,2026-07-10T16:52:26.610468+00:00,1,False,2001000.0,1000500.0,3.2,0.0051,0.00041000000000000005,0.9978417146073537,"Run - Jul 10, 2026 at 22:18:59"
Q2,60,1672210.9353038166,836105.4648577534,0.006815883099639784,0.0005208015425144988,0.0118,3.199720661627526,15.011176619927957,7.712572494379203e-08,-5024.155923550483,Active,ionq_forte_simulated,2026-07-10T16:52:26.613728+00:00,1,False,2002000.0,1001000.0,3.2,0.0052,0.00042,0.9977989946073538,"Run - Jul 10, 2026 at 22:18:59"
Q3,60,1673046.205515228,836523.0999634591,0.006945883099639785,0.0005332015425144989,0.0118,3.199720661627526,15.011176619927957,7.712572494379203e-08,-5026.665496662259,Active,ionq_forte_simulated,2026-07-10T16:52:26.617020+00:00,1,False,2003000.0,1001500.0,3.2,0.0053,0.00043000000000000004,0.9977562746073536,"Run - Jul 10, 2026 at 22:18:59"
Q4,60,1673881.4757266392,836940.7350691647,0.007075883099639785,0.0005456015425144989,0.0118,3.199720661627526,15.011176619927957,7.712572494379203e-08,-5029.175069774035,Active,ionq_forte_simulated,2026-07-10T16:52:26.620318+00:00,1,False,2004000.0,1002000.0,3.2,0.0054,0.00044,0.9977135546073538,"Run - Jul 10, 2026 at 22:18:59"
Q5,60,1674716.7459380506,837358.3701748704,0.007205883099639785,0.0005580015425144988,0.0118,3.199720661627526,15.011176619927957,7.712572494379203e-08,-5031.684642885579,Active,ionq_forte_simulated,2026-07-10T16:52:26.623606+00:00,1,False,2005000.0,1002500.0,3.2,0.0055,0.00045000000000000004,0.9976708346073536,"Run - Jul 10, 2026 at 22:18:59"
Q6,60,1675552.0161494617,837776.005280576,0.007335883099639785,0.0005704015425144988,0.0118,3.199720661627526,15.011176619927957,7.712572494379203e-08,-5034.194215997355,Active,ionq_forte_simulated,2026-07-10T16:52:26.626604+00:00,1,False,2006000.0,1003000.0,3.2,0.0056,0.00046,0.9976281146073538,"Run - Jul 10, 2026 at 22:18:59"
Q7,60,1676387.286360873,838193.6403862815,0.0074658830996397856,0.0005828015425144989,0.0118,3.199720661627526,15.011176619927957,7.712572494379203e-08,-5036.703789109131,Active,ionq_forte_simulated,2026-07-10T16:52:26.629605+00:00,1,False,2007000.0,1003500.0,3.2,0.0057,0.00047000000000000004,0.9975853946073537,"Run - Jul 10, 2026 at 22:18:59"
Q8,60,1677222.5565722843,838611.2754919872,0.0075958830996397855,0.0005952015425144989,0.0118,3.199720661627526,15.011176619927957,7.712572494379203e-08,-5039.213362220908,Active,ionq_forte_simulated,2026-07-10T16:52:26.632607+00:00,1,False,2008000.0,1004000.0,3.2,0.0058000000000000005,0.00048,0.9975426746073537,"Run - Jul 10, 2026 at 22:18:59"
Q9,60,1678057.8267836955,839028.9105976928,0.0077258830996397845,0.0006076015425144989,0.0118,3.199720661627526,15.011176619927957,7.712572494379203e-08,-5041.722935332684,Active,ionq_forte_simulated,2026-07-10T16:52:26.636619+00:00,1,False,2009000.0,1004500.0,3.2,0.0059,0.00049,0.9974999546073537,"Run - Jul 10, 2026 at 22:18:59"
Q10,60,1678893.096995107,839446.5457033985,0.007855883099639785,0.0006200015425144988,0.0118,3.199720661627526,15.011176619927957,7.712572494379203e-08,-5044.232508444227,Active,ionq_forte_simulated,2026-07-10T16:52:26.639616+00:00,1,False,2010000.0,1005000.0,3.2,0.006,0.0005,0.9974572346073537,"Run - Jul 10, 2026 at 22:18:59"
Q11,60,1679728.367206518,839864.1808091041,0.007985883099639787,0.0006324015425144989,0.0118,3.199720661627526,15.011176619927957,7.712572494379203e-08,-5046.7420815560035,Active,ionq_forte_simulated,2026-07-10T16:52:26.643306+00:00,1,False,2011000.0,1005500.0,3.2,0.0061,0.00051,0.9974145146073539,"Run - Jul 10, 2026 at 22:18:59"
Q12,60,1680563.6374179295,840281.8159148098,0.008115883099639787,0.0006448015425144989,0.0118,3.199720661627526,15.011176619927957,7.712572494379203e-08,-5049.251654667547,Active,ionq_forte_simulated,2026-07-10T16:52:26.646316+00:00,1,False,2012000.0,1006000.0,3.2,0.006200000000000001,0.0005200000000000001,0.9973717946073537,"Run - Jul 10, 2026 at 22:18:59"
Q13,60,1681398.9076293407,840699.4510205154,0.008245883099639787,0.000657201542514499,0.0118,3.199720661627526,15.011176619927957,7.712572494379203e-08,-5051.761227779323,Active,ionq_forte_simulated,2026-07-10T16:52:26.649825+00:00,1,False,2013000.0,1006500.0,3.2,0.0063,0.0005300000000000001,0.9973290746073538,"Run - Jul 10, 2026 at 22:18:59"
Q14,60,1682234.1778407518,841117.086126221,0.008375883099639787,0.0006696015425144988,0.0118,3.199720661627526,15.011176619927957,7.712572494379203e-08,-5054.270800891332,Active,ionq_forte_simulated,2026-07-10T16:52:26.653426+00:00,1,False,2014000.0,1007000.0,3.2,0.0064,0.00054,0.9972863546073536,"Run - Jul 10, 2026 at 22:18:59"
Q15,60,1683069.4480521632,841534.7212319267,0.008505883099639787,0.0006820015425144988,0.0118,3.199720661627526,15.011176619927957,7.712572494379203e-08,-5056.780374002876,Active,ionq_forte_simulated,2026-07-10T16:52:26.656436+00:00,1,False,2015000.0,1007500.0,3.2,0.006500000000000001,0.00055,0.9972436346073538,"Run - Jul 10, 2026 at 22:18:59"
Q16,60,1683904.7182635744,841952.3563376323,0.008635883099639786,0.0006944015425144989,0.0118,3.199720661627526,15.011176619927957,7.712572494379203e-08,-5059.289947114652,Active,ionq_forte_simulated,2026-07-10T16:52:26.659437+00:00,1,False,2016000.0,1008000.0,3.2,0.0066,0.0005600000000000001,0.9972009146073536,"Run - Jul 10, 2026 at 22:18:59"
Q17,60,1684739.9884749858,842369.991443338,0.008765883099639786,0.0007068015425144988,0.0118,3.199720661627526,15.011176619927957,7.712572494379203e-08,-5061.799520226195,Active,ionq_forte_simulated,2026-07-10T16:52:26.662439+00:00,1,False,2017000.0,1008500.0,3.2,0.0067,0.00057,0.9971581946073538,"Run - Jul 10, 2026 at 22:18:59"
Q18,60,1685575.258686397,842787.6265490436,0.008895883099639786,0.0007192015425144989,0.0118,3.199720661627526,15.011176619927957,7.712572494379203e-08,-5064.309093337972,Active,ionq_forte_simulated,2026-07-10T16:52:26.665434+00:00,1,False,2018000.0,1009000.0,3.2,0.0068000000000000005,0.00058,0.9971154746073537,"Run - Jul 10, 2026 at 22:18:59"
Q19,60,1686410.5288978082,843205.2616547492,0.009025883099639786,0.0007316015425144988,0.0118,3.199720661627526,15.011176619927957,7.712572494379203e-08,-5066.818666449981,Active,ionq_forte_simulated,2026-07-10T16:52:26.669436+00:00,1,False,2019000.0,1009500.0,3.2,0.0069,0.00059,0.9970727546073537,"Run - Jul 10, 2026 at 22:18:59"
Q20,60,1687245.7991092196,843622.8967604549,0.009155883099639786,0.0007440015425144989,0.0118,3.199720661627526,15.011176619927957,7.712572494379203e-08,-5069.328239561524,Active,ionq_forte_simulated,2026-07-10T16:52:26.672433+00:00,1,False,2020000.0,1010000.0,3.2,0.007,0.0006000000000000001,0.9970300346073537,"Run - Jul 10, 2026 at 22:18:59"
Q21,60,1688081.0693206307,844040.5318661605,0.009285883099639786,0.0007564015425144989,0.0118,3.199720661627526,15.011176619927957,7.712572494379203e-08,-5071.8378126733005,Active,ionq_forte_simulated,2026-07-10T16:52:26.675435+00:00,1,False,2021000.0,1010500.0,3.2,0.0071,0.0006100000000000001,0.9969873146073537,"Run - Jul 10, 2026 at 22:18:59"
Q22,60,1688916.3395320422,844458.1669718662,0.009415883099639786,0.0007688015425144989,0.0118,3.199720661627526,15.011176619927957,7.712572494379203e-08,-5074.347385784844,Active,ionq_forte_simulated,2026-07-10T16:52:26.678443+00:00,1,False,2022000.0,1011000.0,3.2,0.0072,0.00062,0.9969445946073539,"Run - Jul 10, 2026 at 22:18:59"
Q23,60,1689751.6097434533,844875.8020775717,0.009545883099639786,0.0007812015425144989,0.0118,3.199720661627526,15.011176619927957,7.712572494379203e-08,-5076.85695889662,Active,ionq_forte_simulated,2026-07-10T16:52:26.682437+00:00,1,False,2023000.0,1011500.0,3.2,0.0073,0.00063,0.9969018746073537,"Run - Jul 10, 2026 at 22:18:59"
Q24,60,1690586.8799548647,845293.4371832774,0.009675883099639786,0.0007936015425144989,0.0118,3.199720661627526,15.011176619927957,7.712572494379203e-08,-5079.366532008164,Active,ionq_forte_simulated,2026-07-10T16:52:26.685441+00:00,1,False,2024000.0,1012000.0,3.2,0.0074,0.00064,0.9968591546073537,"Run - Jul 10, 2026 at 22:18:59"
Q0,61,1665536.2932579315,832768.1448073407,0.0065614325008544186,0.0004976060905597611,0.01183,3.1998181420237164,15.007286500170883,3.045279880531781e-07,-5004.101623062743,Active,ionq_forte_simulated,2026-07-10T16:52:31.146563+00:00,1,False,2000000.0,1000000.0,3.2,0.005,0.0004,0.9978822884225758,"Run - Jul 10, 2026 at 22:18:59"
Q1,61,1666369.0614136686,833184.5288852092,0.006691932500854419,0.0005100460905597611,0.01183,3.1998181420237164,15.007286500170883,3.045279880531781e-07,-5006.603678736836,Active,ionq_forte_simulated,2026-07-10T16:52:31.149572+00:00,1,False,2001000.0,1000500.0,3.2,0.0051,0.00041000000000000005,0.9978394064225757,"Run - Jul 10, 2026 at 22:18:59"
Q2,61,1667201.8295694056,833600.9129630778,0.0068224325008544185,0.000522486090559761,0.01183,3.1998181420237164,15.007286500170883,3.045279880531781e-07,-5009.105734410929,Active,ionq_forte_simulated,2026-07-10T16:52:31.151574+00:00,1,False,2002000.0,1001000.0,3.2,0.0052,0.00042,0.9977965244225758,"Run - Jul 10, 2026 at 22:18:59"
Q3,61,1668034.5977251427,834017.2970409463,0.006952932500854419,0.0005349260905597611,0.01183,3.1998181420237164,15.007286500170883,3.045279880531781e-07,-5011.607790085254,Active,ionq_forte_simulated,2026-07-10T16:52:31.154571+00:00,1,False,2003000.0,1001500.0,3.2,0.0053,0.00043000000000000004,0.9977536424225757,"Run - Jul 10, 2026 at 22:18:59"
Q4,61,1668867.3658808798,834433.6811188149,0.007083432500854419,0.0005473660905597611,0.01183,3.1998181420237164,15.007286500170883,3.045279880531781e-07,-5014.109845759347,Active,ionq_forte_simulated,2026-07-10T16:52:31.156569+00:00,1,False,2004000.0,1002000.0,3.2,0.0054,0.00044,0.9977107604225759,"Run - Jul 10, 2026 at 22:18:59"
Q5,61,1669700.134036617,834850.0651966834,0.007213932500854418,0.0005598060905597611,0.01183,3.1998181420237164,15.007286500170883,3.045279880531781e-07,-5016.611901433673,Active,ionq_forte_simulated,2026-07-10T16:52:31.158569+00:00,1,False,2005000.0,1002500.0,3.2,0.0055,0.00045000000000000004,0.9976678784225758,"Run - Jul 10, 2026 at 22:18:59"
Q6,61,1670532.902192354,835266.4492745519,0.007344432500854418,0.0005722460905597611,0.01183,3.1998181420237164,15.007286500170883,3.045279880531781e-07,-5019.113957107766,Active,ionq_forte_simulated,2026-07-10T16:52:31.159569+00:00,1,False,2006000.0,1003000.0,3.2,0.0056,0.00046,0.9976249964225757,"Run - Jul 10, 2026 at 22:18:59"
Q7,61,1671365.670348091,835682.8333524205,0.007474932500854419,0.0005846860905597611,0.01183,3.1998181420237164,15.007286500170883,3.045279880531781e-07,-5021.616012781858,Active,ionq_forte_simulated,2026-07-10T16:52:31.162574+00:00,1,False,2007000.0,1003500.0,3.2,0.0057,0.00047000000000000004,0.9975821144225758,"Run - Jul 10, 2026 at 22:18:59"
Q8,61,1672198.4385038281,836099.217430289,0.007605432500854419,0.0005971260905597611,0.01183,3.1998181420237164,15.007286500170883,3.045279880531781e-07,-5024.118068456184,Active,ionq_forte_simulated,2026-07-10T16:52:31.164570+00:00,1,False,2008000.0,1004000.0,3.2,0.0058000000000000005,0.00048,0.9975392324225758,"Run - Jul 10, 2026 at 22:18:59"
Q9,61,1673031.2066595652,836515.6015081576,0.007735932500854419,0.000609566090559761,0.01183,3.1998181420237164,15.007286500170883,3.045279880531781e-07,-5026.620124130277,Active,ionq_forte_simulated,2026-07-10T16:52:31.167573+00:00,1,False,2009000.0,1004500.0,3.2,0.0059,0.00049,0.9974963504225758,"Run - Jul 10, 2026 at 22:18:59"
Q10,61,1673863.9748153023,836931.9855860261,0.007866432500854418,0.0006220060905597611,0.01183,3.1998181420237164,15.007286500170883,3.045279880531781e-07,-5029.122179804603,Active,ionq_forte_simulated,2026-07-10T16:52:31.169571+00:00,1,False,2010000.0,1005000.0,3.2,0.006,0.0005,0.9974534684225758,"Run - Jul 10, 2026 at 22:18:59"
Q11,61,1674696.7429710394,837348.3696638946,0.007996932500854419,0.0006344460905597611,0.01183,3.1998181420237164,15.007286500170883,3.045279880531781e-07,-5031.6242354786955,Active,ionq_forte_simulated,2026-07-10T16:52:31.171571+00:00,1,False,2011000.0,1005500.0,3.2,0.0061,0.00051,0.9974105864225757,"Run - Jul 10, 2026 at 22:18:59"
Q12,61,1675529.5111267765,837764.7537417632,0.008127432500854419,0.0006468860905597611,0.01183,3.1998181420237164,15.007286500170883,3.045279880531781e-07,-5034.126291153021,Active,ionq_forte_simulated,2026-07-10T16:52:31.173569+00:00,1,False,2012000.0,1006000.0,3.2,0.006200000000000001,0.0005200000000000001,0.9973677044225757,"Run - Jul 10, 2026 at 22:18:59"
Q13,61,1676362.2792825135,838181.1378196317,0.008257932500854418,0.0006593260905597612,0.01183,3.1998181420237164,15.007286500170883,3.045279880531781e-07,-5036.628346827114,Active,ionq_forte_simulated,2026-07-10T16:52:31.174568+00:00,1,False,2013000.0,1006500.0,3.2,0.0063,0.0005300000000000001,0.9973248224225758,"Run - Jul 10, 2026 at 22:18:59"
Q14,61,1677195.0474382506,838597.5218975003,0.008388432500854418,0.000671766090559761,0.01183,3.1998181420237164,15.007286500170883,3.045279880531781e-07,-5039.130402501207,Active,ionq_forte_simulated,2026-07-10T16:52:31.176570+00:00,1,False,2014000.0,1007000.0,3.2,0.0064,0.00054,0.9972819404225757,"Run - Jul 10, 2026 at 22:18:59"
Q15,61,1678027.8155939877,839013.9059753688,0.008518932500854419,0.0006842060905597611,0.01183,3.1998181420237164,15.007286500170883,3.045279880531781e-07,-5041.6324581755325,Active,ionq_forte_simulated,2026-07-10T16:52:31.179575+00:00,1,False,2015000.0,1007500.0,3.2,0.006500000000000001,0.00055,0.9972390584225758,"Run - Jul 10, 2026 at 22:18:59"
Q16,61,1678860.5837497248,839430.2900532373,0.008649432500854417,0.0006966460905597612,0.01183,3.1998181420237164,15.007286500170883,3.045279880531781e-07,-5044.134513849625,Active,ionq_forte_simulated,2026-07-10T16:52:31.182571+00:00,1,False,2016000.0,1008000.0,3.2,0.0066,0.0005600000000000001,0.9971961764225757,"Run - Jul 10, 2026 at 22:18:59"
Q17,61,1679693.351905462,839846.674131106,0.008779932500854418,0.000709086090559761,0.01183,3.1998181420237164,15.007286500170883,3.045279880531781e-07,-5046.636569523718,Active,ionq_forte_simulated,2026-07-10T16:52:31.184572+00:00,1,False,2017000.0,1008500.0,3.2,0.0067,0.00057,0.9971532944225758,"Run - Jul 10, 2026 at 22:18:59"
Q18,61,1680526.1200611992,840263.0582089745,0.008910432500854418,0.0007215260905597611,0.01183,3.1998181420237164,15.007286500170883,3.045279880531781e-07,-5049.138625197811,Active,ionq_forte_simulated,2026-07-10T16:52:31.186569+00:00,1,False,2018000.0,1009000.0,3.2,0.0068000000000000005,0.00058,0.9971104124225758,"Run - Jul 10, 2026 at 22:18:59"
Q19,61,1681358.8882169363,840679.4422868431,0.009040932500854417,0.0007339660905597611,0.01183,3.1998181420237164,15.007286500170883,3.045279880531781e-07,-5051.640680871904,Active,ionq_forte_simulated,2026-07-10T16:52:31.189569+00:00,1,False,2019000.0,1009500.0,3.2,0.0069,0.00059,0.9970675304225757,"Run - Jul 10, 2026 at 22:18:59"
Q20,61,1682191.6563726733,841095.8263647116,0.009171432500854417,0.0007464060905597611,0.01183,3.1998181420237164,15.007286500170883,3.045279880531781e-07,-5054.14273654623,Active,ionq_forte_simulated,2026-07-10T16:52:31.190571+00:00,1,False,2020000.0,1010000.0,3.2,0.007,0.0006000000000000001,0.9970246484225758,"Run - Jul 10, 2026 at 22:18:59"
Q21,61,1683024.4245284104,841512.2104425802,0.009301932500854418,0.0007588460905597612,0.01183,3.1998181420237164,15.007286500170883,3.045279880531781e-07,-5056.644792220322,Active,ionq_forte_simulated,2026-07-10T16:52:31.193570+00:00,1,False,2021000.0,1010500.0,3.2,0.0071,0.0006100000000000001,0.9969817664225757,"Run - Jul 10, 2026 at 22:18:59"
Q22,61,1683857.1926841475,841928.5945204487,0.009432432500854418,0.000771286090559761,0.01183,3.1998181420237164,15.007286500170883,3.045279880531781e-07,-5059.146847894648,Active,ionq_forte_simulated,2026-07-10T16:52:31.195574+00:00,1,False,2022000.0,1011000.0,3.2,0.0072,0.00062,0.9969388844225757,"Run - Jul 10, 2026 at 22:18:59"
Q23,61,1684689.9608398846,842344.9785983172,0.009562932500854418,0.0007837260905597611,0.01183,3.1998181420237164,15.007286500170883,3.045279880531781e-07,-5061.648903568741,Active,ionq_forte_simulated,2026-07-10T16:52:31.198571+00:00,1,False,2023000.0,1011500.0,3.2,0.0073,0.00063,0.9968960024225757,"Run - Jul 10, 2026 at 22:18:59"
Q24,61,1685522.7289956217,842761.3626761858,0.009693432500854419,0.0007961660905597611,0.01183,3.1998181420237164,15.007286500170883,3.045279880531781e-07,-5064.150959243067,Active,ionq_forte_simulated,2026-07-10T16:52:31.200570+00:00,1,False,2024000.0,1012000.0,3.2,0.0074,0.00064,0.9968531204225757,"Run - Jul 10, 2026 at 22:18:59"
Q0,62,1660547.181654925,830273.5899965685,0.006566617880563499,0.000499209147423578,0.011859999999999999,3.1999173679683612,15.0033235761127,4.5737117890226565e-07,-4989.111603006488,Active,ionq_forte_simulated,2026-07-10T16:52:36.363185+00:00,1,False,2000000.0,1000000.0,3.2,0.005,0.0004,0.9978802518916039,"Run - Jul 10, 2026 at 22:18:59"
Q1,62,1661377.455249907,830688.7267940595,0.0066976178805635,0.0005116891474235781,0.011859999999999999,3.1999173679683612,15.0033235761127,4.5737117890226565e-07,-4991.6061637615785,Active,ionq_forte_simulated,2026-07-10T16:52:36.366183+00:00,1,False,2001000.0,1000500.0,3.2,0.0051,0.00041000000000000005,0.9978372078916038,"Run - Jul 10, 2026 at 22:18:59"
Q2,62,1662207.7288448887,831103.8635915504,0.006828617880563499,0.000524169147423578,0.011859999999999999,3.1999173679683612,15.0033235761127,4.5737117890226565e-07,-4994.100724516902,Active,ionq_forte_simulated,2026-07-10T16:52:36.369182+00:00,1,False,2002000.0,1001000.0,3.2,0.0052,0.00042,0.9977941638916039,"Run - Jul 10, 2026 at 22:18:59"
Q3,62,1663038.0024398707,831519.0003890414,0.006959617880563499,0.0005366491474235781,0.011859999999999999,3.1999173679683612,15.0033235761127,4.5737117890226565e-07,-4996.595285271993,Active,ionq_forte_simulated,2026-07-10T16:52:36.371184+00:00,1,False,2003000.0,1001500.0,3.2,0.0053,0.00043000000000000004,0.9977511198916038,"Run - Jul 10, 2026 at 22:18:59"
Q4,62,1663868.2760348527,831934.1371865324,0.007090617880563499,0.0005491291474235781,0.011859999999999999,3.1999173679683612,15.0033235761127,4.5737117890226565e-07,-4999.089846027084,Active,ionq_forte_simulated,2026-07-10T16:52:36.373182+00:00,1,False,2004000.0,1002000.0,3.2,0.0054,0.00044,0.9977080758916039,"Run - Jul 10, 2026 at 22:18:59"
Q5,62,1664698.5496298347,832349.2739840234,0.0072216178805634985,0.0005616091474235781,0.011859999999999999,3.1999173679683612,15.0033235761127,4.5737117890226565e-07,-5001.5844067821745,Active,ionq_forte_simulated,2026-07-10T16:52:36.375180+00:00,1,False,2005000.0,1002500.0,3.2,0.0055,0.00045000000000000004,0.9976650318916039,"Run - Jul 10, 2026 at 22:18:59"
Q6,62,1665528.8232248165,832764.4107815142,0.007352617880563499,0.0005740891474235781,0.011859999999999999,3.1999173679683612,15.0033235761127,4.5737117890226565e-07,-5004.078967537498,Active,ionq_forte_simulated,2026-07-10T16:52:36.377184+00:00,1,False,2006000.0,1003000.0,3.2,0.0056,0.00046,0.9976219878916038,"Run - Jul 10, 2026 at 22:18:59"
Q7,62,1666359.0968197985,833179.5475790052,0.007483617880563499,0.0005865691474235781,0.011859999999999999,3.1999173679683612,15.0033235761127,4.5737117890226565e-07,-5006.573528292589,Active,ionq_forte_simulated,2026-07-10T16:52:36.380183+00:00,1,False,2007000.0,1003500.0,3.2,0.0057,0.00047000000000000004,0.9975789438916038,"Run - Jul 10, 2026 at 22:18:59"
Q8,62,1667189.3704147805,833594.6843764962,0.0076146178805634995,0.0005990491474235781,0.011859999999999999,3.1999173679683612,15.0033235761127,4.5737117890226565e-07,-5009.06808904768,Active,ionq_forte_simulated,2026-07-10T16:52:36.383184+00:00,1,False,2008000.0,1004000.0,3.2,0.0058000000000000005,0.00048,0.997535899891604,"Run - Jul 10, 2026 at 22:18:59"
Q9,62,1668019.6440097624,834009.8211739872,0.007745617880563499,0.000611529147423578,0.011859999999999999,3.1999173679683612,15.0033235761127,4.5737117890226565e-07,-5011.5626498027705,Active,ionq_forte_simulated,2026-07-10T16:52:36.385183+00:00,1,False,2009000.0,1004500.0,3.2,0.0059,0.00049,0.9974928558916039,"Run - Jul 10, 2026 at 22:18:59"
Q10,62,1668849.9176047442,834424.9579714781,0.0078766178805635,0.000624009147423578,0.011859999999999999,3.1999173679683612,15.0033235761127,4.5737117890226565e-07,-5014.057210558094,Active,ionq_forte_simulated,2026-07-10T16:52:36.388181+00:00,1,False,2010000.0,1005000.0,3.2,0.006,0.0005,0.9974498118916039,"Run - Jul 10, 2026 at 22:18:59"
Q11,62,1669680.1911997262,834840.0947689691,0.0080076178805635,0.0006364891474235781,0.011859999999999999,3.1999173679683612,15.0033235761127,4.5737117890226565e-07,-5016.551771313185,Active,ionq_forte_simulated,2026-07-10T16:52:36.390181+00:00,1,False,2011000.0,1005500.0,3.2,0.0061,0.00051,0.9974067678916039,"Run - Jul 10, 2026 at 22:18:59"
Q12,62,1670510.4647947082,835255.2315664601,0.0081386178805635,0.0006489691474235781,0.011859999999999999,3.1999173679683612,15.0033235761127,4.5737117890226565e-07,-5019.046332068276,Active,ionq_forte_simulated,2026-07-10T16:52:36.392182+00:00,1,False,2012000.0,1006000.0,3.2,0.006200000000000001,0.0005200000000000001,0.9973637238916038,"Run - Jul 10, 2026 at 22:18:59"
Q13,62,1671340.7383896902,835670.3683639511,0.008269617880563499,0.0006614491474235782,0.011859999999999999,3.1999173679683612,15.0033235761127,4.5737117890226565e-07,-5021.540892823366,Active,ionq_forte_simulated,2026-07-10T16:52:36.394185+00:00,1,False,2013000.0,1006500.0,3.2,0.0063,0.0005300000000000001,0.9973206798916039,"Run - Jul 10, 2026 at 22:18:59"
Q14,62,1672171.011984672,836085.505161442,0.0084006178805635,0.0006739291474235781,0.011859999999999999,3.1999173679683612,15.0033235761127,4.5737117890226565e-07,-5024.03545357869,Active,ionq_forte_simulated,2026-07-10T16:52:36.397183+00:00,1,False,2014000.0,1007000.0,3.2,0.0064,0.00054,0.9972776358916039,"Run - Jul 10, 2026 at 22:18:59"
Q15,62,1673001.285579654,836500.641958933,0.0085316178805635,0.000686409147423578,0.011859999999999999,3.1999173679683612,15.0033235761127,4.5737117890226565e-07,-5026.530014333781,Active,ionq_forte_simulated,2026-07-10T16:52:36.399182+00:00,1,False,2015000.0,1007500.0,3.2,0.006500000000000001,0.00055,0.9972345918916038,"Run - Jul 10, 2026 at 22:18:59"
Q16,62,1673831.559174636,836915.778756424,0.0086626178805635,0.0006988891474235781,0.011859999999999999,3.1999173679683612,15.0033235761127,4.5737117890226565e-07,-5029.024575088872,Active,ionq_forte_simulated,2026-07-10T16:52:36.402183+00:00,1,False,2016000.0,1008000.0,3.2,0.0066,0.0005600000000000001,0.9971915478916038,"Run - Jul 10, 2026 at 22:18:59"
Q17,62,1674661.832769618,837330.915553915,0.008793617880563499,0.000711369147423578,0.011859999999999999,3.1999173679683612,15.0033235761127,4.5737117890226565e-07,-5031.519135844195,Active,ionq_forte_simulated,2026-07-10T16:52:36.404182+00:00,1,False,2017000.0,1008500.0,3.2,0.0067,0.00057,0.9971485038916039,"Run - Jul 10, 2026 at 22:18:59"
Q18,62,1675492.1063645997,837746.0523514058,0.0089246178805635,0.000723849147423578,0.011859999999999999,3.1999173679683612,15.0033235761127,4.5737117890226565e-07,-5034.013696599519,Active,ionq_forte_simulated,2026-07-10T16:52:36.406188+00:00,1,False,2018000.0,1009000.0,3.2,0.0068000000000000005,0.00058,0.9971054598916038,"Run - Jul 10, 2026 at 22:18:59"
Q19,62,1676322.3799595817,838161.1891488968,0.009055617880563499,0.0007363291474235781,0.011859999999999999,3.1999173679683612,15.0033235761127,4.5737117890226565e-07,-5036.50825735461,Active,ionq_forte_simulated,2026-07-10T16:52:36.407186+00:00,1,False,2019000.0,1009500.0,3.2,0.0069,0.00059,0.9970624158916038,"Run - Jul 10, 2026 at 22:18:59"
Q20,62,1677152.6535545636,838576.3259463878,0.0091866178805635,0.0007488091474235781,0.011859999999999999,3.1999173679683612,15.0033235761127,4.5737117890226565e-07,-5039.0028181097005,Active,ionq_forte_simulated,2026-07-10T16:52:36.409190+00:00,1,False,2020000.0,1010000.0,3.2,0.007,0.0006000000000000001,0.9970193718916038,"Run - Jul 10, 2026 at 22:18:59"
Q21,62,1677982.9271495456,838991.4627438788,0.009317617880563499,0.0007612891474235782,0.011859999999999999,3.1999173679683612,15.0033235761127,4.5737117890226565e-07,-5041.497378864791,Active,ionq_forte_simulated,2026-07-10T16:52:36.413188+00:00,1,False,2021000.0,1010500.0,3.2,0.0071,0.0006100000000000001,0.9969763278916037,"Run - Jul 10, 2026 at 22:18:59"
Q22,62,1678813.2007445274,839406.5995413697,0.009448617880563498,0.000773769147423578,0.011859999999999999,3.1999173679683612,15.0033235761127,4.5737117890226565e-07,-5043.991939620115,Active,ionq_forte_simulated,2026-07-10T16:52:36.415186+00:00,1,False,2022000.0,1011000.0,3.2,0.0072,0.00062,0.996933283891604,"Run - Jul 10, 2026 at 22:18:59"
Q23,62,1679643.4743395094,839821.7363388607,0.0095796178805635,0.000786249147423578,0.011859999999999999,3.1999173679683612,15.0033235761127,4.5737117890226565e-07,-5046.486500375206,Active,ionq_forte_simulated,2026-07-10T16:52:36.418186+00:00,1,False,2023000.0,1011500.0,3.2,0.0073,0.00063,0.996890239891604,"Run - Jul 10, 2026 at 22:18:59"
Q24,62,1680473.7479344914,840236.8731363517,0.0097106178805635,0.0007987291474235781,0.011859999999999999,3.1999173679683612,15.0033235761127,4.5737117890226565e-07,-5048.981061130296,Active,ionq_forte_simulated,2026-07-10T16:52:36.420691+00:00,1,False,2024000.0,1012000.0,3.2,0.0074,0.00064,0.9968471958916039,"Run - Jul 10, 2026 at 22:18:59"
Q0,63,1655573.0150708572,827786.5077035676,0.00657836278009687,0.0005008099646790756,0.011890000000000001,3.200017312134438,15.000672556019374,4.982339537785625e-07,-4974.166584067745,Active,ionq_forte_simulated,2026-07-10T16:52:41.483896+00:00,1,False,2000000.0,1000000.0,3.2,0.005,0.0004,0.9978762481765673,"Run - Jul 10, 2026 at 22:18:59"
Q1,63,1656400.801577552,828200.400956915,0.0067098627800968695,0.0005133299646790756,0.011890000000000001,3.200017312134438,15.000672556019374,4.982339537785625e-07,-4976.653672354994,Active,ionq_forte_simulated,2026-07-10T16:52:41.486626+00:00,1,False,2001000.0,1000500.0,3.2,0.0051,0.00041000000000000005,0.9978330421765673,"Run - Jul 10, 2026 at 22:18:59"
Q2,63,1657228.5880842467,828614.2942102624,0.006841362780096869,0.0005258499646790757,0.011890000000000001,3.200017312134438,15.000672556019374,4.982339537785625e-07,-4979.140760642011,Active,ionq_forte_simulated,2026-07-10T16:52:41.491303+00:00,1,False,2002000.0,1001000.0,3.2,0.0052,0.00042,0.9977898361765671,"Run - Jul 10, 2026 at 22:18:59"
Q3,63,1658056.3745909415,829028.1874636097,0.00697286278009687,0.0005383699646790757,0.011890000000000001,3.200017312134438,15.000672556019374,4.982339537785625e-07,-4981.62784892926,Active,ionq_forte_simulated,2026-07-10T16:52:41.495776+00:00,1,False,2003000.0,1001500.0,3.2,0.0053,0.00043000000000000004,0.9977466301765672,"Run - Jul 10, 2026 at 22:18:59"
Q4,63,1658884.1610976362,829442.0807169571,0.007104362780096869,0.0005508899646790756,0.011890000000000001,3.200017312134438,15.000672556019374,4.982339537785625e-07,-4984.114937216509,Active,ionq_forte_simulated,2026-07-10T16:52:41.498779+00:00,1,False,2004000.0,1002000.0,3.2,0.0054,0.00044,0.9977034241765672,"Run - Jul 10, 2026 at 22:18:59"
Q5,63,1659711.947604331,829855.9739703045,0.007235862780096869,0.0005634099646790756,0.011890000000000001,3.200017312134438,15.000672556019374,4.982339537785625e-07,-4986.602025503758,Active,ionq_forte_simulated,2026-07-10T16:52:41.501777+00:00,1,False,2005000.0,1002500.0,3.2,0.0055,0.00045000000000000004,0.9976602181765672,"Run - Jul 10, 2026 at 22:18:59"
Q6,63,1660539.7341110257,830269.8672236518,0.00736736278009687,0.0005759299646790756,0.011890000000000001,3.200017312134438,15.000672556019374,4.982339537785625e-07,-4989.089113790775,Active,ionq_forte_simulated,2026-07-10T16:52:41.504776+00:00,1,False,2006000.0,1003000.0,3.2,0.0056,0.00046,0.9976170121765673,"Run - Jul 10, 2026 at 22:18:59"
Q7,63,1661367.5206177204,830683.7604769992,0.007498862780096869,0.0005884499646790757,0.011890000000000001,3.200017312134438,15.000672556019374,4.982339537785625e-07,-4991.576202078024,Active,ionq_forte_simulated,2026-07-10T16:52:41.508783+00:00,1,False,2007000.0,1003500.0,3.2,0.0057,0.00047000000000000004,0.9975738061765671,"Run - Jul 10, 2026 at 22:18:59"
Q8,63,1662195.3071244152,831097.6537303466,0.00763036278009687,0.0006009699646790756,0.011890000000000001,3.200017312134438,15.000672556019374,4.982339537785625e-07,-4994.063290365273,Active,ionq_forte_simulated,2026-07-10T16:52:41.512794+00:00,1,False,2008000.0,1004000.0,3.2,0.0058000000000000005,0.00048,0.9975306001765673,"Run - Jul 10, 2026 at 22:18:59"
Q9,63,1663023.09363111,831511.546983694,0.0077618627800968695,0.0006134899646790756,0.011890000000000001,3.200017312134438,15.000672556019374,4.982339537785625e-07,-4996.550378652522,Active,ionq_forte_simulated,2026-07-10T16:52:41.514792+00:00,1,False,2009000.0,1004500.0,3.2,0.0059,0.00049,0.9974873941765673,"Run - Jul 10, 2026 at 22:18:59"
Q10,63,1663850.8801378047,831925.4402370413,0.00789336278009687,0.0006260099646790756,0.011890000000000001,3.200017312134438,15.000672556019374,4.982339537785625e-07,-4999.037466939539,Active,ionq_forte_simulated,2026-07-10T16:52:41.516793+00:00,1,False,2010000.0,1005000.0,3.2,0.006,0.0005,0.9974441881765672,"Run - Jul 10, 2026 at 22:18:59"
Q11,63,1664678.6666444994,832339.3334903887,0.008024862780096871,0.0006385299646790756,0.011890000000000001,3.200017312134438,15.000672556019374,4.982339537785625e-07,-5001.524555226788,Active,ionq_forte_simulated,2026-07-10T16:52:41.519793+00:00,1,False,2011000.0,1005500.0,3.2,0.0061,0.00051,0.9974009821765673,"Run - Jul 10, 2026 at 22:18:59"
Q12,63,1665506.4531511941,832753.2267437361,0.008156362780096871,0.0006510499646790757,0.011890000000000001,3.200017312134438,15.000672556019374,4.982339537785625e-07,-5004.011643514037,Active,ionq_forte_simulated,2026-07-10T16:52:41.521792+00:00,1,False,2012000.0,1006000.0,3.2,0.006200000000000001,0.0005200000000000001,0.9973577761765671,"Run - Jul 10, 2026 at 22:18:59"
Q13,63,1666334.239657889,833167.1199970834,0.00828786278009687,0.0006635699646790757,0.011890000000000001,3.200017312134438,15.000672556019374,4.982339537785625e-07,-5006.498731801286,Active,ionq_forte_simulated,2026-07-10T16:52:41.525312+00:00,1,False,2013000.0,1006500.0,3.2,0.0063,0.0005300000000000001,0.9973145701765673,"Run - Jul 10, 2026 at 22:18:59"
Q14,63,1667162.0261645836,833581.0132504308,0.00841936278009687,0.0006760899646790756,0.011890000000000001,3.200017312134438,15.000672556019374,4.982339537785625e-07,-5008.985820088303,Active,ionq_forte_simulated,2026-07-10T16:52:41.528310+00:00,1,False,2014000.0,1007000.0,3.2,0.0064,0.00054,0.9972713641765673,"Run - Jul 10, 2026 at 22:18:59"
Q15,63,1667989.8126712784,833994.9065037782,0.00855086278009687,0.0006886099646790756,0.011890000000000001,3.200017312134438,15.000672556019374,4.982339537785625e-07,-5011.472908375552,Active,ionq_forte_simulated,2026-07-10T16:52:41.530310+00:00,1,False,2015000.0,1007500.0,3.2,0.006500000000000001,0.00055,0.9972281581765672,"Run - Jul 10, 2026 at 22:18:59"
Q16,63,1668817.599177973,834408.7997571256,0.00868236278009687,0.0007011299646790757,0.011890000000000001,3.200017312134438,15.000672556019374,4.982339537785625e-07,-5013.959996662801,Active,ionq_forte_simulated,2026-07-10T16:52:41.533310+00:00,1,False,2016000.0,1008000.0,3.2,0.0066,0.0005600000000000001,0.9971849521765672,"Run - Jul 10, 2026 at 22:18:59"
Q17,63,1669645.3856846676,834822.6930104728,0.008813862780096871,0.0007136499646790756,0.011890000000000001,3.200017312134438,15.000672556019374,4.982339537785625e-07,-5016.447084950283,Active,ionq_forte_simulated,2026-07-10T16:52:41.535311+00:00,1,False,2017000.0,1008500.0,3.2,0.0067,0.00057,0.9971417461765673,"Run - Jul 10, 2026 at 22:18:59"
Q18,63,1670473.1721913624,835236.5862638202,0.008945362780096871,0.0007261699646790756,0.011890000000000001,3.200017312134438,15.000672556019374,4.982339537785625e-07,-5018.9341732373,Active,ionq_forte_simulated,2026-07-10T16:52:41.538312+00:00,1,False,2018000.0,1009000.0,3.2,0.0068000000000000005,0.00058,0.9970985401765673,"Run - Jul 10, 2026 at 22:18:59"
Q19,63,1671300.958698057,835650.4795171676,0.00907686278009687,0.0007386899646790756,0.011890000000000001,3.200017312134438,15.000672556019374,4.982339537785625e-07,-5021.421261524549,Active,ionq_forte_simulated,2026-07-10T16:52:41.540312+00:00,1,False,2019000.0,1009500.0,3.2,0.0069,0.00059,0.9970553341765672,"Run - Jul 10, 2026 at 22:18:59"
Q20,63,1672128.7452047518,836064.3727705149,0.00920836278009687,0.0007512099646790756,0.011890000000000001,3.200017312134438,15.000672556019374,4.982339537785625e-07,-5023.908349811798,Active,ionq_forte_simulated,2026-07-10T16:52:41.543310+00:00,1,False,2020000.0,1010000.0,3.2,0.007,0.0006000000000000001,0.9970121281765671,"Run - Jul 10, 2026 at 22:18:59"
Q21,63,1672956.5317114466,836478.2660238623,0.00933986278009687,0.0007637299646790757,0.011890000000000001,3.200017312134438,15.000672556019374,4.982339537785625e-07,-5026.395438099047,Active,ionq_forte_simulated,2026-07-10T16:52:41.546309+00:00,1,False,2021000.0,1010500.0,3.2,0.0071,0.0006100000000000001,0.9969689221765672,"Run - Jul 10, 2026 at 22:18:59"
Q22,63,1673784.3182181413,836892.1592772097,0.00947136278009687,0.0007762499646790756,0.011890000000000001,3.200017312134438,15.000672556019374,4.982339537785625e-07,-5028.882526386064,Active,ionq_forte_simulated,2026-07-10T16:52:41.549309+00:00,1,False,2022000.0,1011000.0,3.2,0.0072,0.00062,0.9969257161765672,"Run - Jul 10, 2026 at 22:18:59"
Q23,63,1674612.104724836,837306.052530557,0.009602862780096871,0.0007887699646790756,0.011890000000000001,3.200017312134438,15.000672556019374,4.982339537785625e-07,-5031.369614673313,Active,ionq_forte_simulated,2026-07-10T16:52:41.551311+00:00,1,False,2023000.0,1011500.0,3.2,0.0073,0.00063,0.9968825101765673,"Run - Jul 10, 2026 at 22:18:59"
Q24,63,1675439.8912315308,837719.9457839044,0.00973436278009687,0.0008012899646790756,0.011890000000000001,3.200017312134438,15.000672556019374,4.982339537785625e-07,-5033.856702960562,Active,ionq_forte_simulated,2026-07-10T16:52:41.554313+00:00,1,False,2024000.0,1012000.0,3.2,0.0074,0.00064,0.9968393041765672,"Run - Jul 10, 2026 at 22:18:59"
Q0,64,1650613.748638285,825306.8754846347,0.0066233098409701,0.0005024083422336051,0.01192,3.200116966316531,15.00466196819402,4.171116802532552e-07,-4959.266432572156,Active,ionq_forte_simulated,2026-07-10T16:52:46.431606+00:00,1,False,2000000.0,1000000.0,3.2,0.005,0.0004,0.9978622845450389,"Run - Jul 10, 2026 at 22:18:59"
Q1,64,1651439.0555067768,825719.5289188805,0.0067553098409701,0.0005149683422336051,0.01192,3.200116966316531,15.00466196819402,4.171116802532552e-07,-4961.746070775203,Active,ionq_forte_simulated,2026-07-10T16:52:46.435619+00:00,1,False,2001000.0,1000500.0,3.2,0.0051,0.00041000000000000005,0.997818916545039,"Run - Jul 10, 2026 at 22:18:59"
Q2,64,1652264.3623752685,826132.1823531264,0.006887309840970099,0.0005275283422336052,0.01192,3.200116966316531,15.00466196819402,4.171116802532552e-07,-4964.225708978251,Active,ionq_forte_simulated,2026-07-10T16:52:46.438182+00:00,1,False,2002000.0,1001000.0,3.2,0.0052,0.00042,0.9977755485450389,"Run - Jul 10, 2026 at 22:18:59"
Q3,64,1653089.6692437602,826544.8357873722,0.0070193098409701,0.0005400883422336052,0.01192,3.200116966316531,15.00466196819402,4.171116802532552e-07,-4966.705347181298,Active,ionq_forte_simulated,2026-07-10T16:52:46.442183+00:00,1,False,2003000.0,1001500.0,3.2,0.0053,0.00043000000000000004,0.9977321805450389,"Run - Jul 10, 2026 at 22:18:59"
Q4,64,1653914.9761122519,826957.489221618,0.0071513098409701,0.0005526483422336052,0.01192,3.200116966316531,15.00466196819402,4.171116802532552e-07,-4969.184985384345,Active,ionq_forte_simulated,2026-07-10T16:52:46.445184+00:00,1,False,2004000.0,1002000.0,3.2,0.0054,0.00044,0.9976888125450389,"Run - Jul 10, 2026 at 22:18:59"
Q5,64,1654740.2829807436,827370.1426558639,0.007283309840970099,0.0005652083422336052,0.01192,3.200116966316531,15.00466196819402,4.171116802532552e-07,-4971.664623587392,Active,ionq_forte_simulated,2026-07-10T16:52:46.448182+00:00,1,False,2005000.0,1002500.0,3.2,0.0055,0.00045000000000000004,0.9976454445450389,"Run - Jul 10, 2026 at 22:18:59"
Q6,64,1655565.5898492353,827782.7960901097,0.007415309840970099,0.000577768342233605,0.01192,3.200116966316531,15.00466196819402,4.171116802532552e-07,-4974.1442617904395,Active,ionq_forte_simulated,2026-07-10T16:52:46.451183+00:00,1,False,2006000.0,1003000.0,3.2,0.0056,0.00046,0.997602076545039,"Run - Jul 10, 2026 at 22:18:59"
Q7,64,1656390.896717727,828195.4495243556,0.007547309840970099,0.0005903283422336052,0.01192,3.200116966316531,15.00466196819402,4.171116802532552e-07,-4976.623899993487,Active,ionq_forte_simulated,2026-07-10T16:52:46.454181+00:00,1,False,2007000.0,1003500.0,3.2,0.0057,0.00047000000000000004,0.9975587085450389,"Run - Jul 10, 2026 at 22:18:59"
Q8,64,1657216.2035862186,828608.1029586014,0.0076793098409701005,0.000602888342233605,0.01192,3.200116966316531,15.00466196819402,4.171116802532552e-07,-4979.103538196534,Active,ionq_forte_simulated,2026-07-10T16:52:46.457179+00:00,1,False,2008000.0,1004000.0,3.2,0.0058000000000000005,0.00048,0.9975153405450389,"Run - Jul 10, 2026 at 22:18:59"
Q9,64,1658041.51045471,829020.7563928472,0.007811309840970099,0.0006154483422336051,0.01192,3.200116966316531,15.00466196819402,4.171116802532552e-07,-4981.583176399814,Active,ionq_forte_simulated,2026-07-10T16:52:46.460184+00:00,1,False,2009000.0,1004500.0,3.2,0.0059,0.00049,0.9974719725450389,"Run - Jul 10, 2026 at 22:18:59"
Q10,64,1658866.8173232018,829433.409827093,0.007943309840970098,0.0006280083422336051,0.01192,3.200116966316531,15.00466196819402,4.171116802532552e-07,-4984.062814602861,Active,ionq_forte_simulated,2026-07-10T16:52:46.463182+00:00,1,False,2010000.0,1005000.0,3.2,0.006,0.0005,0.9974286045450389,"Run - Jul 10, 2026 at 22:18:59"
Q11,64,1659692.1241916935,829846.0632613389,0.008075309840970098,0.0006405683422336052,0.01192,3.200116966316531,15.00466196819402,4.171116802532552e-07,-4986.542452805908,Active,ionq_forte_simulated,2026-07-10T16:52:46.466182+00:00,1,False,2011000.0,1005500.0,3.2,0.0061,0.00051,0.9973852365450389,"Run - Jul 10, 2026 at 22:18:59"
Q12,64,1660517.4310601852,830258.7166955847,0.0082073098409701,0.0006531283422336052,0.01192,3.200116966316531,15.00466196819402,4.171116802532552e-07,-4989.022091008956,Active,ionq_forte_simulated,2026-07-10T16:52:46.469184+00:00,1,False,2012000.0,1006000.0,3.2,0.006200000000000001,0.0005200000000000001,0.9973418685450388,"Run - Jul 10, 2026 at 22:18:59"
Q13,64,1661342.737928677,830671.3701298306,0.008339309840970099,0.0006656883422336052,0.01192,3.200116966316531,15.00466196819402,4.171116802532552e-07,-4991.501729212003,Active,ionq_forte_simulated,2026-07-10T16:52:46.472183+00:00,1,False,2013000.0,1006500.0,3.2,0.0063,0.0005300000000000001,0.9972985005450388,"Run - Jul 10, 2026 at 22:18:59"
Q14,64,1662168.0447971686,831084.0235640764,0.008471309840970099,0.0006782483422336051,0.01192,3.200116966316531,15.00466196819402,4.171116802532552e-07,-4993.98136741505,Active,ionq_forte_simulated,2026-07-10T16:52:46.475181+00:00,1,False,2014000.0,1007000.0,3.2,0.0064,0.00054,0.9972551325450387,"Run - Jul 10, 2026 at 22:18:59"
Q15,64,1662993.3516656603,831496.6769983222,0.008603309840970099,0.0006908083422336052,0.01192,3.200116966316531,15.00466196819402,4.171116802532552e-07,-4996.461005618097,Active,ionq_forte_simulated,2026-07-10T16:52:46.479179+00:00,1,False,2015000.0,1007500.0,3.2,0.006500000000000001,0.00055,0.9972117645450389,"Run - Jul 10, 2026 at 22:18:59"
Q16,64,1663818.658534152,831909.3304325681,0.0087353098409701,0.0007033683422336052,0.01192,3.200116966316531,15.00466196819402,4.171116802532552e-07,-4998.9406438211445,Active,ionq_forte_simulated,2026-07-10T16:52:46.481182+00:00,1,False,2016000.0,1008000.0,3.2,0.0066,0.0005600000000000001,0.9971683965450389,"Run - Jul 10, 2026 at 22:18:59"
Q17,64,1664643.9654026437,832321.983866814,0.0088673098409701,0.0007159283422336051,0.01192,3.200116966316531,15.00466196819402,4.171116802532552e-07,-5001.420282023959,Active,ionq_forte_simulated,2026-07-10T16:52:46.484180+00:00,1,False,2017000.0,1008500.0,3.2,0.0067,0.00057,0.997125028545039,"Run - Jul 10, 2026 at 22:18:59"
Q18,64,1665469.2722711354,832734.6373010598,0.0089993098409701,0.0007284883422336051,0.01192,3.200116966316531,15.00466196819402,4.171116802532552e-07,-5003.899920227006,Active,ionq_forte_simulated,2026-07-10T16:52:46.487183+00:00,1,False,2018000.0,1009000.0,3.2,0.0068000000000000005,0.00058,0.997081660545039,"Run - Jul 10, 2026 at 22:18:59"
Q19,64,1666294.579139627,833147.2907353056,0.009131309840970098,0.0007410483422336051,0.01192,3.200116966316531,15.00466196819402,4.171116802532552e-07,-5006.379558430053,Active,ionq_forte_simulated,2026-07-10T16:52:46.490183+00:00,1,False,2019000.0,1009500.0,3.2,0.0069,0.00059,0.997038292545039,"Run - Jul 10, 2026 at 22:18:59"
Q20,64,1667119.8860081187,833559.9441695515,0.009263309840970098,0.0007536083422336052,0.01192,3.200116966316531,15.00466196819402,4.171116802532552e-07,-5008.8591966331005,Active,ionq_forte_simulated,2026-07-10T16:52:46.494182+00:00,1,False,2020000.0,1010000.0,3.2,0.007,0.0006000000000000001,0.9969949245450389,"Run - Jul 10, 2026 at 22:18:59"
Q21,64,1667945.1928766104,833972.5976037973,0.009395309840970098,0.0007661683422336052,0.01192,3.200116966316531,15.00466196819402,4.171116802532552e-07,-5011.338834836148,Active,ionq_forte_simulated,2026-07-10T16:52:46.497183+00:00,1,False,2021000.0,1010500.0,3.2,0.0071,0.0006100000000000001,0.9969515565450389,"Run - Jul 10, 2026 at 22:18:59"
Q22,64,1668770.4997451021,834385.2510380432,0.009527309840970099,0.0007787283422336051,0.01192,3.200116966316531,15.00466196819402,4.171116802532552e-07,-5013.818473039195,Active,ionq_forte_simulated,2026-07-10T16:52:46.500182+00:00,1,False,2022000.0,1011000.0,3.2,0.0072,0.00062,0.9969081885450389,"Run - Jul 10, 2026 at 22:18:59"
Q23,64,1669595.8066135938,834797.904472289,0.009659309840970099,0.0007912883422336051,0.01192,3.200116966316531,15.00466196819402,4.171116802532552e-07,-5016.298111242242,Active,ionq_forte_simulated,2026-07-10T16:52:46.503184+00:00,1,False,2023000.0,1011500.0,3.2,0.0073,0.00063,0.9968648205450389,"Run - Jul 10, 2026 at 22:18:59"
Q24,64,1670421.1134820855,835210.5579065349,0.009791309840970099,0.0008038483422336052,0.01192,3.200116966316531,15.00466196819402,4.171116802532552e-07,-5018.777749445289,Active,ionq_forte_simulated,2026-07-10T16:52:46.506181+00:00,1,False,2024000.0,1012000.0,3.2,0.0074,0.00064,0.996821452545039,"Run - Jul 10, 2026 at 22:18:59"
Q0,65,1645669.3376240355,822834.6709632177,0.006668023997617563,0.0005040046773184025,0.01195,3.200215353854008,15.008604799523512,2.3386592012353683e-07,-4944.411014249548,Active,ionq_forte_simulated,2026-07-10T16:52:51.491341+00:00,1,False,2000000.0,1000000.0,3.2,0.005,0.0004,0.9978483913975192,"Run - Jul 10, 2026 at 22:18:59"
Q1,65,1646492.1722820916,823246.0882922458,0.006800523997617563,0.0005166046773184026,0.01195,3.200215353854008,15.008604799523512,2.3386592012353683e-07,-4946.883224685211,Active,ionq_forte_simulated,2026-07-10T16:52:51.493342+00:00,1,False,2001000.0,1000500.0,3.2,0.0051,0.00041000000000000005,0.9978048613975192,"Run - Jul 10, 2026 at 22:18:59"
Q2,65,1647315.0069401476,823657.5056212738,0.006933023997617562,0.0005292046773184026,0.01195,3.200215353854008,15.008604799523512,2.3386592012353683e-07,-4949.355435120873,Active,ionq_forte_simulated,2026-07-10T16:52:51.496341+00:00,1,False,2002000.0,1001000.0,3.2,0.0052,0.00042,0.9977613313975192,"Run - Jul 10, 2026 at 22:18:59"
Q3,65,1648137.8415982036,824068.9229503018,0.007065523997617563,0.0005418046773184025,0.01195,3.200215353854008,15.008604799523512,2.3386592012353683e-07,-4951.827645556536,Active,ionq_forte_simulated,2026-07-10T16:52:51.498341+00:00,1,False,2003000.0,1001500.0,3.2,0.0053,0.00043000000000000004,0.9977178013975192,"Run - Jul 10, 2026 at 22:18:59"
Q4,65,1648960.6762562597,824480.3402793298,0.007198023997617563,0.0005544046773184025,0.01195,3.200215353854008,15.008604799523512,2.3386592012353683e-07,-4954.299855992198,Active,ionq_forte_simulated,2026-07-10T16:52:51.500341+00:00,1,False,2004000.0,1002000.0,3.2,0.0054,0.00044,0.9976742713975193,"Run - Jul 10, 2026 at 22:18:59"
Q5,65,1649783.5109143157,824891.7576083578,0.007330523997617563,0.0005670046773184025,0.01195,3.200215353854008,15.008604799523512,2.3386592012353683e-07,-4956.77206642786,Active,ionq_forte_simulated,2026-07-10T16:52:51.503340+00:00,1,False,2005000.0,1002500.0,3.2,0.0055,0.00045000000000000004,0.9976307413975192,"Run - Jul 10, 2026 at 22:18:59"
Q6,65,1650606.3455723717,825303.1749373858,0.007463023997617562,0.0005796046773184025,0.01195,3.200215353854008,15.008604799523512,2.3386592012353683e-07,-4959.244276863523,Active,ionq_forte_simulated,2026-07-10T16:52:51.505341+00:00,1,False,2006000.0,1003000.0,3.2,0.0056,0.00046,0.9975872113975193,"Run - Jul 10, 2026 at 22:18:59"
Q7,65,1651429.1802304278,825714.5922664138,0.007595523997617563,0.0005922046773184026,0.01195,3.200215353854008,15.008604799523512,2.3386592012353683e-07,-4961.716487299185,Active,ionq_forte_simulated,2026-07-10T16:52:51.508341+00:00,1,False,2007000.0,1003500.0,3.2,0.0057,0.00047000000000000004,0.9975436813975191,"Run - Jul 10, 2026 at 22:18:59"
Q8,65,1652252.0148884838,826126.0095954419,0.007728023997617563,0.0006048046773184026,0.01195,3.200215353854008,15.008604799523512,2.3386592012353683e-07,-4964.188697734848,Active,ionq_forte_simulated,2026-07-10T16:52:51.511340+00:00,1,False,2008000.0,1004000.0,3.2,0.0058000000000000005,0.00048,0.9975001513975192,"Run - Jul 10, 2026 at 22:18:59"
Q9,65,1653074.8495465396,826537.4269244698,0.007860523997617563,0.0006174046773184024,0.01195,3.200215353854008,15.008604799523512,2.3386592012353683e-07,-4966.66090817051,Active,ionq_forte_simulated,2026-07-10T16:52:51.513340+00:00,1,False,2009000.0,1004500.0,3.2,0.0059,0.00049,0.9974566213975191,"Run - Jul 10, 2026 at 22:18:59"
Q10,65,1653897.6842045956,826948.8442534978,0.007993023997617563,0.0006300046773184025,0.01195,3.200215353854008,15.008604799523512,2.3386592012353683e-07,-4969.1331186061725,Active,ionq_forte_simulated,2026-07-10T16:52:51.515340+00:00,1,False,2010000.0,1005000.0,3.2,0.006,0.0005,0.9974130913975192,"Run - Jul 10, 2026 at 22:18:59"
Q11,65,1654720.5188626517,827360.2615825258,0.008125523997617562,0.0006426046773184025,0.01195,3.200215353854008,15.008604799523512,2.3386592012353683e-07,-4971.605329041835,Active,ionq_forte_simulated,2026-07-10T16:52:51.517348+00:00,1,False,2011000.0,1005500.0,3.2,0.0061,0.00051,0.9973695613975192,"Run - Jul 10, 2026 at 22:18:59"
Q12,65,1655543.3535207077,827771.6789115538,0.008258023997617563,0.0006552046773184026,0.01195,3.200215353854008,15.008604799523512,2.3386592012353683e-07,-4974.077539477497,Active,ionq_forte_simulated,2026-07-10T16:52:51.520346+00:00,1,False,2012000.0,1006000.0,3.2,0.006200000000000001,0.0005200000000000001,0.9973260313975192,"Run - Jul 10, 2026 at 22:18:59"
Q13,65,1656366.1881787637,828183.0962405818,0.008390523997617562,0.0006678046773184026,0.01195,3.200215353854008,15.008604799523512,2.3386592012353683e-07,-4976.54974991316,Active,ionq_forte_simulated,2026-07-10T16:52:51.522346+00:00,1,False,2013000.0,1006500.0,3.2,0.0063,0.0005300000000000001,0.9972825013975192,"Run - Jul 10, 2026 at 22:18:59"
Q14,65,1657189.0228368198,828594.5135696098,0.008523023997617563,0.0006804046773184025,0.01195,3.200215353854008,15.008604799523512,2.3386592012353683e-07,-4979.021960348822,Active,ionq_forte_simulated,2026-07-10T16:52:51.526345+00:00,1,False,2014000.0,1007000.0,3.2,0.0064,0.00054,0.9972389713975192,"Run - Jul 10, 2026 at 22:18:59"
Q15,65,1658011.8574948758,829005.9308986379,0.008655523997617563,0.0006930046773184025,0.01195,3.200215353854008,15.008604799523512,2.3386592012353683e-07,-4981.494170784485,Active,ionq_forte_simulated,2026-07-10T16:52:51.529344+00:00,1,False,2015000.0,1007500.0,3.2,0.006500000000000001,0.00055,0.9971954413975193,"Run - Jul 10, 2026 at 22:18:59"
Q16,65,1658834.6921529318,829417.3482276659,0.008788023997617562,0.0007056046773184026,0.01195,3.200215353854008,15.008604799523512,2.3386592012353683e-07,-4983.966381220147,Active,ionq_forte_simulated,2026-07-10T16:52:51.532344+00:00,1,False,2016000.0,1008000.0,3.2,0.0066,0.0005600000000000001,0.9971519113975191,"Run - Jul 10, 2026 at 22:18:59"
Q17,65,1659657.5268109879,829828.7655566939,0.008920523997617563,0.0007182046773184025,0.01195,3.200215353854008,15.008604799523512,2.3386592012353683e-07,-4986.438591655809,Active,ionq_forte_simulated,2026-07-10T16:52:51.534854+00:00,1,False,2017000.0,1008500.0,3.2,0.0067,0.00057,0.9971083813975192,"Run - Jul 10, 2026 at 22:18:59"
Q18,65,1660480.361469044,830240.1828857219,0.009053023997617564,0.0007308046773184025,0.01195,3.200215353854008,15.008604799523512,2.3386592012353683e-07,-4988.910802091472,Active,ionq_forte_simulated,2026-07-10T16:52:51.537857+00:00,1,False,2018000.0,1009000.0,3.2,0.0068000000000000005,0.00058,0.9970648513975191,"Run - Jul 10, 2026 at 22:18:59"
Q19,65,1661303.1961271,830651.6002147499,0.009185523997617562,0.0007434046773184026,0.01195,3.200215353854008,15.008604799523512,2.3386592012353683e-07,-4991.383012527134,Active,ionq_forte_simulated,2026-07-10T16:52:51.541855+00:00,1,False,2019000.0,1009500.0,3.2,0.0069,0.00059,0.9970213213975192,"Run - Jul 10, 2026 at 22:18:59"
Q20,65,1662126.030785156,831063.0175437779,0.009318023997617563,0.0007560046773184025,0.01195,3.200215353854008,15.008604799523512,2.3386592012353683e-07,-4993.855222962797,Active,ionq_forte_simulated,2026-07-10T16:52:51.544855+00:00,1,False,2020000.0,1010000.0,3.2,0.007,0.0006000000000000001,0.9969777913975191,"Run - Jul 10, 2026 at 22:18:59"
Q21,65,1662948.865443212,831474.434872806,0.009450523997617564,0.0007686046773184026,0.01195,3.200215353854008,15.008604799523512,2.3386592012353683e-07,-4996.327433398459,Active,ionq_forte_simulated,2026-07-10T16:52:51.547853+00:00,1,False,2021000.0,1010500.0,3.2,0.0071,0.0006100000000000001,0.9969342613975192,"Run - Jul 10, 2026 at 22:18:59"
Q22,65,1663771.700101268,831885.852201834,0.009583023997617563,0.0007812046773184025,0.01195,3.200215353854008,15.008604799523512,2.3386592012353683e-07,-4998.7996438341215,Active,ionq_forte_simulated,2026-07-10T16:52:51.550854+00:00,1,False,2022000.0,1011000.0,3.2,0.0072,0.00062,0.9968907313975192,"Run - Jul 10, 2026 at 22:18:59"
Q23,65,1664594.534759324,832297.269530862,0.009715523997617563,0.0007938046773184025,0.01195,3.200215353854008,15.008604799523512,2.3386592012353683e-07,-5001.271854269784,Active,ionq_forte_simulated,2026-07-10T16:52:51.553859+00:00,1,False,2023000.0,1011500.0,3.2,0.0073,0.00063,0.9968472013975193,"Run - Jul 10, 2026 at 22:18:59"
Q24,65,1665417.36941738,832708.68685989,0.009848023997617562,0.0008064046773184026,0.01195,3.200215353854008,15.008604799523512,2.3386592012353683e-07,-5003.744064705446,Active,ionq_forte_simulated,2026-07-10T16:52:51.557857+00:00,1,False,2024000.0,1012000.0,3.2,0.0074,0.00064,0.9968036713975192,"Run - Jul 10, 2026 at 22:18:59"
Q0,66,1640739.7374297986,820369.8718303129,0.006712308272702677,0.0005056001327674723,0.01198,3.2003115347251403,15.012461654540536,-6.63837361152974e-09,-4929.600194236962,Active,ionq_forte_simulated,2026-07-10T16:52:56.941274+00:00,1,False,2000000.0,1000000.0,3.2,0.005,0.0004,0.9978346274783589,"Run - Jul 10, 2026 at 22:18:59"
Q1,66,1641560.1072829363,820780.0567568818,0.006845308272702677,0.0005182401327674724,0.01198,3.2003115347251403,15.012461654540536,-6.63837361152974e-09,-4932.064999155235,Active,ionq_forte_simulated,2026-07-10T16:52:56.944273+00:00,1,False,2001000.0,1000500.0,3.2,0.0051,0.00041000000000000005,0.997790935478359,"Run - Jul 10, 2026 at 22:18:59"
Q2,66,1642380.477136074,821190.2416834506,0.006978308272702676,0.0005308801327674723,0.01198,3.2003115347251403,15.012461654540536,-6.63837361152974e-09,-4934.529804073507,Active,ionq_forte_simulated,2026-07-10T16:52:56.948275+00:00,1,False,2002000.0,1001000.0,3.2,0.0052,0.00042,0.997747243478359,"Run - Jul 10, 2026 at 22:18:59"
Q3,66,1643200.846989212,821600.4266100196,0.007111308272702677,0.0005435201327674723,0.01198,3.2003115347251403,15.012461654540536,-6.63837361152974e-09,-4936.994608991547,Active,ionq_forte_simulated,2026-07-10T16:52:56.951274+00:00,1,False,2003000.0,1001500.0,3.2,0.0053,0.00043000000000000004,0.997703551478359,"Run - Jul 10, 2026 at 22:18:59"
Q4,66,1644021.2168423499,822010.6115365885,0.007244308272702677,0.0005561601327674722,0.01198,3.2003115347251403,15.012461654540536,-6.63837361152974e-09,-4939.459413909819,Active,ionq_forte_simulated,2026-07-10T16:52:56.954272+00:00,1,False,2004000.0,1002000.0,3.2,0.0054,0.00044,0.997659859478359,"Run - Jul 10, 2026 at 22:18:59"
Q5,66,1644841.5866954876,822420.7964631574,0.007377308272702676,0.0005688001327674723,0.01198,3.2003115347251403,15.012461654540536,-6.63837361152974e-09,-4941.924218828091,Active,ionq_forte_simulated,2026-07-10T16:52:56.957273+00:00,1,False,2005000.0,1002500.0,3.2,0.0055,0.00045000000000000004,0.997616167478359,"Run - Jul 10, 2026 at 22:18:59"
Q6,66,1645661.9565486256,822830.9813897264,0.007510308272702677,0.0005814401327674723,0.01198,3.2003115347251403,15.012461654540536,-6.63837361152974e-09,-4944.389023746131,Active,ionq_forte_simulated,2026-07-10T16:52:56.960273+00:00,1,False,2006000.0,1003000.0,3.2,0.0056,0.00046,0.997572475478359,"Run - Jul 10, 2026 at 22:18:59"
Q7,66,1646482.3264017634,823241.1663162953,0.007643308272702677,0.0005940801327674723,0.01198,3.2003115347251403,15.012461654540536,-6.63837361152974e-09,-4946.853828664403,Active,ionq_forte_simulated,2026-07-10T16:52:56.963274+00:00,1,False,2007000.0,1003500.0,3.2,0.0057,0.00047000000000000004,0.997528783478359,"Run - Jul 10, 2026 at 22:18:59"
Q8,66,1647302.6962549011,823651.3512428642,0.007776308272702677,0.0006067201327674723,0.01198,3.2003115347251403,15.012461654540536,-6.63837361152974e-09,-4949.318633582676,Active,ionq_forte_simulated,2026-07-10T16:52:56.967272+00:00,1,False,2008000.0,1004000.0,3.2,0.0058000000000000005,0.00048,0.9974850914783591,"Run - Jul 10, 2026 at 22:18:59"
Q9,66,1648123.066108039,824061.5361694332,0.007909308272702675,0.0006193601327674723,0.01198,3.2003115347251403,15.012461654540536,-6.63837361152974e-09,-4951.783438500483,Active,ionq_forte_simulated,2026-07-10T16:52:56.970274+00:00,1,False,2009000.0,1004500.0,3.2,0.0059,0.00049,0.9974413994783591,"Run - Jul 10, 2026 at 22:18:59"
Q10,66,1648943.4359611769,824471.721096002,0.008042308272702676,0.0006320001327674722,0.01198,3.2003115347251403,15.012461654540536,-6.63837361152974e-09,-4954.248243418755,Active,ionq_forte_simulated,2026-07-10T16:52:56.972272+00:00,1,False,2010000.0,1005000.0,3.2,0.006,0.0005,0.997397707478359,"Run - Jul 10, 2026 at 22:18:59"
Q11,66,1649763.8058143146,824881.9060225709,0.008175308272702676,0.0006446401327674723,0.01198,3.2003115347251403,15.012461654540536,-6.63837361152974e-09,-4956.713048337027,Active,ionq_forte_simulated,2026-07-10T16:52:56.976277+00:00,1,False,2011000.0,1005500.0,3.2,0.0061,0.00051,0.997354015478359,"Run - Jul 10, 2026 at 22:18:59"
Q12,66,1650584.1756674524,825292.0909491398,0.008308308272702677,0.0006572801327674724,0.01198,3.2003115347251403,15.012461654540536,-6.63837361152974e-09,-4959.1778532553,Active,ionq_forte_simulated,2026-07-10T16:52:56.979273+00:00,1,False,2012000.0,1006000.0,3.2,0.006200000000000001,0.0005200000000000001,0.9973103234783589,"Run - Jul 10, 2026 at 22:18:59"
Q13,66,1651404.5455205904,825702.2758757088,0.008441308272702676,0.0006699201327674724,0.01198,3.2003115347251403,15.012461654540536,-6.63837361152974e-09,-4961.642658173339,Active,ionq_forte_simulated,2026-07-10T16:52:56.982274+00:00,1,False,2013000.0,1006500.0,3.2,0.0063,0.0005300000000000001,0.9972666314783589,"Run - Jul 10, 2026 at 22:18:59"
Q14,66,1652224.9153737281,826112.4608022777,0.008574308272702676,0.0006825601327674723,0.01198,3.2003115347251403,15.012461654540536,-6.63837361152974e-09,-4964.107463091612,Active,ionq_forte_simulated,2026-07-10T16:52:56.985275+00:00,1,False,2014000.0,1007000.0,3.2,0.0064,0.00054,0.9972229394783589,"Run - Jul 10, 2026 at 22:18:59"
Q15,66,1653045.285226866,826522.6457288465,0.008707308272702677,0.0006952001327674723,0.01198,3.2003115347251403,15.012461654540536,-6.63837361152974e-09,-4966.572268009884,Active,ionq_forte_simulated,2026-07-10T16:52:56.988271+00:00,1,False,2015000.0,1007500.0,3.2,0.006500000000000001,0.00055,0.997179247478359,"Run - Jul 10, 2026 at 22:18:59"
Q16,66,1653865.655080004,826932.8306554155,0.008840308272702676,0.0007078401327674723,0.01198,3.2003115347251403,15.012461654540536,-6.63837361152974e-09,-4969.037072927924,Active,ionq_forte_simulated,2026-07-10T16:52:56.991275+00:00,1,False,2016000.0,1008000.0,3.2,0.0066,0.0005600000000000001,0.997135555478359,"Run - Jul 10, 2026 at 22:18:59"
Q17,66,1654686.0249331417,827343.0155819844,0.008973308272702676,0.0007204801327674723,0.01198,3.2003115347251403,15.012461654540536,-6.63837361152974e-09,-4971.501877846196,Active,ionq_forte_simulated,2026-07-10T16:52:56.995273+00:00,1,False,2017000.0,1008500.0,3.2,0.0067,0.00057,0.997091863478359,"Run - Jul 10, 2026 at 22:18:59"
Q18,66,1655506.3947862794,827753.2005085533,0.009106308272702677,0.0007331201327674722,0.01198,3.2003115347251403,15.012461654540536,-6.63837361152974e-09,-4973.966682764469,Active,ionq_forte_simulated,2026-07-10T16:52:56.998272+00:00,1,False,2018000.0,1009000.0,3.2,0.0068000000000000005,0.00058,0.997048171478359,"Run - Jul 10, 2026 at 22:18:59"
Q19,66,1656326.7646394174,828163.3854351223,0.009239308272702676,0.0007457601327674723,0.01198,3.2003115347251403,15.012461654540536,-6.63837361152974e-09,-4976.431487682508,Active,ionq_forte_simulated,2026-07-10T16:52:57.002280+00:00,1,False,2019000.0,1009500.0,3.2,0.0069,0.00059,0.997004479478359,"Run - Jul 10, 2026 at 22:18:59"
Q20,66,1657147.1344925552,828573.5703616912,0.009372308272702676,0.0007584001327674724,0.01198,3.2003115347251403,15.012461654540536,-6.63837361152974e-09,-4978.896292600781,Active,ionq_forte_simulated,2026-07-10T16:52:57.005279+00:00,1,False,2020000.0,1010000.0,3.2,0.007,0.0006000000000000001,0.996960787478359,"Run - Jul 10, 2026 at 22:18:59"
Q21,66,1657967.504345693,828983.75528826,0.009505308272702677,0.0007710401327674723,0.01198,3.2003115347251403,15.012461654540536,-6.63837361152974e-09,-4981.361097519053,Active,ionq_forte_simulated,2026-07-10T16:52:57.009283+00:00,1,False,2021000.0,1010500.0,3.2,0.0071,0.0006100000000000001,0.9969170954783589,"Run - Jul 10, 2026 at 22:18:59"
Q22,66,1658787.874198831,829393.940214829,0.009638308272702675,0.0007836801327674723,0.01198,3.2003115347251403,15.012461654540536,-6.63837361152974e-09,-4983.825902437093,Active,ionq_forte_simulated,2026-07-10T16:52:57.012454+00:00,1,False,2022000.0,1011000.0,3.2,0.0072,0.00062,0.996873403478359,"Run - Jul 10, 2026 at 22:18:59"
Q23,66,1659608.2440519687,829804.1251413979,0.009771308272702676,0.0007963201327674722,0.01198,3.2003115347251403,15.012461654540536,-6.63837361152974e-09,-4986.290707355365,Active,ionq_forte_simulated,2026-07-10T16:52:57.016535+00:00,1,False,2023000.0,1011500.0,3.2,0.0073,0.00063,0.996829711478359,"Run - Jul 10, 2026 at 22:18:59"
Q24,66,1660428.6139051064,830214.3100679668,0.009904308272702677,0.0008089601327674723,0.01198,3.2003115347251403,15.012461654540536,-6.63837361152974e-09,-4988.755512273638,Active,ionq_forte_simulated,2026-07-10T16:52:57.020534+00:00,1,False,2024000.0,1012000.0,3.2,0.0074,0.00064,0.9967860194783589,"Run - Jul 10, 2026 at 22:18:59"
Q0,67,1635824.9035927108,817912.4558448546,0.00675596998412332,0.0005072049103472394,0.012010000000000002,3.200404604403255,15.016193996824663,-2.4551736196512025e-07,-4914.833837087732,Active,ionq_forte_simulated,2026-07-10T16:53:02.405284+00:00,1,False,2000000.0,1000000.0,3.2,0.005,0.0004,0.9978210475316588,"Run - Jul 10, 2026 at 22:18:59"
Q1,67,1636642.8160242648,818321.4120606316,0.00688946998412332,0.0005198849103472393,0.012010000000000002,3.200404604403255,15.016193996824663,-2.4551736196512025e-07,-4917.291258671554,Active,ionq_forte_simulated,2026-07-10T16:53:02.408285+00:00,1,False,2001000.0,1000500.0,3.2,0.0051,0.00041000000000000005,0.9977771935316588,"Run - Jul 10, 2026 at 22:18:59"
Q2,67,1637460.7284558185,818730.3682764084,0.007022969984123319,0.0005325649103472393,0.012010000000000002,3.200404604403255,15.016193996824663,-2.4551736196512025e-07,-4919.748680255609,Active,ionq_forte_simulated,2026-07-10T16:53:02.411282+00:00,1,False,2002000.0,1001000.0,3.2,0.0052,0.00042,0.9977333395316589,"Run - Jul 10, 2026 at 22:18:59"
Q3,67,1638278.6408873724,819139.3244921854,0.00715646998412332,0.0005452449103472394,0.012010000000000002,3.200404604403255,15.016193996824663,-2.4551736196512025e-07,-4922.2061018396635,Active,ionq_forte_simulated,2026-07-10T16:53:02.413284+00:00,1,False,2003000.0,1001500.0,3.2,0.0053,0.00043000000000000004,0.9976894855316588,"Run - Jul 10, 2026 at 22:18:59"
Q4,67,1639096.5533189264,819548.2807079623,0.00728996998412332,0.0005579249103472393,0.012010000000000002,3.200404604403255,15.016193996824663,-2.4551736196512025e-07,-4924.6635234234855,Active,ionq_forte_simulated,2026-07-10T16:53:02.416282+00:00,1,False,2004000.0,1002000.0,3.2,0.0054,0.00044,0.9976456315316587,"Run - Jul 10, 2026 at 22:18:59"
Q5,67,1639914.46575048,819957.2369237392,0.007423469984123319,0.0005706049103472394,0.012010000000000002,3.200404604403255,15.016193996824663,-2.4551736196512025e-07,-4927.12094500754,Active,ionq_forte_simulated,2026-07-10T16:53:02.418282+00:00,1,False,2005000.0,1002500.0,3.2,0.0055,0.00045000000000000004,0.9976017775316588,"Run - Jul 10, 2026 at 22:18:59"
Q6,67,1640732.378182034,820366.1931395162,0.0075569699841233195,0.0005832849103472393,0.012010000000000002,3.200404604403255,15.016193996824663,-2.4551736196512025e-07,-4929.578366591595,Active,ionq_forte_simulated,2026-07-10T16:53:02.420823+00:00,1,False,2006000.0,1003000.0,3.2,0.0056,0.00046,0.9975579235316588,"Run - Jul 10, 2026 at 22:18:59"
Q7,67,1641550.290613588,820775.1493552931,0.007690469984123319,0.0005959649103472394,0.012010000000000002,3.200404604403255,15.016193996824663,-2.4551736196512025e-07,-4932.035788175417,Active,ionq_forte_simulated,2026-07-10T16:53:02.423826+00:00,1,False,2007000.0,1003500.0,3.2,0.0057,0.00047000000000000004,0.9975140695316589,"Run - Jul 10, 2026 at 22:18:59"
Q8,67,1642368.2030451417,821184.10557107,0.007823969984123321,0.0006086449103472393,0.012010000000000002,3.200404604403255,15.016193996824663,-2.4551736196512025e-07,-4934.493209759472,Active,ionq_forte_simulated,2026-07-10T16:53:02.425823+00:00,1,False,2008000.0,1004000.0,3.2,0.0058000000000000005,0.00048,0.9974702155316588,"Run - Jul 10, 2026 at 22:18:59"
Q9,67,1643186.1154766956,821593.061786847,0.00795746998412332,0.0006213249103472392,0.012010000000000002,3.200404604403255,15.016193996824663,-2.4551736196512025e-07,-4936.950631343527,Active,ionq_forte_simulated,2026-07-10T16:53:02.428832+00:00,1,False,2009000.0,1004500.0,3.2,0.0059,0.00049,0.9974263615316589,"Run - Jul 10, 2026 at 22:18:59"
Q10,67,1644004.0279082495,822002.0180026239,0.00809096998412332,0.0006340049103472393,0.012010000000000002,3.200404604403255,15.016193996824663,-2.4551736196512025e-07,-4939.408052927349,Active,ionq_forte_simulated,2026-07-10T16:53:02.431832+00:00,1,False,2010000.0,1005000.0,3.2,0.006,0.0005,0.9973825075316588,"Run - Jul 10, 2026 at 22:18:59"
Q11,67,1644821.9403398032,822410.9742184008,0.00822446998412332,0.0006466849103472393,0.012010000000000002,3.200404604403255,15.016193996824663,-2.4551736196512025e-07,-4941.865474511404,Active,ionq_forte_simulated,2026-07-10T16:53:02.434385+00:00,1,False,2011000.0,1005500.0,3.2,0.0061,0.00051,0.9973386535316588,"Run - Jul 10, 2026 at 22:18:59"
Q12,67,1645639.8527713572,822819.9304341777,0.00835796998412332,0.0006593649103472394,0.012010000000000002,3.200404604403255,15.016193996824663,-2.4551736196512025e-07,-4944.322896095226,Active,ionq_forte_simulated,2026-07-10T16:53:02.436407+00:00,1,False,2012000.0,1006000.0,3.2,0.006200000000000001,0.0005200000000000001,0.9972947995316589,"Run - Jul 10, 2026 at 22:18:59"
Q13,67,1646457.765202911,823228.8866499547,0.008491469984123319,0.0006720449103472394,0.012010000000000002,3.200404604403255,15.016193996824663,-2.4551736196512025e-07,-4946.78031767928,Active,ionq_forte_simulated,2026-07-10T16:53:02.439415+00:00,1,False,2013000.0,1006500.0,3.2,0.0063,0.0005300000000000001,0.9972509455316588,"Run - Jul 10, 2026 at 22:18:59"
Q14,67,1647275.6776344648,823637.8428657316,0.008624969984123319,0.0006847249103472393,0.012010000000000002,3.200404604403255,15.016193996824663,-2.4551736196512025e-07,-4949.237739263335,Active,ionq_forte_simulated,2026-07-10T16:53:02.442415+00:00,1,False,2014000.0,1007000.0,3.2,0.0064,0.00054,0.9972070915316589,"Run - Jul 10, 2026 at 22:18:59"
Q15,67,1648093.5900660187,824046.7990815085,0.00875846998412332,0.0006974049103472393,0.012010000000000002,3.200404604403255,15.016193996824663,-2.4551736196512025e-07,-4951.695160847157,Active,ionq_forte_simulated,2026-07-10T16:53:02.444457+00:00,1,False,2015000.0,1007500.0,3.2,0.006500000000000001,0.00055,0.9971632375316588,"Run - Jul 10, 2026 at 22:18:59"
Q16,67,1648911.5024975727,824455.7552972855,0.008891969984123319,0.0007100849103472394,0.012010000000000002,3.200404604403255,15.016193996824663,-2.4551736196512025e-07,-4954.152582431212,Active,ionq_forte_simulated,2026-07-10T16:53:02.447459+00:00,1,False,2016000.0,1008000.0,3.2,0.0066,0.0005600000000000001,0.9971193835316589,"Run - Jul 10, 2026 at 22:18:59"
Q17,67,1649729.4149291264,824864.7115130624,0.009025469984123319,0.0007227649103472393,0.012010000000000002,3.200404604403255,15.016193996824663,-2.4551736196512025e-07,-4956.610004015267,Active,ionq_forte_simulated,2026-07-10T16:53:02.449461+00:00,1,False,2017000.0,1008500.0,3.2,0.0067,0.00057,0.9970755295316589,"Run - Jul 10, 2026 at 22:18:59"
Q18,67,1650547.3273606803,825273.6677288393,0.00915896998412332,0.0007354449103472392,0.012010000000000002,3.200404604403255,15.016193996824663,-2.4551736196512025e-07,-4959.067425599089,Active,ionq_forte_simulated,2026-07-10T16:53:02.451454+00:00,1,False,2018000.0,1009000.0,3.2,0.0068000000000000005,0.00058,0.9970316755316588,"Run - Jul 10, 2026 at 22:18:59"
Q19,67,1651365.2397922343,825682.6239446163,0.009292469984123319,0.0007481249103472393,0.012010000000000002,3.200404604403255,15.016193996824663,-2.4551736196512025e-07,-4961.524847183144,Active,ionq_forte_simulated,2026-07-10T16:53:02.454455+00:00,1,False,2019000.0,1009500.0,3.2,0.0069,0.00059,0.9969878215316588,"Run - Jul 10, 2026 at 22:18:59"
Q20,67,1652183.152223788,826091.5801603931,0.009425969984123319,0.0007608049103472393,0.012010000000000002,3.200404604403255,15.016193996824663,-2.4551736196512025e-07,-4963.982268767199,Active,ionq_forte_simulated,2026-07-10T16:53:02.457459+00:00,1,False,2020000.0,1010000.0,3.2,0.007,0.0006000000000000001,0.9969439675316587,"Run - Jul 10, 2026 at 22:18:59"
Q21,67,1653001.064655342,826500.5363761701,0.00955946998412332,0.0007734849103472394,0.012010000000000002,3.200404604403255,15.016193996824663,-2.4551736196512025e-07,-4966.4396903510205,Active,ionq_forte_simulated,2026-07-10T16:53:02.460457+00:00,1,False,2021000.0,1010500.0,3.2,0.0071,0.0006100000000000001,0.9969001135316589,"Run - Jul 10, 2026 at 22:18:59"
Q22,67,1653818.9770868958,826909.4925919471,0.009692969984123318,0.0007861649103472393,0.012010000000000002,3.200404604403255,15.016193996824663,-2.4551736196512025e-07,-4968.897111935075,Active,ionq_forte_simulated,2026-07-10T16:53:02.462457+00:00,1,False,2022000.0,1011000.0,3.2,0.0072,0.00062,0.9968562595316588,"Run - Jul 10, 2026 at 22:18:59"
Q23,67,1654636.8895184495,827318.4488077239,0.00982646998412332,0.0007988449103472394,0.012010000000000002,3.200404604403255,15.016193996824663,-2.4551736196512025e-07,-4971.35453351913,Active,ionq_forte_simulated,2026-07-10T16:53:02.465457+00:00,1,False,2023000.0,1011500.0,3.2,0.0073,0.00063,0.996812405531659,"Run - Jul 10, 2026 at 22:18:59"
Q24,67,1655454.8019500035,827727.4050235009,0.00995996998412332,0.0008115249103472393,0.012010000000000002,3.200404604403255,15.016193996824663,-2.4551736196512025e-07,-4973.811955102952,Active,ionq_forte_simulated,2026-07-10T16:53:02.467456+00:00,1,False,2024000.0,1012000.0,3.2,0.0074,0.00064,0.9967685515316589,"Run - Jul 10, 2026 at 22:18:59"
Q0,68,1630924.7917859205,815462.4008340938,0.006798822670227722,0.0005088084857027479,0.01204,3.2004936890660014,15.019764534045544,-4.242851373923026e-07,-4900.111806790344,Active,ionq_forte_simulated,2026-07-10T16:53:07.922436+00:00,1,False,2000000.0,1000000.0,3.2,0.005,0.0004,0.9978077106532208,"Run - Jul 10, 2026 at 22:18:59"
Q1,68,1631740.2541571078,815870.1320196874,0.006932822670227722,0.0005215284857027479,0.01204,3.2004936890660014,15.019764534045544,-4.242851373923026e-07,-4902.561867156997,Active,ionq_forte_simulated,2026-07-10T16:53:07.925433+00:00,1,False,2001000.0,1000500.0,3.2,0.0051,0.00041000000000000005,0.9977636946532208,"Run - Jul 10, 2026 at 22:18:59"
Q2,68,1632555.716528295,816277.8632052811,0.007066822670227722,0.000534248485702748,0.01204,3.2004936890660014,15.019764534045544,-4.242851373923026e-07,-4905.011927523417,Active,ionq_forte_simulated,2026-07-10T16:53:07.929436+00:00,1,False,2002000.0,1001000.0,3.2,0.0052,0.00042,0.9977196786532209,"Run - Jul 10, 2026 at 22:18:59"
Q3,68,1633371.1788994824,816685.5943908747,0.007200822670227722,0.000546968485702748,0.01204,3.2004936890660014,15.019764534045544,-4.242851373923026e-07,-4907.46198789007,Active,ionq_forte_simulated,2026-07-10T16:53:07.932426+00:00,1,False,2003000.0,1001500.0,3.2,0.0053,0.00043000000000000004,0.9976756626532209,"Run - Jul 10, 2026 at 22:18:59"
Q4,68,1634186.6412706696,817093.3255764684,0.007334822670227723,0.0005596884857027479,0.01204,3.2004936890660014,15.019764534045544,-4.242851373923026e-07,-4909.912048256723,Active,ionq_forte_simulated,2026-07-10T16:53:07.935435+00:00,1,False,2004000.0,1002000.0,3.2,0.0054,0.00044,0.9976316466532209,"Run - Jul 10, 2026 at 22:18:59"
Q5,68,1635002.103641857,817501.056762062,0.007468822670227721,0.0005724084857027479,0.01204,3.2004936890660014,15.019764534045544,-4.242851373923026e-07,-4912.362108623143,Active,ionq_forte_simulated,2026-07-10T16:53:07.938450+00:00,1,False,2005000.0,1002500.0,3.2,0.0055,0.00045000000000000004,0.9975876306532209,"Run - Jul 10, 2026 at 22:18:59"
Q6,68,1635817.5660130442,817908.7879476557,0.007602822670227722,0.000585128485702748,0.01204,3.2004936890660014,15.019764534045544,-4.242851373923026e-07,-4914.812168989796,Active,ionq_forte_simulated,2026-07-10T16:53:07.942659+00:00,1,False,2006000.0,1003000.0,3.2,0.0056,0.00046,0.9975436146532208,"Run - Jul 10, 2026 at 22:18:59"
Q7,68,1636633.0283842315,818316.5191332493,0.007736822670227722,0.000597848485702748,0.01204,3.2004936890660014,15.019764534045544,-4.242851373923026e-07,-4917.262229356449,Active,ionq_forte_simulated,2026-07-10T16:53:07.945241+00:00,1,False,2007000.0,1003500.0,3.2,0.0057,0.00047000000000000004,0.9974995986532209,"Run - Jul 10, 2026 at 22:18:59"
Q8,68,1637448.4907554188,818724.2503188429,0.007870822670227724,0.0006105684857027479,0.01204,3.2004936890660014,15.019764534045544,-4.242851373923026e-07,-4919.712289722869,Active,ionq_forte_simulated,2026-07-10T16:53:07.948743+00:00,1,False,2008000.0,1004000.0,3.2,0.0058000000000000005,0.00048,0.9974555826532208,"Run - Jul 10, 2026 at 22:18:59"
Q9,68,1638263.953126606,819131.9815044366,0.008004822670227722,0.0006232884857027479,0.01204,3.2004936890660014,15.019764534045544,-4.242851373923026e-07,-4922.162350089522,Active,ionq_forte_simulated,2026-07-10T16:53:07.951756+00:00,1,False,2009000.0,1004500.0,3.2,0.0059,0.00049,0.9974115666532208,"Run - Jul 10, 2026 at 22:18:59"
Q10,68,1639079.4154977934,819539.7126900302,0.008138822670227723,0.000636008485702748,0.01204,3.2004936890660014,15.019764534045544,-4.242851373923026e-07,-4924.612410456175,Active,ionq_forte_simulated,2026-07-10T16:53:07.954759+00:00,1,False,2010000.0,1005000.0,3.2,0.006,0.0005,0.9973675506532209,"Run - Jul 10, 2026 at 22:18:59"
Q11,68,1639894.8778689806,819947.4438756239,0.008272822670227723,0.000648728485702748,0.01204,3.2004936890660014,15.019764534045544,-4.242851373923026e-07,-4927.062470822595,Active,ionq_forte_simulated,2026-07-10T16:53:07.958759+00:00,1,False,2011000.0,1005500.0,3.2,0.0061,0.00051,0.9973235346532208,"Run - Jul 10, 2026 at 22:18:59"
Q12,68,1640710.340240168,820355.1750612175,0.008406822670227724,0.000661448485702748,0.01204,3.2004936890660014,15.019764534045544,-4.242851373923026e-07,-4929.512531189248,Active,ionq_forte_simulated,2026-07-10T16:53:07.961768+00:00,1,False,2012000.0,1006000.0,3.2,0.006200000000000001,0.0005200000000000001,0.9972795186532208,"Run - Jul 10, 2026 at 22:18:59"
Q13,68,1641525.8026113552,820762.9062468112,0.008540822670227722,0.000674168485702748,0.01204,3.2004936890660014,15.019764534045544,-4.242851373923026e-07,-4931.962591555901,Active,ionq_forte_simulated,2026-07-10T16:53:07.964763+00:00,1,False,2013000.0,1006500.0,3.2,0.0063,0.0005300000000000001,0.9972355026532209,"Run - Jul 10, 2026 at 22:18:59"
Q14,68,1642341.2649825425,821170.6374324048,0.008674822670227723,0.000686888485702748,0.01204,3.2004936890660014,15.019764534045544,-4.242851373923026e-07,-4934.412651922321,Active,ionq_forte_simulated,2026-07-10T16:53:07.967755+00:00,1,False,2014000.0,1007000.0,3.2,0.0064,0.00054,0.9971914866532209,"Run - Jul 10, 2026 at 22:18:59"
Q15,68,1643156.7273537298,821578.3686179984,0.008808822670227723,0.000699608485702748,0.01204,3.2004936890660014,15.019764534045544,-4.242851373923026e-07,-4936.862712288974,Active,ionq_forte_simulated,2026-07-10T16:53:07.971759+00:00,1,False,2015000.0,1007500.0,3.2,0.006500000000000001,0.00055,0.9971474706532208,"Run - Jul 10, 2026 at 22:18:59"
Q16,68,1643972.189724917,821986.0998035921,0.008942822670227724,0.000712328485702748,0.01204,3.2004936890660014,15.019764534045544,-4.242851373923026e-07,-4939.312772655627,Active,ionq_forte_simulated,2026-07-10T16:53:07.974760+00:00,1,False,2016000.0,1008000.0,3.2,0.0066,0.0005600000000000001,0.9971034546532209,"Run - Jul 10, 2026 at 22:18:59"
Q17,68,1644787.6520961043,822393.8309891857,0.009076822670227724,0.0007250484857027478,0.01204,3.2004936890660014,15.019764534045544,-4.242851373923026e-07,-4941.762833022047,Active,ionq_forte_simulated,2026-07-10T16:53:07.978765+00:00,1,False,2017000.0,1008500.0,3.2,0.0067,0.00057,0.9970594386532208,"Run - Jul 10, 2026 at 22:18:59"
Q18,68,1645603.1144672916,822801.5621747794,0.009210822670227724,0.000737768485702748,0.01204,3.2004936890660014,15.019764534045544,-4.242851373923026e-07,-4944.2128933887,Active,ionq_forte_simulated,2026-07-10T16:53:07.981762+00:00,1,False,2018000.0,1009000.0,3.2,0.0068000000000000005,0.00058,0.9970154226532209,"Run - Jul 10, 2026 at 22:18:59"
Q19,68,1646418.576838479,823209.293360373,0.009344822670227723,0.000750488485702748,0.01204,3.2004936890660014,15.019764534045544,-4.242851373923026e-07,-4946.662953755353,Active,ionq_forte_simulated,2026-07-10T16:53:07.984757+00:00,1,False,2019000.0,1009500.0,3.2,0.0069,0.00059,0.9969714066532209,"Run - Jul 10, 2026 at 22:18:59"
Q20,68,1647234.0392096662,823617.0245459666,0.009478822670227724,0.000763208485702748,0.01204,3.2004936890660014,15.019764534045544,-4.242851373923026e-07,-4949.113014121773,Active,ionq_forte_simulated,2026-07-10T16:53:07.987766+00:00,1,False,2020000.0,1010000.0,3.2,0.007,0.0006000000000000001,0.996927390653221,"Run - Jul 10, 2026 at 22:18:59"
Q21,68,1648049.5015808535,824024.7557315603,0.009612822670227724,0.000775928485702748,0.01204,3.2004936890660014,15.019764534045544,-4.242851373923026e-07,-4951.563074488426,Active,ionq_forte_simulated,2026-07-10T16:53:07.991761+00:00,1,False,2021000.0,1010500.0,3.2,0.0071,0.0006100000000000001,0.9968833746532209,"Run - Jul 10, 2026 at 22:18:59"
Q22,68,1648864.9639520408,824432.4869171539,0.009746822670227723,0.000788648485702748,0.01204,3.2004936890660014,15.019764534045544,-4.242851373923026e-07,-4954.0131348550785,Active,ionq_forte_simulated,2026-07-10T16:53:07.994762+00:00,1,False,2022000.0,1011000.0,3.2,0.0072,0.00062,0.9968393586532209,"Run - Jul 10, 2026 at 22:18:59"
Q23,68,1649680.426323228,824840.2181027476,0.009880822670227723,0.000801368485702748,0.01204,3.2004936890660014,15.019764534045544,-4.242851373923026e-07,-4956.463195221499,Active,ionq_forte_simulated,2026-07-10T16:53:07.997755+00:00,1,False,2023000.0,1011500.0,3.2,0.0073,0.00063,0.9967953426532209,"Run - Jul 10, 2026 at 22:18:59"
Q24,68,1650495.8886944156,825247.9492883413,0.010014822670227724,0.000814088485702748,0.01204,3.2004936890660014,15.019764534045544,-4.242851373923026e-07,-4958.913255587919,Active,ionq_forte_simulated,2026-07-10T16:53:08.001760+00:00,1,False,2024000.0,1012000.0,3.2,0.0074,0.00064,0.9967513266532209,"Run - Jul 10, 2026 at 22:18:59"
Q0,69,1626039.3578191185,813019.6846939569,0.00684068795287764,0.0005104099834622746,0.01207,3.2005779405912747,15.023137590575528,-4.991731137243711e-07,-4885.4339668019675,Active,ionq_forte_simulated,2026-07-10T16:53:13.109784+00:00,1,False,2000000.0,1000000.0,3.2,0.005,0.0004,0.9977946706190981,"Run - Jul 10, 2026 at 22:18:59"
Q1,69,1626852.377469106,813426.1945189507,0.00697518795287764,0.0005231699834622746,0.01207,3.2005779405912747,15.023137590575528,-4.991731137243711e-07,-4887.876688001677,Active,ionq_forte_simulated,2026-07-10T16:53:13.112785+00:00,1,False,2001000.0,1000500.0,3.2,0.0051,0.00041000000000000005,0.9977504926190981,"Run - Jul 10, 2026 at 22:18:59"
Q2,69,1627665.3971190937,813832.7043439444,0.00710968795287764,0.0005359299834622746,0.01207,3.2005779405912747,15.023137590575528,-4.991731137243711e-07,-4890.319409201387,Active,ionq_forte_simulated,2026-07-10T16:53:13.115784+00:00,1,False,2002000.0,1001000.0,3.2,0.0052,0.00042,0.997706314619098,"Run - Jul 10, 2026 at 22:18:59"
Q3,69,1628478.4167690813,814239.2141689382,0.0072441879528776405,0.0005486899834622746,0.01207,3.2005779405912747,15.023137590575528,-4.991731137243711e-07,-4892.762130401097,Active,ionq_forte_simulated,2026-07-10T16:53:13.118779+00:00,1,False,2003000.0,1001500.0,3.2,0.0053,0.00043000000000000004,0.9976621366190981,"Run - Jul 10, 2026 at 22:18:59"
Q4,69,1629291.4364190688,814645.723993932,0.007378687952877641,0.0005614499834622746,0.01207,3.2005779405912747,15.023137590575528,-4.991731137243711e-07,-4895.204851600807,Active,ionq_forte_simulated,2026-07-10T16:53:13.122797+00:00,1,False,2004000.0,1002000.0,3.2,0.0054,0.00044,0.9976179586190979,"Run - Jul 10, 2026 at 22:18:59"
Q5,69,1630104.4560690564,815052.2338189258,0.00751318795287764,0.0005742099834622746,0.01207,3.2005779405912747,15.023137590575528,-4.991731137243711e-07,-4897.647572800517,Active,ionq_forte_simulated,2026-07-10T16:53:13.125794+00:00,1,False,2005000.0,1002500.0,3.2,0.0055,0.00045000000000000004,0.9975737806190981,"Run - Jul 10, 2026 at 22:18:59"
Q6,69,1630917.475719044,815458.7436439196,0.00764768795287764,0.0005869699834622745,0.01207,3.2005779405912747,15.023137590575528,-4.991731137243711e-07,-4900.090294000227,Active,ionq_forte_simulated,2026-07-10T16:53:13.128796+00:00,1,False,2006000.0,1003000.0,3.2,0.0056,0.00046,0.9975296026190981,"Run - Jul 10, 2026 at 22:18:59"
Q7,69,1631730.4953690316,815865.2534689134,0.00778218795287764,0.0005997299834622746,0.01207,3.2005779405912747,15.023137590575528,-4.991731137243711e-07,-4902.533015199937,Active,ionq_forte_simulated,2026-07-10T16:53:13.131790+00:00,1,False,2007000.0,1003500.0,3.2,0.0057,0.00047000000000000004,0.9974854246190981,"Run - Jul 10, 2026 at 22:18:59"
Q8,69,1632543.5150190191,816271.7632939072,0.00791668795287764,0.0006124899834622745,0.01207,3.2005779405912747,15.023137590575528,-4.991731137243711e-07,-4904.975736399647,Active,ionq_forte_simulated,2026-07-10T16:53:13.134300+00:00,1,False,2008000.0,1004000.0,3.2,0.0058000000000000005,0.00048,0.997441246619098,"Run - Jul 10, 2026 at 22:18:59"
Q9,69,1633356.5346690067,816678.273118901,0.00805118795287764,0.0006252499834622745,0.01207,3.2005779405912747,15.023137590575528,-4.991731137243711e-07,-4907.418457599357,Active,ionq_forte_simulated,2026-07-10T16:53:13.137316+00:00,1,False,2009000.0,1004500.0,3.2,0.0059,0.00049,0.997397068619098,"Run - Jul 10, 2026 at 22:18:59"
Q10,69,1634169.5543189943,817084.7829438947,0.00818568795287764,0.0006380099834622745,0.01207,3.2005779405912747,15.023137590575528,-4.991731137243711e-07,-4909.861178799067,Active,ionq_forte_simulated,2026-07-10T16:53:13.140983+00:00,1,False,2010000.0,1005000.0,3.2,0.006,0.0005,0.997352890619098,"Run - Jul 10, 2026 at 22:18:59"
Q11,69,1634982.5739689819,817491.2927688885,0.00832018795287764,0.0006507699834622746,0.01207,3.2005779405912747,15.023137590575528,-4.991731137243711e-07,-4912.303899998777,Active,ionq_forte_simulated,2026-07-10T16:53:13.143998+00:00,1,False,2011000.0,1005500.0,3.2,0.0061,0.00051,0.9973087126190981,"Run - Jul 10, 2026 at 22:18:59"
Q12,69,1635795.5936189694,817897.8025938823,0.00845468795287764,0.0006635299834622747,0.01207,3.2005779405912747,15.023137590575528,-4.991731137243711e-07,-4914.7466211984865,Active,ionq_forte_simulated,2026-07-10T16:53:13.146998+00:00,1,False,2012000.0,1006000.0,3.2,0.006200000000000001,0.0005200000000000001,0.997264534619098,"Run - Jul 10, 2026 at 22:18:59"
Q13,69,1636608.613268957,818304.3124188761,0.00858918795287764,0.0006762899834622747,0.01207,3.2005779405912747,15.023137590575528,-4.991731137243711e-07,-4917.1893423981965,Active,ionq_forte_simulated,2026-07-10T16:53:13.149998+00:00,1,False,2013000.0,1006500.0,3.2,0.0063,0.0005300000000000001,0.997220356619098,"Run - Jul 10, 2026 at 22:18:59"
Q14,69,1637421.6329189446,818710.8222438699,0.00872368795287764,0.0006890499834622746,0.01207,3.2005779405912747,15.023137590575528,-4.991731137243711e-07,-4919.632063597906,Active,ionq_forte_simulated,2026-07-10T16:53:13.152996+00:00,1,False,2014000.0,1007000.0,3.2,0.0064,0.00054,0.997176178619098,"Run - Jul 10, 2026 at 22:18:59"
Q15,69,1638234.6525689322,819117.3320688637,0.00885818795287764,0.0007018099834622746,0.01207,3.2005779405912747,15.023137590575528,-4.991731137243711e-07,-4922.074784797616,Active,ionq_forte_simulated,2026-07-10T16:53:13.156539+00:00,1,False,2015000.0,1007500.0,3.2,0.006500000000000001,0.00055,0.997132000619098,"Run - Jul 10, 2026 at 22:18:59"
Q16,69,1639047.6722189197,819523.8418938575,0.008992687952877639,0.0007145699834622746,0.01207,3.2005779405912747,15.023137590575528,-4.991731137243711e-07,-4924.517505997326,Active,ionq_forte_simulated,2026-07-10T16:53:13.159538+00:00,1,False,2016000.0,1008000.0,3.2,0.0066,0.0005600000000000001,0.997087822619098,"Run - Jul 10, 2026 at 22:18:59"
Q17,69,1639860.6918689073,819930.3517188512,0.00912718795287764,0.0007273299834622745,0.01207,3.2005779405912747,15.023137590575528,-4.991731137243711e-07,-4926.960227197036,Active,ionq_forte_simulated,2026-07-10T16:53:13.162538+00:00,1,False,2017000.0,1008500.0,3.2,0.0067,0.00057,0.997043644619098,"Run - Jul 10, 2026 at 22:18:59"
Q18,69,1640673.7115188949,820336.861543845,0.009261687952877639,0.0007400899834622746,0.01207,3.2005779405912747,15.023137590575528,-4.991731137243711e-07,-4929.402948396746,Active,ionq_forte_simulated,2026-07-10T16:53:13.165537+00:00,1,False,2018000.0,1009000.0,3.2,0.0068000000000000005,0.00058,0.996999466619098,"Run - Jul 10, 2026 at 22:18:59"
Q19,69,1641486.7311688825,820743.3713688388,0.009396187952877638,0.0007528499834622746,0.01207,3.2005779405912747,15.023137590575528,-4.991731137243711e-07,-4931.845669596456,Active,ionq_forte_simulated,2026-07-10T16:53:13.168534+00:00,1,False,2019000.0,1009500.0,3.2,0.0069,0.00059,0.996955288619098,"Run - Jul 10, 2026 at 22:18:59"
Q20,69,1642299.7508188698,821149.8811938325,0.009530687952877639,0.0007656099834622746,0.01207,3.2005779405912747,15.023137590575528,-4.991731137243711e-07,-4934.288390796399,Active,ionq_forte_simulated,2026-07-10T16:53:13.172540+00:00,1,False,2020000.0,1010000.0,3.2,0.007,0.0006000000000000001,0.996911110619098,"Run - Jul 10, 2026 at 22:18:59"
Q21,69,1643112.7704688574,821556.3910188263,0.00966518795287764,0.0007783699834622746,0.01207,3.2005779405912747,15.023137590575528,-4.991731137243711e-07,-4936.731111996109,Active,ionq_forte_simulated,2026-07-10T16:53:13.176139+00:00,1,False,2021000.0,1010500.0,3.2,0.0071,0.0006100000000000001,0.996866932619098,"Run - Jul 10, 2026 at 22:18:59"
Q22,69,1643925.790118845,821962.9008438201,0.00979968795287764,0.0007911299834622745,0.01207,3.2005779405912747,15.023137590575528,-4.991731137243711e-07,-4939.173833195819,Active,ionq_forte_simulated,2026-07-10T16:53:13.179767+00:00,1,False,2022000.0,1011000.0,3.2,0.0072,0.00062,0.996822754619098,"Run - Jul 10, 2026 at 22:18:59"
Q23,69,1644738.8097688325,822369.4106688139,0.009934187952877638,0.0008038899834622746,0.01207,3.2005779405912747,15.023137590575528,-4.991731137243711e-07,-4941.6165543955285,Active,ionq_forte_simulated,2026-07-10T16:53:13.182763+00:00,1,False,2023000.0,1011500.0,3.2,0.0073,0.00063,0.9967785766190981,"Run - Jul 10, 2026 at 22:18:59"
Q24,69,1645551.82941882,822775.9204938076,0.01006868795287764,0.0008166499834622746,0.01207,3.2005779405912747,15.023137590575528,-4.991731137243711e-07,-4944.059275595471,Active,ionq_forte_simulated,2026-07-10T16:53:13.184761+00:00,1,False,2024000.0,1012000.0,3.2,0.0074,0.00064,0.996734398619098,"Run - Jul 10, 2026 at 22:18:59"
Q0,70,1621168.5576390342,810584.2853893831,0.006881397319743758,0.000512009036922051,0.0121,3.2006565347526164,15.026279463948752,-4.5184610254575334e-07,-4870.800180084305,Active,ionq_forte_simulated,2026-07-10T16:53:18.627460+00:00,1,False,2000000.0,1000000.0,3.2,0.005,0.0004,0.9977819780930002,"Run - Jul 10, 2026 at 22:18:59"
Q1,70,1621979.1418850042,810989.5775123681,0.007016397319743759,0.000524809036922051,0.0121,3.2006565347526164,15.026279463948752,-4.5184610254575334e-07,-4873.2355841018725,Active,ionq_forte_simulated,2026-07-10T16:53:18.630454+00:00,1,False,2001000.0,1000500.0,3.2,0.0051,0.00041000000000000005,0.9977376380930003,"Run - Jul 10, 2026 at 22:18:59"
Q2,70,1622789.7261309745,811394.8696353532,0.007151397319743758,0.000537609036922051,0.0121,3.2006565347526164,15.026279463948752,-4.5184610254575334e-07,-4875.670988119207,Active,ionq_forte_simulated,2026-07-10T16:53:18.633975+00:00,1,False,2002000.0,1001000.0,3.2,0.0052,0.00042,0.9976932980930002,"Run - Jul 10, 2026 at 22:18:59"
Q3,70,1623600.3103769447,811800.1617583383,0.007286397319743758,0.000550409036922051,0.0121,3.2006565347526164,15.026279463948752,-4.5184610254575334e-07,-4878.106392136542,Active,ionq_forte_simulated,2026-07-10T16:53:18.637989+00:00,1,False,2003000.0,1001500.0,3.2,0.0053,0.00043000000000000004,0.9976489580930004,"Run - Jul 10, 2026 at 22:18:59"
Q4,70,1624410.894622915,812205.4538813235,0.007421397319743758,0.000563209036922051,0.0121,3.2006565347526164,15.026279463948752,-4.5184610254575334e-07,-4880.541796153877,Active,ionq_forte_simulated,2026-07-10T16:53:18.640984+00:00,1,False,2004000.0,1002000.0,3.2,0.0054,0.00044,0.9976046180930002,"Run - Jul 10, 2026 at 22:18:59"
Q5,70,1625221.478868885,812610.7460043085,0.007556397319743758,0.000576009036922051,0.0121,3.2006565347526164,15.026279463948752,-4.5184610254575334e-07,-4882.977200171445,Active,ionq_forte_simulated,2026-07-10T16:53:18.644626+00:00,1,False,2005000.0,1002500.0,3.2,0.0055,0.00045000000000000004,0.9975602780930003,"Run - Jul 10, 2026 at 22:18:59"
Q6,70,1626032.0631148552,813016.0381272936,0.007691397319743758,0.000588809036922051,0.0121,3.2006565347526164,15.026279463948752,-4.5184610254575334e-07,-4885.412604188779,Active,ionq_forte_simulated,2026-07-10T16:53:18.647626+00:00,1,False,2006000.0,1003000.0,3.2,0.0056,0.00046,0.9975159380930002,"Run - Jul 10, 2026 at 22:18:59"
Q7,70,1626842.6473608254,813421.3302502787,0.007826397319743758,0.000601609036922051,0.0121,3.2006565347526164,15.026279463948752,-4.5184610254575334e-07,-4887.848008206114,Active,ionq_forte_simulated,2026-07-10T16:53:18.652147+00:00,1,False,2007000.0,1003500.0,3.2,0.0057,0.00047000000000000004,0.9974715980930002,"Run - Jul 10, 2026 at 22:18:59"
Q8,70,1627653.2316067957,813826.6223732638,0.00796139731974376,0.000614409036922051,0.0121,3.2006565347526164,15.026279463948752,-4.5184610254575334e-07,-4890.283412223449,Active,ionq_forte_simulated,2026-07-10T16:53:18.655157+00:00,1,False,2008000.0,1004000.0,3.2,0.0058000000000000005,0.00048,0.9974272580930001,"Run - Jul 10, 2026 at 22:18:59"
Q9,70,1628463.815852766,814231.9144962489,0.008096397319743757,0.0006272090369220509,0.0121,3.2006565347526164,15.026279463948752,-4.5184610254575334e-07,-4892.718816240784,Active,ionq_forte_simulated,2026-07-10T16:53:18.659307+00:00,1,False,2009000.0,1004500.0,3.2,0.0059,0.00049,0.9973829180930003,"Run - Jul 10, 2026 at 22:18:59"
Q10,70,1629274.400098736,814637.2066192339,0.008231397319743759,0.000640009036922051,0.0121,3.2006565347526164,15.026279463948752,-4.5184610254575334e-07,-4895.154220258351,Active,ionq_forte_simulated,2026-07-10T16:53:18.662325+00:00,1,False,2010000.0,1005000.0,3.2,0.006,0.0005,0.9973385780930002,"Run - Jul 10, 2026 at 22:18:59"
Q11,70,1630084.9843447062,815042.4987422191,0.008366397319743759,0.000652809036922051,0.0121,3.2006565347526164,15.026279463948752,-4.5184610254575334e-07,-4897.589624275686,Active,ionq_forte_simulated,2026-07-10T16:53:18.666172+00:00,1,False,2011000.0,1005500.0,3.2,0.0061,0.00051,0.9972942380930003,"Run - Jul 10, 2026 at 22:18:59"
Q12,70,1630895.5685906764,815447.7908652042,0.008501397319743758,0.0006656090369220511,0.0121,3.2006565347526164,15.026279463948752,-4.5184610254575334e-07,-4900.025028293021,Active,ionq_forte_simulated,2026-07-10T16:53:18.670176+00:00,1,False,2012000.0,1006000.0,3.2,0.006200000000000001,0.0005200000000000001,0.9972498980930002,"Run - Jul 10, 2026 at 22:18:59"
Q13,70,1631706.1528366467,815853.0829881893,0.008636397319743758,0.0006784090369220511,0.0121,3.2006565347526164,15.026279463948752,-4.5184610254575334e-07,-4902.460432310356,Active,ionq_forte_simulated,2026-07-10T16:53:18.674168+00:00,1,False,2013000.0,1006500.0,3.2,0.0063,0.0005300000000000001,0.9972055580930004,"Run - Jul 10, 2026 at 22:18:59"
Q14,70,1632516.7370826167,816258.3751111743,0.00877139731974376,0.000691209036922051,0.0121,3.2006565347526164,15.026279463948752,-4.5184610254575334e-07,-4904.8958363279235,Active,ionq_forte_simulated,2026-07-10T16:53:18.678170+00:00,1,False,2014000.0,1007000.0,3.2,0.0064,0.00054,0.9971612180930002,"Run - Jul 10, 2026 at 22:18:59"
Q15,70,1633327.321328587,816663.6672341594,0.00890639731974376,0.000704009036922051,0.0121,3.2006565347526164,15.026279463948752,-4.5184610254575334e-07,-4907.331240345258,Active,ionq_forte_simulated,2026-07-10T16:53:18.682166+00:00,1,False,2015000.0,1007500.0,3.2,0.006500000000000001,0.00055,0.9971168780930003,"Run - Jul 10, 2026 at 22:18:59"
Q16,70,1634137.9055745571,817068.9593571445,0.009041397319743759,0.000716809036922051,0.0121,3.2006565347526164,15.026279463948752,-4.5184610254575334e-07,-4909.766644362593,Active,ionq_forte_simulated,2026-07-10T16:53:18.685169+00:00,1,False,2016000.0,1008000.0,3.2,0.0066,0.0005600000000000001,0.9970725380930001,"Run - Jul 10, 2026 at 22:18:59"
Q17,70,1634948.4898205274,817474.2514801297,0.009176397319743759,0.0007296090369220509,0.0121,3.2006565347526164,15.026279463948752,-4.5184610254575334e-07,-4912.202048379928,Active,ionq_forte_simulated,2026-07-10T16:53:18.689174+00:00,1,False,2017000.0,1008500.0,3.2,0.0067,0.00057,0.9970281980930003,"Run - Jul 10, 2026 at 22:18:59"
Q18,70,1635759.0740664976,817879.5436031148,0.009311397319743758,0.000742409036922051,0.0121,3.2006565347526164,15.026279463948752,-4.5184610254575334e-07,-4914.637452397263,Active,ionq_forte_simulated,2026-07-10T16:53:18.693174+00:00,1,False,2018000.0,1009000.0,3.2,0.0068000000000000005,0.00058,0.9969838580930002,"Run - Jul 10, 2026 at 22:18:59"
Q19,70,1636569.6583124676,818284.8357260998,0.009446397319743758,0.000755209036922051,0.0121,3.2006565347526164,15.026279463948752,-4.5184610254575334e-07,-4917.07285641483,Active,ionq_forte_simulated,2026-07-10T16:53:18.697173+00:00,1,False,2019000.0,1009500.0,3.2,0.0069,0.00059,0.9969395180930003,"Run - Jul 10, 2026 at 22:18:59"
Q20,70,1637380.2425584379,818690.1278490849,0.009581397319743758,0.0007680090369220511,0.0121,3.2006565347526164,15.026279463948752,-4.5184610254575334e-07,-4919.508260431932,Active,ionq_forte_simulated,2026-07-10T16:53:18.700168+00:00,1,False,2020000.0,1010000.0,3.2,0.007,0.0006000000000000001,0.9968951780930002,"Run - Jul 10, 2026 at 22:18:59"
Q21,70,1638190.826804408,819095.41997207,0.009716397319743759,0.0007808090369220511,0.0121,3.2006565347526164,15.026279463948752,-4.5184610254575334e-07,-4921.943664449267,Active,ionq_forte_simulated,2026-07-10T16:53:18.703168+00:00,1,False,2021000.0,1010500.0,3.2,0.0071,0.0006100000000000001,0.9968508380930003,"Run - Jul 10, 2026 at 22:18:59"
Q22,70,1639001.4110503783,819500.7120950551,0.009851397319743759,0.0007936090369220509,0.0121,3.2006565347526164,15.026279463948752,-4.5184610254575334e-07,-4924.379068466602,Active,ionq_forte_simulated,2026-07-10T16:53:18.707165+00:00,1,False,2022000.0,1011000.0,3.2,0.0072,0.00062,0.9968064980930003,"Run - Jul 10, 2026 at 22:18:59"
Q23,70,1639811.9952963484,819906.0042180402,0.009986397319743759,0.000806409036922051,0.0121,3.2006565347526164,15.026279463948752,-4.5184610254575334e-07,-4926.8144724841695,Active,ionq_forte_simulated,2026-07-10T16:53:18.711174+00:00,1,False,2023000.0,1011500.0,3.2,0.0073,0.00063,0.9967621580930003,"Run - Jul 10, 2026 at 22:18:59"
Q24,70,1640622.5795423186,820311.2963410253,0.010121397319743758,0.000819209036922051,0.0121,3.2006565347526164,15.026279463948752,-4.5184610254575334e-07,-4929.249876501504,Active,ionq_forte_simulated,2026-07-10T16:53:18.714170+00:00,1,False,2024000.0,1012000.0,3.2,0.0074,0.00064,0.9967178180930002,"Run - Jul 10, 2026 at 22:18:59"
Q0,71,1616312.3473298808,808156.1809546307,0.006920793808025175,0.0005136058778281356,0.012130000000000002,3.2007286751487194,15.029158761605036,-2.9389140678019354e-07,-4856.210309153423,Active,ionq_forte_simulated,2026-07-10T16:53:24.259744+00:00,1,False,2000000.0,1000000.0,3.2,0.005,0.0004,0.9977696800942439,"Run - Jul 10, 2026 at 22:18:59"
Q1,71,1617120.5034670974,808560.259023239,0.007056293808025175,0.0005264458778281357,0.012130000000000002,3.2007286751487194,15.029158761605036,-2.9389140678019354e-07,-4858.638417906826,Active,ionq_forte_simulated,2026-07-10T16:53:24.261739+00:00,1,False,2001000.0,1000500.0,3.2,0.0051,0.00041000000000000005,0.997725178094244,"Run - Jul 10, 2026 at 22:18:59"
Q2,71,1617928.6596043138,808964.3370918472,0.007191793808025175,0.0005392858778281356,0.012130000000000002,3.2007286751487194,15.029158761605036,-2.9389140678019354e-07,-4861.066526660696,Active,ionq_forte_simulated,2026-07-10T16:53:24.264253+00:00,1,False,2002000.0,1001000.0,3.2,0.0052,0.00042,0.997680676094244,"Run - Jul 10, 2026 at 22:18:59"
Q3,71,1618736.8157415304,809368.4151604555,0.007327293808025175,0.0005521258778281356,0.012130000000000002,3.2007286751487194,15.029158761605036,-2.9389140678019354e-07,-4863.494635414332,Active,ionq_forte_simulated,2026-07-10T16:53:24.266262+00:00,1,False,2003000.0,1001500.0,3.2,0.0053,0.00043000000000000004,0.9976361740942439,"Run - Jul 10, 2026 at 22:18:59"
Q4,71,1619544.9718787468,809772.4932290637,0.007462793808025176,0.0005649658778281355,0.012130000000000002,3.2007286751487194,15.029158761605036,-2.9389140678019354e-07,-4865.9227441682015,Active,ionq_forte_simulated,2026-07-10T16:53:24.267262+00:00,1,False,2004000.0,1002000.0,3.2,0.0054,0.00044,0.997591672094244,"Run - Jul 10, 2026 at 22:18:59"
Q5,71,1620353.1280159634,810176.571297672,0.0075982938080251744,0.0005778058778281356,0.012130000000000002,3.2007286751487194,15.029158761605036,-2.9389140678019354e-07,-4868.350852921605,Active,ionq_forte_simulated,2026-07-10T16:53:24.270270+00:00,1,False,2005000.0,1002500.0,3.2,0.0055,0.00045000000000000004,0.997547170094244,"Run - Jul 10, 2026 at 22:18:59"
Q6,71,1621161.2841531797,810580.6493662802,0.0077337938080251755,0.0005906458778281356,0.012130000000000002,3.2007286751487194,15.029158761605036,-2.9389140678019354e-07,-4870.778961675474,Active,ionq_forte_simulated,2026-07-10T16:53:24.273265+00:00,1,False,2006000.0,1003000.0,3.2,0.0056,0.00046,0.997502668094244,"Run - Jul 10, 2026 at 22:18:59"
Q7,71,1621969.4402903963,810984.7274348885,0.007869293808025176,0.0006034858778281357,0.012130000000000002,3.2007286751487194,15.029158761605036,-2.9389140678019354e-07,-4873.207070429111,Active,ionq_forte_simulated,2026-07-10T16:53:24.276268+00:00,1,False,2007000.0,1003500.0,3.2,0.0057,0.00047000000000000004,0.9974581660942441,"Run - Jul 10, 2026 at 22:18:59"
Q8,71,1622777.5964276127,811388.8055034967,0.008004793808025174,0.0006163258778281356,0.012130000000000002,3.2007286751487194,15.029158761605036,-2.9389140678019354e-07,-4875.63517918298,Active,ionq_forte_simulated,2026-07-10T16:53:24.278266+00:00,1,False,2008000.0,1004000.0,3.2,0.0058000000000000005,0.00048,0.9974136640942439,"Run - Jul 10, 2026 at 22:18:59"
Q9,71,1623585.7525648293,811792.883572105,0.008140293808025174,0.0006291658778281356,0.012130000000000002,3.2007286751487194,15.029158761605036,-2.9389140678019354e-07,-4878.063287936617,Active,ionq_forte_simulated,2026-07-10T16:53:24.280268+00:00,1,False,2009000.0,1004500.0,3.2,0.0059,0.00049,0.9973691620942441,"Run - Jul 10, 2026 at 22:18:59"
Q10,71,1624393.9087020457,812196.9616407132,0.008275793808025175,0.0006420058778281356,0.012130000000000002,3.2007286751487194,15.029158761605036,-2.9389140678019354e-07,-4880.491396690253,Active,ionq_forte_simulated,2026-07-10T16:53:24.282264+00:00,1,False,2010000.0,1005000.0,3.2,0.006,0.0005,0.997324660094244,"Run - Jul 10, 2026 at 22:18:59"
Q11,71,1625202.0648392623,812601.0397093215,0.008411293808025175,0.0006548458778281356,0.012130000000000002,3.2007286751487194,15.029158761605036,-2.9389140678019354e-07,-4882.91950544389,Active,ionq_forte_simulated,2026-07-10T16:53:24.284263+00:00,1,False,2011000.0,1005500.0,3.2,0.0061,0.00051,0.9972801580942441,"Run - Jul 10, 2026 at 22:18:59"
Q12,71,1626010.2209764787,813005.1177779296,0.008546793808025175,0.0006676858778281357,0.012130000000000002,3.2007286751487194,15.029158761605036,-2.9389140678019354e-07,-4885.347614197759,Active,ionq_forte_simulated,2026-07-10T16:53:24.287274+00:00,1,False,2012000.0,1006000.0,3.2,0.006200000000000001,0.0005200000000000001,0.997235656094244,"Run - Jul 10, 2026 at 22:18:59"
Q13,71,1626818.3771136953,813409.195846538,0.008682293808025175,0.0006805258778281357,0.012130000000000002,3.2007286751487194,15.029158761605036,-2.9389140678019354e-07,-4887.775722951395,Active,ionq_forte_simulated,2026-07-10T16:53:24.289266+00:00,1,False,2013000.0,1006500.0,3.2,0.0063,0.0005300000000000001,0.997191154094244,"Run - Jul 10, 2026 at 22:18:59"
Q14,71,1627626.5332509116,813813.2739151461,0.008817793808025175,0.0006933658778281356,0.012130000000000002,3.2007286751487194,15.029158761605036,-2.9389140678019354e-07,-4890.203831705032,Active,ionq_forte_simulated,2026-07-10T16:53:24.292272+00:00,1,False,2014000.0,1007000.0,3.2,0.0064,0.00054,0.997146652094244,"Run - Jul 10, 2026 at 22:18:59"
Q15,71,1628434.6893881282,814217.3519837544,0.008953293808025176,0.0007062058778281356,0.012130000000000002,3.2007286751487194,15.029158761605036,-2.9389140678019354e-07,-4892.631940458668,Active,ionq_forte_simulated,2026-07-10T16:53:24.295267+00:00,1,False,2015000.0,1007500.0,3.2,0.006500000000000001,0.00055,0.9971021500942441,"Run - Jul 10, 2026 at 22:18:59"
Q16,71,1629242.8455253446,814621.4300523626,0.009088793808025174,0.0007190458778281357,0.012130000000000002,3.2007286751487194,15.029158761605036,-2.9389140678019354e-07,-4895.060049212538,Active,ionq_forte_simulated,2026-07-10T16:53:24.297265+00:00,1,False,2016000.0,1008000.0,3.2,0.0066,0.0005600000000000001,0.997057648094244,"Run - Jul 10, 2026 at 22:18:59"
Q17,71,1630051.0016625612,815025.5081209709,0.009224293808025174,0.0007318858778281355,0.012130000000000002,3.2007286751487194,15.029158761605036,-2.9389140678019354e-07,-4897.488157966174,Active,ionq_forte_simulated,2026-07-10T16:53:24.299263+00:00,1,False,2017000.0,1008500.0,3.2,0.0067,0.00057,0.9970131460942441,"Run - Jul 10, 2026 at 22:18:59"
Q18,71,1630859.1577997776,815429.5861895791,0.009359793808025174,0.0007447258778281356,0.012130000000000002,3.2007286751487194,15.029158761605036,-2.9389140678019354e-07,-4899.9162667200435,Active,ionq_forte_simulated,2026-07-10T16:53:24.301264+00:00,1,False,2018000.0,1009000.0,3.2,0.0068000000000000005,0.00058,0.996968644094244,"Run - Jul 10, 2026 at 22:18:59"
Q19,71,1631667.3139369942,815833.6642581874,0.009495293808025175,0.0007575658778281356,0.012130000000000002,3.2007286751487194,15.029158761605036,-2.9389140678019354e-07,-4902.344375473447,Active,ionq_forte_simulated,2026-07-10T16:53:24.304269+00:00,1,False,2019000.0,1009500.0,3.2,0.0069,0.00059,0.996924142094244,"Run - Jul 10, 2026 at 22:18:59"
Q20,71,1632475.4700742105,816237.7423267956,0.009630793808025175,0.0007704058778281356,0.012130000000000002,3.2007286751487194,15.029158761605036,-2.9389140678019354e-07,-4904.772484227316,Active,ionq_forte_simulated,2026-07-10T16:53:24.306266+00:00,1,False,2020000.0,1010000.0,3.2,0.007,0.0006000000000000001,0.996879640094244,"Run - Jul 10, 2026 at 22:18:59"
Q21,71,1633283.6262114272,816641.8203954039,0.009766293808025175,0.0007832458778281357,0.012130000000000002,3.2007286751487194,15.029158761605036,-2.9389140678019354e-07,-4907.200592980953,Active,ionq_forte_simulated,2026-07-10T16:53:24.309271+00:00,1,False,2021000.0,1010500.0,3.2,0.0071,0.0006100000000000001,0.996835138094244,"Run - Jul 10, 2026 at 22:18:59"
Q22,71,1634091.7823486435,817045.8984640121,0.009901793808025174,0.0007960858778281356,0.012130000000000002,3.2007286751487194,15.029158761605036,-2.9389140678019354e-07,-4909.628701734822,Active,ionq_forte_simulated,2026-07-10T16:53:24.311266+00:00,1,False,2022000.0,1011000.0,3.2,0.0072,0.00062,0.996790636094244,"Run - Jul 10, 2026 at 22:18:59"
Q23,71,1634899.9384858601,817449.9765326204,0.010037293808025174,0.0008089258778281356,0.012130000000000002,3.2007286751487194,15.029158761605036,-2.9389140678019354e-07,-4912.056810488226,Active,ionq_forte_simulated,2026-07-10T16:53:24.313265+00:00,1,False,2023000.0,1011500.0,3.2,0.0073,0.00063,0.9967461340942441,"Run - Jul 10, 2026 at 22:18:59"
Q24,71,1635708.0946230765,817854.0546012286,0.010172793808025174,0.0008217658778281356,0.012130000000000002,3.2007286751487194,15.029158761605036,-2.9389140678019354e-07,-4914.484919242095,Active,ionq_forte_simulated,2026-07-10T16:53:24.315262+00:00,1,False,2024000.0,1012000.0,3.2,0.0074,0.00064,0.996701632094244,"Run - Jul 10, 2026 at 22:18:59"
Q0,72,1611470.6831137456,805735.3494935514,0.006958733572769831,0.0005152012796368963,0.01216,3.2007936038820044,15.031746714553966,-6.398184481370235e-08,-4841.664216135163,Active,ionq_forte_simulated,2026-07-10T16:53:28.646646+00:00,1,False,2000000.0,1000000.0,3.2,0.005,0.0004,0.997757819544278,"Run - Jul 10, 2026 at 22:18:59"
Q1,72,1612276.418415619,806138.2171444881,0.0070947335727698305,0.0005280812796368963,0.01216,3.2007936038820044,15.031746714553966,-6.398184481370235e-08,-4844.085051478352,Active,ionq_forte_simulated,2026-07-10T16:53:28.650190+00:00,1,False,2001000.0,1000500.0,3.2,0.0051,0.00041000000000000005,0.997713155544278,"Run - Jul 10, 2026 at 22:18:59"
Q2,72,1613082.1537174927,806541.084795425,0.00723073357276983,0.0005409612796368963,0.01216,3.2007936038820044,15.031746714553966,-6.398184481370235e-08,-4846.505886821076,Active,ionq_forte_simulated,2026-07-10T16:53:28.654220+00:00,1,False,2002000.0,1001000.0,3.2,0.0052,0.00042,0.9976684915442781,"Run - Jul 10, 2026 at 22:18:59"
Q3,72,1613887.8890193661,806943.9524463617,0.00736673357276983,0.0005538412796368963,0.01216,3.2007936038820044,15.031746714553966,-6.398184481370235e-08,-4848.926722164266,Active,ionq_forte_simulated,2026-07-10T16:53:28.657214+00:00,1,False,2003000.0,1001500.0,3.2,0.0053,0.00043000000000000004,0.9976238275442779,"Run - Jul 10, 2026 at 22:18:59"
Q4,72,1614693.6243212395,807346.8200972984,0.007502733572769831,0.0005667212796368963,0.01216,3.2007936038820044,15.031746714553966,-6.398184481370235e-08,-4851.3475575072225,Active,ionq_forte_simulated,2026-07-10T16:53:28.660215+00:00,1,False,2004000.0,1002000.0,3.2,0.0054,0.00044,0.9975791635442779,"Run - Jul 10, 2026 at 22:18:59"
Q5,72,1615499.3596231132,807749.6877482352,0.00763873357276983,0.0005796012796368963,0.01216,3.2007936038820044,15.031746714553966,-6.398184481370235e-08,-4853.768392850179,Active,ionq_forte_simulated,2026-07-10T16:53:28.663936+00:00,1,False,2005000.0,1002500.0,3.2,0.0055,0.00045000000000000004,0.9975344995442781,"Run - Jul 10, 2026 at 22:18:59"
Q6,72,1616305.0949249866,808152.5553991719,0.0077747335727698305,0.0005924812796368963,0.01216,3.2007936038820044,15.031746714553966,-6.398184481370235e-08,-4856.189228193136,Active,ionq_forte_simulated,2026-07-10T16:53:28.666938+00:00,1,False,2006000.0,1003000.0,3.2,0.0056,0.00046,0.9974898355442781,"Run - Jul 10, 2026 at 22:18:59"
Q7,72,1617110.83022686,808555.4230501086,0.00791073357276983,0.0006053612796368963,0.01216,3.2007936038820044,15.031746714553966,-6.398184481370235e-08,-4858.6100635363255,Active,ionq_forte_simulated,2026-07-10T16:53:28.671484+00:00,1,False,2007000.0,1003500.0,3.2,0.0057,0.00047000000000000004,0.9974451715442779,"Run - Jul 10, 2026 at 22:18:59"
Q8,72,1617916.5655287334,808958.2907010453,0.00804673357276983,0.0006182412796368963,0.01216,3.2007936038820044,15.031746714553966,-6.398184481370235e-08,-4861.030898879282,Active,ionq_forte_simulated,2026-07-10T16:53:28.675472+00:00,1,False,2008000.0,1004000.0,3.2,0.0058000000000000005,0.00048,0.997400507544278,"Run - Jul 10, 2026 at 22:18:59"
Q9,72,1618722.300830607,809361.1583519821,0.008182733572769831,0.0006311212796368962,0.01216,3.2007936038820044,15.031746714553966,-6.398184481370235e-08,-4863.451734222239,Active,ionq_forte_simulated,2026-07-10T16:53:28.678779+00:00,1,False,2009000.0,1004500.0,3.2,0.0059,0.00049,0.997355843544278,"Run - Jul 10, 2026 at 22:18:59"
Q10,72,1619528.0361324805,809764.0260029188,0.00831873357276983,0.0006440012796368963,0.01216,3.2007936038820044,15.031746714553966,-6.398184481370235e-08,-4865.872569565196,Active,ionq_forte_simulated,2026-07-10T16:53:28.681780+00:00,1,False,2010000.0,1005000.0,3.2,0.006,0.0005,0.997311179544278,"Run - Jul 10, 2026 at 22:18:59"
Q11,72,1620333.771434354,810166.8936538555,0.00845473357276983,0.0006568812796368963,0.01216,3.2007936038820044,15.031746714553966,-6.398184481370235e-08,-4868.293404908385,Active,ionq_forte_simulated,2026-07-10T16:53:28.685780+00:00,1,False,2011000.0,1005500.0,3.2,0.0061,0.00051,0.9972665155442779,"Run - Jul 10, 2026 at 22:18:59"
Q12,72,1621139.5067362275,810569.7613047924,0.008590733572769831,0.0006697612796368964,0.01216,3.2007936038820044,15.031746714553966,-6.398184481370235e-08,-4870.714240251109,Active,ionq_forte_simulated,2026-07-10T16:53:28.689778+00:00,1,False,2012000.0,1006000.0,3.2,0.006200000000000001,0.0005200000000000001,0.9972218515442779,"Run - Jul 10, 2026 at 22:18:59"
Q13,72,1621945.242038101,810972.6289557291,0.00872673357276983,0.0006826412796368963,0.01216,3.2007936038820044,15.031746714553966,-6.398184481370235e-08,-4873.1350755942985,Active,ionq_forte_simulated,2026-07-10T16:53:28.693780+00:00,1,False,2013000.0,1006500.0,3.2,0.0063,0.0005300000000000001,0.997177187544278,"Run - Jul 10, 2026 at 22:18:59"
Q14,72,1622750.9773399744,811375.4966066658,0.008862733572769831,0.0006955212796368963,0.01216,3.2007936038820044,15.031746714553966,-6.398184481370235e-08,-4875.555910937255,Active,ionq_forte_simulated,2026-07-10T16:53:28.696779+00:00,1,False,2014000.0,1007000.0,3.2,0.0064,0.00054,0.997132523544278,"Run - Jul 10, 2026 at 22:18:59"
Q15,72,1623556.7126418478,811778.3642576025,0.008998733572769832,0.0007084012796368963,0.01216,3.2007936038820044,15.031746714553966,-6.398184481370235e-08,-4877.976746280445,Active,ionq_forte_simulated,2026-07-10T16:53:28.700780+00:00,1,False,2015000.0,1007500.0,3.2,0.006500000000000001,0.00055,0.997087859544278,"Run - Jul 10, 2026 at 22:18:59"
Q16,72,1624362.4479437214,812181.2319085393,0.00913473357276983,0.0007212812796368964,0.01216,3.2007936038820044,15.031746714553966,-6.398184481370235e-08,-4880.397581623169,Active,ionq_forte_simulated,2026-07-10T16:53:28.704782+00:00,1,False,2016000.0,1008000.0,3.2,0.0066,0.0005600000000000001,0.997043195544278,"Run - Jul 10, 2026 at 22:18:59"
Q17,72,1625168.1832455948,812584.099559476,0.009270733572769831,0.0007341612796368962,0.01216,3.2007936038820044,15.031746714553966,-6.398184481370235e-08,-4882.818416966358,Active,ionq_forte_simulated,2026-07-10T16:53:28.707778+00:00,1,False,2017000.0,1008500.0,3.2,0.0067,0.00057,0.996998531544278,"Run - Jul 10, 2026 at 22:18:59"
Q18,72,1625973.9185474683,812986.9672104127,0.00940673357276983,0.0007470412796368963,0.01216,3.2007936038820044,15.031746714553966,-6.398184481370235e-08,-4885.239252309315,Active,ionq_forte_simulated,2026-07-10T16:53:28.711776+00:00,1,False,2018000.0,1009000.0,3.2,0.0068000000000000005,0.00058,0.996953867544278,"Run - Jul 10, 2026 at 22:18:59"
Q19,72,1626779.653849342,813389.8348613495,0.00954273357276983,0.0007599212796368963,0.01216,3.2007936038820044,15.031746714553966,-6.398184481370235e-08,-4887.660087652272,Active,ionq_forte_simulated,2026-07-10T16:53:28.715543+00:00,1,False,2019000.0,1009500.0,3.2,0.0069,0.00059,0.9969092035442781,"Run - Jul 10, 2026 at 22:18:59"
Q20,72,1627585.3891512153,813792.7025122863,0.00967873357276983,0.0007728012796368964,0.01216,3.2007936038820044,15.031746714553966,-6.398184481370235e-08,-4890.080922995228,Active,ionq_forte_simulated,2026-07-10T16:53:28.719284+00:00,1,False,2020000.0,1010000.0,3.2,0.007,0.0006000000000000001,0.996864539544278,"Run - Jul 10, 2026 at 22:18:59"
Q21,72,1628391.1244530887,814195.570163223,0.00981473357276983,0.0007856812796368963,0.01216,3.2007936038820044,15.031746714553966,-6.398184481370235e-08,-4892.501758338418,Active,ionq_forte_simulated,2026-07-10T16:53:28.723287+00:00,1,False,2021000.0,1010500.0,3.2,0.0071,0.0006100000000000001,0.996819875544278,"Run - Jul 10, 2026 at 22:18:59"
Q22,72,1629196.8597549621,814598.4378141597,0.00995073357276983,0.0007985612796368963,0.01216,3.2007936038820044,15.031746714553966,-6.398184481370235e-08,-4894.922593681375,Active,ionq_forte_simulated,2026-07-10T16:53:28.726282+00:00,1,False,2022000.0,1011000.0,3.2,0.0072,0.00062,0.9967752115442781,"Run - Jul 10, 2026 at 22:18:59"
Q23,72,1630002.5950568358,815001.3054650965,0.01008673357276983,0.0008114412796368963,0.01216,3.2007936038820044,15.031746714553966,-6.398184481370235e-08,-4897.343429024331,Active,ionq_forte_simulated,2026-07-10T16:53:28.729288+00:00,1,False,2023000.0,1011500.0,3.2,0.0073,0.00063,0.996730547544278,"Run - Jul 10, 2026 at 22:18:59"
Q24,72,1630808.3303587092,815404.1731160332,0.010222733572769831,0.0008243212796368964,0.01216,3.2007936038820044,15.031746714553966,-6.398184481370235e-08,-4899.764264367288,Active,ionq_forte_simulated,2026-07-10T16:53:28.733285+00:00,1,False,2024000.0,1012000.0,3.2,0.0074,0.00064,0.996685883544278,"Run - Jul 10, 2026 at 22:18:59"
Q0,73,1606643.521350915,803321.7691798238,0.006995087324125713,0.0005168036318540843,0.012190000000000001,3.2008506182133334,15.034017464825142,1.8159270420803117e-07,-4827.1617628305685,Active,ionq_forte_simulated,2026-07-10T16:53:37.060066+00:00,1,False,2000000.0,1000000.0,3.2,0.005,0.0004,0.997746432713206,"Run - Jul 10, 2026 at 22:18:59"
Q1,73,1607446.8430690686,803723.4300389006,0.007131587324125713,0.0005297236318540843,0.012190000000000001,3.2008506182133334,15.034017464825142,1.8159270420803117e-07,-4829.575346550439,Active,ionq_forte_simulated,2026-07-10T16:53:37.119230+00:00,1,False,2001000.0,1000500.0,3.2,0.0051,0.00041000000000000005,0.9977016067132061,"Run - Jul 10, 2026 at 22:18:59"
Q2,73,1608250.1647872224,804125.0908979775,0.007268087324125712,0.0005426436318540842,0.012190000000000001,3.2008506182133334,15.034017464825142,1.8159270420803117e-07,-4831.988930270309,Active,ionq_forte_simulated,2026-07-10T16:53:37.144231+00:00,1,False,2002000.0,1001000.0,3.2,0.0052,0.00042,0.997656780713206,"Run - Jul 10, 2026 at 22:18:59"
Q3,73,1609053.486505376,804526.7517570542,0.007404587324125712,0.0005555636318540843,0.012190000000000001,3.2008506182133334,15.034017464825142,1.8159270420803117e-07,-4834.402513990179,Active,ionq_forte_simulated,2026-07-10T16:53:37.173255+00:00,1,False,2003000.0,1001500.0,3.2,0.0053,0.00043000000000000004,0.9976119547132061,"Run - Jul 10, 2026 at 22:18:59"
Q4,73,1609856.8082235295,804928.412616131,0.0075410873241257125,0.0005684836318540842,0.012190000000000001,3.2008506182133334,15.034017464825142,1.8159270420803117e-07,-4836.816097710049,Active,ionq_forte_simulated,2026-07-10T16:53:37.251360+00:00,1,False,2004000.0,1002000.0,3.2,0.0054,0.00044,0.9975671287132061,"Run - Jul 10, 2026 at 22:18:59"
Q5,73,1610660.1299416833,805330.0734752079,0.007677587324125712,0.0005814036318540842,0.012190000000000001,3.2008506182133334,15.034017464825142,1.8159270420803117e-07,-4839.229681429919,Active,ionq_forte_simulated,2026-07-10T16:53:37.272381+00:00,1,False,2005000.0,1002500.0,3.2,0.0055,0.00045000000000000004,0.9975223027132061,"Run - Jul 10, 2026 at 22:18:59"
Q6,73,1611463.4516598368,805731.7343342847,0.007814087324125713,0.0005943236318540843,0.012190000000000001,3.2008506182133334,15.034017464825142,1.8159270420803117e-07,-4841.643265149789,Active,ionq_forte_simulated,2026-07-10T16:53:37.375658+00:00,1,False,2006000.0,1003000.0,3.2,0.0056,0.00046,0.997477476713206,"Run - Jul 10, 2026 at 22:18:59"
Q7,73,1612266.7733779904,806133.3951933614,0.007950587324125713,0.0006072436318540843,0.012190000000000001,3.2008506182133334,15.034017464825142,1.8159270420803117e-07,-4844.056848869659,Active,ionq_forte_simulated,2026-07-10T16:53:37.411026+00:00,1,False,2007000.0,1003500.0,3.2,0.0057,0.00047000000000000004,0.9974326507132061,"Run - Jul 10, 2026 at 22:18:59"
Q8,73,1613070.0950961441,806535.0560524383,0.008087087324125714,0.0006201636318540842,0.012190000000000001,3.2008506182133334,15.034017464825142,1.8159270420803117e-07,-4846.470432589296,Active,ionq_forte_simulated,2026-07-10T16:53:37.441022+00:00,1,False,2008000.0,1004000.0,3.2,0.0058000000000000005,0.00048,0.9973878247132062,"Run - Jul 10, 2026 at 22:18:59"
Q9,73,1613873.4168142977,806936.7169115151,0.008223587324125713,0.0006330836318540841,0.012190000000000001,3.2008506182133334,15.034017464825142,1.8159270420803117e-07,-4848.884016309399,Active,ionq_forte_simulated,2026-07-10T16:53:37.451192+00:00,1,False,2009000.0,1004500.0,3.2,0.0059,0.00049,0.9973429987132061,"Run - Jul 10, 2026 at 22:18:59"
Q10,73,1614676.7385324512,807338.3777705919,0.008360087324125713,0.0006460036318540842,0.012190000000000001,3.2008506182133334,15.034017464825142,1.8159270420803117e-07,-4851.297600029269,Active,ionq_forte_simulated,2026-07-10T16:53:37.452193+00:00,1,False,2010000.0,1005000.0,3.2,0.006,0.0005,0.997298172713206,"Run - Jul 10, 2026 at 22:18:59"
Q11,73,1615480.060250605,807740.0386296688,0.008496587324125714,0.0006589236318540842,0.012190000000000001,3.2008506182133334,15.034017464825142,1.8159270420803117e-07,-4853.7111837489065,Active,ionq_forte_simulated,2026-07-10T16:53:37.455206+00:00,1,False,2011000.0,1005500.0,3.2,0.0061,0.00051,0.9972533467132061,"Run - Jul 10, 2026 at 22:18:59"
Q12,73,1616283.3819687585,808141.6994887455,0.008633087324125713,0.0006718436318540843,0.012190000000000001,3.2008506182133334,15.034017464825142,1.8159270420803117e-07,-4856.124767469009,Active,ionq_forte_simulated,2026-07-10T16:53:37.456197+00:00,1,False,2012000.0,1006000.0,3.2,0.006200000000000001,0.0005200000000000001,0.9972085207132061,"Run - Jul 10, 2026 at 22:18:59"
Q13,73,1617086.703686912,808543.3603478223,0.008769587324125713,0.0006847636318540844,0.012190000000000001,3.2008506182133334,15.034017464825142,1.8159270420803117e-07,-4858.5383511888795,Active,ionq_forte_simulated,2026-07-10T16:53:37.458194+00:00,1,False,2013000.0,1006500.0,3.2,0.0063,0.0005300000000000001,0.9971636947132061,"Run - Jul 10, 2026 at 22:18:59"
Q14,73,1617890.0254050659,808945.0212068992,0.008906087324125714,0.0006976836318540842,0.012190000000000001,3.2008506182133334,15.034017464825142,1.8159270420803117e-07,-4860.951934908517,Active,ionq_forte_simulated,2026-07-10T16:53:37.461214+00:00,1,False,2014000.0,1007000.0,3.2,0.0064,0.00054,0.9971188687132061,"Run - Jul 10, 2026 at 22:18:59"
Q15,73,1618693.3471232194,809346.682065976,0.009042587324125714,0.0007106036318540842,0.012190000000000001,3.2008506182133334,15.034017464825142,1.8159270420803117e-07,-4863.365518628387,Active,ionq_forte_simulated,2026-07-10T16:53:37.462192+00:00,1,False,2015000.0,1007500.0,3.2,0.006500000000000001,0.00055,0.9970740427132061,"Run - Jul 10, 2026 at 22:18:59"
Q16,73,1619496.668841373,809748.3429250527,0.009179087324125713,0.0007235236318540842,0.012190000000000001,3.2008506182133334,15.034017464825142,1.8159270420803117e-07,-4865.77910234849,Active,ionq_forte_simulated,2026-07-10T16:53:37.464191+00:00,1,False,2016000.0,1008000.0,3.2,0.0066,0.0005600000000000001,0.997029216713206,"Run - Jul 10, 2026 at 22:18:59"
Q17,73,1620299.9905595267,810150.0037841296,0.009315587324125714,0.0007364436318540842,0.012190000000000001,3.2008506182133334,15.034017464825142,1.8159270420803117e-07,-4868.192686068127,Active,ionq_forte_simulated,2026-07-10T16:53:37.466197+00:00,1,False,2017000.0,1008500.0,3.2,0.0067,0.00057,0.996984390713206,"Run - Jul 10, 2026 at 22:18:59"
Q18,73,1621103.3122776803,810551.6646432064,0.009452087324125714,0.0007493636318540842,0.012190000000000001,3.2008506182133334,15.034017464825142,1.8159270420803117e-07,-4870.606269787997,Active,ionq_forte_simulated,2026-07-10T16:53:37.468197+00:00,1,False,2018000.0,1009000.0,3.2,0.0068000000000000005,0.00058,0.996939564713206,"Run - Jul 10, 2026 at 22:18:59"
Q19,73,1621906.633995834,810953.3255022833,0.009588587324125713,0.0007622836318540842,0.012190000000000001,3.2008506182133334,15.034017464825142,1.8159270420803117e-07,-4873.019853507867,Active,ionq_forte_simulated,2026-07-10T16:53:37.470229+00:00,1,False,2019000.0,1009500.0,3.2,0.0069,0.00059,0.9968947387132061,"Run - Jul 10, 2026 at 22:18:59"
Q20,73,1622709.9557139876,811354.9863613601,0.009725087324125714,0.0007752036318540843,0.012190000000000001,3.2008506182133334,15.034017464825142,1.8159270420803117e-07,-4875.433437227737,Active,ionq_forte_simulated,2026-07-10T16:53:37.475210+00:00,1,False,2020000.0,1010000.0,3.2,0.007,0.0006000000000000001,0.9968499127132061,"Run - Jul 10, 2026 at 22:18:59"
Q21,73,1623513.2774321411,811756.6472204368,0.009861587324125714,0.0007881236318540843,0.012190000000000001,3.2008506182133334,15.034017464825142,1.8159270420803117e-07,-4877.847020947607,Active,ionq_forte_simulated,2026-07-10T16:53:37.477218+00:00,1,False,2021000.0,1010500.0,3.2,0.0071,0.0006100000000000001,0.9968050867132061,"Run - Jul 10, 2026 at 22:18:59"
Q22,73,1624316.599150295,812158.3080795137,0.009998087324125713,0.0008010436318540842,0.012190000000000001,3.2008506182133334,15.034017464825142,1.8159270420803117e-07,-4880.2606046672445,Active,ionq_forte_simulated,2026-07-10T16:53:37.478210+00:00,1,False,2022000.0,1011000.0,3.2,0.0072,0.00062,0.996760260713206,"Run - Jul 10, 2026 at 22:18:59"
Q23,73,1625119.9208684484,812559.9689385905,0.010134587324125713,0.0008139636318540843,0.012190000000000001,3.2008506182133334,15.034017464825142,1.8159270420803117e-07,-4882.674188387347,Active,ionq_forte_simulated,2026-07-10T16:53:37.479200+00:00,1,False,2023000.0,1011500.0,3.2,0.0073,0.00063,0.996715434713206,"Run - Jul 10, 2026 at 22:18:59"
Q24,73,1625923.242586602,812961.6297976673,0.010271087324125714,0.0008268836318540843,0.012190000000000001,3.2008506182133334,15.034017464825142,1.8159270420803117e-07,-4885.0877721072175,Active,ionq_forte_simulated,2026-07-10T16:53:37.481648+00:00,1,False,2024000.0,1012000.0,3.2,0.0074,0.00064,0.996670608713206,"Run - Jul 10, 2026 at 22:18:59"
Q0,74,1601830.818540128,800915.418257145,0.007029741619162326,0.0005184076541405194,0.01222,3.200899090802838,15.035948323832464,3.8270702597267173e-07,-4812.70281078713,Active,ionq_forte_simulated,2026-07-10T16:53:42.932702+00:00,1,False,2000000.0,1000000.0,3.2,0.005,0.0004,0.9977355552180092,"Run - Jul 10, 2026 at 22:18:59"
Q1,74,1602631.7339044625,801315.8759393123,0.007166741619162326,0.0005313676541405195,0.01222,3.200899090802838,15.035948323832464,3.8270702597267173e-07,-4815.109164606081,Active,ionq_forte_simulated,2026-07-10T16:53:42.935927+00:00,1,False,2001000.0,1000500.0,3.2,0.0051,0.00041000000000000005,0.9976905672180091,"Run - Jul 10, 2026 at 22:18:59"
Q2,74,1603432.6492687971,801716.3336214796,0.0073037416191623255,0.0005443276541405195,0.01222,3.200899090802838,15.035948323832464,3.8270702597267173e-07,-4817.515518425265,Active,ionq_forte_simulated,2026-07-10T16:53:42.938611+00:00,1,False,2002000.0,1001000.0,3.2,0.0052,0.00042,0.9976455792180091,"Run - Jul 10, 2026 at 22:18:59"
Q3,74,1604233.564633132,802116.791303647,0.007440741619162326,0.0005572876541405195,0.01222,3.200899090802838,15.035948323832464,3.8270702597267173e-07,-4819.921872243984,Active,ionq_forte_simulated,2026-07-10T16:53:42.943610+00:00,1,False,2003000.0,1001500.0,3.2,0.0053,0.00043000000000000004,0.9976005912180091,"Run - Jul 10, 2026 at 22:18:59"
Q4,74,1605034.4799974666,802517.2489858143,0.007577741619162326,0.0005702476541405195,0.01222,3.200899090802838,15.035948323832464,3.8270702597267173e-07,-4822.328226062935,Active,ionq_forte_simulated,2026-07-10T16:53:42.947115+00:00,1,False,2004000.0,1002000.0,3.2,0.0054,0.00044,0.9975556032180092,"Run - Jul 10, 2026 at 22:18:59"
Q5,74,1605835.3953618011,802917.7066679816,0.007714741619162325,0.0005832076541405195,0.01222,3.200899090802838,15.035948323832464,3.8270702597267173e-07,-4824.734579882119,Active,ionq_forte_simulated,2026-07-10T16:53:42.949877+00:00,1,False,2005000.0,1002500.0,3.2,0.0055,0.00045000000000000004,0.9975106152180091,"Run - Jul 10, 2026 at 22:18:59"
Q6,74,1606636.3107261357,803318.1643501489,0.007851741619162326,0.0005961676541405194,0.01222,3.200899090802838,15.035948323832464,3.8270702597267173e-07,-4827.14093370107,Active,ionq_forte_simulated,2026-07-10T16:53:42.953216+00:00,1,False,2006000.0,1003000.0,3.2,0.0056,0.00046,0.9974656272180091,"Run - Jul 10, 2026 at 22:18:59"
Q7,74,1607437.2260904706,803718.6220323163,0.007988741619162326,0.0006091276541405195,0.01222,3.200899090802838,15.035948323832464,3.8270702597267173e-07,-4829.547287519788,Active,ionq_forte_simulated,2026-07-10T16:53:42.955924+00:00,1,False,2007000.0,1003500.0,3.2,0.0057,0.00047000000000000004,0.9974206392180092,"Run - Jul 10, 2026 at 22:18:59"
Q8,74,1608238.1414548052,804119.0797144836,0.008125741619162328,0.0006220876541405194,0.01222,3.200899090802838,15.035948323832464,3.8270702597267173e-07,-4831.953641338972,Active,ionq_forte_simulated,2026-07-10T16:53:42.959815+00:00,1,False,2008000.0,1004000.0,3.2,0.0058000000000000005,0.00048,0.9973756512180092,"Run - Jul 10, 2026 at 22:18:59"
Q9,74,1609039.0568191397,804519.5373966509,0.008262741619162326,0.0006350476541405194,0.01222,3.200899090802838,15.035948323832464,3.8270702597267173e-07,-4834.359995157924,Active,ionq_forte_simulated,2026-07-10T16:53:42.964372+00:00,1,False,2009000.0,1004500.0,3.2,0.0059,0.00049,0.9973306632180092,"Run - Jul 10, 2026 at 22:18:59"
Q10,74,1609839.9721834746,804919.9950788183,0.008399741619162328,0.0006480076541405195,0.01222,3.200899090802838,15.035948323832464,3.8270702597267173e-07,-4836.766348976642,Active,ionq_forte_simulated,2026-07-10T16:53:42.967545+00:00,1,False,2010000.0,1005000.0,3.2,0.006,0.0005,0.9972856752180091,"Run - Jul 10, 2026 at 22:18:59"
Q11,74,1610640.8875478092,805320.4527609856,0.008536741619162328,0.0006609676541405195,0.01222,3.200899090802838,15.035948323832464,3.8270702597267173e-07,-4839.172702795826,Active,ionq_forte_simulated,2026-07-10T16:53:42.969864+00:00,1,False,2011000.0,1005500.0,3.2,0.0061,0.00051,0.9972406872180092,"Run - Jul 10, 2026 at 22:18:59"
Q12,74,1611441.8029121438,805720.9104431529,0.008673741619162328,0.0006739276541405195,0.01222,3.200899090802838,15.035948323832464,3.8270702597267173e-07,-4841.579056614777,Active,ionq_forte_simulated,2026-07-10T16:53:42.972540+00:00,1,False,2012000.0,1006000.0,3.2,0.006200000000000001,0.0005200000000000001,0.9971956992180091,"Run - Jul 10, 2026 at 22:18:59"
Q13,74,1612242.7182764784,806121.3681253202,0.008810741619162328,0.0006868876541405196,0.01222,3.200899090802838,15.035948323832464,3.8270702597267173e-07,-4843.985410433728,Active,ionq_forte_simulated,2026-07-10T16:53:42.975259+00:00,1,False,2013000.0,1006500.0,3.2,0.0063,0.0005300000000000001,0.9971507112180091,"Run - Jul 10, 2026 at 22:18:59"
Q14,74,1613043.6336408132,806521.8258074876,0.008947741619162328,0.0006998476541405195,0.01222,3.200899090802838,15.035948323832464,3.8270702597267173e-07,-4846.391764252679,Active,ionq_forte_simulated,2026-07-10T16:53:42.979846+00:00,1,False,2014000.0,1007000.0,3.2,0.0064,0.00054,0.9971057232180092,"Run - Jul 10, 2026 at 22:18:59"
Q15,74,1613844.5490051478,806922.2834896549,0.009084741619162328,0.0007128076541405195,0.01222,3.200899090802838,15.035948323832464,3.8270702597267173e-07,-4848.798118071631,Active,ionq_forte_simulated,2026-07-10T16:53:42.983846+00:00,1,False,2015000.0,1007500.0,3.2,0.006500000000000001,0.00055,0.9970607352180091,"Run - Jul 10, 2026 at 22:18:59"
Q16,74,1614645.4643694824,807322.7411718222,0.009221741619162328,0.0007257676541405195,0.01222,3.200899090802838,15.035948323832464,3.8270702597267173e-07,-4851.204471890582,Active,ionq_forte_simulated,2026-07-10T16:53:42.985846+00:00,1,False,2016000.0,1008000.0,3.2,0.0066,0.0005600000000000001,0.997015747218009,"Run - Jul 10, 2026 at 22:18:59"
Q17,74,1615446.3797338172,807723.1988539896,0.009358741619162328,0.0007387276541405194,0.01222,3.200899090802838,15.035948323832464,3.8270702597267173e-07,-4853.610825709533,Active,ionq_forte_simulated,2026-07-10T16:53:42.989494+00:00,1,False,2017000.0,1008500.0,3.2,0.0067,0.00057,0.9969707592180092,"Run - Jul 10, 2026 at 22:18:59"
Q18,74,1616247.2950981518,808123.6565361569,0.009495741619162328,0.0007516876541405194,0.01222,3.200899090802838,15.035948323832464,3.8270702597267173e-07,-4856.017179528484,Active,ionq_forte_simulated,2026-07-10T16:53:42.992173+00:00,1,False,2018000.0,1009000.0,3.2,0.0068000000000000005,0.00058,0.9969257712180092,"Run - Jul 10, 2026 at 22:18:59"
Q19,74,1617048.2104624864,808524.1142183242,0.009632741619162328,0.0007646476541405194,0.01222,3.200899090802838,15.035948323832464,3.8270702597267173e-07,-4858.423533347668,Active,ionq_forte_simulated,2026-07-10T16:53:42.996918+00:00,1,False,2019000.0,1009500.0,3.2,0.0069,0.00059,0.9968807832180091,"Run - Jul 10, 2026 at 22:18:59"
Q20,74,1617849.125826821,808924.5719004915,0.009769741619162328,0.0007776076541405196,0.01222,3.200899090802838,15.035948323832464,3.8270702597267173e-07,-4860.829887166619,Active,ionq_forte_simulated,2026-07-10T16:53:43.001302+00:00,1,False,2020000.0,1010000.0,3.2,0.007,0.0006000000000000001,0.9968357952180091,"Run - Jul 10, 2026 at 22:18:59"
Q21,74,1618650.0411911558,809325.0295826589,0.009906741619162327,0.0007905676541405196,0.01222,3.200899090802838,15.035948323832464,3.8270702597267173e-07,-4863.236240985338,Active,ionq_forte_simulated,2026-07-10T16:53:43.004300+00:00,1,False,2021000.0,1010500.0,3.2,0.0071,0.0006100000000000001,0.9967908072180092,"Run - Jul 10, 2026 at 22:18:59"
Q22,74,1619450.9565554904,809725.4872648262,0.010043741619162327,0.0008035276541405195,0.01222,3.200899090802838,15.035948323832464,3.8270702597267173e-07,-4865.642594804522,Active,ionq_forte_simulated,2026-07-10T16:53:43.006299+00:00,1,False,2022000.0,1011000.0,3.2,0.0072,0.00062,0.9967458192180092,"Run - Jul 10, 2026 at 22:18:59"
Q23,74,1620251.871919825,810125.9449469935,0.010180741619162327,0.0008164876541405195,0.01222,3.200899090802838,15.035948323832464,3.8270702597267173e-07,-4868.048948623473,Active,ionq_forte_simulated,2026-07-10T16:53:43.009301+00:00,1,False,2023000.0,1011500.0,3.2,0.0073,0.00063,0.9967008312180092,"Run - Jul 10, 2026 at 22:18:59"
Q24,74,1621052.7872841598,810526.4026291609,0.010317741619162327,0.0008294476541405195,0.01222,3.200899090802838,15.035948323832464,3.8270702597267173e-07,-4870.455302442191,Active,ionq_forte_simulated,2026-07-10T16:53:43.013310+00:00,1,False,2024000.0,1012000.0,3.2,0.0074,0.00064,0.9966558432180092,"Run - Jul 10, 2026 at 22:18:59"
Q0,75,1597032.5313187516,798516.2750393756,0.007062599995354948,0.0005200098024264082,0.01225,3.2009384900980953,15.03751999907099,4.901213204050541e-07,-4798.2872213763185,Active,ionq_forte_simulated,2026-07-10T16:53:49.955771+00:00,1,False,2000000.0,1000000.0,3.2,0.005,0.0004,0.9977252170606656,"Run - Jul 10, 2026 at 22:18:59"
Q1,75,1597831.047537511,798915.5331487553,0.007200099995354948,0.0005330098024264082,0.01225,3.2009384900980953,15.03751999907099,4.901213204050541e-07,-4800.686366951559,Active,ionq_forte_simulated,2026-07-10T16:53:49.958772+00:00,1,False,2001000.0,1000500.0,3.2,0.0051,0.00041000000000000005,0.9976800670606656,"Run - Jul 10, 2026 at 22:18:59"
Q2,75,1598629.5637562706,799314.7912581351,0.007337599995354948,0.0005460098024264082,0.01225,3.2009384900980953,15.03751999907099,4.901213204050541e-07,-4803.085512526566,Active,ionq_forte_simulated,2026-07-10T16:53:49.960773+00:00,1,False,2002000.0,1001000.0,3.2,0.0052,0.00042,0.9976349170606655,"Run - Jul 10, 2026 at 22:18:59"
Q3,75,1599428.07997503,799714.0493675148,0.007475099995354948,0.0005590098024264082,0.01225,3.2009384900980953,15.03751999907099,4.901213204050541e-07,-4805.484658102039,Active,ionq_forte_simulated,2026-07-10T16:53:49.963771+00:00,1,False,2003000.0,1001500.0,3.2,0.0053,0.00043000000000000004,0.9975897670606656,"Run - Jul 10, 2026 at 22:18:59"
Q4,75,1600226.5961937893,800113.3074768945,0.007612599995354948,0.0005720098024264081,0.01225,3.2009384900980953,15.03751999907099,4.901213204050541e-07,-4807.8838036772795,Active,ionq_forte_simulated,2026-07-10T16:53:49.967773+00:00,1,False,2004000.0,1002000.0,3.2,0.0054,0.00044,0.9975446170606657,"Run - Jul 10, 2026 at 22:18:59"
Q5,75,1601025.1124125486,800512.5655862741,0.007750099995354948,0.0005850098024264082,0.01225,3.2009384900980953,15.03751999907099,4.901213204050541e-07,-4810.28294925252,Active,ionq_forte_simulated,2026-07-10T16:53:49.970771+00:00,1,False,2005000.0,1002500.0,3.2,0.0055,0.00045000000000000004,0.9974994670606656,"Run - Jul 10, 2026 at 22:18:59"
Q6,75,1601823.628631308,800911.8236956538,0.007887599995354948,0.0005980098024264081,0.01225,3.2009384900980953,15.03751999907099,4.901213204050541e-07,-4812.68209482776,Active,ionq_forte_simulated,2026-07-10T16:53:49.972771+00:00,1,False,2006000.0,1003000.0,3.2,0.0056,0.00046,0.9974543170606656,"Run - Jul 10, 2026 at 22:18:59"
Q7,75,1602622.1448500673,801311.0818050335,0.008025099995354949,0.0006110098024264082,0.01225,3.2009384900980953,15.03751999907099,4.901213204050541e-07,-4815.081240403233,Active,ionq_forte_simulated,2026-07-10T16:53:49.975772+00:00,1,False,2007000.0,1003500.0,3.2,0.0057,0.00047000000000000004,0.9974091670606656,"Run - Jul 10, 2026 at 22:18:59"
Q8,75,1603420.6610688267,801710.3399144132,0.008162599995354949,0.0006240098024264081,0.01225,3.2009384900980953,15.03751999907099,4.901213204050541e-07,-4817.480385978473,Active,ionq_forte_simulated,2026-07-10T16:53:49.978773+00:00,1,False,2008000.0,1004000.0,3.2,0.0058000000000000005,0.00048,0.9973640170606657,"Run - Jul 10, 2026 at 22:18:59"
Q9,75,1604219.177287586,802109.5980237928,0.008300099995354948,0.0006370098024264081,0.01225,3.2009384900980953,15.03751999907099,4.901213204050541e-07,-4819.879531553714,Active,ionq_forte_simulated,2026-07-10T16:53:49.983780+00:00,1,False,2009000.0,1004500.0,3.2,0.0059,0.00049,0.9973188670606656,"Run - Jul 10, 2026 at 22:18:59"
Q10,75,1605017.6935063454,802508.8561331725,0.008437599995354948,0.0006500098024264082,0.01225,3.2009384900980953,15.03751999907099,4.901213204050541e-07,-4822.278677129187,Active,ionq_forte_simulated,2026-07-10T16:53:49.986780+00:00,1,False,2010000.0,1005000.0,3.2,0.006,0.0005,0.9972737170606657,"Run - Jul 10, 2026 at 22:18:59"
Q11,75,1605816.209725105,802908.1142425523,0.008575099995354949,0.0006630098024264082,0.01225,3.2009384900980953,15.03751999907099,4.901213204050541e-07,-4824.677822704194,Active,ionq_forte_simulated,2026-07-10T16:53:49.989781+00:00,1,False,2011000.0,1005500.0,3.2,0.0061,0.00051,0.9972285670606655,"Run - Jul 10, 2026 at 22:18:59"
Q12,75,1606614.7259438643,803307.372351932,0.00871259999535495,0.0006760098024264082,0.01225,3.2009384900980953,15.03751999907099,4.901213204050541e-07,-4827.076968279434,Active,ionq_forte_simulated,2026-07-10T16:53:49.992815+00:00,1,False,2012000.0,1006000.0,3.2,0.006200000000000001,0.0005200000000000001,0.9971834170606657,"Run - Jul 10, 2026 at 22:18:59"
Q13,75,1607413.2421626237,803706.6304613117,0.008850099995354948,0.0006890098024264083,0.01225,3.2009384900980953,15.03751999907099,4.901213204050541e-07,-4829.476113854675,Active,ionq_forte_simulated,2026-07-10T16:53:49.996337+00:00,1,False,2013000.0,1006500.0,3.2,0.0063,0.0005300000000000001,0.9971382670606657,"Run - Jul 10, 2026 at 22:18:59"
Q14,75,1608211.758381383,804105.8885706913,0.008987599995354948,0.0007020098024264082,0.01225,3.2009384900980953,15.03751999907099,4.901213204050541e-07,-4831.875259430148,Active,ionq_forte_simulated,2026-07-10T16:53:50.000336+00:00,1,False,2014000.0,1007000.0,3.2,0.0064,0.00054,0.9970931170606656,"Run - Jul 10, 2026 at 22:18:59"
Q15,75,1609010.2746001424,804505.146680071,0.009125099995354949,0.0007150098024264082,0.01225,3.2009384900980953,15.03751999907099,4.901213204050541e-07,-4834.274405005388,Active,ionq_forte_simulated,2026-07-10T16:53:50.004341+00:00,1,False,2015000.0,1007500.0,3.2,0.006500000000000001,0.00055,0.9970479670606656,"Run - Jul 10, 2026 at 22:18:59"
Q16,75,1609808.7908189017,804904.4047894507,0.009262599995354948,0.0007280098024264083,0.01225,3.2009384900980953,15.03751999907099,4.901213204050541e-07,-4836.673550580628,Active,ionq_forte_simulated,2026-07-10T16:53:50.008339+00:00,1,False,2016000.0,1008000.0,3.2,0.0066,0.0005600000000000001,0.9970028170606656,"Run - Jul 10, 2026 at 22:18:59"
Q17,75,1610607.307037661,805303.6628988304,0.009400099995354948,0.0007410098024264081,0.01225,3.2009384900980953,15.03751999907099,4.901213204050541e-07,-4839.072696156101,Active,ionq_forte_simulated,2026-07-10T16:53:50.011339+00:00,1,False,2017000.0,1008500.0,3.2,0.0067,0.00057,0.9969576670606656,"Run - Jul 10, 2026 at 22:18:59"
Q18,75,1611405.8232564204,805702.92100821,0.009537599995354949,0.0007540098024264081,0.01225,3.2009384900980953,15.03751999907099,4.901213204050541e-07,-4841.471841731342,Active,ionq_forte_simulated,2026-07-10T16:53:50.015337+00:00,1,False,2018000.0,1009000.0,3.2,0.0068000000000000005,0.00058,0.9969125170606656,"Run - Jul 10, 2026 at 22:18:59"
Q19,75,1612204.3394751798,806102.1791175897,0.009675099995354947,0.0007670098024264082,0.01225,3.2009384900980953,15.03751999907099,4.901213204050541e-07,-4843.870987306582,Active,ionq_forte_simulated,2026-07-10T16:53:50.018336+00:00,1,False,2019000.0,1009500.0,3.2,0.0069,0.00059,0.9968673670606656,"Run - Jul 10, 2026 at 22:18:59"
Q20,75,1613002.8556939391,806501.4372269694,0.009812599995354948,0.0007800098024264082,0.01225,3.2009384900980953,15.03751999907099,4.901213204050541e-07,-4846.270132881822,Active,ionq_forte_simulated,2026-07-10T16:53:50.021338+00:00,1,False,2020000.0,1010000.0,3.2,0.007,0.0006000000000000001,0.9968222170606655,"Run - Jul 10, 2026 at 22:18:59"
Q21,75,1613801.3719126987,806900.6953363492,0.009950099995354948,0.0007930098024264082,0.01225,3.2009384900980953,15.03751999907099,4.901213204050541e-07,-4848.669278457062,Active,ionq_forte_simulated,2026-07-10T16:53:50.024344+00:00,1,False,2021000.0,1010500.0,3.2,0.0071,0.0006100000000000001,0.9967770670606657,"Run - Jul 10, 2026 at 22:18:59"
Q22,75,1614599.888131458,807299.9534457289,0.010087599995354947,0.0008060098024264082,0.01225,3.2009384900980953,15.03751999907099,4.901213204050541e-07,-4851.068424032303,Active,ionq_forte_simulated,2026-07-10T16:53:50.028340+00:00,1,False,2022000.0,1011000.0,3.2,0.0072,0.00062,0.9967319170606656,"Run - Jul 10, 2026 at 22:18:59"
Q23,75,1615398.4043502174,807699.2115551085,0.010225099995354947,0.0008190098024264082,0.01225,3.2009384900980953,15.03751999907099,4.901213204050541e-07,-4853.467569607543,Active,ionq_forte_simulated,2026-07-10T16:53:50.032339+00:00,1,False,2023000.0,1011500.0,3.2,0.0073,0.00063,0.9966867670606655,"Run - Jul 10, 2026 at 22:18:59"
Q24,75,1616196.9205689768,808098.4696644882,0.010362599995354948,0.0008320098024264082,0.01225,3.2009384900980953,15.03751999907099,4.901213204050541e-07,-4855.866715183016,Active,ionq_forte_simulated,2026-07-10T16:53:50.036339+00:00,1,False,2024000.0,1012000.0,3.2,0.0074,0.00064,0.9966416170606656,"Run - Jul 10, 2026 at 22:18:59"
Q0,76,1592248.616462875,796124.3179106341,0.007093583934406298,0.0005216095507364404,0.01228,3.200968397208854,15.03871678688126,4.775368220236475e-07,-4783.914855876705,Active,ionq_forte_simulated,2026-07-10T16:53:55.674016+00:00,1,False,2000000.0,1000000.0,3.2,0.005,0.0004,0.9977154419544572,"Run - Jul 10, 2026 at 22:18:59"
Q1,76,1593044.7407227103,796522.3800405518,0.007231583934406297,0.0005346495507364405,0.01228,3.200968397208854,15.03871678688126,4.775368220236475e-07,-4786.306814800715,Active,ionq_forte_simulated,2026-07-10T16:53:55.677014+00:00,1,False,2001000.0,1000500.0,3.2,0.0051,0.00041000000000000005,0.9976701299544571,"Run - Jul 10, 2026 at 22:18:59"
Q2,76,1593840.8649825456,796920.4421704694,0.007369583934406296,0.0005476895507364405,0.01228,3.200968397208854,15.03871678688126,4.775368220236475e-07,-4788.698773724958,Active,ionq_forte_simulated,2026-07-10T16:53:55.680015+00:00,1,False,2002000.0,1001000.0,3.2,0.0052,0.00042,0.9976248179544571,"Run - Jul 10, 2026 at 22:18:59"
Q3,76,1594636.9892423812,797318.5043003872,0.007507583934406297,0.0005607295507364405,0.01228,3.200968397208854,15.03871678688126,4.775368220236475e-07,-4791.090732648736,Active,ionq_forte_simulated,2026-07-10T16:53:55.684018+00:00,1,False,2003000.0,1001500.0,3.2,0.0053,0.00043000000000000004,0.9975795059544572,"Run - Jul 10, 2026 at 22:18:59"
Q4,76,1595433.1135022165,797716.5664303049,0.007645583934406296,0.0005737695507364405,0.01228,3.200968397208854,15.03871678688126,4.775368220236475e-07,-4793.482691572746,Active,ionq_forte_simulated,2026-07-10T16:53:55.687031+00:00,1,False,2004000.0,1002000.0,3.2,0.0054,0.00044,0.9975341939544573,"Run - Jul 10, 2026 at 22:18:59"
Q5,76,1596229.237762052,798114.6285602227,0.0077835839344062956,0.0005868095507364405,0.01228,3.200968397208854,15.03871678688126,4.775368220236475e-07,-4795.874650496524,Active,ionq_forte_simulated,2026-07-10T16:53:55.691028+00:00,1,False,2005000.0,1002500.0,3.2,0.0055,0.00045000000000000004,0.9974888819544572,"Run - Jul 10, 2026 at 22:18:59"
Q6,76,1597025.3620218874,798512.6906901404,0.007921583934406297,0.0005998495507364405,0.01228,3.200968397208854,15.03871678688126,4.775368220236475e-07,-4798.266609420534,Active,ionq_forte_simulated,2026-07-10T16:53:55.694031+00:00,1,False,2006000.0,1003000.0,3.2,0.0056,0.00046,0.997443569954457,"Run - Jul 10, 2026 at 22:18:59"
Q7,76,1597821.486281723,798910.7528200581,0.008059583934406298,0.0006128895507364405,0.01228,3.200968397208854,15.03871678688126,4.775368220236475e-07,-4800.658568344312,Active,ionq_forte_simulated,2026-07-10T16:53:55.698028+00:00,1,False,2007000.0,1003500.0,3.2,0.0057,0.00047000000000000004,0.9973982579544571,"Run - Jul 10, 2026 at 22:18:59"
Q8,76,1598617.6105415584,799308.8149499758,0.008197583934406298,0.0006259295507364405,0.01228,3.200968397208854,15.03871678688126,4.775368220236475e-07,-4803.050527268322,Active,ionq_forte_simulated,2026-07-10T16:53:55.701554+00:00,1,False,2008000.0,1004000.0,3.2,0.0058000000000000005,0.00048,0.9973529459544572,"Run - Jul 10, 2026 at 22:18:59"
Q9,76,1599413.734801394,799706.8770798936,0.008335583934406298,0.0006389695507364405,0.01228,3.200968397208854,15.03871678688126,4.775368220236475e-07,-4805.4424861921,Active,ionq_forte_simulated,2026-07-10T16:53:55.705557+00:00,1,False,2009000.0,1004500.0,3.2,0.0059,0.00049,0.9973076339544572,"Run - Jul 10, 2026 at 22:18:59"
Q10,76,1600209.8590612293,800104.9392098113,0.008473583934406297,0.0006520095507364404,0.01228,3.200968397208854,15.03871678688126,4.775368220236475e-07,-4807.83444511611,Active,ionq_forte_simulated,2026-07-10T16:53:55.708553+00:00,1,False,2010000.0,1005000.0,3.2,0.006,0.0005,0.9972623219544572,"Run - Jul 10, 2026 at 22:18:59"
Q11,76,1601005.9833210649,800503.0013397291,0.008611583934406298,0.0006650495507364405,0.01228,3.200968397208854,15.03871678688126,4.775368220236475e-07,-4810.2264040401205,Active,ionq_forte_simulated,2026-07-10T16:53:55.711555+00:00,1,False,2011000.0,1005500.0,3.2,0.0061,0.00051,0.9972170099544573,"Run - Jul 10, 2026 at 22:18:59"
Q12,76,1601802.1075809002,800901.0634696467,0.008749583934406297,0.0006780895507364405,0.01228,3.200968397208854,15.03871678688126,4.775368220236475e-07,-4812.618362964131,Active,ionq_forte_simulated,2026-07-10T16:53:55.715556+00:00,1,False,2012000.0,1006000.0,3.2,0.006200000000000001,0.0005200000000000001,0.9971716979544571,"Run - Jul 10, 2026 at 22:18:59"
Q13,76,1602598.2318407358,801299.1255995645,0.008887583934406296,0.0006911295507364406,0.01228,3.200968397208854,15.03871678688126,4.775368220236475e-07,-4815.0103218879085,Active,ionq_forte_simulated,2026-07-10T16:53:55.718554+00:00,1,False,2013000.0,1006500.0,3.2,0.0063,0.0005300000000000001,0.9971263859544572,"Run - Jul 10, 2026 at 22:18:59"
Q14,76,1603394.356100571,801697.1877294822,0.009025583934406297,0.0007041695507364404,0.01228,3.200968397208854,15.03871678688126,4.775368220236475e-07,-4817.402280811919,Active,ionq_forte_simulated,2026-07-10T16:53:55.722554+00:00,1,False,2014000.0,1007000.0,3.2,0.0064,0.00054,0.9970810739544571,"Run - Jul 10, 2026 at 22:18:59"
Q15,76,1604190.4803604067,802095.2498594,0.009163583934406298,0.0007172095507364405,0.01228,3.200968397208854,15.03871678688126,4.775368220236475e-07,-4819.7942397356965,Active,ionq_forte_simulated,2026-07-10T16:53:55.725564+00:00,1,False,2015000.0,1007500.0,3.2,0.006500000000000001,0.00055,0.9970357619544572,"Run - Jul 10, 2026 at 22:18:59"
Q16,76,1604986.604620242,802493.3119893176,0.009301583934406298,0.0007302495507364405,0.01228,3.200968397208854,15.03871678688126,4.775368220236475e-07,-4822.186198659707,Active,ionq_forte_simulated,2026-07-10T16:53:55.728583+00:00,1,False,2016000.0,1008000.0,3.2,0.0066,0.0005600000000000001,0.9969904499544572,"Run - Jul 10, 2026 at 22:18:59"
Q17,76,1605782.7288800776,802891.3741192354,0.009439583934406297,0.0007432895507364405,0.01228,3.200968397208854,15.03871678688126,4.775368220236475e-07,-4824.578157583484,Active,ionq_forte_simulated,2026-07-10T16:53:55.732569+00:00,1,False,2017000.0,1008500.0,3.2,0.0067,0.00057,0.9969451379544572,"Run - Jul 10, 2026 at 22:18:59"
Q18,76,1606578.853139913,803289.4362491531,0.009577583934406298,0.0007563295507364404,0.01228,3.200968397208854,15.03871678688126,4.775368220236475e-07,-4826.970116507495,Active,ionq_forte_simulated,2026-07-10T16:53:55.735562+00:00,1,False,2018000.0,1009000.0,3.2,0.0068000000000000005,0.00058,0.9968998259544573,"Run - Jul 10, 2026 at 22:18:59"
Q19,76,1607374.9773997485,803687.4983790709,0.009715583934406297,0.0007693695507364405,0.01228,3.200968397208854,15.03871678688126,4.775368220236475e-07,-4829.362075431272,Active,ionq_forte_simulated,2026-07-10T16:53:55.740086+00:00,1,False,2019000.0,1009500.0,3.2,0.0069,0.00059,0.9968545139544571,"Run - Jul 10, 2026 at 22:18:59"
Q20,76,1608171.1016595839,804085.5605089886,0.009853583934406298,0.0007824095507364406,0.01228,3.200968397208854,15.03871678688126,4.775368220236475e-07,-4831.754034355283,Active,ionq_forte_simulated,2026-07-10T16:53:55.743084+00:00,1,False,2020000.0,1010000.0,3.2,0.007,0.0006000000000000001,0.9968092019544572,"Run - Jul 10, 2026 at 22:18:59"
Q21,76,1608967.2259194194,804483.6226389064,0.009991583934406297,0.0007954495507364405,0.01228,3.200968397208854,15.03871678688126,4.775368220236475e-07,-4834.145993279293,Active,ionq_forte_simulated,2026-07-10T16:53:55.746083+00:00,1,False,2021000.0,1010500.0,3.2,0.0071,0.0006100000000000001,0.9967638899544571,"Run - Jul 10, 2026 at 22:18:59"
Q22,76,1609763.3501792548,804881.684768824,0.010129583934406296,0.0008084895507364404,0.01228,3.200968397208854,15.03871678688126,4.775368220236475e-07,-4836.537952203304,Active,ionq_forte_simulated,2026-07-10T16:53:55.750085+00:00,1,False,2022000.0,1011000.0,3.2,0.0072,0.00062,0.9967185779544572,"Run - Jul 10, 2026 at 22:18:59"
Q23,76,1610559.4744390904,805279.7468987418,0.010267583934406297,0.0008215295507364405,0.01228,3.200968397208854,15.03871678688126,4.775368220236475e-07,-4838.929911127081,Active,ionq_forte_simulated,2026-07-10T16:53:55.753117+00:00,1,False,2023000.0,1011500.0,3.2,0.0073,0.00063,0.9966732659544572,"Run - Jul 10, 2026 at 22:18:59"
Q24,76,1611355.5986989257,805677.8090286595,0.010405583934406297,0.0008345695507364406,0.01228,3.200968397208854,15.03871678688126,4.775368220236475e-07,-4841.3218700510915,Active,ionq_forte_simulated,2026-07-10T16:53:55.757128+00:00,1,False,2024000.0,1012000.0,3.2,0.0074,0.00064,0.9966279539544571,"Run - Jul 10, 2026 at 22:18:59"
Q0,77,1587479.0308873088,793739.5253253367,0.0071226336467754,0.0005232069606930987,0.012310000000000001,3.200988516268532,15.03952672935508,3.4803465493194485e-07,-4769.585575566161,Active,ionq_forte_simulated,2026-07-10T16:54:01.693757+00:00,1,False,2000000.0,1000000.0,3.2,0.005,0.0004,0.9977062478177594,"Run - Jul 10, 2026 at 22:18:59"
Q1,77,1588272.770353344,794136.3950583544,0.0072611336467754,0.0005362869606930987,0.012310000000000001,3.200988516268532,15.03952672935508,3.4803465493194485e-07,-4771.97036936623,Active,ionq_forte_simulated,2026-07-10T16:54:01.696758+00:00,1,False,2001000.0,1000500.0,3.2,0.0051,0.00041000000000000005,0.9976607738177595,"Run - Jul 10, 2026 at 22:18:59"
Q2,77,1589066.5098193793,794533.264791372,0.0073996336467754,0.0005493669606930987,0.012310000000000001,3.200988516268532,15.03952672935508,3.4803465493194485e-07,-4774.3551631662995,Active,ionq_forte_simulated,2026-07-10T16:54:01.700755+00:00,1,False,2002000.0,1001000.0,3.2,0.0052,0.00042,0.9976152998177594,"Run - Jul 10, 2026 at 22:18:59"
Q3,77,1589860.2492854146,794930.1345243896,0.0075381336467753995,0.0005624469606930987,0.012310000000000001,3.200988516268532,15.03952672935508,3.4803465493194485e-07,-4776.739956966601,Active,ionq_forte_simulated,2026-07-10T16:54:01.705760+00:00,1,False,2003000.0,1001500.0,3.2,0.0053,0.00043000000000000004,0.9975698258177594,"Run - Jul 10, 2026 at 22:18:59"
Q4,77,1590653.9887514499,795327.0042574073,0.0076766336467754,0.0005755269606930987,0.012310000000000001,3.200988516268532,15.03952672935508,3.4803465493194485e-07,-4779.12475076667,Active,ionq_forte_simulated,2026-07-10T16:54:01.709272+00:00,1,False,2004000.0,1002000.0,3.2,0.0054,0.00044,0.9975243518177594,"Run - Jul 10, 2026 at 22:18:59"
Q5,77,1591447.7282174851,795723.8739904249,0.007815133646775399,0.0005886069606930987,0.012310000000000001,3.200988516268532,15.03952672935508,3.4803465493194485e-07,-4781.509544566972,Active,ionq_forte_simulated,2026-07-10T16:54:01.713283+00:00,1,False,2005000.0,1002500.0,3.2,0.0055,0.00045000000000000004,0.9974788778177595,"Run - Jul 10, 2026 at 22:18:59"
Q6,77,1592241.4676835204,796120.7437234425,0.0079536336467754,0.0006016869606930987,0.012310000000000001,3.200988516268532,15.03952672935508,3.4803465493194485e-07,-4783.894338367041,Active,ionq_forte_simulated,2026-07-10T16:54:01.716285+00:00,1,False,2006000.0,1003000.0,3.2,0.0056,0.00046,0.9974334038177595,"Run - Jul 10, 2026 at 22:18:59"
Q7,77,1593035.2071495554,796517.6134564601,0.0080921336467754,0.0006147669606930987,0.012310000000000001,3.200988516268532,15.03952672935508,3.4803465493194485e-07,-4786.279132167576,Active,ionq_forte_simulated,2026-07-10T16:54:01.720275+00:00,1,False,2007000.0,1003500.0,3.2,0.0057,0.00047000000000000004,0.9973879298177595,"Run - Jul 10, 2026 at 22:18:59"
Q8,77,1593828.9466155907,796914.4831894777,0.0082306336467754,0.0006278469606930987,0.012310000000000001,3.200988516268532,15.03952672935508,3.4803465493194485e-07,-4788.663925967645,Active,ionq_forte_simulated,2026-07-10T16:54:01.724283+00:00,1,False,2008000.0,1004000.0,3.2,0.0058000000000000005,0.00048,0.9973424558177595,"Run - Jul 10, 2026 at 22:18:59"
Q9,77,1594622.686081626,797311.3529224953,0.0083691336467754,0.0006409269606930986,0.012310000000000001,3.200988516268532,15.03952672935508,3.4803465493194485e-07,-4791.048719767947,Active,ionq_forte_simulated,2026-07-10T16:54:01.727284+00:00,1,False,2009000.0,1004500.0,3.2,0.0059,0.00049,0.9972969818177595,"Run - Jul 10, 2026 at 22:18:59"
Q10,77,1595416.4255476613,797708.222655513,0.0085076336467754,0.0006540069606930987,0.012310000000000001,3.200988516268532,15.03952672935508,3.4803465493194485e-07,-4793.433513568016,Active,ionq_forte_simulated,2026-07-10T16:54:01.731466+00:00,1,False,2010000.0,1005000.0,3.2,0.006,0.0005,0.9972515078177595,"Run - Jul 10, 2026 at 22:18:59"
Q11,77,1596210.1650136965,798105.0923885306,0.008646133646775401,0.0006670869606930988,0.012310000000000001,3.200988516268532,15.03952672935508,3.4803465493194485e-07,-4795.818307368318,Active,ionq_forte_simulated,2026-07-10T16:54:01.735477+00:00,1,False,2011000.0,1005500.0,3.2,0.0061,0.00051,0.9972060338177594,"Run - Jul 10, 2026 at 22:18:59"
Q12,77,1597003.9044797318,798501.9621215482,0.0087846336467754,0.0006801669606930987,0.012310000000000001,3.200988516268532,15.03952672935508,3.4803465493194485e-07,-4798.203101168387,Active,ionq_forte_simulated,2026-07-10T16:54:01.739021+00:00,1,False,2012000.0,1006000.0,3.2,0.006200000000000001,0.0005200000000000001,0.9971605598177595,"Run - Jul 10, 2026 at 22:18:59"
Q13,77,1597797.643945767,798898.8318545659,0.0089231336467754,0.0006932469606930988,0.012310000000000001,3.200988516268532,15.03952672935508,3.4803465493194485e-07,-4800.5878949686885,Active,ionq_forte_simulated,2026-07-10T16:54:01.742717+00:00,1,False,2013000.0,1006500.0,3.2,0.0063,0.0005300000000000001,0.9971150858177595,"Run - Jul 10, 2026 at 22:18:59"
Q14,77,1598591.3834118024,799295.7015875835,0.0090616336467754,0.0007063269606930987,0.012310000000000001,3.200988516268532,15.03952672935508,3.4803465493194485e-07,-4802.9726887687575,Active,ionq_forte_simulated,2026-07-10T16:54:01.746714+00:00,1,False,2014000.0,1007000.0,3.2,0.0064,0.00054,0.9970696118177594,"Run - Jul 10, 2026 at 22:18:59"
Q15,77,1599385.1228778374,799692.571320601,0.0092001336467754,0.0007194069606930987,0.012310000000000001,3.200988516268532,15.03952672935508,3.4803465493194485e-07,-4805.357482569292,Active,ionq_forte_simulated,2026-07-10T16:54:01.750713+00:00,1,False,2015000.0,1007500.0,3.2,0.006500000000000001,0.00055,0.9970241378177593,"Run - Jul 10, 2026 at 22:18:59"
Q16,77,1600178.8623438727,800089.4410536187,0.0093386336467754,0.0007324869606930987,0.012310000000000001,3.200988516268532,15.03952672935508,3.4803465493194485e-07,-4807.742276369361,Active,ionq_forte_simulated,2026-07-10T16:54:01.753714+00:00,1,False,2016000.0,1008000.0,3.2,0.0066,0.0005600000000000001,0.9969786638177595,"Run - Jul 10, 2026 at 22:18:59"
Q17,77,1600972.601809908,800486.3107866363,0.0094771336467754,0.0007455669606930987,0.012310000000000001,3.200988516268532,15.03952672935508,3.4803465493194485e-07,-4810.127070169663,Active,ionq_forte_simulated,2026-07-10T16:54:01.757728+00:00,1,False,2017000.0,1008500.0,3.2,0.0067,0.00057,0.9969331898177596,"Run - Jul 10, 2026 at 22:18:59"
Q18,77,1601766.3412759432,800883.180519654,0.0096156336467754,0.0007586469606930986,0.012310000000000001,3.200988516268532,15.03952672935508,3.4803465493194485e-07,-4812.511863969732,Active,ionq_forte_simulated,2026-07-10T16:54:01.760725+00:00,1,False,2018000.0,1009000.0,3.2,0.0068000000000000005,0.00058,0.9968877158177594,"Run - Jul 10, 2026 at 22:18:59"
Q19,77,1602560.0807419785,801280.0502526716,0.0097541336467754,0.0007717269606930987,0.012310000000000001,3.200988516268532,15.03952672935508,3.4803465493194485e-07,-4814.896657770034,Active,ionq_forte_simulated,2026-07-10T16:54:01.765733+00:00,1,False,2019000.0,1009500.0,3.2,0.0069,0.00059,0.9968422418177595,"Run - Jul 10, 2026 at 22:18:59"
Q20,77,1603353.8202080138,801676.9199856892,0.0098926336467754,0.0007848069606930987,0.012310000000000001,3.200988516268532,15.03952672935508,3.4803465493194485e-07,-4817.281451570103,Active,ionq_forte_simulated,2026-07-10T16:54:01.768734+00:00,1,False,2020000.0,1010000.0,3.2,0.007,0.0006000000000000001,0.9967967678177594,"Run - Jul 10, 2026 at 22:18:59"
Q21,77,1604147.559674049,802073.7897187069,0.0100311336467754,0.0007978869606930988,0.012310000000000001,3.200988516268532,15.03952672935508,3.4803465493194485e-07,-4819.666245370405,Active,ionq_forte_simulated,2026-07-10T16:54:01.773259+00:00,1,False,2021000.0,1010500.0,3.2,0.0071,0.0006100000000000001,0.9967512938177595,"Run - Jul 10, 2026 at 22:18:59"
Q22,77,1604941.2991400843,802470.6594517245,0.0101696336467754,0.0008109669606930986,0.012310000000000001,3.200988516268532,15.03952672935508,3.4803465493194485e-07,-4822.051039170474,Active,ionq_forte_simulated,2026-07-10T16:54:01.776258+00:00,1,False,2022000.0,1011000.0,3.2,0.0072,0.00062,0.9967058198177596,"Run - Jul 10, 2026 at 22:18:59"
Q23,77,1605735.0386061193,802867.529184742,0.0103081336467754,0.0008240469606930987,0.012310000000000001,3.200988516268532,15.03952672935508,3.4803465493194485e-07,-4824.4358329710085,Active,ionq_forte_simulated,2026-07-10T16:54:01.780262+00:00,1,False,2023000.0,1011500.0,3.2,0.0073,0.00063,0.9966603458177594,"Run - Jul 10, 2026 at 22:18:59"
Q24,77,1606528.7780721546,803264.3989177597,0.010446633646775401,0.0008371269606930987,0.012310000000000001,3.200988516268532,15.03952672935508,3.4803465493194485e-07,-4826.8206267710775,Active,ionq_forte_simulated,2026-07-10T16:54:01.785262+00:00,1,False,2024000.0,1012000.0,3.2,0.0074,0.00064,0.9966148718177594,"Run - Jul 10, 2026 at 22:18:59"
Q0,78,1582723.7316455022,791361.8758081845,0.007149708669074922,0.0005248026664293237,0.01234,3.200998676666841,15.039941733814985,1.3332146617996864e-07,-4755.299241806613,Active,ionq_forte_simulated,2026-07-10T16:54:07.703979+00:00,1,False,2000000.0,1000000.0,3.2,0.005,0.0004,0.9976976465993487,"Run - Jul 10, 2026 at 22:18:59"
Q1,78,1583515.0934613978,791757.5567161323,0.007288708669074923,0.0005379226664293238,0.01234,3.200998676666841,15.039941733814985,1.3332146617996864e-07,-4757.676891946234,Active,ionq_forte_simulated,2026-07-10T16:54:07.705978+00:00,1,False,2001000.0,1000500.0,3.2,0.0051,0.00041000000000000005,0.9976520105993487,"Run - Jul 10, 2026 at 22:18:59"
Q2,78,1584306.4552772935,792153.2376240802,0.007427708669074921,0.0005510426664293237,0.01234,3.200998676666841,15.039941733814985,1.3332146617996864e-07,-4760.054542085854,Active,ionq_forte_simulated,2026-07-10T16:54:07.708977+00:00,1,False,2002000.0,1001000.0,3.2,0.0052,0.00042,0.9976063745993486,"Run - Jul 10, 2026 at 22:18:59"
Q3,78,1585097.8170931889,792548.9185320279,0.0075667086690749214,0.0005641626664293237,0.01234,3.200998676666841,15.039941733814985,1.3332146617996864e-07,-4762.432192225708,Active,ionq_forte_simulated,2026-07-10T16:54:07.711485+00:00,1,False,2003000.0,1001500.0,3.2,0.0053,0.00043000000000000004,0.9975607385993487,"Run - Jul 10, 2026 at 22:18:59"
Q4,78,1585889.1789090845,792944.5994399757,0.0077057086690749226,0.0005772826664293237,0.01234,3.200998676666841,15.039941733814985,1.3332146617996864e-07,-4764.809842365328,Active,ionq_forte_simulated,2026-07-10T16:54:07.714494+00:00,1,False,2004000.0,1002000.0,3.2,0.0054,0.00044,0.9975151025993487,"Run - Jul 10, 2026 at 22:18:59"
Q5,78,1586680.5407249802,793340.2803479235,0.007844708669074921,0.0005904026664293237,0.01234,3.200998676666841,15.039941733814985,1.3332146617996864e-07,-4767.187492504949,Active,ionq_forte_simulated,2026-07-10T16:54:07.717585+00:00,1,False,2005000.0,1002500.0,3.2,0.0055,0.00045000000000000004,0.9974694665993488,"Run - Jul 10, 2026 at 22:18:59"
Q6,78,1587471.9025408756,793735.9612558712,0.007983708669074921,0.0006035226664293237,0.01234,3.200998676666841,15.039941733814985,1.3332146617996864e-07,-4769.565142644802,Active,ionq_forte_simulated,2026-07-10T16:54:07.720595+00:00,1,False,2006000.0,1003000.0,3.2,0.0056,0.00046,0.9974238305993487,"Run - Jul 10, 2026 at 22:18:59"
Q7,78,1588263.2643567713,794131.642163819,0.008122708669074922,0.0006166426664293238,0.01234,3.200998676666841,15.039941733814985,1.3332146617996864e-07,-4771.94279278419,Active,ionq_forte_simulated,2026-07-10T16:54:07.723598+00:00,1,False,2007000.0,1003500.0,3.2,0.0057,0.00047000000000000004,0.9973781945993487,"Run - Jul 10, 2026 at 22:18:59"
Q8,78,1589054.626172667,794527.3230717669,0.008261708669074922,0.0006297626664293237,0.01234,3.200998676666841,15.039941733814985,1.3332146617996864e-07,-4774.32044292381,Active,ionq_forte_simulated,2026-07-10T16:54:07.725596+00:00,1,False,2008000.0,1004000.0,3.2,0.0058000000000000005,0.00048,0.9973325585993487,"Run - Jul 10, 2026 at 22:18:59"
Q9,78,1589845.9879885626,794923.0039797147,0.00840070866907492,0.0006428826664293236,0.01234,3.200998676666841,15.039941733814985,1.3332146617996864e-07,-4776.698093063431,Active,ionq_forte_simulated,2026-07-10T16:54:07.727596+00:00,1,False,2009000.0,1004500.0,3.2,0.0059,0.00049,0.9972869225993487,"Run - Jul 10, 2026 at 22:18:59"
Q10,78,1590637.349804458,795318.6848876624,0.00853970866907492,0.0006560026664293237,0.01234,3.200998676666841,15.039941733814985,1.3332146617996864e-07,-4779.075743203284,Active,ionq_forte_simulated,2026-07-10T16:54:07.730598+00:00,1,False,2010000.0,1005000.0,3.2,0.006,0.0005,0.9972412865993487,"Run - Jul 10, 2026 at 22:18:59"
Q11,78,1591428.7116203536,795714.3657956102,0.008678708669074922,0.0006691226664293237,0.01234,3.200998676666841,15.039941733814985,1.3332146617996864e-07,-4781.453393342905,Active,ionq_forte_simulated,2026-07-10T16:54:07.733597+00:00,1,False,2011000.0,1005500.0,3.2,0.0061,0.00051,0.9971956505993487,"Run - Jul 10, 2026 at 22:18:59"
Q12,78,1592220.0734362493,796110.0467035581,0.008817708669074923,0.0006822426664293237,0.01234,3.200998676666841,15.039941733814985,1.3332146617996864e-07,-4783.831043482525,Active,ionq_forte_simulated,2026-07-10T16:54:07.736597+00:00,1,False,2012000.0,1006000.0,3.2,0.006200000000000001,0.0005200000000000001,0.9971500145993487,"Run - Jul 10, 2026 at 22:18:59"
Q13,78,1593011.4352521447,796505.7276115058,0.008956708669074921,0.0006953626664293238,0.01234,3.200998676666841,15.039941733814985,1.3332146617996864e-07,-4786.208693622379,Active,ionq_forte_simulated,2026-07-10T16:54:07.738892+00:00,1,False,2013000.0,1006500.0,3.2,0.0063,0.0005300000000000001,0.9971043785993488,"Run - Jul 10, 2026 at 22:18:59"
Q14,78,1593802.7970680404,796901.4085194536,0.009095708669074921,0.0007084826664293237,0.01234,3.200998676666841,15.039941733814985,1.3332146617996864e-07,-4788.586343761999,Active,ionq_forte_simulated,2026-07-10T16:54:07.741890+00:00,1,False,2014000.0,1007000.0,3.2,0.0064,0.00054,0.9970587425993487,"Run - Jul 10, 2026 at 22:18:59"
Q15,78,1594594.158883936,797297.0894274014,0.009234708669074922,0.0007216026664293237,0.01234,3.200998676666841,15.039941733814985,1.3332146617996864e-07,-4790.963993901387,Active,ionq_forte_simulated,2026-07-10T16:54:07.743890+00:00,1,False,2015000.0,1007500.0,3.2,0.006500000000000001,0.00055,0.9970131065993487,"Run - Jul 10, 2026 at 22:18:59"
Q16,78,1595385.5206998314,797692.7703353491,0.009373708669074922,0.0007347226664293238,0.01234,3.200998676666841,15.039941733814985,1.3332146617996864e-07,-4793.34164404124,Active,ionq_forte_simulated,2026-07-10T16:54:07.747892+00:00,1,False,2016000.0,1008000.0,3.2,0.0066,0.0005600000000000001,0.9969674705993488,"Run - Jul 10, 2026 at 22:18:59"
Q17,78,1596176.882515727,798088.451243297,0.009512708669074922,0.0007478426664293237,0.01234,3.200998676666841,15.039941733814985,1.3332146617996864e-07,-4795.719294180861,Active,ionq_forte_simulated,2026-07-10T16:54:07.750700+00:00,1,False,2017000.0,1008500.0,3.2,0.0067,0.00057,0.9969218345993487,"Run - Jul 10, 2026 at 22:18:59"
Q18,78,1596968.2443316227,798484.1321512448,0.009651708669074922,0.0007609626664293237,0.01234,3.200998676666841,15.039941733814985,1.3332146617996864e-07,-4798.096944320481,Active,ionq_forte_simulated,2026-07-10T16:54:07.752707+00:00,1,False,2018000.0,1009000.0,3.2,0.0068000000000000005,0.00058,0.9968761985993487,"Run - Jul 10, 2026 at 22:18:59"
Q19,78,1597759.6061475184,798879.8130591926,0.00979070866907492,0.0007740826664293238,0.01234,3.200998676666841,15.039941733814985,1.3332146617996864e-07,-4800.474594460102,Active,ionq_forte_simulated,2026-07-10T16:54:07.755707+00:00,1,False,2019000.0,1009500.0,3.2,0.0069,0.00059,0.9968305625993488,"Run - Jul 10, 2026 at 22:18:59"
Q20,78,1598550.9679634138,799275.4939671403,0.009929708669074921,0.0007872026664293237,0.01234,3.200998676666841,15.039941733814985,1.3332146617996864e-07,-4802.852244599955,Active,ionq_forte_simulated,2026-07-10T16:54:07.757707+00:00,1,False,2020000.0,1010000.0,3.2,0.007,0.0006000000000000001,0.9967849265993487,"Run - Jul 10, 2026 at 22:18:59"
Q21,78,1599342.3297793095,799671.1748750882,0.010068708669074921,0.0008003226664293237,0.01234,3.200998676666841,15.039941733814985,1.3332146617996864e-07,-4805.229894739576,Active,ionq_forte_simulated,2026-07-10T16:54:07.759705+00:00,1,False,2021000.0,1010500.0,3.2,0.0071,0.0006100000000000001,0.9967392905993487,"Run - Jul 10, 2026 at 22:18:59"
Q22,78,1600133.691595205,800066.855783036,0.010207708669074922,0.0008134426664293237,0.01234,3.200998676666841,15.039941733814985,1.3332146617996864e-07,-4807.607544879196,Active,ionq_forte_simulated,2026-07-10T16:54:07.762708+00:00,1,False,2022000.0,1011000.0,3.2,0.0072,0.00062,0.9966936545993488,"Run - Jul 10, 2026 at 22:18:59"
Q23,78,1600925.0534111005,800462.5366909837,0.010346708669074922,0.0008265626664293237,0.01234,3.200998676666841,15.039941733814985,1.3332146617996864e-07,-4809.985195018817,Active,ionq_forte_simulated,2026-07-10T16:54:07.765709+00:00,1,False,2023000.0,1011500.0,3.2,0.0073,0.00063,0.9966480185993487,"Run - Jul 10, 2026 at 22:18:59"
Q24,78,1601716.4152269962,800858.2175989315,0.010485708669074922,0.0008396826664293237,0.01234,3.200998676666841,15.039941733814985,1.3332146617996864e-07,-4812.362845158437,Active,ionq_forte_simulated,2026-07-10T16:54:07.768708+00:00,1,False,2024000.0,1012000.0,3.2,0.0074,0.00064,0.9966023825993487,"Run - Jul 10, 2026 at 22:18:59"
Q0,79,1577982.6759293533,788991.3479540901,0.007174788268367955,0.0005264022806693448,0.01237,3.2009988273083727,15.039957653673591,-1.1403346724154979e-07,-4741.0557161488105,Active,ionq_forte_simulated,2026-07-10T16:54:13.619251+00:00,1,False,2000000.0,1000000.0,3.2,0.005,0.0004,0.9976896428352888,"Run - Jul 10, 2026 at 22:18:59"
Q1,79,1578771.667217371,789385.843598099,0.007314288268367956,0.0005395622806693449,0.01237,3.2009988273083727,15.039957653673591,-1.1403346724154979e-07,-4743.4262440267485,Active,ionq_forte_simulated,2026-07-10T16:54:13.622249+00:00,1,False,2001000.0,1000500.0,3.2,0.0051,0.00041000000000000005,0.9976438448352888,"Run - Jul 10, 2026 at 22:18:59"
Q2,79,1579560.6585053885,789780.3392421077,0.007453788268367955,0.0005527222806693448,0.01237,3.2009988273083727,15.039957653673591,-1.1403346724154979e-07,-4745.796771904919,Active,ionq_forte_simulated,2026-07-10T16:54:13.625248+00:00,1,False,2002000.0,1001000.0,3.2,0.0052,0.00042,0.9975980468352887,"Run - Jul 10, 2026 at 22:18:59"
Q3,79,1580349.6497934062,790174.8348861166,0.007593288268367955,0.0005658822806693448,0.01237,3.2009988273083727,15.039957653673591,-1.1403346724154979e-07,-4748.1672997826245,Active,ionq_forte_simulated,2026-07-10T16:54:13.628256+00:00,1,False,2003000.0,1001500.0,3.2,0.0053,0.00043000000000000004,0.9975522488352888,"Run - Jul 10, 2026 at 22:18:59"
Q4,79,1581138.6410814237,790569.3305301253,0.0077327882683679555,0.0005790422806693449,0.01237,3.2009988273083727,15.039957653673591,-1.1403346724154979e-07,-4750.537827660795,Active,ionq_forte_simulated,2026-07-10T16:54:13.632251+00:00,1,False,2004000.0,1002000.0,3.2,0.0054,0.00044,0.9975064508352888,"Run - Jul 10, 2026 at 22:18:59"
Q5,79,1581927.6323694414,790963.8261741342,0.007872288268367954,0.0005922022806693449,0.01237,3.2009988273083727,15.039957653673591,-1.1403346724154979e-07,-4752.908355538733,Active,ionq_forte_simulated,2026-07-10T16:54:13.634762+00:00,1,False,2005000.0,1002500.0,3.2,0.0055,0.00045000000000000004,0.9974606528352888,"Run - Jul 10, 2026 at 22:18:59"
Q6,79,1582716.6236574592,791358.321818143,0.008011788268367955,0.0006053622806693449,0.01237,3.2009988273083727,15.039957653673591,-1.1403346724154979e-07,-4755.2788834164385,Active,ionq_forte_simulated,2026-07-10T16:54:13.638771+00:00,1,False,2006000.0,1003000.0,3.2,0.0056,0.00046,0.9974148548352888,"Run - Jul 10, 2026 at 22:18:59"
Q7,79,1583505.6149454766,791752.8174621518,0.008151288268367954,0.0006185222806693449,0.01237,3.2009988273083727,15.039957653673591,-1.1403346724154979e-07,-4757.649411294609,Active,ionq_forte_simulated,2026-07-10T16:54:13.641769+00:00,1,False,2007000.0,1003500.0,3.2,0.0057,0.00047000000000000004,0.9973690568352889,"Run - Jul 10, 2026 at 22:18:59"
Q8,79,1584294.6062334944,792147.3131061606,0.008290788268367955,0.0006316822806693448,0.01237,3.2009988273083727,15.039957653673591,-1.1403346724154979e-07,-4760.019939172547,Active,ionq_forte_simulated,2026-07-10T16:54:13.643770+00:00,1,False,2008000.0,1004000.0,3.2,0.0058000000000000005,0.00048,0.9973232588352888,"Run - Jul 10, 2026 at 22:18:59"
Q9,79,1585083.5975215118,792541.8087501694,0.008430288268367954,0.0006448422806693448,0.01237,3.2009988273083727,15.039957653673591,-1.1403346724154979e-07,-4762.390467050718,Active,ionq_forte_simulated,2026-07-10T16:54:13.647770+00:00,1,False,2009000.0,1004500.0,3.2,0.0059,0.00049,0.9972774608352888,"Run - Jul 10, 2026 at 22:18:59"
Q10,79,1585872.5888095296,792936.3043941782,0.008569788268367955,0.0006580022806693448,0.01237,3.2009988273083727,15.039957653673591,-1.1403346724154979e-07,-4764.760994928423,Active,ionq_forte_simulated,2026-07-10T16:54:13.650889+00:00,1,False,2010000.0,1005000.0,3.2,0.006,0.0005,0.9972316628352889,"Run - Jul 10, 2026 at 22:18:59"
Q11,79,1586661.580097547,793330.800038187,0.008709288268367955,0.0006711622806693449,0.01237,3.2009988273083727,15.039957653673591,-1.1403346724154979e-07,-4767.131522806594,Active,ionq_forte_simulated,2026-07-10T16:54:13.654897+00:00,1,False,2011000.0,1005500.0,3.2,0.0061,0.00051,0.9971858648352888,"Run - Jul 10, 2026 at 22:18:59"
Q12,79,1587450.5713855647,793725.2956821958,0.008848788268367954,0.0006843222806693449,0.01237,3.2009988273083727,15.039957653673591,-1.1403346724154979e-07,-4769.502050684532,Active,ionq_forte_simulated,2026-07-10T16:54:13.656900+00:00,1,False,2012000.0,1006000.0,3.2,0.006200000000000001,0.0005200000000000001,0.9971400668352888,"Run - Jul 10, 2026 at 22:18:59"
Q13,79,1588239.5626735822,794119.7913262045,0.008988288268367953,0.0006974822806693449,0.01237,3.2009988273083727,15.039957653673591,-1.1403346724154979e-07,-4771.87257856247,Active,ionq_forte_simulated,2026-07-10T16:54:13.659899+00:00,1,False,2013000.0,1006500.0,3.2,0.0063,0.0005300000000000001,0.9970942688352888,"Run - Jul 10, 2026 at 22:18:59"
Q14,79,1589028.5539616,794514.2869702134,0.009127788268367954,0.0007106422806693448,0.01237,3.2009988273083727,15.039957653673591,-1.1403346724154979e-07,-4774.243106440408,Active,ionq_forte_simulated,2026-07-10T16:54:13.662901+00:00,1,False,2014000.0,1007000.0,3.2,0.0064,0.00054,0.9970484708352889,"Run - Jul 10, 2026 at 22:18:59"
Q15,79,1589817.5452496174,794908.7826142221,0.009267288268367955,0.0007238022806693448,0.01237,3.2009988273083727,15.039957653673591,-1.1403346724154979e-07,-4776.613634318579,Active,ionq_forte_simulated,2026-07-10T16:54:13.666906+00:00,1,False,2015000.0,1007500.0,3.2,0.006500000000000001,0.00055,0.9970026728352888,"Run - Jul 10, 2026 at 22:18:59"
Q16,79,1590606.5365376351,795303.278258231,0.009406788268367954,0.0007369622806693449,0.01237,3.2009988273083727,15.039957653673591,-1.1403346724154979e-07,-4778.984162196284,Active,ionq_forte_simulated,2026-07-10T16:54:13.669898+00:00,1,False,2016000.0,1008000.0,3.2,0.0066,0.0005600000000000001,0.9969568748352888,"Run - Jul 10, 2026 at 22:18:59"
Q17,79,1591395.5278256529,795697.7739022399,0.009546288268367955,0.0007501222806693447,0.01237,3.2009988273083727,15.039957653673591,-1.1403346724154979e-07,-4781.354690074222,Active,ionq_forte_simulated,2026-07-10T16:54:13.672899+00:00,1,False,2017000.0,1008500.0,3.2,0.0067,0.00057,0.9969110768352887,"Run - Jul 10, 2026 at 22:18:59"
Q18,79,1592184.5191136703,796092.2695462486,0.009685788268367955,0.0007632822806693449,0.01237,3.2009988273083727,15.039957653673591,-1.1403346724154979e-07,-4783.725217952393,Active,ionq_forte_simulated,2026-07-10T16:54:13.675906+00:00,1,False,2018000.0,1009000.0,3.2,0.0068000000000000005,0.00058,0.9968652788352889,"Run - Jul 10, 2026 at 22:18:59"
Q19,79,1592973.510401688,796486.7651902575,0.009825288268367954,0.0007764422806693449,0.01237,3.2009988273083727,15.039957653673591,-1.1403346724154979e-07,-4786.095745830331,Active,ionq_forte_simulated,2026-07-10T16:54:13.678910+00:00,1,False,2019000.0,1009500.0,3.2,0.0069,0.00059,0.9968194808352888,"Run - Jul 10, 2026 at 22:18:59"
Q20,79,1593762.5016897055,796881.2608342662,0.009964788268367955,0.0007896022806693449,0.01237,3.2009988273083727,15.039957653673591,-1.1403346724154979e-07,-4788.466273708269,Active,ionq_forte_simulated,2026-07-10T16:54:13.682907+00:00,1,False,2020000.0,1010000.0,3.2,0.007,0.0006000000000000001,0.9967736828352889,"Run - Jul 10, 2026 at 22:18:59"
Q21,79,1594551.4929777232,797275.756478275,0.010104288268367954,0.0008027622806693449,0.01237,3.2009988273083727,15.039957653673591,-1.1403346724154979e-07,-4790.836801586207,Active,ionq_forte_simulated,2026-07-10T16:54:13.686907+00:00,1,False,2021000.0,1010500.0,3.2,0.0071,0.0006100000000000001,0.9967278848352888,"Run - Jul 10, 2026 at 22:18:59"
Q22,79,1595340.4842657407,797670.2521222838,0.010243788268367953,0.0008159222806693448,0.01237,3.2009988273083727,15.039957653673591,-1.1403346724154979e-07,-4793.207329464378,Active,ionq_forte_simulated,2026-07-10T16:54:13.689816+00:00,1,False,2022000.0,1011000.0,3.2,0.0072,0.00062,0.9966820868352888,"Run - Jul 10, 2026 at 22:18:59"
Q23,79,1596129.4755537584,798064.7477662927,0.010383288268367954,0.0008290822806693448,0.01237,3.2009988273083727,15.039957653673591,-1.1403346724154979e-07,-4795.577857342083,Active,ionq_forte_simulated,2026-07-10T16:54:13.693193+00:00,1,False,2023000.0,1011500.0,3.2,0.0073,0.00063,0.9966362888352889,"Run - Jul 10, 2026 at 22:18:59"
Q24,79,1596918.466841776,798459.2434103014,0.010522788268367955,0.0008422422806693449,0.01237,3.2009988273083727,15.039957653673591,-1.1403346724154979e-07,-4797.948385220254,Active,ionq_forte_simulated,2026-07-10T16:54:13.697195+00:00,1,False,2024000.0,1012000.0,3.2,0.0074,0.00064,0.9965904908352887,"Run - Jul 10, 2026 at 22:18:59"
Q0,80,1573255.8210689316,786627.9204280484,0.007197871649324675,0.0005280066693806166,0.0124,3.2009890247775927,15.039574329864935,-3.33469030826131e-07,-4726.854860421736,Active,ionq_forte_simulated,2026-07-10T16:54:19.278853+00:00,1,False,2000000.0,1000000.0,3.2,0.005,0.0004,0.9976822365043885,"Run - Jul 10, 2026 at 22:18:59"
Q1,80,1574042.448929998,787021.2343585816,0.007337871649324676,0.0005412066693806166,0.0124,3.2009890247775927,15.039574329864935,-3.33469030826131e-07,-4729.218287372962,Active,ionq_forte_simulated,2026-07-10T16:54:19.283855+00:00,1,False,2001000.0,1000500.0,3.2,0.0051,0.00041000000000000005,0.9976362765043885,"Run - Jul 10, 2026 at 22:18:59"
Q2,80,1574829.0767910646,787414.5482891148,0.007477871649324675,0.0005544066693806166,0.0124,3.2009890247775927,15.039574329864935,-3.33469030826131e-07,-4731.581714323955,Active,ionq_forte_simulated,2026-07-10T16:54:19.287098+00:00,1,False,2002000.0,1001000.0,3.2,0.0052,0.00042,0.9975903165043883,"Run - Jul 10, 2026 at 22:18:59"
Q3,80,1575615.704652131,787807.8622196481,0.007617871649324676,0.0005676066693806167,0.0124,3.2009890247775927,15.039574329864935,-3.33469030826131e-07,-4733.9451412751805,Active,ionq_forte_simulated,2026-07-10T16:54:19.290164+00:00,1,False,2003000.0,1001500.0,3.2,0.0053,0.00043000000000000004,0.9975443565043884,"Run - Jul 10, 2026 at 22:18:59"
Q4,80,1576402.3325131978,788201.1761501814,0.007757871649324676,0.0005808066693806166,0.0124,3.2009890247775927,15.039574329864935,-3.33469030826131e-07,-4736.308568225941,Active,ionq_forte_simulated,2026-07-10T16:54:19.294172+00:00,1,False,2004000.0,1002000.0,3.2,0.0054,0.00044,0.9974983965043884,"Run - Jul 10, 2026 at 22:18:59"
Q5,80,1577188.9603742643,788594.4900807147,0.007897871649324676,0.0005940066693806167,0.0124,3.2009890247775927,15.039574329864935,-3.33469030826131e-07,-4738.6719951771665,Active,ionq_forte_simulated,2026-07-10T16:54:19.298172+00:00,1,False,2005000.0,1002500.0,3.2,0.0055,0.00045000000000000004,0.9974524365043884,"Run - Jul 10, 2026 at 22:18:59"
Q6,80,1577975.5882353308,788987.8040112479,0.008037871649324676,0.0006072066693806166,0.0124,3.2009890247775927,15.039574329864935,-3.33469030826131e-07,-4741.035422128392,Active,ionq_forte_simulated,2026-07-10T16:54:19.301172+00:00,1,False,2006000.0,1003000.0,3.2,0.0056,0.00046,0.9974064765043884,"Run - Jul 10, 2026 at 22:18:59"
Q7,80,1578762.2160963975,789381.1179417813,0.008177871649324675,0.0006204066693806167,0.0124,3.2009890247775927,15.039574329864935,-3.33469030826131e-07,-4743.398849079153,Active,ionq_forte_simulated,2026-07-10T16:54:19.305174+00:00,1,False,2007000.0,1003500.0,3.2,0.0057,0.00047000000000000004,0.9973605165043884,"Run - Jul 10, 2026 at 22:18:59"
Q8,80,1579548.843957464,789774.4318723145,0.008317871649324677,0.0006336066693806166,0.0124,3.2009890247775927,15.039574329864935,-3.33469030826131e-07,-4745.762276030378,Active,ionq_forte_simulated,2026-07-10T16:54:19.308177+00:00,1,False,2008000.0,1004000.0,3.2,0.0058000000000000005,0.00048,0.9973145565043884,"Run - Jul 10, 2026 at 22:18:59"
Q9,80,1580335.4718185305,790167.7458028478,0.008457871649324676,0.0006468066693806166,0.0124,3.2009890247775927,15.039574329864935,-3.33469030826131e-07,-4748.125702981371,Active,ionq_forte_simulated,2026-07-10T16:54:19.312182+00:00,1,False,2009000.0,1004500.0,3.2,0.0059,0.00049,0.9972685965043884,"Run - Jul 10, 2026 at 22:18:59"
Q10,80,1581122.099679597,790561.059733381,0.008597871649324676,0.0006600066693806166,0.0124,3.2009890247775927,15.039574329864935,-3.33469030826131e-07,-4750.489129932597,Active,ionq_forte_simulated,2026-07-10T16:54:19.315180+00:00,1,False,2010000.0,1005000.0,3.2,0.006,0.0005,0.9972226365043885,"Run - Jul 10, 2026 at 22:18:59"
Q11,80,1581908.7275406637,790954.3736639144,0.008737871649324677,0.0006732066693806167,0.0124,3.2009890247775927,15.039574329864935,-3.33469030826131e-07,-4752.8525568833575,Active,ionq_forte_simulated,2026-07-10T16:54:19.319182+00:00,1,False,2011000.0,1005500.0,3.2,0.0061,0.00051,0.9971766765043883,"Run - Jul 10, 2026 at 22:18:59"
Q12,80,1582695.3554017302,791347.6875944476,0.008877871649324676,0.0006864066693806167,0.0124,3.2009890247775927,15.039574329864935,-3.33469030826131e-07,-4755.215983834583,Active,ionq_forte_simulated,2026-07-10T16:54:19.322687+00:00,1,False,2012000.0,1006000.0,3.2,0.006200000000000001,0.0005200000000000001,0.9971307165043886,"Run - Jul 10, 2026 at 22:18:59"
Q13,80,1583481.9832627967,791741.0015249809,0.009017871649324676,0.0006996066693806168,0.0124,3.2009890247775927,15.039574329864935,-3.33469030826131e-07,-4757.579410785576,Active,ionq_forte_simulated,2026-07-10T16:54:19.325689+00:00,1,False,2013000.0,1006500.0,3.2,0.0063,0.0005300000000000001,0.9970847565043883,"Run - Jul 10, 2026 at 22:18:59"
Q14,80,1584268.6111238634,792134.3154555142,0.009157871649324675,0.0007128066693806167,0.0124,3.2009890247775927,15.039574329864935,-3.33469030826131e-07,-4759.942837736569,Active,ionq_forte_simulated,2026-07-10T16:54:19.329689+00:00,1,False,2014000.0,1007000.0,3.2,0.0064,0.00054,0.9970387965043884,"Run - Jul 10, 2026 at 22:18:59"
Q15,80,1585055.2389849299,792527.6293860475,0.009297871649324677,0.0007260066693806167,0.0124,3.2009890247775927,15.039574329864935,-3.33469030826131e-07,-4762.306264687562,Active,ionq_forte_simulated,2026-07-10T16:54:19.333693+00:00,1,False,2015000.0,1007500.0,3.2,0.006500000000000001,0.00055,0.9969928365043884,"Run - Jul 10, 2026 at 22:18:59"
Q16,80,1585841.8668459964,792920.9433165807,0.009437871649324676,0.0007392066693806166,0.0124,3.2009890247775927,15.039574329864935,-3.33469030826131e-07,-4764.669691638788,Active,ionq_forte_simulated,2026-07-10T16:54:19.336688+00:00,1,False,2016000.0,1008000.0,3.2,0.0066,0.0005600000000000001,0.9969468765043884,"Run - Jul 10, 2026 at 22:18:59"
Q17,80,1586628.4947070628,793314.257247114,0.009577871649324676,0.0007524066693806165,0.0124,3.2009890247775927,15.039574329864935,-3.33469030826131e-07,-4767.033118590014,Active,ionq_forte_simulated,2026-07-10T16:54:19.340689+00:00,1,False,2017000.0,1008500.0,3.2,0.0067,0.00057,0.9969009165043885,"Run - Jul 10, 2026 at 22:18:59"
Q18,80,1587415.1225681296,793707.5711776473,0.009717871649324677,0.0007656066693806166,0.0124,3.2009890247775927,15.039574329864935,-3.33469030826131e-07,-4769.396545540774,Active,ionq_forte_simulated,2026-07-10T16:54:19.343895+00:00,1,False,2018000.0,1009000.0,3.2,0.0068000000000000005,0.00058,0.9968549565043883,"Run - Jul 10, 2026 at 22:18:59"
Q19,80,1588201.750429196,794100.8851081806,0.009857871649324675,0.0007788066693806166,0.0124,3.2009890247775927,15.039574329864935,-3.33469030826131e-07,-4771.759972492,Active,ionq_forte_simulated,2026-07-10T16:54:19.347905+00:00,1,False,2019000.0,1009500.0,3.2,0.0069,0.00059,0.9968089965043885,"Run - Jul 10, 2026 at 22:18:59"
Q20,80,1588988.3782902625,794494.1990387138,0.009997871649324676,0.0007920066693806166,0.0124,3.2009890247775927,15.039574329864935,-3.33469030826131e-07,-4774.123399442993,Active,ionq_forte_simulated,2026-07-10T16:54:19.350904+00:00,1,False,2020000.0,1010000.0,3.2,0.007,0.0006000000000000001,0.9967630365043884,"Run - Jul 10, 2026 at 22:18:59"
Q21,80,1589775.0061513293,794887.5129692472,0.010137871649324675,0.0008052066693806167,0.0124,3.2009890247775927,15.039574329864935,-3.33469030826131e-07,-4776.486826393986,Active,ionq_forte_simulated,2026-07-10T16:54:19.354904+00:00,1,False,2021000.0,1010500.0,3.2,0.0071,0.0006100000000000001,0.9967170765043885,"Run - Jul 10, 2026 at 22:18:59"
Q22,80,1590561.6340123957,795280.8268997804,0.010277871649324675,0.0008184066693806166,0.0124,3.2009890247775927,15.039574329864935,-3.33469030826131e-07,-4778.850253344979,Active,ionq_forte_simulated,2026-07-10T16:54:19.356903+00:00,1,False,2022000.0,1011000.0,3.2,0.0072,0.00062,0.9966711165043884,"Run - Jul 10, 2026 at 22:18:59"
Q23,80,1591348.2618734622,795674.1408303137,0.010417871649324676,0.0008316066693806166,0.0124,3.2009890247775927,15.039574329864935,-3.33469030826131e-07,-4781.213680296205,Active,ionq_forte_simulated,2026-07-10T16:54:19.360910+00:00,1,False,2023000.0,1011500.0,3.2,0.0073,0.00063,0.9966251565043884,"Run - Jul 10, 2026 at 22:18:59"
Q24,80,1592134.8897345287,796067.4547608469,0.010557871649324676,0.0008448066693806167,0.0124,3.2009890247775927,15.039574329864935,-3.33469030826131e-07,-4783.577107247198,Active,ionq_forte_simulated,2026-07-10T16:54:19.363906+00:00,1,False,2024000.0,1012000.0,3.2,0.0074,0.00064,0.9965791965043884,"Run - Jul 10, 2026 at 22:18:59"
Q0,81,1568543.124532094,784271.5719649451,0.007218977962169017,0.0005296094251949105,0.012429999999999998,3.2009694185510997,15.038795592433804,-4.7125974552544156e-07,-4712.696536837611,Active,ionq_forte_simulated,2026-07-10T16:54:24.722220+00:00,1,False,2000000.0,1000000.0,3.2,0.005,0.0004,0.9976754237837908,"Run - Jul 10, 2026 at 22:18:59"
Q1,81,1569327.3960458655,784663.7077218308,0.007359477962169018,0.0005428494251949105,0.012429999999999998,3.2009694185510997,15.038795592433804,-4.7125974552544156e-07,-4715.052884132601,Active,ionq_forte_simulated,2026-07-10T16:54:24.725222+00:00,1,False,2001000.0,1000500.0,3.2,0.0051,0.00041000000000000005,0.9976293017837908,"Run - Jul 10, 2026 at 22:18:59"
Q2,81,1570111.6675596372,785055.8434787167,0.007499977962169017,0.0005560894251949105,0.012429999999999998,3.2009694185510997,15.038795592433804,-4.7125974552544156e-07,-4717.4092314273585,Active,ionq_forte_simulated,2026-07-10T16:54:24.728740+00:00,1,False,2002000.0,1001000.0,3.2,0.0052,0.00042,0.9975831797837909,"Run - Jul 10, 2026 at 22:18:59"
Q3,81,1570895.9390734087,785447.9792356024,0.007640477962169017,0.0005693294251949106,0.012429999999999998,3.2009694185510997,15.038795592433804,-4.7125974552544156e-07,-4719.765578722348,Active,ionq_forte_simulated,2026-07-10T16:54:24.732742+00:00,1,False,2003000.0,1001500.0,3.2,0.0053,0.00043000000000000004,0.9975370577837908,"Run - Jul 10, 2026 at 22:18:59"
Q4,81,1571680.2105871802,785840.1149924882,0.007780977962169018,0.0005825694251949105,0.012429999999999998,3.2009694185510997,15.038795592433804,-4.7125974552544156e-07,-4722.121926017571,Active,ionq_forte_simulated,2026-07-10T16:54:24.735741+00:00,1,False,2004000.0,1002000.0,3.2,0.0054,0.00044,0.9974909357837909,"Run - Jul 10, 2026 at 22:18:59"
Q5,81,1572464.4821009517,786232.2507493739,0.007921477962169018,0.0005958094251949105,0.012429999999999998,3.2009694185510997,15.038795592433804,-4.7125974552544156e-07,-4724.478273312561,Active,ionq_forte_simulated,2026-07-10T16:54:24.738961+00:00,1,False,2005000.0,1002500.0,3.2,0.0055,0.00045000000000000004,0.9974448137837908,"Run - Jul 10, 2026 at 22:18:59"
Q6,81,1573248.7536147234,786624.3865062598,0.008061977962169018,0.0006090494251949105,0.012429999999999998,3.2009694185510997,15.038795592433804,-4.7125974552544156e-07,-4726.834620607318,Active,ionq_forte_simulated,2026-07-10T16:54:24.742963+00:00,1,False,2006000.0,1003000.0,3.2,0.0056,0.00046,0.9973986917837907,"Run - Jul 10, 2026 at 22:18:59"
Q7,81,1574033.025128495,787016.5222631455,0.008202477962169018,0.0006222894251949106,0.012429999999999998,3.2009694185510997,15.038795592433804,-4.7125974552544156e-07,-4729.190967902541,Active,ionq_forte_simulated,2026-07-10T16:54:24.746960+00:00,1,False,2007000.0,1003500.0,3.2,0.0057,0.00047000000000000004,0.9973525697837908,"Run - Jul 10, 2026 at 22:18:59"
Q8,81,1574817.2966422664,787408.6580200313,0.008342977962169018,0.0006355294251949106,0.012429999999999998,3.2009694185510997,15.038795592433804,-4.7125974552544156e-07,-4731.547315197531,Active,ionq_forte_simulated,2026-07-10T16:54:24.749960+00:00,1,False,2008000.0,1004000.0,3.2,0.0058000000000000005,0.00048,0.9973064477837909,"Run - Jul 10, 2026 at 22:18:59"
Q9,81,1575601.568156038,787800.793776917,0.008483477962169018,0.0006487694251949104,0.012429999999999998,3.2009694185510997,15.038795592433804,-4.7125974552544156e-07,-4733.903662492521,Active,ionq_forte_simulated,2026-07-10T16:54:24.754159+00:00,1,False,2009000.0,1004500.0,3.2,0.0059,0.00049,0.9972603257837909,"Run - Jul 10, 2026 at 22:18:59"
Q10,81,1576385.8396698097,788192.9295338029,0.008623977962169018,0.0006620094251949105,0.012429999999999998,3.2009694185510997,15.038795592433804,-4.7125974552544156e-07,-4736.260009787278,Active,ionq_forte_simulated,2026-07-10T16:54:24.757158+00:00,1,False,2010000.0,1005000.0,3.2,0.006,0.0005,0.9972142037837908,"Run - Jul 10, 2026 at 22:18:59"
Q11,81,1577170.1111835812,788585.0652906887,0.008764477962169018,0.0006752494251949106,0.012429999999999998,3.2009694185510997,15.038795592433804,-4.7125974552544156e-07,-4738.616357082501,Active,ionq_forte_simulated,2026-07-10T16:54:24.761159+00:00,1,False,2011000.0,1005500.0,3.2,0.0061,0.00051,0.9971680817837909,"Run - Jul 10, 2026 at 22:18:59"
Q12,81,1577954.3826973527,788977.2010475744,0.00890497796216902,0.0006884894251949106,0.012429999999999998,3.2009694185510997,15.038795592433804,-4.7125974552544156e-07,-4740.972704377491,Active,ionq_forte_simulated,2026-07-10T16:54:24.764158+00:00,1,False,2012000.0,1006000.0,3.2,0.006200000000000001,0.0005200000000000001,0.9971219597837908,"Run - Jul 10, 2026 at 22:18:59"
Q13,81,1578738.6542111242,789369.3368044602,0.009045477962169018,0.0007017294251949106,0.012429999999999998,3.2009694185510997,15.038795592433804,-4.7125974552544156e-07,-4743.329051672481,Active,ionq_forte_simulated,2026-07-10T16:54:24.768538+00:00,1,False,2013000.0,1006500.0,3.2,0.0063,0.0005300000000000001,0.9970758377837908,"Run - Jul 10, 2026 at 22:18:59"
Q14,81,1579522.925724896,789761.472561346,0.009185977962169018,0.0007149694251949105,0.012429999999999998,3.2009694185510997,15.038795592433804,-4.7125974552544156e-07,-4745.685398967471,Active,ionq_forte_simulated,2026-07-10T16:54:24.771687+00:00,1,False,2014000.0,1007000.0,3.2,0.0064,0.00054,0.9970297157837908,"Run - Jul 10, 2026 at 22:18:59"
Q15,81,1580307.1972386674,790153.6083182318,0.00932647796216902,0.0007282094251949105,0.012429999999999998,3.2009694185510997,15.038795592433804,-4.7125974552544156e-07,-4748.041746262461,Active,ionq_forte_simulated,2026-07-10T16:54:24.775336+00:00,1,False,2015000.0,1007500.0,3.2,0.006500000000000001,0.00055,0.9969835937837908,"Run - Jul 10, 2026 at 22:18:59"
Q16,81,1581091.468752439,790545.7440751175,0.009466977962169018,0.0007414494251949106,0.012429999999999998,3.2009694185510997,15.038795592433804,-4.7125974552544156e-07,-4750.398093557451,Active,ionq_forte_simulated,2026-07-10T16:54:24.779375+00:00,1,False,2016000.0,1008000.0,3.2,0.0066,0.0005600000000000001,0.9969374717837909,"Run - Jul 10, 2026 at 22:18:59"
Q17,81,1581875.7402662104,790937.8798320033,0.009607477962169018,0.0007546894251949104,0.012429999999999998,3.2009694185510997,15.038795592433804,-4.7125974552544156e-07,-4752.754440852441,Active,ionq_forte_simulated,2026-07-10T16:54:24.783380+00:00,1,False,2017000.0,1008500.0,3.2,0.0067,0.00057,0.9968913497837908,"Run - Jul 10, 2026 at 22:18:59"
Q18,81,1582660.0117799821,791330.0155888891,0.00974797796216902,0.0007679294251949105,0.012429999999999998,3.2009694185510997,15.038795592433804,-4.7125974552544156e-07,-4755.110788147431,Active,ionq_forte_simulated,2026-07-10T16:54:24.787375+00:00,1,False,2018000.0,1009000.0,3.2,0.0068000000000000005,0.00058,0.9968452277837908,"Run - Jul 10, 2026 at 22:18:59"
Q19,81,1583444.2832937536,791722.1513457749,0.009888477962169018,0.0007811694251949105,0.012429999999999998,3.2009694185510997,15.038795592433804,-4.7125974552544156e-07,-4757.467135442421,Active,ionq_forte_simulated,2026-07-10T16:54:24.790376+00:00,1,False,2019000.0,1009500.0,3.2,0.0069,0.00059,0.9967991057837908,"Run - Jul 10, 2026 at 22:18:59"
Q20,81,1584228.5548075251,792114.2871026606,0.010028977962169018,0.0007944094251949106,0.012429999999999998,3.2009694185510997,15.038795592433804,-4.7125974552544156e-07,-4759.823482737411,Active,ionq_forte_simulated,2026-07-10T16:54:24.794376+00:00,1,False,2020000.0,1010000.0,3.2,0.007,0.0006000000000000001,0.9967529837837908,"Run - Jul 10, 2026 at 22:18:59"
Q21,81,1585012.8263212966,792506.4228595464,0.010169477962169018,0.0008076494251949107,0.012429999999999998,3.2009694185510997,15.038795592433804,-4.7125974552544156e-07,-4762.179830032634,Active,ionq_forte_simulated,2026-07-10T16:54:24.798378+00:00,1,False,2021000.0,1010500.0,3.2,0.0071,0.0006100000000000001,0.9967068617837908,"Run - Jul 10, 2026 at 22:18:59"
Q22,81,1585797.0978350684,792898.5586164322,0.010309977962169018,0.0008208894251949105,0.012429999999999998,3.2009694185510997,15.038795592433804,-4.7125974552544156e-07,-4764.536177327391,Active,ionq_forte_simulated,2026-07-10T16:54:24.801376+00:00,1,False,2022000.0,1011000.0,3.2,0.0072,0.00062,0.9966607397837908,"Run - Jul 10, 2026 at 22:18:59"
Q23,81,1586581.3693488399,793290.694373318,0.010450477962169018,0.0008341294251949105,0.012429999999999998,3.2009694185510997,15.038795592433804,-4.7125974552544156e-07,-4766.892524622381,Active,ionq_forte_simulated,2026-07-10T16:54:24.805375+00:00,1,False,2023000.0,1011500.0,3.2,0.0073,0.00063,0.9966146177837909,"Run - Jul 10, 2026 at 22:18:59"
Q24,81,1587365.6408626114,793682.8301302037,0.010590977962169018,0.0008473694251949106,0.012429999999999998,3.2009694185510997,15.038795592433804,-4.7125974552544156e-07,-4769.248871917371,Active,ionq_forte_simulated,2026-07-10T16:54:24.808376+00:00,1,False,2024000.0,1012000.0,3.2,0.0074,0.00064,0.9965684957837908,"Run - Jul 10, 2026 at 22:18:59"
Q0,82,1563844.5439240104,781922.2813693107,0.007238146111335955,0.0005312098733927752,0.01246,3.200940236887041,15.03762922226719,-4.936696387619132e-07,-4698.580608083634,Active,ionq_forte_simulated,2026-07-10T16:54:30.973498+00:00,1,False,2000000.0,1000000.0,3.2,0.005,0.0004,0.9976691932045814,"Run - Jul 10, 2026 at 22:18:59"
Q1,82,1564626.4661489357,782313.2424817734,0.007379146111335956,0.0005444898733927753,0.01246,3.200940236887041,15.03762922226719,-4.936696387619132e-07,-4700.929896929767,Active,ionq_forte_simulated,2026-07-10T16:54:30.976507+00:00,1,False,2001000.0,1000500.0,3.2,0.0051,0.00041000000000000005,0.9976229092045814,"Run - Jul 10, 2026 at 22:18:59"
Q2,82,1565408.3883738613,782704.2035942362,0.0075201461113359545,0.0005577698733927753,0.01246,3.200940236887041,15.03762922226719,-4.936696387619132e-07,-4703.2791857759,Active,ionq_forte_simulated,2026-07-10T16:54:30.979502+00:00,1,False,2002000.0,1001000.0,3.2,0.0052,0.00042,0.9975766252045815,"Run - Jul 10, 2026 at 22:18:59"
Q3,82,1566190.3105987867,783095.1647066989,0.007661146111335955,0.0005710498733927753,0.01246,3.200940236887041,15.03762922226719,-4.936696387619132e-07,-4705.6284746220335,Active,ionq_forte_simulated,2026-07-10T16:54:30.982503+00:00,1,False,2003000.0,1001500.0,3.2,0.0053,0.00043000000000000004,0.9975303412045813,"Run - Jul 10, 2026 at 22:18:59"
Q4,82,1566972.2328237123,783486.1258191617,0.0078021461113359555,0.0005843298733927753,0.01246,3.200940236887041,15.03762922226719,-4.936696387619132e-07,-4707.977763467934,Active,ionq_forte_simulated,2026-07-10T16:54:30.985501+00:00,1,False,2004000.0,1002000.0,3.2,0.0054,0.00044,0.9974840572045813,"Run - Jul 10, 2026 at 22:18:59"
Q5,82,1567754.1550486377,783877.0869316243,0.007943146111335956,0.0005976098733927753,0.01246,3.200940236887041,15.03762922226719,-4.936696387619132e-07,-4710.327052314067,Active,ionq_forte_simulated,2026-07-10T16:54:30.987498+00:00,1,False,2005000.0,1002500.0,3.2,0.0055,0.00045000000000000004,0.9974377732045815,"Run - Jul 10, 2026 at 22:18:59"
Q6,82,1568536.0772735632,784268.0480440871,0.008084146111335955,0.0006108898733927753,0.01246,3.200940236887041,15.03762922226719,-4.936696387619132e-07,-4712.6763411602005,Active,ionq_forte_simulated,2026-07-10T16:54:30.990504+00:00,1,False,2006000.0,1003000.0,3.2,0.0056,0.00046,0.9973914892045814,"Run - Jul 10, 2026 at 22:18:59"
Q7,82,1569317.9994984886,784659.0091565498,0.008225146111335955,0.0006241698733927754,0.01246,3.200940236887041,15.03762922226719,-4.936696387619132e-07,-4715.025630006334,Active,ionq_forte_simulated,2026-07-10T16:54:30.994501+00:00,1,False,2007000.0,1003500.0,3.2,0.0057,0.00047000000000000004,0.9973452052045814,"Run - Jul 10, 2026 at 22:18:59"
Q8,82,1570099.921723414,785049.9702690125,0.008366146111335956,0.0006374498733927753,0.01246,3.200940236887041,15.03762922226719,-4.936696387619132e-07,-4717.374918852467,Active,ionq_forte_simulated,2026-07-10T16:54:30.997523+00:00,1,False,2008000.0,1004000.0,3.2,0.0058000000000000005,0.00048,0.9972989212045814,"Run - Jul 10, 2026 at 22:18:59"
Q9,82,1570881.8439483396,785440.9313814753,0.008507146111335954,0.0006507298733927753,0.01246,3.200940236887041,15.03762922226719,-4.936696387619132e-07,-4719.7242076983675,Active,ionq_forte_simulated,2026-07-10T16:54:30.999964+00:00,1,False,2009000.0,1004500.0,3.2,0.0059,0.00049,0.9972526372045813,"Run - Jul 10, 2026 at 22:18:59"
Q10,82,1571663.766173265,785831.892493938,0.008648146111335955,0.0006640098733927753,0.01246,3.200940236887041,15.03762922226719,-4.936696387619132e-07,-4722.073496544734,Active,ionq_forte_simulated,2026-07-10T16:54:31.002971+00:00,1,False,2010000.0,1005000.0,3.2,0.006,0.0005,0.9972063532045814,"Run - Jul 10, 2026 at 22:18:59"
Q11,82,1572445.6883981905,786222.8536064008,0.008789146111335955,0.0006772898733927753,0.01246,3.200940236887041,15.03762922226719,-4.936696387619132e-07,-4724.422785390634,Active,ionq_forte_simulated,2026-07-10T16:54:31.005970+00:00,1,False,2011000.0,1005500.0,3.2,0.0061,0.00051,0.9971600692045814,"Run - Jul 10, 2026 at 22:18:59"
Q12,82,1573227.610623116,786613.8147188635,0.008930146111335956,0.0006905698733927753,0.01246,3.200940236887041,15.03762922226719,-4.936696387619132e-07,-4726.772074236767,Active,ionq_forte_simulated,2026-07-10T16:54:31.008979+00:00,1,False,2012000.0,1006000.0,3.2,0.006200000000000001,0.0005200000000000001,0.9971137852045813,"Run - Jul 10, 2026 at 22:18:59"
Q13,82,1574009.5328480415,787004.7758313263,0.009071146111335955,0.0007038498733927754,0.01246,3.200940236887041,15.03762922226719,-4.936696387619132e-07,-4729.121363082668,Active,ionq_forte_simulated,2026-07-10T16:54:31.011979+00:00,1,False,2013000.0,1006500.0,3.2,0.0063,0.0005300000000000001,0.9970675012045813,"Run - Jul 10, 2026 at 22:18:59"
Q14,82,1574791.4550729669,787395.736943789,0.009212146111335955,0.0007171298733927753,0.01246,3.200940236887041,15.03762922226719,-4.936696387619132e-07,-4731.470651929034,Active,ionq_forte_simulated,2026-07-10T16:54:31.014485+00:00,1,False,2014000.0,1007000.0,3.2,0.0064,0.00054,0.9970212172045814,"Run - Jul 10, 2026 at 22:18:59"
Q15,82,1575573.3772978925,787786.6980562517,0.009353146111335956,0.0007304098733927753,0.01246,3.200940236887041,15.03762922226719,-4.936696387619132e-07,-4733.819940774934,Active,ionq_forte_simulated,2026-07-10T16:54:31.018511+00:00,1,False,2015000.0,1007500.0,3.2,0.006500000000000001,0.00055,0.9969749332045814,"Run - Jul 10, 2026 at 22:18:59"
Q16,82,1576355.2995228178,788177.6591687144,0.009494146111335955,0.0007436898733927754,0.01246,3.200940236887041,15.03762922226719,-4.936696387619132e-07,-4736.169229621068,Active,ionq_forte_simulated,2026-07-10T16:54:31.020533+00:00,1,False,2016000.0,1008000.0,3.2,0.0066,0.0005600000000000001,0.9969286492045814,"Run - Jul 10, 2026 at 22:18:59"
Q17,82,1577137.2217477434,788568.6202811772,0.009635146111335955,0.0007569698733927752,0.01246,3.200940236887041,15.03762922226719,-4.936696387619132e-07,-4738.518518466968,Active,ionq_forte_simulated,2026-07-10T16:54:31.023691+00:00,1,False,2017000.0,1008500.0,3.2,0.0067,0.00057,0.9968823652045813,"Run - Jul 10, 2026 at 22:18:59"
Q18,82,1577919.1439726688,788959.5813936399,0.009776146111335956,0.0007702498733927753,0.01246,3.200940236887041,15.03762922226719,-4.936696387619132e-07,-4740.867807313334,Active,ionq_forte_simulated,2026-07-10T16:54:31.026808+00:00,1,False,2018000.0,1009000.0,3.2,0.0068000000000000005,0.00058,0.9968360812045814,"Run - Jul 10, 2026 at 22:18:59"
Q19,82,1578701.0661975944,789350.5425061027,0.009917146111335956,0.0007835298733927754,0.01246,3.200940236887041,15.03762922226719,-4.936696387619132e-07,-4743.217096159235,Active,ionq_forte_simulated,2026-07-10T16:54:31.029855+00:00,1,False,2019000.0,1009500.0,3.2,0.0069,0.00059,0.9967897972045814,"Run - Jul 10, 2026 at 22:18:59"
Q20,82,1579482.9884225198,789741.5036185654,0.010058146111335957,0.0007968098733927753,0.01246,3.200940236887041,15.03762922226719,-4.936696387619132e-07,-4745.566385005368,Active,ionq_forte_simulated,2026-07-10T16:54:31.032568+00:00,1,False,2020000.0,1010000.0,3.2,0.007,0.0006000000000000001,0.9967435132045814,"Run - Jul 10, 2026 at 22:18:59"
Q21,82,1580264.9106474454,790132.4647310282,0.010199146111335955,0.0008100898733927754,0.01246,3.200940236887041,15.03762922226719,-4.936696387619132e-07,-4747.915673851268,Active,ionq_forte_simulated,2026-07-10T16:54:31.035569+00:00,1,False,2021000.0,1010500.0,3.2,0.0071,0.0006100000000000001,0.9966972292045813,"Run - Jul 10, 2026 at 22:18:59"
Q22,82,1581046.8328723707,790523.4258434909,0.010340146111335956,0.0008233698733927753,0.01246,3.200940236887041,15.03762922226719,-4.936696387619132e-07,-4750.2649626976345,Active,ionq_forte_simulated,2026-07-10T16:54:31.038566+00:00,1,False,2022000.0,1011000.0,3.2,0.0072,0.00062,0.9966509452045813,"Run - Jul 10, 2026 at 22:18:59"
Q23,82,1581828.7550972963,790914.3869559537,0.010481146111335956,0.0008366498733927753,0.01246,3.200940236887041,15.03762922226719,-4.936696387619132e-07,-4752.614251543535,Active,ionq_forte_simulated,2026-07-10T16:54:31.041570+00:00,1,False,2023000.0,1011500.0,3.2,0.0073,0.00063,0.9966046612045814,"Run - Jul 10, 2026 at 22:18:59"
Q24,82,1582610.6773222217,791305.3480684164,0.010622146111335957,0.0008499298733927753,0.01246,3.200940236887041,15.03762922226719,-4.936696387619132e-07,-4754.963540389668,Active,ionq_forte_simulated,2026-07-10T16:54:31.044567+00:00,1,False,2024000.0,1012000.0,3.2,0.0074,0.00064,0.9965583772045814,"Run - Jul 10, 2026 at 22:18:59"
Q0,83,1559160.036986584,779580.0275150104,0.007255434366751259,0.000532807904239742,0.012490000000000001,3.200901776621769,15.036086873350252,-3.9521198709890784e-07,-4684.506937426282,Active,ionq_forte_simulated,2026-07-10T16:54:37.671777+00:00,1,False,2000000.0,1000000.0,3.2,0.005,0.0004,0.9976635273187028,"Run - Jul 10, 2026 at 22:18:59"
Q1,83,1559939.6169599688,779969.8175017028,0.0073969343667512595,0.0005461279042397421,0.012490000000000001,3.200901776621769,15.036086873350252,-3.9521198709890784e-07,-4686.849188966909,Active,ionq_forte_simulated,2026-07-10T16:54:37.676776+00:00,1,False,2001000.0,1000500.0,3.2,0.0051,0.00041000000000000005,0.9976170813187027,"Run - Jul 10, 2026 at 22:18:59"
Q2,83,1560719.1969333536,780359.6074883952,0.007538434366751259,0.000559447904239742,0.012490000000000001,3.200901776621769,15.036086873350252,-3.9521198709890784e-07,-4689.19144050777,Active,ionq_forte_simulated,2026-07-10T16:54:37.683225+00:00,1,False,2002000.0,1001000.0,3.2,0.0052,0.00042,0.9975706353187027,"Run - Jul 10, 2026 at 22:18:59"
Q3,83,1561498.7769067383,780749.3974750875,0.007679934366751259,0.0005727679042397421,0.012490000000000001,3.200901776621769,15.036086873350252,-3.9521198709890784e-07,-4691.533692048397,Active,ionq_forte_simulated,2026-07-10T16:54:37.686275+00:00,1,False,2003000.0,1001500.0,3.2,0.0053,0.00043000000000000004,0.9975241893187027,"Run - Jul 10, 2026 at 22:18:59"
Q4,83,1562278.356880123,781139.1874617799,0.007821434366751258,0.000586087904239742,0.012490000000000001,3.200901776621769,15.036086873350252,-3.9521198709890784e-07,-4693.875943589257,Active,ionq_forte_simulated,2026-07-10T16:54:37.695272+00:00,1,False,2004000.0,1002000.0,3.2,0.0054,0.00044,0.9974777433187026,"Run - Jul 10, 2026 at 22:18:59"
Q5,83,1563057.9368535078,781528.9774484723,0.007962934366751257,0.000599407904239742,0.012490000000000001,3.200901776621769,15.036086873350252,-3.9521198709890784e-07,-4696.218195129884,Active,ionq_forte_simulated,2026-07-10T16:54:37.699050+00:00,1,False,2005000.0,1002500.0,3.2,0.0055,0.00045000000000000004,0.9974312973187027,"Run - Jul 10, 2026 at 22:18:59"
Q6,83,1563837.5168268923,781918.7674351645,0.008104434366751258,0.0006127279042397421,0.012490000000000001,3.200901776621769,15.036086873350252,-3.9521198709890784e-07,-4698.560446670977,Active,ionq_forte_simulated,2026-07-10T16:54:37.706759+00:00,1,False,2006000.0,1003000.0,3.2,0.0056,0.00046,0.9973848513187027,"Run - Jul 10, 2026 at 22:18:59"
Q7,83,1564617.096800277,782308.5574218569,0.008245934366751258,0.0006260479042397421,0.012490000000000001,3.200901776621769,15.036086873350252,-3.9521198709890784e-07,-4700.902698211605,Active,ionq_forte_simulated,2026-07-10T16:54:37.711097+00:00,1,False,2007000.0,1003500.0,3.2,0.0057,0.00047000000000000004,0.9973384053187027,"Run - Jul 10, 2026 at 22:18:59"
Q8,83,1565396.6767736617,782698.3474085493,0.008387434366751259,0.0006393679042397421,0.012490000000000001,3.200901776621769,15.036086873350252,-3.9521198709890784e-07,-4703.244949752232,Active,ionq_forte_simulated,2026-07-10T16:54:37.715094+00:00,1,False,2008000.0,1004000.0,3.2,0.0058000000000000005,0.00048,0.9972919593187026,"Run - Jul 10, 2026 at 22:18:59"
Q9,83,1566176.2567470465,783088.1373952416,0.008528934366751258,0.000652687904239742,0.012490000000000001,3.200901776621769,15.036086873350252,-3.9521198709890784e-07,-4705.587201293092,Active,ionq_forte_simulated,2026-07-10T16:54:37.726106+00:00,1,False,2009000.0,1004500.0,3.2,0.0059,0.00049,0.9972455133187028,"Run - Jul 10, 2026 at 22:18:59"
Q10,83,1566955.8367204312,783477.927381934,0.008670434366751259,0.000666007904239742,0.012490000000000001,3.200901776621769,15.036086873350252,-3.9521198709890784e-07,-4707.92945283372,Active,ionq_forte_simulated,2026-07-10T16:54:37.730107+00:00,1,False,2010000.0,1005000.0,3.2,0.006,0.0005,0.9971990673187028,"Run - Jul 10, 2026 at 22:18:59"
Q11,83,1567735.416693816,783867.7173686264,0.008811934366751258,0.0006793279042397421,0.012490000000000001,3.200901776621769,15.036086873350252,-3.9521198709890784e-07,-4710.27170437458,Active,ionq_forte_simulated,2026-07-10T16:54:37.736509+00:00,1,False,2011000.0,1005500.0,3.2,0.0061,0.00051,0.9971526213187027,"Run - Jul 10, 2026 at 22:18:59"
Q12,83,1568514.9966672007,784257.5073553188,0.00895343436675126,0.0006926479042397421,0.012490000000000001,3.200901776621769,15.036086873350252,-3.9521198709890784e-07,-4712.613955915207,Active,ionq_forte_simulated,2026-07-10T16:54:37.739523+00:00,1,False,2012000.0,1006000.0,3.2,0.006200000000000001,0.0005200000000000001,0.9971061753187027,"Run - Jul 10, 2026 at 22:18:59"
Q13,83,1569294.5766405852,784647.297342011,0.009094934366751259,0.0007059679042397422,0.012490000000000001,3.200901776621769,15.036086873350252,-3.9521198709890784e-07,-4714.9562074563,Active,ionq_forte_simulated,2026-07-10T16:54:37.750706+00:00,1,False,2013000.0,1006500.0,3.2,0.0063,0.0005300000000000001,0.9970597293187027,"Run - Jul 10, 2026 at 22:18:59"
Q14,83,1570074.15661397,785037.0873287034,0.009236434366751258,0.0007192879042397421,0.012490000000000001,3.200901776621769,15.036086873350252,-3.9521198709890784e-07,-4717.298458996927,Active,ionq_forte_simulated,2026-07-10T16:54:37.755704+00:00,1,False,2014000.0,1007000.0,3.2,0.0064,0.00054,0.9970132833187026,"Run - Jul 10, 2026 at 22:18:59"
Q15,83,1570853.7365873547,785426.8773153957,0.009377934366751259,0.0007326079042397421,0.012490000000000001,3.200901776621769,15.036086873350252,-3.9521198709890784e-07,-4719.6407105377875,Active,ionq_forte_simulated,2026-07-10T16:54:37.762704+00:00,1,False,2015000.0,1007500.0,3.2,0.006500000000000001,0.00055,0.9969668373187026,"Run - Jul 10, 2026 at 22:18:59"
Q16,83,1571633.3165607394,785816.6673020881,0.009519434366751258,0.0007459279042397421,0.012490000000000001,3.200901776621769,15.036086873350252,-3.9521198709890784e-07,-4721.982962078415,Active,ionq_forte_simulated,2026-07-10T16:54:37.765705+00:00,1,False,2016000.0,1008000.0,3.2,0.0066,0.0005600000000000001,0.9969203913187027,"Run - Jul 10, 2026 at 22:18:59"
Q17,83,1572412.8965341242,786206.4572887805,0.009660934366751259,0.000759247904239742,0.012490000000000001,3.200901776621769,15.036086873350252,-3.9521198709890784e-07,-4724.325213619275,Active,ionq_forte_simulated,2026-07-10T16:54:37.771709+00:00,1,False,2017000.0,1008500.0,3.2,0.0067,0.00057,0.9968739453187028,"Run - Jul 10, 2026 at 22:18:59"
Q18,83,1573192.476507509,786596.2472754729,0.009802434366751258,0.000772567904239742,0.012490000000000001,3.200901776621769,15.036086873350252,-3.9521198709890784e-07,-4726.667465159902,Active,ionq_forte_simulated,2026-07-10T16:54:37.781705+00:00,1,False,2018000.0,1009000.0,3.2,0.0068000000000000005,0.00058,0.9968274993187027,"Run - Jul 10, 2026 at 22:18:59"
Q19,83,1573972.0564808934,786986.0372621651,0.009943934366751258,0.0007858879042397421,0.012490000000000001,3.200901776621769,15.036086873350252,-3.9521198709890784e-07,-4729.009716700995,Active,ionq_forte_simulated,2026-07-10T16:54:37.784705+00:00,1,False,2019000.0,1009500.0,3.2,0.0069,0.00059,0.9967810533187027,"Run - Jul 10, 2026 at 22:18:59"
Q20,83,1574751.6364542781,787375.8272488575,0.010085434366751259,0.0007992079042397421,0.012490000000000001,3.200901776621769,15.036086873350252,-3.9521198709890784e-07,-4731.351968241623,Active,ionq_forte_simulated,2026-07-10T16:54:37.796708+00:00,1,False,2020000.0,1010000.0,3.2,0.007,0.0006000000000000001,0.9967346073187027,"Run - Jul 10, 2026 at 22:18:59"
Q21,83,1575531.2164276629,787765.6172355498,0.01022693436675126,0.0008125279042397422,0.012490000000000001,3.200901776621769,15.036086873350252,-3.9521198709890784e-07,-4733.694219782483,Active,ionq_forte_simulated,2026-07-10T16:54:37.800707+00:00,1,False,2021000.0,1010500.0,3.2,0.0071,0.0006100000000000001,0.9966881613187026,"Run - Jul 10, 2026 at 22:18:59"
Q22,83,1576310.7964010476,788155.4072222422,0.010368434366751257,0.000825847904239742,0.012490000000000001,3.200901776621769,15.036086873350252,-3.9521198709890784e-07,-4736.03647132311,Active,ionq_forte_simulated,2026-07-10T16:54:37.810707+00:00,1,False,2022000.0,1011000.0,3.2,0.0072,0.00062,0.9966417153187026,"Run - Jul 10, 2026 at 22:18:59"
Q23,83,1577090.3763744324,788545.1972089346,0.010509934366751258,0.000839167904239742,0.012490000000000001,3.200901776621769,15.036086873350252,-3.9521198709890784e-07,-4738.37872286397,Active,ionq_forte_simulated,2026-07-10T16:54:37.814708+00:00,1,False,2023000.0,1011500.0,3.2,0.0073,0.00063,0.9965952693187027,"Run - Jul 10, 2026 at 22:18:59"
Q24,83,1577869.956347817,788934.987195627,0.010651434366751259,0.0008524879042397421,0.012490000000000001,3.200901776621769,15.036086873350252,-3.9521198709890784e-07,-4740.720974404598,Active,ionq_forte_simulated,2026-07-10T16:54:37.818707+00:00,1,False,2024000.0,1012000.0,3.2,0.0074,0.00064,0.9965488233187028,"Run - Jul 10, 2026 at 22:18:59"
Q0,84,1554489.5615977831,777244.7893448806,0.007270919781617656,0.00053440399985315,0.01252,3.200854398915431,15.034183956323531,-1.9999265749417565e-07,-4670.475388800958,Active,ionq_forte_simulated,2026-07-10T16:54:44.312241+00:00,1,False,2000000.0,1000000.0,3.2,0.005,0.0004,0.9976584028655587,"Run - Jul 10, 2026 at 22:18:59"
Q1,84,1555266.806335852,777633.4117139151,0.0074129197816176565,0.00054776399985315,0.01252,3.200854398915431,15.034183956323531,-1.9999265749417565e-07,-4672.810624116799,Active,ionq_forte_simulated,2026-07-10T16:54:44.315241+00:00,1,False,2001000.0,1000500.0,3.2,0.0051,0.00041000000000000005,0.9976117948655587,"Run - Jul 10, 2026 at 22:18:59"
Q2,84,1556044.051073921,778022.0340829495,0.007554919781617655,0.0005611239998531499,0.01252,3.200854398915431,15.034183956323531,-1.9999265749417565e-07,-4675.14585943264,Active,ionq_forte_simulated,2026-07-10T16:54:44.318240+00:00,1,False,2002000.0,1001000.0,3.2,0.0052,0.00042,0.9975651868655587,"Run - Jul 10, 2026 at 22:18:59"
Q3,84,1556821.2958119898,778410.656451984,0.007696919781617656,0.0005744839998531499,0.01252,3.200854398915431,15.034183956323531,-1.9999265749417565e-07,-4677.48109474848,Active,ionq_forte_simulated,2026-07-10T16:54:44.321242+00:00,1,False,2003000.0,1001500.0,3.2,0.0053,0.00043000000000000004,0.9975185788655587,"Run - Jul 10, 2026 at 22:18:59"
Q4,84,1557598.5405500587,778799.2788210184,0.007838919781617656,0.0005878439998531499,0.01252,3.200854398915431,15.034183956323531,-1.9999265749417565e-07,-4679.816330064321,Active,ionq_forte_simulated,2026-07-10T16:54:44.324241+00:00,1,False,2004000.0,1002000.0,3.2,0.0054,0.00044,0.9974719708655587,"Run - Jul 10, 2026 at 22:18:59"
Q5,84,1558375.7852881278,779187.901190053,0.007980919781617656,0.00060120399985315,0.01252,3.200854398915431,15.034183956323531,-1.9999265749417565e-07,-4682.151565379929,Active,ionq_forte_simulated,2026-07-10T16:54:44.327243+00:00,1,False,2005000.0,1002500.0,3.2,0.0055,0.00045000000000000004,0.9974253628655587,"Run - Jul 10, 2026 at 22:18:59"
Q6,84,1559153.0300261967,779576.5235590874,0.008122919781617655,0.00061456399985315,0.01252,3.200854398915431,15.034183956323531,-1.9999265749417565e-07,-4684.486800695537,Active,ionq_forte_simulated,2026-07-10T16:54:44.330240+00:00,1,False,2006000.0,1003000.0,3.2,0.0056,0.00046,0.9973787548655587,"Run - Jul 10, 2026 at 22:18:59"
Q7,84,1559930.2747642656,779965.1459281219,0.008264919781617657,0.00062792399985315,0.01252,3.200854398915431,15.034183956323531,-1.9999265749417565e-07,-4686.822036011377,Active,ionq_forte_simulated,2026-07-10T16:54:44.333249+00:00,1,False,2007000.0,1003500.0,3.2,0.0057,0.00047000000000000004,0.9973321468655587,"Run - Jul 10, 2026 at 22:18:59"
Q8,84,1560707.5195023345,780353.7682971563,0.008406919781617657,0.0006412839998531499,0.01252,3.200854398915431,15.034183956323531,-1.9999265749417565e-07,-4689.157271327218,Active,ionq_forte_simulated,2026-07-10T16:54:44.336248+00:00,1,False,2008000.0,1004000.0,3.2,0.0058000000000000005,0.00048,0.9972855388655587,"Run - Jul 10, 2026 at 22:18:59"
Q9,84,1561484.7642404034,780742.3906661908,0.008548919781617656,0.0006546439998531499,0.01252,3.200854398915431,15.034183956323531,-1.9999265749417565e-07,-4691.492506643059,Active,ionq_forte_simulated,2026-07-10T16:54:44.339247+00:00,1,False,2009000.0,1004500.0,3.2,0.0059,0.00049,0.9972389308655587,"Run - Jul 10, 2026 at 22:18:59"
Q10,84,1562262.0089784726,781131.0130352253,0.008690919781617656,0.00066800399985315,0.01252,3.200854398915431,15.034183956323531,-1.9999265749417565e-07,-4693.827741958667,Active,ionq_forte_simulated,2026-07-10T16:54:44.342250+00:00,1,False,2010000.0,1005000.0,3.2,0.006,0.0005,0.9971923228655587,"Run - Jul 10, 2026 at 22:18:59"
Q11,84,1563039.2537165415,781519.6354042598,0.008832919781617656,0.00068136399985315,0.01252,3.200854398915431,15.034183956323531,-1.9999265749417565e-07,-4696.162977274507,Active,ionq_forte_simulated,2026-07-10T16:54:44.345251+00:00,1,False,2011000.0,1005500.0,3.2,0.0061,0.00051,0.9971457148655587,"Run - Jul 10, 2026 at 22:18:59"
Q12,84,1563816.4984546104,781908.2577732942,0.008974919781617657,0.00069472399985315,0.01252,3.200854398915431,15.034183956323531,-1.9999265749417565e-07,-4698.498212590348,Active,ionq_forte_simulated,2026-07-10T16:54:44.347754+00:00,1,False,2012000.0,1006000.0,3.2,0.006200000000000001,0.0005200000000000001,0.9970991068655587,"Run - Jul 10, 2026 at 22:18:59"
Q13,84,1564593.7431926792,782296.8801423287,0.009116919781617655,0.00070808399985315,0.01252,3.200854398915431,15.034183956323531,-1.9999265749417565e-07,-4700.833447905956,Active,ionq_forte_simulated,2026-07-10T16:54:44.350763+00:00,1,False,2013000.0,1006500.0,3.2,0.0063,0.0005300000000000001,0.9970524988655587,"Run - Jul 10, 2026 at 22:18:59"
Q14,84,1565370.9879307481,782685.5025113631,0.009258919781617657,0.0007214439998531499,0.01252,3.200854398915431,15.034183956323531,-1.9999265749417565e-07,-4703.1686832217965,Active,ionq_forte_simulated,2026-07-10T16:54:44.354763+00:00,1,False,2014000.0,1007000.0,3.2,0.0064,0.00054,0.9970058908655587,"Run - Jul 10, 2026 at 22:18:59"
Q15,84,1566148.2326688173,783074.1248803977,0.009400919781617657,0.00073480399985315,0.01252,3.200854398915431,15.034183956323531,-1.9999265749417565e-07,-4705.503918537404,Active,ionq_forte_simulated,2026-07-10T16:54:44.357767+00:00,1,False,2015000.0,1007500.0,3.2,0.006500000000000001,0.00055,0.9969592828655587,"Run - Jul 10, 2026 at 22:18:59"
Q16,84,1566925.4774068862,783462.7472494321,0.009542919781617656,0.00074816399985315,0.01252,3.200854398915431,15.034183956323531,-1.9999265749417565e-07,-4707.839153853245,Active,ionq_forte_simulated,2026-07-10T16:54:44.359764+00:00,1,False,2016000.0,1008000.0,3.2,0.0066,0.0005600000000000001,0.9969126748655587,"Run - Jul 10, 2026 at 22:18:59"
Q17,84,1567702.722144955,783851.3696184666,0.009684919781617656,0.0007615239998531499,0.01252,3.200854398915431,15.034183956323531,-1.9999265749417565e-07,-4710.174389169086,Active,ionq_forte_simulated,2026-07-10T16:54:44.362763+00:00,1,False,2017000.0,1008500.0,3.2,0.0067,0.00057,0.9968660668655587,"Run - Jul 10, 2026 at 22:18:59"
Q18,84,1568479.966883024,784239.991987501,0.009826919781617656,0.0007748839998531499,0.01252,3.200854398915431,15.034183956323531,-1.9999265749417565e-07,-4712.5096244849265,Active,ionq_forte_simulated,2026-07-10T16:54:44.365763+00:00,1,False,2018000.0,1009000.0,3.2,0.0068000000000000005,0.00058,0.9968194588655587,"Run - Jul 10, 2026 at 22:18:59"
Q19,84,1569257.211621093,784628.6143565356,0.009968919781617656,0.0007882439998531499,0.01252,3.200854398915431,15.034183956323531,-1.9999265749417565e-07,-4714.8448598003015,Active,ionq_forte_simulated,2026-07-10T16:54:44.368766+00:00,1,False,2019000.0,1009500.0,3.2,0.0069,0.00059,0.9967728508655588,"Run - Jul 10, 2026 at 22:18:59"
Q20,84,1570034.456359162,785017.23672557,0.010110919781617655,0.0008016039998531499,0.01252,3.200854398915431,15.034183956323531,-1.9999265749417565e-07,-4717.180095116142,Active,ionq_forte_simulated,2026-07-10T16:54:44.371762+00:00,1,False,2020000.0,1010000.0,3.2,0.007,0.0006000000000000001,0.9967262428655588,"Run - Jul 10, 2026 at 22:18:59"
Q21,84,1570811.701097231,785405.8590946045,0.010252919781617657,0.0008149639998531501,0.01252,3.200854398915431,15.034183956323531,-1.9999265749417565e-07,-4719.515330431983,Active,ionq_forte_simulated,2026-07-10T16:54:44.374763+00:00,1,False,2021000.0,1010500.0,3.2,0.0071,0.0006100000000000001,0.9966796348655587,"Run - Jul 10, 2026 at 22:18:59"
Q22,84,1571588.9458352998,785794.481463639,0.010394919781617655,0.0008283239998531499,0.01252,3.200854398915431,15.034183956323531,-1.9999265749417565e-07,-4721.850565747824,Active,ionq_forte_simulated,2026-07-10T16:54:44.377766+00:00,1,False,2022000.0,1011000.0,3.2,0.0072,0.00062,0.9966330268655588,"Run - Jul 10, 2026 at 22:18:59"
Q23,84,1572366.1905733687,786183.1038326734,0.010536919781617657,0.0008416839998531499,0.01252,3.200854398915431,15.034183956323531,-1.9999265749417565e-07,-4724.185801063664,Active,ionq_forte_simulated,2026-07-10T16:54:44.380763+00:00,1,False,2023000.0,1011500.0,3.2,0.0073,0.00063,0.9965864188655588,"Run - Jul 10, 2026 at 22:18:59"
Q24,84,1573143.4353114378,786571.726201708,0.010678919781617656,0.00085504399985315,0.01252,3.200854398915431,15.034183956323531,-1.9999265749417565e-07,-4726.521036379272,Active,ionq_forte_simulated,2026-07-10T16:54:44.383762+00:00,1,False,2024000.0,1012000.0,3.2,0.0074,0.00064,0.9965398108655588,"Run - Jul 10, 2026 at 22:18:59"
Q0,85,1549833.075770873,774916.5458703077,0.007284697422524698,0.0005360008838369931,0.012549999999999999,3.2007985313044736,15.031939484504939,4.4191849652902774e-08,-4656.485826910008,Active,ionq_forte_simulated,2026-07-10T16:54:50.993277+00:00,1,False,2000000.0,1000000.0,3.2,0.005,0.0004,0.9976537905080916,"Run - Jul 10, 2026 at 22:18:59"
Q1,85,1550607.9922688343,775304.0041192883,0.007427197422524698,0.0005494008838369932,0.012549999999999999,3.2007985313044736,15.031939484504939,4.4191849652902774e-08,-4658.814067017753,Active,ionq_forte_simulated,2026-07-10T16:54:50.997156+00:00,1,False,2001000.0,1000500.0,3.2,0.0051,0.00041000000000000005,0.9976070205080915,"Run - Jul 10, 2026 at 22:18:59"
Q2,85,1551382.9087667952,775691.4623682688,0.007569697422524698,0.0005628008838369931,0.012549999999999999,3.2007985313044736,15.031939484504939,4.4191849652902774e-08,-4661.14230712573,Active,ionq_forte_simulated,2026-07-10T16:54:51.001049+00:00,1,False,2002000.0,1001000.0,3.2,0.0052,0.00042,0.9975602505080916,"Run - Jul 10, 2026 at 22:18:59"
Q3,85,1552157.8252647563,776078.9206172493,0.007712197422524698,0.0005762008838369932,0.012549999999999999,3.2007985313044736,15.031939484504939,4.4191849652902774e-08,-4663.470547233475,Active,ionq_forte_simulated,2026-07-10T16:54:51.004079+00:00,1,False,2003000.0,1001500.0,3.2,0.0053,0.00043000000000000004,0.9975134805080914,"Run - Jul 10, 2026 at 22:18:59"
Q4,85,1552932.7417627175,776466.3788662299,0.007854697422524698,0.0005896008838369931,0.012549999999999999,3.2007985313044736,15.031939484504939,4.4191849652902774e-08,-4665.79878734122,Active,ionq_forte_simulated,2026-07-10T16:54:51.006192+00:00,1,False,2004000.0,1002000.0,3.2,0.0054,0.00044,0.9974667105080914,"Run - Jul 10, 2026 at 22:18:59"
Q5,85,1553707.6582606784,776853.8371152104,0.007997197422524697,0.0006030008838369932,0.012549999999999999,3.2007985313044736,15.031939484504939,4.4191849652902774e-08,-4668.127027449431,Active,ionq_forte_simulated,2026-07-10T16:54:51.009201+00:00,1,False,2005000.0,1002500.0,3.2,0.0055,0.00045000000000000004,0.9974199405080915,"Run - Jul 10, 2026 at 22:18:59"
Q6,85,1554482.5747586396,777241.2953641909,0.008139697422524699,0.0006164008838369931,0.012549999999999999,3.2007985313044736,15.031939484504939,4.4191849652902774e-08,-4670.455267557176,Active,ionq_forte_simulated,2026-07-10T16:54:51.011152+00:00,1,False,2006000.0,1003000.0,3.2,0.0056,0.00046,0.9973731705080915,"Run - Jul 10, 2026 at 22:18:59"
Q7,85,1555257.4912566007,777628.7536131715,0.008282197422524699,0.0006298008838369932,0.012549999999999999,3.2007985313044736,15.031939484504939,4.4191849652902774e-08,-4672.783507664921,Active,ionq_forte_simulated,2026-07-10T16:54:51.014087+00:00,1,False,2007000.0,1003500.0,3.2,0.0057,0.00047000000000000004,0.9973264005080915,"Run - Jul 10, 2026 at 22:18:59"
Q8,85,1556032.4077545616,778016.211862152,0.0084246974225247,0.0006432008838369931,0.012549999999999999,3.2007985313044736,15.031939484504939,4.4191849652902774e-08,-4675.1117477728985,Active,ionq_forte_simulated,2026-07-10T16:54:51.017190+00:00,1,False,2008000.0,1004000.0,3.2,0.0058000000000000005,0.00048,0.9972796305080915,"Run - Jul 10, 2026 at 22:18:59"
Q9,85,1556807.3242525228,778403.6701111326,0.008567197422524698,0.0006566008838369931,0.012549999999999999,3.2007985313044736,15.031939484504939,4.4191849652902774e-08,-4677.4399878806435,Active,ionq_forte_simulated,2026-07-10T16:54:51.020197+00:00,1,False,2009000.0,1004500.0,3.2,0.0059,0.00049,0.9972328605080916,"Run - Jul 10, 2026 at 22:18:59"
Q10,85,1557582.240750484,778791.1283601131,0.008709697422524698,0.0006700008838369931,0.012549999999999999,3.2007985313044736,15.031939484504939,4.4191849652902774e-08,-4679.768227988621,Active,ionq_forte_simulated,2026-07-10T16:54:51.023190+00:00,1,False,2010000.0,1005000.0,3.2,0.006,0.0005,0.9971860905080916,"Run - Jul 10, 2026 at 22:18:59"
Q11,85,1558357.157248445,779178.5866090937,0.008852197422524698,0.0006834008838369932,0.012549999999999999,3.2007985313044736,15.031939484504939,4.4191849652902774e-08,-4682.096468096366,Active,ionq_forte_simulated,2026-07-10T16:54:51.026090+00:00,1,False,2011000.0,1005500.0,3.2,0.0061,0.00051,0.9971393205080914,"Run - Jul 10, 2026 at 22:18:59"
Q12,85,1559132.073746406,779566.0448580742,0.008994697422524699,0.0006968008838369932,0.012549999999999999,3.2007985313044736,15.031939484504939,4.4191849652902774e-08,-4684.424708204344,Active,ionq_forte_simulated,2026-07-10T16:54:51.028259+00:00,1,False,2012000.0,1006000.0,3.2,0.006200000000000001,0.0005200000000000001,0.9970925505080915,"Run - Jul 10, 2026 at 22:18:59"
Q13,85,1559906.9902443672,779953.5031070547,0.009137197422524699,0.0007102008838369932,0.012549999999999999,3.2007985313044736,15.031939484504939,4.4191849652902774e-08,-4686.752948312089,Active,ionq_forte_simulated,2026-07-10T16:54:51.031300+00:00,1,False,2013000.0,1006500.0,3.2,0.0063,0.0005300000000000001,0.9970457805080915,"Run - Jul 10, 2026 at 22:18:59"
Q14,85,1560681.9067423283,780340.9613560353,0.0092796974225247,0.0007236008838369931,0.012549999999999999,3.2007985313044736,15.031939484504939,4.4191849652902774e-08,-4689.081188419834,Active,ionq_forte_simulated,2026-07-10T16:54:51.035308+00:00,1,False,2014000.0,1007000.0,3.2,0.0064,0.00054,0.9969990105080915,"Run - Jul 10, 2026 at 22:18:59"
Q15,85,1561456.8232402892,780728.4196050158,0.0094221974225247,0.0007370008838369932,0.012549999999999999,3.2007985313044736,15.031939484504939,4.4191849652902774e-08,-4691.409428528044,Active,ionq_forte_simulated,2026-07-10T16:54:51.037304+00:00,1,False,2015000.0,1007500.0,3.2,0.006500000000000001,0.00055,0.9969522405080915,"Run - Jul 10, 2026 at 22:18:59"
Q16,85,1562231.7397382504,781115.8778539964,0.009564697422524698,0.0007504008838369932,0.012549999999999999,3.2007985313044736,15.031939484504939,4.4191849652902774e-08,-4693.737668635789,Active,ionq_forte_simulated,2026-07-10T16:54:51.039247+00:00,1,False,2016000.0,1008000.0,3.2,0.0066,0.0005600000000000001,0.9969054705080915,"Run - Jul 10, 2026 at 22:18:59"
Q17,85,1563006.6562362115,781503.3361029769,0.009707197422524698,0.0007638008838369931,0.012549999999999999,3.2007985313044736,15.031939484504939,4.4191849652902774e-08,-4696.065908743534,Active,ionq_forte_simulated,2026-07-10T16:54:51.042298+00:00,1,False,2017000.0,1008500.0,3.2,0.0067,0.00057,0.9968587005080916,"Run - Jul 10, 2026 at 22:18:59"
Q18,85,1563781.5727341725,781890.7943519574,0.009849697422524699,0.0007772008838369931,0.012549999999999999,3.2007985313044736,15.031939484504939,4.4191849652902774e-08,-4698.394148851512,Active,ionq_forte_simulated,2026-07-10T16:54:51.044697+00:00,1,False,2018000.0,1009000.0,3.2,0.0068000000000000005,0.00058,0.9968119305080915,"Run - Jul 10, 2026 at 22:18:59"
Q19,85,1564556.4892321336,782278.252600938,0.009992197422524699,0.0007906008838369932,0.012549999999999999,3.2007985313044736,15.031939484504939,4.4191849652902774e-08,-4700.72238895949,Active,ionq_forte_simulated,2026-07-10T16:54:51.047696+00:00,1,False,2019000.0,1009500.0,3.2,0.0069,0.00059,0.9967651605080916,"Run - Jul 10, 2026 at 22:18:59"
Q20,85,1565331.4057300948,782665.7108499185,0.010134697422524699,0.0008040008838369932,0.012549999999999999,3.2007985313044736,15.031939484504939,4.4191849652902774e-08,-4703.050629067235,Active,ionq_forte_simulated,2026-07-10T16:54:51.049702+00:00,1,False,2020000.0,1010000.0,3.2,0.007,0.0006000000000000001,0.9967183905080915,"Run - Jul 10, 2026 at 22:18:59"
Q21,85,1566106.3222280557,783053.169098899,0.0102771974225247,0.0008174008838369932,0.012549999999999999,3.2007985313044736,15.031939484504939,4.4191849652902774e-08,-4705.3788691752125,Active,ionq_forte_simulated,2026-07-10T16:54:51.052705+00:00,1,False,2021000.0,1010500.0,3.2,0.0071,0.0006100000000000001,0.9966716205080914,"Run - Jul 10, 2026 at 22:18:59"
Q22,85,1566881.2387260168,783440.6273478796,0.010419697422524698,0.0008308008838369931,0.012549999999999999,3.2007985313044736,15.031939484504939,4.4191849652902774e-08,-4707.707109282957,Active,ionq_forte_simulated,2026-07-10T16:54:51.055262+00:00,1,False,2022000.0,1011000.0,3.2,0.0072,0.00062,0.9966248505080915,"Run - Jul 10, 2026 at 22:18:59"
Q23,85,1567656.155223978,783828.0855968602,0.010562197422524698,0.0008442008838369932,0.012549999999999999,3.2007985313044736,15.031939484504939,4.4191849652902774e-08,-4710.035349390702,Active,ionq_forte_simulated,2026-07-10T16:54:51.057050+00:00,1,False,2023000.0,1011500.0,3.2,0.0073,0.00063,0.9965780805080915,"Run - Jul 10, 2026 at 22:18:59"
Q24,85,1568431.0717219391,784215.5438458407,0.010704697422524698,0.0008576008838369932,0.012549999999999999,3.2007985313044736,15.031939484504939,4.4191849652902774e-08,-4712.36358949868,Active,ionq_forte_simulated,2026-07-10T16:54:51.061048+00:00,1,False,2024000.0,1012000.0,3.2,0.0074,0.00064,0.9965313105080915,"Run - Jul 10, 2026 at 22:18:59"
Q0,86,1545190.5376535659,772595.2761707539,0.007296879419574823,0.0005376055511330152,0.012580000000000001,3.200734674654525,15.029375883914964,2.7755665076031284e-07,-4642.538117307238,Active,ionq_forte_simulated,2026-07-10T16:55:09.584683+00:00,1,False,2000000.0,1000000.0,3.2,0.005,0.0004,0.9976496545087876,"Run - Jul 10, 2026 at 22:18:59"
Q1,86,1545963.1328856729,772981.5737868074,0.007439879419574823,0.0005510455511330153,0.012580000000000001,3.200734674654525,15.029375883914964,2.7755665076031284e-07,-4644.859383161413,Active,ionq_forte_simulated,2026-07-10T16:55:09.605362+00:00,1,False,2001000.0,1000500.0,3.2,0.0051,0.00041000000000000005,0.9976027225087878,"Run - Jul 10, 2026 at 22:18:59"
Q2,86,1546735.7281177798,773367.8714028609,0.007582879419574822,0.0005644855511330152,0.012580000000000001,3.200734674654525,15.029375883914964,2.7755665076031284e-07,-4647.180649015354,Active,ionq_forte_simulated,2026-07-10T16:55:09.615401+00:00,1,False,2002000.0,1001000.0,3.2,0.0052,0.00042,0.9975557905087877,"Run - Jul 10, 2026 at 22:18:59"
Q3,86,1547508.3233498868,773754.1690189143,0.0077258794195748225,0.0005779255511330153,0.012580000000000001,3.200734674654525,15.029375883914964,2.7755665076031284e-07,-4649.501914869528,Active,ionq_forte_simulated,2026-07-10T16:55:09.668795+00:00,1,False,2003000.0,1001500.0,3.2,0.0053,0.00043000000000000004,0.9975088585087876,"Run - Jul 10, 2026 at 22:18:59"
Q4,86,1548280.9185819936,774140.4666349677,0.007868879419574822,0.0005913655511330153,0.012580000000000001,3.200734674654525,15.029375883914964,2.7755665076031284e-07,-4651.823180723935,Active,ionq_forte_simulated,2026-07-10T16:55:09.682684+00:00,1,False,2004000.0,1002000.0,3.2,0.0054,0.00044,0.9974619265087876,"Run - Jul 10, 2026 at 22:18:59"
Q5,86,1549053.5138141005,774526.7642510212,0.00801187941957482,0.0006048055511330152,0.012580000000000001,3.200734674654525,15.029375883914964,2.7755665076031284e-07,-4654.144446577877,Active,ionq_forte_simulated,2026-07-10T16:55:09.696326+00:00,1,False,2005000.0,1002500.0,3.2,0.0055,0.00045000000000000004,0.9974149945087877,"Run - Jul 10, 2026 at 22:18:59"
Q6,86,1549826.1090462075,774913.0618670747,0.008154879419574821,0.0006182455511330152,0.012580000000000001,3.200734674654525,15.029375883914964,2.7755665076031284e-07,-4656.465712432051,Active,ionq_forte_simulated,2026-07-10T16:55:09.697322+00:00,1,False,2006000.0,1003000.0,3.2,0.0056,0.00046,0.9973680625087877,"Run - Jul 10, 2026 at 22:18:59"
Q7,86,1550598.7042783145,775299.3594831282,0.008297879419574822,0.0006316855511330153,0.012580000000000001,3.200734674654525,15.029375883914964,2.7755665076031284e-07,-4658.786978286225,Active,ionq_forte_simulated,2026-07-10T16:55:09.702328+00:00,1,False,2007000.0,1003500.0,3.2,0.0057,0.00047000000000000004,0.9973211305087877,"Run - Jul 10, 2026 at 22:18:59"
Q8,86,1551371.2995104215,775685.6570991817,0.008440879419574823,0.0006451255511330152,0.012580000000000001,3.200734674654525,15.029375883914964,2.7755665076031284e-07,-4661.108244140167,Active,ionq_forte_simulated,2026-07-10T16:55:09.713329+00:00,1,False,2008000.0,1004000.0,3.2,0.0058000000000000005,0.00048,0.9972741985087876,"Run - Jul 10, 2026 at 22:18:59"
Q9,86,1552143.8947425282,776071.954715235,0.008583879419574822,0.0006585655511330152,0.012580000000000001,3.200734674654525,15.029375883914964,2.7755665076031284e-07,-4663.429509994574,Active,ionq_forte_simulated,2026-07-10T16:55:09.721518+00:00,1,False,2009000.0,1004500.0,3.2,0.0059,0.00049,0.9972272665087876,"Run - Jul 10, 2026 at 22:18:59"
Q10,86,1552916.4899746352,776458.2523312885,0.008726879419574821,0.0006720055511330152,0.012580000000000001,3.200734674654525,15.029375883914964,2.7755665076031284e-07,-4665.750775848748,Active,ionq_forte_simulated,2026-07-10T16:55:09.731636+00:00,1,False,2010000.0,1005000.0,3.2,0.006,0.0005,0.9971803345087877,"Run - Jul 10, 2026 at 22:18:59"
Q11,86,1553689.0852067422,776844.549947342,0.008869879419574822,0.0006854455511330152,0.012580000000000001,3.200734674654525,15.029375883914964,2.7755665076031284e-07,-4668.072041702922,Active,ionq_forte_simulated,2026-07-10T16:55:09.736639+00:00,1,False,2011000.0,1005500.0,3.2,0.0061,0.00051,0.9971334025087877,"Run - Jul 10, 2026 at 22:18:59"
Q12,86,1554461.6804388491,777230.8475633955,0.009012879419574822,0.0006988855511330153,0.012580000000000001,3.200734674654525,15.029375883914964,2.7755665076031284e-07,-4670.393307556864,Active,ionq_forte_simulated,2026-07-10T16:55:09.741378+00:00,1,False,2012000.0,1006000.0,3.2,0.006200000000000001,0.0005200000000000001,0.9970864705087876,"Run - Jul 10, 2026 at 22:18:59"
Q13,86,1555234.275670956,777617.1451794489,0.009155879419574822,0.0007123255511330153,0.012580000000000001,3.200734674654525,15.029375883914964,2.7755665076031284e-07,-4672.714573411271,Active,ionq_forte_simulated,2026-07-10T16:55:09.745386+00:00,1,False,2013000.0,1006500.0,3.2,0.0063,0.0005300000000000001,0.9970395385087876,"Run - Jul 10, 2026 at 22:18:59"
Q14,86,1556006.8709030629,778003.4427955024,0.009298879419574822,0.0007257655511330153,0.012580000000000001,3.200734674654525,15.029375883914964,2.7755665076031284e-07,-4675.035839265445,Active,ionq_forte_simulated,2026-07-10T16:55:09.751062+00:00,1,False,2014000.0,1007000.0,3.2,0.0064,0.00054,0.9969926065087876,"Run - Jul 10, 2026 at 22:18:59"
Q15,86,1556779.4661351698,778389.7404115559,0.009441879419574823,0.0007392055511330153,0.012580000000000001,3.200734674654525,15.029375883914964,2.7755665076031284e-07,-4677.357105119387,Active,ionq_forte_simulated,2026-07-10T16:55:09.766010+00:00,1,False,2015000.0,1007500.0,3.2,0.006500000000000001,0.00055,0.9969456745087877,"Run - Jul 10, 2026 at 22:18:59"
Q16,86,1557552.0613672768,778776.0380276093,0.009584879419574822,0.0007526455511330153,0.012580000000000001,3.200734674654525,15.029375883914964,2.7755665076031284e-07,-4679.678370973561,Active,ionq_forte_simulated,2026-07-10T16:55:09.793860+00:00,1,False,2016000.0,1008000.0,3.2,0.0066,0.0005600000000000001,0.9968987425087877,"Run - Jul 10, 2026 at 22:18:59"
Q17,86,1558324.6565993838,779162.3356436628,0.009727879419574821,0.0007660855511330152,0.012580000000000001,3.200734674654525,15.029375883914964,2.7755665076031284e-07,-4681.999636827735,Active,ionq_forte_simulated,2026-07-10T16:55:09.811861+00:00,1,False,2017000.0,1008500.0,3.2,0.0067,0.00057,0.9968518105087876,"Run - Jul 10, 2026 at 22:18:59"
Q18,86,1559097.2518314905,779548.6332597162,0.009870879419574822,0.0007795255511330152,0.012580000000000001,3.200734674654525,15.029375883914964,2.7755665076031284e-07,-4684.3209026819095,Active,ionq_forte_simulated,2026-07-10T16:55:09.820765+00:00,1,False,2018000.0,1009000.0,3.2,0.0068000000000000005,0.00058,0.9968048785087875,"Run - Jul 10, 2026 at 22:18:59"
Q19,86,1559869.8470635975,779934.9308757697,0.010013879419574821,0.0007929655511330153,0.012580000000000001,3.200734674654525,15.029375883914964,2.7755665076031284e-07,-4686.642168536084,Active,ionq_forte_simulated,2026-07-10T16:55:09.825576+00:00,1,False,2019000.0,1009500.0,3.2,0.0069,0.00059,0.9967579465087876,"Run - Jul 10, 2026 at 22:18:59"
Q20,86,1560642.4422957045,780321.2284918232,0.010156879419574822,0.0008064055511330153,0.012580000000000001,3.200734674654525,15.029375883914964,2.7755665076031284e-07,-4688.963434390258,Active,ionq_forte_simulated,2026-07-10T16:55:09.830581+00:00,1,False,2020000.0,1010000.0,3.2,0.007,0.0006000000000000001,0.9967110145087876,"Run - Jul 10, 2026 at 22:18:59"
Q21,86,1561415.0375278115,780707.5261078767,0.010299879419574822,0.0008198455511330153,0.012580000000000001,3.200734674654525,15.029375883914964,2.7755665076031284e-07,-4691.2847002441995,Active,ionq_forte_simulated,2026-07-10T16:55:09.835580+00:00,1,False,2021000.0,1010500.0,3.2,0.0071,0.0006100000000000001,0.9966640825087877,"Run - Jul 10, 2026 at 22:18:59"
Q22,86,1562187.6327599185,781093.8237239302,0.010442879419574821,0.0008332855511330152,0.012580000000000001,3.200734674654525,15.029375883914964,2.7755665076031284e-07,-4693.605966098374,Active,ionq_forte_simulated,2026-07-10T16:55:09.840579+00:00,1,False,2022000.0,1011000.0,3.2,0.0072,0.00062,0.9966171505087877,"Run - Jul 10, 2026 at 22:18:59"
Q23,86,1562960.2279920252,781480.1213399835,0.010585879419574822,0.0008467255511330153,0.012580000000000001,3.200734674654525,15.029375883914964,2.7755665076031284e-07,-4695.927231952781,Active,ionq_forte_simulated,2026-07-10T16:55:09.859676+00:00,1,False,2023000.0,1011500.0,3.2,0.0073,0.00063,0.9965702185087877,"Run - Jul 10, 2026 at 22:18:59"
Q24,86,1563732.8232241322,781866.418956037,0.010728879419574821,0.0008601655511330153,0.012580000000000001,3.200734674654525,15.029375883914964,2.7755665076031284e-07,-4698.248497806955,Active,ionq_forte_simulated,2026-07-10T16:55:09.871674+00:00,1,False,2024000.0,1012000.0,3.2,0.0074,0.00064,0.9965232865087876,"Run - Jul 10, 2026 at 22:18:59"
Q0,87,1540561.9055270813,770280.959393233,0.007307593846016437,0.0005392088593180728,0.012610000000000001,3.200663412195986,15.026518769203287,4.4296590363499086e-07,-4628.632126484532,Active,ionq_forte_simulated,2026-07-10T16:55:30.005151+00:00,1,False,2000000.0,1000000.0,3.2,0.005,0.0004,0.9976459591883997,"Run - Jul 10, 2026 at 22:18:59"
Q1,87,1541332.1864466963,770666.0998530404,0.007451093846016437,0.0005526888593180727,0.012610000000000001,3.200663412195986,15.026518769203287,4.4296590363499086e-07,-4630.9464389765635,Active,ionq_forte_simulated,2026-07-10T16:55:30.026834+00:00,1,False,2001000.0,1000500.0,3.2,0.0051,0.00041000000000000005,0.9975988651883998,"Run - Jul 10, 2026 at 22:18:59"
Q2,87,1542102.4673663115,771051.240312848,0.007594593846016436,0.0005661688593180727,0.012610000000000001,3.200663412195986,15.026518769203287,4.4296590363499086e-07,-4633.260751468362,Active,ionq_forte_simulated,2026-07-10T16:55:30.046073+00:00,1,False,2002000.0,1001000.0,3.2,0.0052,0.00042,0.9975517711883997,"Run - Jul 10, 2026 at 22:18:59"
Q3,87,1542872.7482859266,771436.3807726556,0.007738093846016436,0.0005796488593180727,0.012610000000000001,3.200663412195986,15.026518769203287,4.4296590363499086e-07,-4635.575063960161,Active,ionq_forte_simulated,2026-07-10T16:55:30.055072+00:00,1,False,2003000.0,1001500.0,3.2,0.0053,0.00043000000000000004,0.9975046771883996,"Run - Jul 10, 2026 at 22:18:59"
Q4,87,1543643.0292055416,771821.5212324631,0.007881593846016437,0.0005931288593180727,0.012610000000000001,3.200663412195986,15.026518769203287,4.4296590363499086e-07,-4637.88937645196,Active,ionq_forte_simulated,2026-07-10T16:55:30.058075+00:00,1,False,2004000.0,1002000.0,3.2,0.0054,0.00044,0.9974575831883997,"Run - Jul 10, 2026 at 22:18:59"
Q5,87,1544413.3101251568,772206.6616922707,0.008025093846016436,0.0006066088593180728,0.012610000000000001,3.200663412195986,15.026518769203287,4.4296590363499086e-07,-4640.203688943759,Active,ionq_forte_simulated,2026-07-10T16:55:30.061016+00:00,1,False,2005000.0,1002500.0,3.2,0.0055,0.00045000000000000004,0.9974104891883996,"Run - Jul 10, 2026 at 22:18:59"
Q6,87,1545183.5910447717,772591.8021520781,0.008168593846016436,0.0006200888593180727,0.012610000000000001,3.200663412195986,15.026518769203287,4.4296590363499086e-07,-4642.51800143579,Active,ionq_forte_simulated,2026-07-10T16:55:30.061970+00:00,1,False,2006000.0,1003000.0,3.2,0.0056,0.00046,0.9973633951883996,"Run - Jul 10, 2026 at 22:18:59"
Q7,87,1545953.871964387,772976.9426118857,0.008312093846016437,0.0006335688593180728,0.012610000000000001,3.200663412195986,15.026518769203287,4.4296590363499086e-07,-4644.832313927589,Active,ionq_forte_simulated,2026-07-10T16:55:30.067968+00:00,1,False,2007000.0,1003500.0,3.2,0.0057,0.00047000000000000004,0.9973163011883996,"Run - Jul 10, 2026 at 22:18:59"
Q8,87,1546724.1528840018,773362.0830716932,0.008455593846016437,0.0006470488593180728,0.012610000000000001,3.200663412195986,15.026518769203287,4.4296590363499086e-07,-4647.146626419621,Active,ionq_forte_simulated,2026-07-10T16:55:30.069971+00:00,1,False,2008000.0,1004000.0,3.2,0.0058000000000000005,0.00048,0.9972692071883996,"Run - Jul 10, 2026 at 22:18:59"
Q9,87,1547494.433803617,773747.2235315008,0.008599093846016436,0.0006605288593180727,0.012610000000000001,3.200663412195986,15.026518769203287,4.4296590363499086e-07,-4649.4609389111865,Active,ionq_forte_simulated,2026-07-10T16:55:30.073000+00:00,1,False,2009000.0,1004500.0,3.2,0.0059,0.00049,0.9972221131883996,"Run - Jul 10, 2026 at 22:18:59"
Q10,87,1548264.7147232322,774132.3639913084,0.008742593846016437,0.0006740088593180727,0.012610000000000001,3.200663412195986,15.026518769203287,4.4296590363499086e-07,-4651.775251402985,Active,ionq_forte_simulated,2026-07-10T16:55:30.075081+00:00,1,False,2010000.0,1005000.0,3.2,0.006,0.0005,0.9971750191883997,"Run - Jul 10, 2026 at 22:18:59"
Q11,87,1549034.9956428471,774517.5044511158,0.008886093846016437,0.0006874888593180727,0.012610000000000001,3.200663412195986,15.026518769203287,4.4296590363499086e-07,-4654.089563895017,Active,ionq_forte_simulated,2026-07-10T16:55:30.076971+00:00,1,False,2011000.0,1005500.0,3.2,0.0061,0.00051,0.9971279251883997,"Run - Jul 10, 2026 at 22:18:59"
Q12,87,1549805.2765624623,774902.6449109234,0.009029593846016438,0.0007009688593180728,0.012610000000000001,3.200663412195986,15.026518769203287,4.4296590363499086e-07,-4656.403876386816,Active,ionq_forte_simulated,2026-07-10T16:55:30.078975+00:00,1,False,2012000.0,1006000.0,3.2,0.006200000000000001,0.0005200000000000001,0.9970808311883996,"Run - Jul 10, 2026 at 22:18:59"
Q13,87,1550575.5574820773,775287.7853707309,0.009173093846016436,0.0007144488593180729,0.012610000000000001,3.200663412195986,15.026518769203287,4.4296590363499086e-07,-4658.7181888786145,Active,ionq_forte_simulated,2026-07-10T16:55:30.081973+00:00,1,False,2013000.0,1006500.0,3.2,0.0063,0.0005300000000000001,0.9970337371883997,"Run - Jul 10, 2026 at 22:18:59"
Q14,87,1551345.8384016925,775672.9258305385,0.009316593846016437,0.0007279288593180727,0.012610000000000001,3.200663412195986,15.026518769203287,4.4296590363499086e-07,-4661.032501370413,Active,ionq_forte_simulated,2026-07-10T16:55:30.086980+00:00,1,False,2014000.0,1007000.0,3.2,0.0064,0.00054,0.9969866431883998,"Run - Jul 10, 2026 at 22:18:59"
Q15,87,1552116.1193213074,776058.066290346,0.009460093846016437,0.0007414088593180728,0.012610000000000001,3.200663412195986,15.026518769203287,4.4296590363499086e-07,-4663.346813862445,Active,ionq_forte_simulated,2026-07-10T16:55:30.089983+00:00,1,False,2015000.0,1007500.0,3.2,0.006500000000000001,0.00055,0.9969395491883997,"Run - Jul 10, 2026 at 22:18:59"
Q16,87,1552886.4002409226,776443.2067501536,0.009603593846016436,0.0007548888593180728,0.012610000000000001,3.200663412195986,15.026518769203287,4.4296590363499086e-07,-4665.661126354244,Active,ionq_forte_simulated,2026-07-10T16:55:30.092984+00:00,1,False,2016000.0,1008000.0,3.2,0.0066,0.0005600000000000001,0.9968924551883996,"Run - Jul 10, 2026 at 22:18:59"
Q17,87,1553656.6811605378,776828.3472099612,0.009747093846016438,0.0007683688593180727,0.012610000000000001,3.200663412195986,15.026518769203287,4.4296590363499086e-07,-4667.975438846042,Active,ionq_forte_simulated,2026-07-10T16:55:30.098971+00:00,1,False,2017000.0,1008500.0,3.2,0.0067,0.00057,0.9968453611883996,"Run - Jul 10, 2026 at 22:18:59"
Q18,87,1554426.9620801527,777213.4876697686,0.009890593846016437,0.0007818488593180727,0.012610000000000001,3.200663412195986,15.026518769203287,4.4296590363499086e-07,-4670.289751337841,Active,ionq_forte_simulated,2026-07-10T16:55:30.110988+00:00,1,False,2018000.0,1009000.0,3.2,0.0068000000000000005,0.00058,0.9967982671883997,"Run - Jul 10, 2026 at 22:18:59"
Q19,87,1555197.242999768,777598.6281295762,0.010034093846016437,0.0007953288593180727,0.012610000000000001,3.200663412195986,15.026518769203287,4.4296590363499086e-07,-4672.60406382964,Active,ionq_forte_simulated,2026-07-10T16:55:30.124468+00:00,1,False,2019000.0,1009500.0,3.2,0.0069,0.00059,0.9967511731883996,"Run - Jul 10, 2026 at 22:18:59"
Q20,87,1555967.5239193828,777983.7685893837,0.010177593846016436,0.0008088088593180728,0.012610000000000001,3.200663412195986,15.026518769203287,4.4296590363499086e-07,-4674.9183763216715,Active,ionq_forte_simulated,2026-07-10T16:55:30.134382+00:00,1,False,2020000.0,1010000.0,3.2,0.007,0.0006000000000000001,0.9967040791883996,"Run - Jul 10, 2026 at 22:18:59"
Q21,87,1556737.804838998,778368.9090491913,0.010321093846016437,0.0008222888593180729,0.012610000000000001,3.200663412195986,15.026518769203287,4.4296590363499086e-07,-4677.23268881347,Active,ionq_forte_simulated,2026-07-10T16:55:30.140713+00:00,1,False,2021000.0,1010500.0,3.2,0.0071,0.0006100000000000001,0.9966569851883996,"Run - Jul 10, 2026 at 22:18:59"
Q22,87,1557508.085758613,778754.0495089988,0.010464593846016437,0.0008357688593180727,0.012610000000000001,3.200663412195986,15.026518769203287,4.4296590363499086e-07,-4679.547001305502,Active,ionq_forte_simulated,2026-07-10T16:55:30.144713+00:00,1,False,2022000.0,1011000.0,3.2,0.0072,0.00062,0.9966098911883996,"Run - Jul 10, 2026 at 22:18:59"
Q23,87,1558278.3666782281,779139.1899688063,0.010608093846016436,0.0008492488593180728,0.012610000000000001,3.200663412195986,15.026518769203287,4.4296590363499086e-07,-4681.861313797068,Active,ionq_forte_simulated,2026-07-10T16:55:30.148705+00:00,1,False,2023000.0,1011500.0,3.2,0.0073,0.00063,0.9965627971883997,"Run - Jul 10, 2026 at 22:18:59"
Q24,87,1559048.6475978433,779524.3304286139,0.010751593846016438,0.0008627288593180728,0.012610000000000001,3.200663412195986,15.026518769203287,4.4296590363499086e-07,-4684.175626288867,Active,ionq_forte_simulated,2026-07-10T16:55:30.152715+00:00,1,False,2024000.0,1012000.0,3.2,0.0074,0.00064,0.9965157031883998,"Run - Jul 10, 2026 at 22:18:59"
Q0,88,1535947.1378051315,767973.5747517378,0.0073169834385783524,0.0005408099984330865,0.01264,3.2005854171145462,15.023396687715671,4.999216543238456e-07,-4614.767721949844,Active,ionq_forte_simulated,2026-07-10T16:55:39.054306+00:00,1,False,2000000.0,1000000.0,3.2,0.005,0.0004,0.9976426619688965,"Run - Jul 10, 2026 at 22:18:59"
Q1,88,1536715.1113447882,768357.5615215661,0.0074609834385783525,0.0005543299984330864,0.01264,3.2005854171145462,15.023396687715671,4.999216543238456e-07,-4617.0751019080635,Active,ionq_forte_simulated,2026-07-10T16:55:39.057622+00:00,1,False,2001000.0,1000500.0,3.2,0.0051,0.00041000000000000005,0.9975954059688965,"Run - Jul 10, 2026 at 22:18:59"
Q2,88,1537483.084884445,768741.5482913945,0.007604983438578352,0.0005678499984330865,0.01264,3.2005854171145462,15.023396687715671,4.999216543238456e-07,-4619.382481866516,Active,ionq_forte_simulated,2026-07-10T16:55:39.060615+00:00,1,False,2002000.0,1001000.0,3.2,0.0052,0.00042,0.9975481499688965,"Run - Jul 10, 2026 at 22:18:59"
Q3,88,1538251.0584241014,769125.5350612227,0.0077489834385783525,0.0005813699984330864,0.01264,3.2005854171145462,15.023396687715671,4.999216543238456e-07,-4621.689861825202,Active,ionq_forte_simulated,2026-07-10T16:55:39.063516+00:00,1,False,2003000.0,1001500.0,3.2,0.0053,0.00043000000000000004,0.9975008939688966,"Run - Jul 10, 2026 at 22:18:59"
Q4,88,1539019.0319637582,769509.5218310511,0.007892983438578352,0.0005948899984330865,0.01264,3.2005854171145462,15.023396687715671,4.999216543238456e-07,-4623.9972417834215,Active,ionq_forte_simulated,2026-07-10T16:55:39.066612+00:00,1,False,2004000.0,1002000.0,3.2,0.0054,0.00044,0.9974536379688965,"Run - Jul 10, 2026 at 22:18:59"
Q5,88,1539787.005503415,769893.5086008795,0.008036983438578352,0.0006084099984330865,0.01264,3.2005854171145462,15.023396687715671,4.999216543238456e-07,-4626.304621741874,Active,ionq_forte_simulated,2026-07-10T16:55:39.070626+00:00,1,False,2005000.0,1002500.0,3.2,0.0055,0.00045000000000000004,0.9974063819688965,"Run - Jul 10, 2026 at 22:18:59"
Q6,88,1540554.9790430716,770277.4953707078,0.008180983438578352,0.0006219299984330864,0.01264,3.2005854171145462,15.023396687715671,4.999216543238456e-07,-4628.612001700094,Active,ionq_forte_simulated,2026-07-10T16:55:39.074243+00:00,1,False,2006000.0,1003000.0,3.2,0.0056,0.00046,0.9973591259688965,"Run - Jul 10, 2026 at 22:18:59"
Q7,88,1541322.9525827284,770661.4821405362,0.008324983438578352,0.0006354499984330865,0.01264,3.2005854171145462,15.023396687715671,4.999216543238456e-07,-4630.919381658547,Active,ionq_forte_simulated,2026-07-10T16:55:39.077781+00:00,1,False,2007000.0,1003500.0,3.2,0.0057,0.00047000000000000004,0.9973118699688965,"Run - Jul 10, 2026 at 22:18:59"
Q8,88,1542090.926122385,771045.4689103646,0.008468983438578352,0.0006489699984330864,0.01264,3.2005854171145462,15.023396687715671,4.999216543238456e-07,-4633.226761616766,Active,ionq_forte_simulated,2026-07-10T16:55:39.080675+00:00,1,False,2008000.0,1004000.0,3.2,0.0058000000000000005,0.00048,0.9972646139688965,"Run - Jul 10, 2026 at 22:18:59"
Q9,88,1542858.8996620418,771429.4556801929,0.008612983438578352,0.0006624899984330864,0.01264,3.2005854171145462,15.023396687715671,4.999216543238456e-07,-4635.534141575219,Active,ionq_forte_simulated,2026-07-10T16:55:39.082673+00:00,1,False,2009000.0,1004500.0,3.2,0.0059,0.00049,0.9972173579688965,"Run - Jul 10, 2026 at 22:18:59"
Q10,88,1543626.8732016985,771813.4424500213,0.008756983438578352,0.0006760099984330864,0.01264,3.2005854171145462,15.023396687715671,4.999216543238456e-07,-4637.841521533672,Active,ionq_forte_simulated,2026-07-10T16:55:39.085930+00:00,1,False,2010000.0,1005000.0,3.2,0.006,0.0005,0.9971701019688965,"Run - Jul 10, 2026 at 22:18:59"
Q11,88,1544394.8467413553,772197.4292198496,0.008900983438578352,0.0006895299984330865,0.01264,3.2005854171145462,15.023396687715671,4.999216543238456e-07,-4640.148901491892,Active,ionq_forte_simulated,2026-07-10T16:55:39.087969+00:00,1,False,2011000.0,1005500.0,3.2,0.0061,0.00051,0.9971228459688966,"Run - Jul 10, 2026 at 22:18:59"
Q12,88,1545162.820281012,772581.415989678,0.009044983438578352,0.0007030499984330865,0.01264,3.2005854171145462,15.023396687715671,4.999216543238456e-07,-4642.456281450344,Active,ionq_forte_simulated,2026-07-10T16:55:39.090976+00:00,1,False,2012000.0,1006000.0,3.2,0.006200000000000001,0.0005200000000000001,0.9970755899688966,"Run - Jul 10, 2026 at 22:18:59"
Q13,88,1545930.7938206687,772965.4027595064,0.009188983438578352,0.0007165699984330865,0.01264,3.2005854171145462,15.023396687715671,4.999216543238456e-07,-4644.763661408564,Active,ionq_forte_simulated,2026-07-10T16:55:39.094980+00:00,1,False,2013000.0,1006500.0,3.2,0.0063,0.0005300000000000001,0.9970283339688966,"Run - Jul 10, 2026 at 22:18:59"
Q14,88,1546698.7673603252,773349.3895293346,0.009332983438578352,0.0007300899984330864,0.01264,3.2005854171145462,15.023396687715671,4.999216543238456e-07,-4647.07104136725,Active,ionq_forte_simulated,2026-07-10T16:55:39.097859+00:00,1,False,2014000.0,1007000.0,3.2,0.0064,0.00054,0.9969810779688966,"Run - Jul 10, 2026 at 22:18:59"
Q15,88,1547466.740899982,773733.376299163,0.009476983438578352,0.0007436099984330864,0.01264,3.2005854171145462,15.023396687715671,4.999216543238456e-07,-4649.378421325469,Active,ionq_forte_simulated,2026-07-10T16:55:39.099912+00:00,1,False,2015000.0,1007500.0,3.2,0.006500000000000001,0.00055,0.9969338219688966,"Run - Jul 10, 2026 at 22:18:59"
Q16,88,1548234.7144396387,774117.3630689913,0.009620983438578352,0.0007571299984330865,0.01264,3.2005854171145462,15.023396687715671,4.999216543238456e-07,-4651.685801283922,Active,ionq_forte_simulated,2026-07-10T16:55:39.103001+00:00,1,False,2016000.0,1008000.0,3.2,0.0066,0.0005600000000000001,0.9968865659688966,"Run - Jul 10, 2026 at 22:18:59"
Q17,88,1549002.6879792954,774501.3498388197,0.009764983438578352,0.0007706499984330863,0.01264,3.2005854171145462,15.023396687715671,4.999216543238456e-07,-4653.993181242375,Active,ionq_forte_simulated,2026-07-10T16:55:39.106967+00:00,1,False,2017000.0,1008500.0,3.2,0.0067,0.00057,0.9968393099688966,"Run - Jul 10, 2026 at 22:18:59"
Q18,88,1549770.661518952,774885.3366086481,0.009908983438578352,0.0007841699984330863,0.01264,3.2005854171145462,15.023396687715671,4.999216543238456e-07,-4656.3005612005945,Active,ionq_forte_simulated,2026-07-10T16:55:39.109976+00:00,1,False,2018000.0,1009000.0,3.2,0.0068000000000000005,0.00058,0.9967920539688966,"Run - Jul 10, 2026 at 22:18:59"
Q19,88,1550538.6350586088,775269.3233784764,0.01005298343857835,0.0007976899984330864,0.01264,3.2005854171145462,15.023396687715671,4.999216543238456e-07,-4658.607941159047,Active,ionq_forte_simulated,2026-07-10T16:55:39.112862+00:00,1,False,2019000.0,1009500.0,3.2,0.0069,0.00059,0.9967447979688965,"Run - Jul 10, 2026 at 22:18:59"
Q20,88,1551306.6085982656,775653.3101483048,0.010196983438578352,0.0008112099984330864,0.01264,3.2005854171145462,15.023396687715671,4.999216543238456e-07,-4660.915321117267,Active,ionq_forte_simulated,2026-07-10T16:55:39.115858+00:00,1,False,2020000.0,1010000.0,3.2,0.007,0.0006000000000000001,0.9966975419688966,"Run - Jul 10, 2026 at 22:18:59"
Q21,88,1552074.5821379223,776037.2969181332,0.010340983438578352,0.0008247299984330865,0.01264,3.2005854171145462,15.023396687715671,4.999216543238456e-07,-4663.22270107572,Active,ionq_forte_simulated,2026-07-10T16:55:39.117950+00:00,1,False,2021000.0,1010500.0,3.2,0.0071,0.0006100000000000001,0.9966502859688966,"Run - Jul 10, 2026 at 22:18:59"
Q22,88,1552842.555677579,776421.2836879615,0.01048498343857835,0.0008382499984330864,0.01264,3.2005854171145462,15.023396687715671,4.999216543238456e-07,-4665.5300810339395,Active,ionq_forte_simulated,2026-07-10T16:55:39.122082+00:00,1,False,2022000.0,1011000.0,3.2,0.0072,0.00062,0.9966030299688966,"Run - Jul 10, 2026 at 22:18:59"
Q23,88,1553610.5292172357,776805.2704577899,0.010628983438578352,0.0008517699984330864,0.01264,3.2005854171145462,15.023396687715671,4.999216543238456e-07,-4667.837460992392,Active,ionq_forte_simulated,2026-07-10T16:55:39.125092+00:00,1,False,2023000.0,1011500.0,3.2,0.0073,0.00063,0.9965557739688966,"Run - Jul 10, 2026 at 22:18:59"
Q24,88,1554378.5027568925,777189.2572276182,0.010772983438578352,0.0008652899984330864,0.01264,3.2005854171145462,15.023396687715671,4.999216543238456e-07,-4670.144840950845,Active,ionq_forte_simulated,2026-07-10T16:55:39.128986+00:00,1,False,2024000.0,1012000.0,3.2,0.0074,0.00064,0.9965085179688965,"Run - Jul 10, 2026 at 22:18:59"
Q0,89,1531346.1930328333,765673.1015266252,0.007325204171291577,0.0005424086895829731,0.012669999999999999,3.2005014553356066,15.020040834258316,4.3447914865699665e-07,-4600.944772298215,Active,ionq_forte_simulated,2026-07-10T16:55:45.692823+00:00,1,False,2000000.0,1000000.0,3.2,0.005,0.0004,0.9976397161417376,"Run - Jul 10, 2026 at 22:18:59"
Q1,89,1532111.8661042987,766055.938062358,0.007469704171291578,0.0005559686895829731,0.012669999999999999,3.2005014553356066,15.020040834258316,4.3447914865699665e-07,-4603.245240489487,Active,ionq_forte_simulated,2026-07-10T16:55:45.696637+00:00,1,False,2001000.0,1000500.0,3.2,0.0051,0.00041000000000000005,0.9975922981417376,"Run - Jul 10, 2026 at 22:18:59"
Q2,89,1532877.5391757642,766438.7745980907,0.007614204171291577,0.0005695286895829731,0.012669999999999999,3.2005014553356066,15.020040834258316,4.3447914865699665e-07,-4605.545708680758,Active,ionq_forte_simulated,2026-07-10T16:55:45.700634+00:00,1,False,2002000.0,1001000.0,3.2,0.0052,0.00042,0.9975448801417377,"Run - Jul 10, 2026 at 22:18:59"
Q3,89,1533643.2122472294,766821.6111338233,0.007758704171291577,0.0005830886895829731,0.012669999999999999,3.2005014553356066,15.020040834258316,4.3447914865699665e-07,-4607.84617687203,Active,ionq_forte_simulated,2026-07-10T16:55:45.703634+00:00,1,False,2003000.0,1001500.0,3.2,0.0053,0.00043000000000000004,0.9974974621417376,"Run - Jul 10, 2026 at 22:18:59"
Q4,89,1534408.8853186949,767204.447669556,0.007903204171291579,0.000596648689582973,0.012669999999999999,3.2005014553356066,15.020040834258316,4.3447914865699665e-07,-4610.146645063302,Active,ionq_forte_simulated,2026-07-10T16:55:45.707632+00:00,1,False,2004000.0,1002000.0,3.2,0.0054,0.00044,0.9974500441417378,"Run - Jul 10, 2026 at 22:18:59"
Q5,89,1535174.5583901603,767587.2842052887,0.008047704171291577,0.0006102086895829731,0.012669999999999999,3.2005014553356066,15.020040834258316,4.3447914865699665e-07,-4612.447113254573,Active,ionq_forte_simulated,2026-07-10T16:55:45.710631+00:00,1,False,2005000.0,1002500.0,3.2,0.0055,0.00045000000000000004,0.9974026261417376,"Run - Jul 10, 2026 at 22:18:59"
Q6,89,1535940.2314616255,767970.1207410214,0.008192204171291578,0.0006237686895829731,0.012669999999999999,3.2005014553356066,15.020040834258316,4.3447914865699665e-07,-4614.747581446078,Active,ionq_forte_simulated,2026-07-10T16:55:45.714684+00:00,1,False,2006000.0,1003000.0,3.2,0.0056,0.00046,0.9973552081417376,"Run - Jul 10, 2026 at 22:18:59"
Q7,89,1536705.904533091,768352.9572767541,0.008336704171291578,0.0006373286895829731,0.012669999999999999,3.2005014553356066,15.020040834258316,4.3447914865699665e-07,-4617.048049637349,Active,ionq_forte_simulated,2026-07-10T16:55:45.718254+00:00,1,False,2007000.0,1003500.0,3.2,0.0057,0.00047000000000000004,0.9973077901417375,"Run - Jul 10, 2026 at 22:18:59"
Q8,89,1537471.5776045565,768735.7938124868,0.008481204171291579,0.000650888689582973,0.012669999999999999,3.2005014553356066,15.020040834258316,4.3447914865699665e-07,-4619.348517828621,Active,ionq_forte_simulated,2026-07-10T16:55:45.722534+00:00,1,False,2008000.0,1004000.0,3.2,0.0058000000000000005,0.00048,0.9972603721417377,"Run - Jul 10, 2026 at 22:18:59"
Q9,89,1538237.2506760217,769118.6303482194,0.008625704171291578,0.000664448689582973,0.012669999999999999,3.2005014553356066,15.020040834258316,4.3447914865699665e-07,-4621.648986020125,Active,ionq_forte_simulated,2026-07-10T16:55:45.726544+00:00,1,False,2009000.0,1004500.0,3.2,0.0059,0.00049,0.9972129541417376,"Run - Jul 10, 2026 at 22:18:59"
Q10,89,1539002.9237474871,769501.4668839521,0.008770204171291578,0.0006780086895829731,0.012669999999999999,3.2005014553356066,15.020040834258316,4.3447914865699665e-07,-4623.949454211397,Active,ionq_forte_simulated,2026-07-10T16:55:45.729542+00:00,1,False,2010000.0,1005000.0,3.2,0.006,0.0005,0.9971655361417378,"Run - Jul 10, 2026 at 22:18:59"
Q11,89,1539768.5968189524,769884.3034196848,0.008914704171291579,0.0006915686895829731,0.012669999999999999,3.2005014553356066,15.020040834258316,4.3447914865699665e-07,-4626.249922402902,Active,ionq_forte_simulated,2026-07-10T16:55:45.733543+00:00,1,False,2011000.0,1005500.0,3.2,0.0061,0.00051,0.9971181181417377,"Run - Jul 10, 2026 at 22:18:59"
Q12,89,1540534.2698904178,770267.1399554175,0.00905920417129158,0.0007051286895829732,0.012669999999999999,3.2005014553356066,15.020040834258316,4.3447914865699665e-07,-4628.550390594173,Active,ionq_forte_simulated,2026-07-10T16:55:45.738059+00:00,1,False,2012000.0,1006000.0,3.2,0.006200000000000001,0.0005200000000000001,0.9970707001417377,"Run - Jul 10, 2026 at 22:18:59"
Q13,89,1541299.9429618833,770649.9764911502,0.009203704171291578,0.0007186886895829732,0.012669999999999999,3.2005014553356066,15.020040834258316,4.3447914865699665e-07,-4630.850858785445,Active,ionq_forte_simulated,2026-07-10T16:55:45.741676+00:00,1,False,2013000.0,1006500.0,3.2,0.0063,0.0005300000000000001,0.9970232821417375,"Run - Jul 10, 2026 at 22:18:59"
Q14,89,1542065.6160333485,771032.8130268828,0.009348204171291579,0.000732248689582973,0.012669999999999999,3.2005014553356066,15.020040834258316,4.3447914865699665e-07,-4633.1513269767165,Active,ionq_forte_simulated,2026-07-10T16:55:45.744748+00:00,1,False,2014000.0,1007000.0,3.2,0.0064,0.00054,0.9969758641417377,"Run - Jul 10, 2026 at 22:18:59"
Q15,89,1542831.289104814,771415.6495626156,0.00949270417129158,0.0007458086895829731,0.012669999999999999,3.2005014553356066,15.020040834258316,4.3447914865699665e-07,-4635.451795167988,Active,ionq_forte_simulated,2026-07-10T16:55:45.748749+00:00,1,False,2015000.0,1007500.0,3.2,0.006500000000000001,0.00055,0.9969284461417376,"Run - Jul 10, 2026 at 22:18:59"
Q16,89,1543596.9621762794,771798.4860983483,0.009637204171291578,0.0007593686895829731,0.012669999999999999,3.2005014553356066,15.020040834258316,4.3447914865699665e-07,-4637.75226335926,Active,ionq_forte_simulated,2026-07-10T16:55:45.751755+00:00,1,False,2016000.0,1008000.0,3.2,0.0066,0.0005600000000000001,0.9968810281417377,"Run - Jul 10, 2026 at 22:18:59"
Q17,89,1544362.6352477446,772181.3226340809,0.009781704171291579,0.000772928689582973,0.012669999999999999,3.2005014553356066,15.020040834258316,4.3447914865699665e-07,-4640.052731550764,Active,ionq_forte_simulated,2026-07-10T16:55:45.755752+00:00,1,False,2017000.0,1008500.0,3.2,0.0067,0.00057,0.9968336101417377,"Run - Jul 10, 2026 at 22:18:59"
Q18,89,1545128.30831921,772564.1591698136,0.009926204171291579,0.000786488689582973,0.012669999999999999,3.2005014553356066,15.020040834258316,4.3447914865699665e-07,-4642.353199742036,Active,ionq_forte_simulated,2026-07-10T16:55:45.758747+00:00,1,False,2018000.0,1009000.0,3.2,0.0068000000000000005,0.00058,0.9967861921417378,"Run - Jul 10, 2026 at 22:18:59"
Q19,89,1545893.9813906755,772946.9957055463,0.010070704171291578,0.0008000486895829731,0.012669999999999999,3.2005014553356066,15.020040834258316,4.3447914865699665e-07,-4644.653667933308,Active,ionq_forte_simulated,2026-07-10T16:55:45.760746+00:00,1,False,2019000.0,1009500.0,3.2,0.0069,0.00059,0.9967387741417376,"Run - Jul 10, 2026 at 22:18:59"
Q20,89,1546659.6544621408,773329.832241279,0.010215204171291578,0.0008136086895829731,0.012669999999999999,3.2005014553356066,15.020040834258316,4.3447914865699665e-07,-4646.954136124812,Active,ionq_forte_simulated,2026-07-10T16:55:45.764749+00:00,1,False,2020000.0,1010000.0,3.2,0.007,0.0006000000000000001,0.9966913561417376,"Run - Jul 10, 2026 at 22:18:59"
Q21,89,1547425.3275336062,773712.6687770117,0.010359704171291579,0.0008271686895829732,0.012669999999999999,3.2005014553356066,15.020040834258316,4.3447914865699665e-07,-4649.254604316084,Active,ionq_forte_simulated,2026-07-10T16:55:45.767749+00:00,1,False,2021000.0,1010500.0,3.2,0.0071,0.0006100000000000001,0.9966439381417376,"Run - Jul 10, 2026 at 22:18:59"
Q22,89,1548191.0006050717,774095.5053127444,0.010504204171291578,0.000840728689582973,0.012669999999999999,3.2005014553356066,15.020040834258316,4.3447914865699665e-07,-4651.555072507355,Active,ionq_forte_simulated,2026-07-10T16:55:45.771752+00:00,1,False,2022000.0,1011000.0,3.2,0.0072,0.00062,0.9965965201417376,"Run - Jul 10, 2026 at 22:18:59"
Q23,89,1548956.673676537,774478.341848477,0.010648704171291578,0.000854288689582973,0.012669999999999999,3.2005014553356066,15.020040834258316,4.3447914865699665e-07,-4653.85554069886,Active,ionq_forte_simulated,2026-07-10T16:55:45.774751+00:00,1,False,2023000.0,1011500.0,3.2,0.0073,0.00063,0.9965491021417376,"Run - Jul 10, 2026 at 22:18:59"
Q24,89,1549722.3467480023,774861.1783842098,0.010793204171291579,0.0008678486895829731,0.012669999999999999,3.2005014553356066,15.020040834258316,4.3447914865699665e-07,-4656.1560088901315,Active,ionq_forte_simulated,2026-07-10T16:55:45.777747+00:00,1,False,2024000.0,1012000.0,3.2,0.0074,0.00064,0.9965016841417376,"Run - Jul 10, 2026 at 22:18:59"
Q0,90,1526759.029885555,763379.5190639623,0.007332423697048351,0.0005440052532198882,0.012700000000000001,3.2004123811462364,15.01648473940967,2.6266099440886487e-07,-4587.163147278363,Active,ionq_forte_simulated,2026-07-10T16:55:51.497849+00:00,1,False,2000000.0,1000000.0,3.2,0.005,0.0004,0.9976370713149196,"Run - Jul 10, 2026 at 22:18:59"
Q1,90,1527522.4093798918,763761.2088111307,0.007477423697048352,0.0005576052532198882,0.012700000000000001,3.2004123811462364,15.01648473940967,2.6266099440886487e-07,-4589.4567244069185,Active,ionq_forte_simulated,2026-07-10T16:55:51.501683+00:00,1,False,2001000.0,1000500.0,3.2,0.0051,0.00041000000000000005,0.9975894913149196,"Run - Jul 10, 2026 at 22:18:59"
Q2,90,1528285.7888742287,764142.8985582992,0.007622423697048351,0.0005712052532198882,0.012700000000000001,3.2004123811462364,15.01648473940967,2.6266099440886487e-07,-4591.750301535474,Active,ionq_forte_simulated,2026-07-10T16:55:51.505694+00:00,1,False,2002000.0,1001000.0,3.2,0.0052,0.00042,0.9975419113149195,"Run - Jul 10, 2026 at 22:18:59"
Q3,90,1529049.1683685654,764524.5883054675,0.007767423697048351,0.0005848052532198882,0.012700000000000001,3.2004123811462364,15.01648473940967,2.6266099440886487e-07,-4594.04387866403,Active,ionq_forte_simulated,2026-07-10T16:55:51.508693+00:00,1,False,2003000.0,1001500.0,3.2,0.0053,0.00043000000000000004,0.9974943313149195,"Run - Jul 10, 2026 at 22:18:59"
Q4,90,1529812.5478629023,764906.278052636,0.007912423697048351,0.0005984052532198882,0.012700000000000001,3.2004123811462364,15.01648473940967,2.6266099440886487e-07,-4596.337455792585,Active,ionq_forte_simulated,2026-07-10T16:55:51.510693+00:00,1,False,2004000.0,1002000.0,3.2,0.0054,0.00044,0.9974467513149196,"Run - Jul 10, 2026 at 22:18:59"
Q5,90,1530575.9273572392,765287.9677998044,0.00805742369704835,0.0006120052532198882,0.012700000000000001,3.2004123811462364,15.01648473940967,2.6266099440886487e-07,-4598.631032921141,Active,ionq_forte_simulated,2026-07-10T16:55:51.514698+00:00,1,False,2005000.0,1002500.0,3.2,0.0055,0.00045000000000000004,0.9973991713149195,"Run - Jul 10, 2026 at 22:18:59"
Q6,90,1531339.306851576,765669.6575469729,0.008202423697048352,0.0006256052532198881,0.012700000000000001,3.2004123811462364,15.01648473940967,2.6266099440886487e-07,-4600.924610049464,Active,ionq_forte_simulated,2026-07-10T16:55:51.518693+00:00,1,False,2006000.0,1003000.0,3.2,0.0056,0.00046,0.9973515913149196,"Run - Jul 10, 2026 at 22:18:59"
Q7,90,1532102.686345913,766051.3472941413,0.008347423697048351,0.0006392052532198882,0.012700000000000001,3.2004123811462364,15.01648473940967,2.6266099440886487e-07,-4603.218187178019,Active,ionq_forte_simulated,2026-07-10T16:55:51.521692+00:00,1,False,2007000.0,1003500.0,3.2,0.0057,0.00047000000000000004,0.9973040113149195,"Run - Jul 10, 2026 at 22:18:59"
Q8,90,1532866.0658402496,766433.0370413096,0.008492423697048352,0.0006528052532198881,0.012700000000000001,3.2004123811462364,15.01648473940967,2.6266099440886487e-07,-4605.511764306808,Active,ionq_forte_simulated,2026-07-10T16:55:51.524692+00:00,1,False,2008000.0,1004000.0,3.2,0.0058000000000000005,0.00048,0.9972564313149195,"Run - Jul 10, 2026 at 22:18:59"
Q9,90,1533629.4453345865,766814.7267884781,0.008637423697048351,0.0006664052532198881,0.012700000000000001,3.2004123811462364,15.01648473940967,2.6266099440886487e-07,-4607.805341435131,Active,ionq_forte_simulated,2026-07-10T16:55:51.527692+00:00,1,False,2009000.0,1004500.0,3.2,0.0059,0.00049,0.9972088513149195,"Run - Jul 10, 2026 at 22:18:59"
Q10,90,1534392.8248289234,767196.4165356465,0.00878242369704835,0.0006800052532198881,0.012700000000000001,3.2004123811462364,15.01648473940967,2.6266099440886487e-07,-4610.098918563686,Active,ionq_forte_simulated,2026-07-10T16:55:51.530693+00:00,1,False,2010000.0,1005000.0,3.2,0.006,0.0005,0.9971612713149195,"Run - Jul 10, 2026 at 22:18:59"
Q11,90,1535156.2043232603,767578.106282815,0.008927423697048352,0.0006936052532198881,0.012700000000000001,3.2004123811462364,15.01648473940967,2.6266099440886487e-07,-4612.392495692009,Active,ionq_forte_simulated,2026-07-10T16:55:51.534700+00:00,1,False,2011000.0,1005500.0,3.2,0.0061,0.00051,0.9971136913149194,"Run - Jul 10, 2026 at 22:18:59"
Q12,90,1535919.5838175972,767959.7960299834,0.009072423697048353,0.0007072052532198882,0.012700000000000001,3.2004123811462364,15.01648473940967,2.6266099440886487e-07,-4614.686072820565,Active,ionq_forte_simulated,2026-07-10T16:55:51.537702+00:00,1,False,2012000.0,1006000.0,3.2,0.006200000000000001,0.0005200000000000001,0.9970661113149195,"Run - Jul 10, 2026 at 22:18:59"
Q13,90,1536682.963311934,768341.4857771518,0.00921742369704835,0.0007208052532198882,0.012700000000000001,3.2004123811462364,15.01648473940967,2.6266099440886487e-07,-4616.979649949353,Active,ionq_forte_simulated,2026-07-10T16:55:51.541700+00:00,1,False,2013000.0,1006500.0,3.2,0.0063,0.0005300000000000001,0.9970185313149194,"Run - Jul 10, 2026 at 22:18:59"
Q14,90,1537446.3428062708,768723.1755243202,0.009362423697048351,0.0007344052532198881,0.012700000000000001,3.2004123811462364,15.01648473940967,2.6266099440886487e-07,-4619.273227077676,Active,ionq_forte_simulated,2026-07-10T16:55:51.544702+00:00,1,False,2014000.0,1007000.0,3.2,0.0064,0.00054,0.9969709513149196,"Run - Jul 10, 2026 at 22:18:59"
Q15,90,1538209.7223006077,769104.8652714887,0.009507423697048352,0.0007480052532198881,0.012700000000000001,3.2004123811462364,15.01648473940967,2.6266099440886487e-07,-4621.566804206232,Active,ionq_forte_simulated,2026-07-10T16:55:51.548213+00:00,1,False,2015000.0,1007500.0,3.2,0.006500000000000001,0.00055,0.9969233713149195,"Run - Jul 10, 2026 at 22:18:59"
Q16,90,1538973.1017949446,769486.5550186571,0.009652423697048352,0.0007616052532198881,0.012700000000000001,3.2004123811462364,15.01648473940967,2.6266099440886487e-07,-4623.860381334787,Active,ionq_forte_simulated,2026-07-10T16:55:51.551223+00:00,1,False,2016000.0,1008000.0,3.2,0.0066,0.0005600000000000001,0.9968757913149195,"Run - Jul 10, 2026 at 22:18:59"
Q17,90,1539736.4812892815,769868.2447658256,0.009797423697048351,0.000775205253219888,0.012700000000000001,3.2004123811462364,15.01648473940967,2.6266099440886487e-07,-4626.15395846311,Active,ionq_forte_simulated,2026-07-10T16:55:51.554223+00:00,1,False,2017000.0,1008500.0,3.2,0.0067,0.00057,0.9968282113149196,"Run - Jul 10, 2026 at 22:18:59"
Q18,90,1540499.8607836182,770249.9345129939,0.009942423697048352,0.0007888052532198882,0.012700000000000001,3.2004123811462364,15.01648473940967,2.6266099440886487e-07,-4628.4475355918985,Active,ionq_forte_simulated,2026-07-10T16:55:51.557223+00:00,1,False,2018000.0,1009000.0,3.2,0.0068000000000000005,0.00058,0.9967806313149195,"Run - Jul 10, 2026 at 22:18:59"
Q19,90,1541263.240277955,770631.6242601624,0.010087423697048351,0.0008024052532198882,0.012700000000000001,3.2004123811462364,15.01648473940967,2.6266099440886487e-07,-4630.741112720454,Active,ionq_forte_simulated,2026-07-10T16:55:51.560222+00:00,1,False,2019000.0,1009500.0,3.2,0.0069,0.00059,0.9967330513149195,"Run - Jul 10, 2026 at 22:18:59"
Q20,90,1542026.619772292,771013.3140073308,0.01023242369704835,0.0008160052532198882,0.012700000000000001,3.2004123811462364,15.01648473940967,2.6266099440886487e-07,-4633.034689848777,Active,ionq_forte_simulated,2026-07-10T16:55:51.563226+00:00,1,False,2020000.0,1010000.0,3.2,0.007,0.0006000000000000001,0.9966854713149196,"Run - Jul 10, 2026 at 22:18:59"
Q21,90,1542789.9992666289,771395.0037544993,0.010377423697048352,0.0008296052532198882,0.012700000000000001,3.2004123811462364,15.01648473940967,2.6266099440886487e-07,-4635.3282669773325,Active,ionq_forte_simulated,2026-07-10T16:55:51.567224+00:00,1,False,2021000.0,1010500.0,3.2,0.0071,0.0006100000000000001,0.9966378913149195,"Run - Jul 10, 2026 at 22:18:59"
Q22,90,1543553.3787609658,771776.6935016677,0.01052242369704835,0.0008432052532198881,0.012700000000000001,3.2004123811462364,15.01648473940967,2.6266099440886487e-07,-4637.621844105888,Active,ionq_forte_simulated,2026-07-10T16:55:51.571224+00:00,1,False,2022000.0,1011000.0,3.2,0.0072,0.00062,0.9965903113149195,"Run - Jul 10, 2026 at 22:18:59"
Q23,90,1544316.7582553024,772158.383248836,0.01066742369704835,0.0008568052532198882,0.012700000000000001,3.2004123811462364,15.01648473940967,2.6266099440886487e-07,-4639.915421234444,Active,ionq_forte_simulated,2026-07-10T16:55:51.574224+00:00,1,False,2023000.0,1011500.0,3.2,0.0073,0.00063,0.9965427313149195,"Run - Jul 10, 2026 at 22:18:59"
Q24,90,1545080.1377496393,772540.0729960045,0.010812423697048351,0.0008704052532198882,0.012700000000000001,3.2004123811462364,15.01648473940967,2.6266099440886487e-07,-4642.208998362999,Active,ionq_forte_simulated,2026-07-10T16:55:51.577223+00:00,1,False,2024000.0,1012000.0,3.2,0.0074,0.00064,0.9964951513149195,"Run - Jul 10, 2026 at 22:18:59"
Q0,91,1522185.6071677047,761092.806774836,0.0073388196724698705,0.0005456005306853621,0.012730000000000002,3.200319124896618,15.012763934493973,2.6534268107012284e-08,-4573.42271785019,Active,ionq_forte_simulated,2026-07-10T16:55:58.029859+00:00,1,False,2000000.0,1000000.0,3.2,0.005,0.0004,0.9976346739390535,"Run - Jul 10, 2026 at 22:18:59"
Q1,91,1522946.6999553337,761473.3531686505,0.007484319672469871,0.0005592405306853622,0.012730000000000002,3.200319124896618,15.012763934493973,2.6534268107012284e-08,-4575.709424558096,Active,ionq_forte_simulated,2026-07-10T16:55:58.032856+00:00,1,False,2001000.0,1000500.0,3.2,0.0051,0.00041000000000000005,0.9975869319390533,"Run - Jul 10, 2026 at 22:18:59"
Q2,91,1523707.7927429627,761853.899562465,0.00762981967246987,0.0005728805306853622,0.012730000000000002,3.200319124896618,15.012763934493973,2.6534268107012284e-08,-4577.996131266002,Active,ionq_forte_simulated,2026-07-10T16:55:58.036857+00:00,1,False,2002000.0,1001000.0,3.2,0.0052,0.00042,0.9975391899390534,"Run - Jul 10, 2026 at 22:18:59"
Q3,91,1524468.8855305917,762234.4459562795,0.007775319672469871,0.0005865205306853622,0.012730000000000002,3.200319124896618,15.012763934493973,2.6534268107012284e-08,-4580.282837973675,Active,ionq_forte_simulated,2026-07-10T16:55:58.039875+00:00,1,False,2003000.0,1001500.0,3.2,0.0053,0.00043000000000000004,0.9974914479390535,"Run - Jul 10, 2026 at 22:18:59"
Q4,91,1525229.9783182205,762614.9923500939,0.007920819672469872,0.0006001605306853622,0.012730000000000002,3.200319124896618,15.012763934493973,2.6534268107012284e-08,-4582.569544681814,Active,ionq_forte_simulated,2026-07-10T16:55:58.043876+00:00,1,False,2004000.0,1002000.0,3.2,0.0054,0.00044,0.9974437059390535,"Run - Jul 10, 2026 at 22:18:59"
Q5,91,1525991.0711058495,762995.5387439084,0.00806631967246987,0.0006138005306853621,0.012730000000000002,3.200319124896618,15.012763934493973,2.6534268107012284e-08,-4584.85625138972,Active,ionq_forte_simulated,2026-07-10T16:55:58.047872+00:00,1,False,2005000.0,1002500.0,3.2,0.0055,0.00045000000000000004,0.9973959639390534,"Run - Jul 10, 2026 at 22:18:59"
Q6,91,1526752.1638934785,763376.0851377229,0.008211819672469872,0.0006274405306853621,0.012730000000000002,3.200319124896618,15.012763934493973,2.6534268107012284e-08,-4587.1429580976255,Active,ionq_forte_simulated,2026-07-10T16:55:58.050873+00:00,1,False,2006000.0,1003000.0,3.2,0.0056,0.00046,0.9973482219390535,"Run - Jul 10, 2026 at 22:18:59"
Q7,91,1527513.2566811075,763756.6315315374,0.008357319672469872,0.0006410805306853622,0.012730000000000002,3.200319124896618,15.012763934493973,2.6534268107012284e-08,-4589.4296648055315,Active,ionq_forte_simulated,2026-07-10T16:55:58.054383+00:00,1,False,2007000.0,1003500.0,3.2,0.0057,0.00047000000000000004,0.9973004799390535,"Run - Jul 10, 2026 at 22:18:59"
Q8,91,1528274.3494687362,764137.1779253518,0.008502819672469871,0.0006547205306853621,0.012730000000000002,3.200319124896618,15.012763934493973,2.6534268107012284e-08,-4591.7163715134375,Active,ionq_forte_simulated,2026-07-10T16:55:58.058390+00:00,1,False,2008000.0,1004000.0,3.2,0.0058000000000000005,0.00048,0.9972527379390534,"Run - Jul 10, 2026 at 22:18:59"
Q9,91,1529035.4422563652,764517.7243191663,0.008648319672469871,0.0006683605306853621,0.012730000000000002,3.200319124896618,15.012763934493973,2.6534268107012284e-08,-4594.0030782213435,Active,ionq_forte_simulated,2026-07-10T16:55:58.062397+00:00,1,False,2009000.0,1004500.0,3.2,0.0059,0.00049,0.9972049959390534,"Run - Jul 10, 2026 at 22:18:59"
Q10,91,1529796.5350439942,764898.2707129808,0.008793819672469871,0.0006820005306853622,0.012730000000000002,3.200319124896618,15.012763934493973,2.6534268107012284e-08,-4596.289784929249,Active,ionq_forte_simulated,2026-07-10T16:55:58.066394+00:00,1,False,2010000.0,1005000.0,3.2,0.006,0.0005,0.9971572539390535,"Run - Jul 10, 2026 at 22:18:59"
Q11,91,1530557.627831623,765278.8171067951,0.008939319672469873,0.0006956405306853622,0.012730000000000002,3.200319124896618,15.012763934493973,2.6534268107012284e-08,-4598.576491637388,Active,ionq_forte_simulated,2026-07-10T16:55:58.069395+00:00,1,False,2011000.0,1005500.0,3.2,0.0061,0.00051,0.9971095119390534,"Run - Jul 10, 2026 at 22:18:59"
Q12,91,1531318.720619252,765659.3635006096,0.009084819672469872,0.0007092805306853623,0.012730000000000002,3.200319124896618,15.012763934493973,2.6534268107012284e-08,-4600.863198345294,Active,ionq_forte_simulated,2026-07-10T16:55:58.073394+00:00,1,False,2012000.0,1006000.0,3.2,0.006200000000000001,0.0005200000000000001,0.9970617699390534,"Run - Jul 10, 2026 at 22:18:59"
Q13,91,1532079.813406881,766039.9098944241,0.009230319672469872,0.0007229205306853622,0.012730000000000002,3.200319124896618,15.012763934493973,2.6534268107012284e-08,-4603.149905052967,Active,ionq_forte_simulated,2026-07-10T16:55:58.077395+00:00,1,False,2013000.0,1006500.0,3.2,0.0063,0.0005300000000000001,0.9970140279390534,"Run - Jul 10, 2026 at 22:18:59"
Q14,91,1532840.90619451,766420.4562882386,0.009375819672469872,0.0007365605306853621,0.012730000000000002,3.200319124896618,15.012763934493973,2.6534268107012284e-08,-4605.436611760873,Active,ionq_forte_simulated,2026-07-10T16:55:58.081395+00:00,1,False,2014000.0,1007000.0,3.2,0.0064,0.00054,0.9969662859390535,"Run - Jul 10, 2026 at 22:18:59"
Q15,91,1533601.9989821387,766801.002682053,0.009521319672469872,0.0007502005306853622,0.012730000000000002,3.200319124896618,15.012763934493973,2.6534268107012284e-08,-4607.723318469012,Active,ionq_forte_simulated,2026-07-10T16:55:58.084392+00:00,1,False,2015000.0,1007500.0,3.2,0.006500000000000001,0.00055,0.9969185439390534,"Run - Jul 10, 2026 at 22:18:59"
Q16,91,1534363.0917697677,767181.5490758675,0.009666819672469872,0.0007638405306853622,0.012730000000000002,3.200319124896618,15.012763934493973,2.6534268107012284e-08,-4610.010025176918,Active,ionq_forte_simulated,2026-07-10T16:55:58.087394+00:00,1,False,2016000.0,1008000.0,3.2,0.0066,0.0005600000000000001,0.9968708019390533,"Run - Jul 10, 2026 at 22:18:59"
Q17,91,1535124.1845573967,767562.095469682,0.009812319672469871,0.0007774805306853621,0.012730000000000002,3.200319124896618,15.012763934493973,2.6534268107012284e-08,-4612.296731884824,Active,ionq_forte_simulated,2026-07-10T16:55:58.091391+00:00,1,False,2017000.0,1008500.0,3.2,0.0067,0.00057,0.9968230599390534,"Run - Jul 10, 2026 at 22:18:59"
Q18,91,1535885.2773450257,767942.6418634965,0.009957819672469873,0.0007911205306853622,0.012730000000000002,3.200319124896618,15.012763934493973,2.6534268107012284e-08,-4614.583438592497,Active,ionq_forte_simulated,2026-07-10T16:55:58.094394+00:00,1,False,2018000.0,1009000.0,3.2,0.0068000000000000005,0.00058,0.9967753179390535,"Run - Jul 10, 2026 at 22:18:59"
Q19,91,1536646.3701326544,768323.1882573109,0.010103319672469871,0.0008047605306853621,0.012730000000000002,3.200319124896618,15.012763934493973,2.6534268107012284e-08,-4616.870145300636,Active,ionq_forte_simulated,2026-07-10T16:55:58.098398+00:00,1,False,2019000.0,1009500.0,3.2,0.0069,0.00059,0.9967275759390535,"Run - Jul 10, 2026 at 22:18:59"
Q20,91,1537407.4629202834,768703.7346511254,0.010248819672469872,0.0008184005306853622,0.012730000000000002,3.200319124896618,15.012763934493973,2.6534268107012284e-08,-4619.156852008542,Active,ionq_forte_simulated,2026-07-10T16:55:58.102394+00:00,1,False,2020000.0,1010000.0,3.2,0.007,0.0006000000000000001,0.9966798339390535,"Run - Jul 10, 2026 at 22:18:59"
Q21,91,1538168.5557079124,769084.2810449399,0.010394319672469872,0.0008320405306853622,0.012730000000000002,3.200319124896618,15.012763934493973,2.6534268107012284e-08,-4621.443558716448,Active,ionq_forte_simulated,2026-07-10T16:55:58.105397+00:00,1,False,2021000.0,1010500.0,3.2,0.0071,0.0006100000000000001,0.9966320919390534,"Run - Jul 10, 2026 at 22:18:59"
Q22,91,1538929.6484955414,769464.8274387544,0.010539819672469872,0.0008456805306853621,0.012730000000000002,3.200319124896618,15.012763934493973,2.6534268107012284e-08,-4623.730265424354,Active,ionq_forte_simulated,2026-07-10T16:55:58.108392+00:00,1,False,2022000.0,1011000.0,3.2,0.0072,0.00062,0.9965843499390534,"Run - Jul 10, 2026 at 22:18:59"
Q23,91,1539690.7412831702,769845.3738325688,0.010685319672469872,0.0008593205306853622,0.012730000000000002,3.200319124896618,15.012763934493973,2.6534268107012284e-08,-4626.01697213226,Active,ionq_forte_simulated,2026-07-10T16:55:58.114394+00:00,1,False,2023000.0,1011500.0,3.2,0.0073,0.00063,0.9965366079390534,"Run - Jul 10, 2026 at 22:18:59"
Q24,91,1540451.8340707992,770225.9202263833,0.010830819672469872,0.0008729605306853622,0.012730000000000002,3.200319124896618,15.012763934493973,2.6534268107012284e-08,-4628.303678840166,Active,ionq_forte_simulated,2026-07-10T16:55:58.117393+00:00,1,False,2024000.0,1012000.0,3.2,0.0074,0.00064,0.9964888659390534,"Run - Jul 10, 2026 at 22:18:59"
Q0,92,1517625.883811474,758812.9441346362,0.007344577982820049,0.0005472043217794488,0.01276,3.200222673825128,15.00891559656401,-2.1608897244238916e-07,-4559.72335623065,Active,ionq_forte_simulated,2026-07-10T16:56:04.363852+00:00,1,False,2000000.0,1000000.0,3.2,0.005,0.0004,0.9976324653086202,"Run - Jul 10, 2026 at 22:18:59"
Q1,92,1518384.6967422352,759192.3506000168,0.007490577982820049,0.0005608843217794489,0.01276,3.200222673825128,15.00891559656401,-2.1608897244238916e-07,-4562.0032130985055,Active,ionq_forte_simulated,2026-07-10T16:56:04.367890+00:00,1,False,2001000.0,1000500.0,3.2,0.0051,0.00041000000000000005,0.9975845613086202,"Run - Jul 10, 2026 at 22:18:59"
Q2,92,1519143.5096729966,759571.7570653975,0.007636577982820049,0.0005745643217794489,0.01276,3.200222673825128,15.00891559656401,-2.1608897244238916e-07,-4564.283069966128,Active,ionq_forte_simulated,2026-07-10T16:56:04.372006+00:00,1,False,2002000.0,1001000.0,3.2,0.0052,0.00042,0.9975366573086202,"Run - Jul 10, 2026 at 22:18:59"
Q3,92,1519902.3226037577,759951.163530778,0.007782577982820049,0.0005882443217794488,0.01276,3.200222673825128,15.00891559656401,-2.1608897244238916e-07,-4566.5629268339835,Active,ionq_forte_simulated,2026-07-10T16:56:04.375542+00:00,1,False,2003000.0,1001500.0,3.2,0.0053,0.00043000000000000004,0.9974887533086201,"Run - Jul 10, 2026 at 22:18:59"
Q4,92,1520661.135534519,760330.5699961587,0.00792857798282005,0.0006019243217794488,0.01276,3.200222673825128,15.00891559656401,-2.1608897244238916e-07,-4568.842783701373,Active,ionq_forte_simulated,2026-07-10T16:56:04.379546+00:00,1,False,2004000.0,1002000.0,3.2,0.0054,0.00044,0.9974408493086201,"Run - Jul 10, 2026 at 22:18:59"
Q5,92,1521419.9484652802,760709.9764615393,0.008074577982820049,0.0006156043217794489,0.01276,3.200222673825128,15.00891559656401,-2.1608897244238916e-07,-4571.122640569229,Active,ionq_forte_simulated,2026-07-10T16:56:04.383547+00:00,1,False,2005000.0,1002500.0,3.2,0.0055,0.00045000000000000004,0.9973929453086201,"Run - Jul 10, 2026 at 22:18:59"
Q6,92,1522178.7613960416,761089.38292692,0.008220577982820049,0.0006292843217794488,0.01276,3.200222673825128,15.00891559656401,-2.1608897244238916e-07,-4573.402497436851,Active,ionq_forte_simulated,2026-07-10T16:56:04.386543+00:00,1,False,2006000.0,1003000.0,3.2,0.0056,0.00046,0.9973450413086202,"Run - Jul 10, 2026 at 22:18:59"
Q7,92,1522937.5743268027,761468.7893923005,0.00836657798282005,0.0006429643217794489,0.01276,3.200222673825128,15.00891559656401,-2.1608897244238916e-07,-4575.682354304707,Active,ionq_forte_simulated,2026-07-10T16:56:04.390546+00:00,1,False,2007000.0,1003500.0,3.2,0.0057,0.00047000000000000004,0.9972971373086201,"Run - Jul 10, 2026 at 22:18:59"
Q8,92,1523696.3872575639,761848.1958576811,0.00851257798282005,0.0006566443217794489,0.01276,3.200222673825128,15.00891559656401,-2.1608897244238916e-07,-4577.962211172329,Active,ionq_forte_simulated,2026-07-10T16:56:04.394544+00:00,1,False,2008000.0,1004000.0,3.2,0.0058000000000000005,0.00048,0.9972492333086201,"Run - Jul 10, 2026 at 22:18:59"
Q9,92,1524455.2001883253,762227.6023230618,0.00865857798282005,0.0006703243217794488,0.01276,3.200222673825128,15.00891559656401,-2.1608897244238916e-07,-4580.242068039952,Active,ionq_forte_simulated,2026-07-10T16:56:04.397543+00:00,1,False,2009000.0,1004500.0,3.2,0.0059,0.00049,0.9972013293086202,"Run - Jul 10, 2026 at 22:18:59"
Q10,92,1525214.0131190864,762607.0087884424,0.00880457798282005,0.0006840043217794488,0.01276,3.200222673825128,15.00891559656401,-2.1608897244238916e-07,-4582.521924907807,Active,ionq_forte_simulated,2026-07-10T16:56:04.401547+00:00,1,False,2010000.0,1005000.0,3.2,0.006,0.0005,0.9971534253086201,"Run - Jul 10, 2026 at 22:18:59"
Q11,92,1525972.8260498478,762986.415253823,0.00895057798282005,0.0006976843217794489,0.01276,3.200222673825128,15.00891559656401,-2.1608897244238916e-07,-4584.801781775197,Active,ionq_forte_simulated,2026-07-10T16:56:04.405547+00:00,1,False,2011000.0,1005500.0,3.2,0.0061,0.00051,0.9971055213086202,"Run - Jul 10, 2026 at 22:18:59"
Q12,92,1526731.638980609,763365.8217192036,0.00909657798282005,0.0007113643217794489,0.01276,3.200222673825128,15.00891559656401,-2.1608897244238916e-07,-4587.081638643052,Active,ionq_forte_simulated,2026-07-10T16:56:04.409545+00:00,1,False,2012000.0,1006000.0,3.2,0.006200000000000001,0.0005200000000000001,0.9970576173086202,"Run - Jul 10, 2026 at 22:18:59"
Q13,92,1527490.4519113703,763745.2281845843,0.00924257798282005,0.0007250443217794489,0.01276,3.200222673825128,15.00891559656401,-2.1608897244238916e-07,-4589.361495510675,Active,ionq_forte_simulated,2026-07-10T16:56:04.413548+00:00,1,False,2013000.0,1006500.0,3.2,0.0063,0.0005300000000000001,0.9970097133086202,"Run - Jul 10, 2026 at 22:18:59"
Q14,92,1528249.2648421314,764124.6346499649,0.00938857798282005,0.0007387243217794487,0.01276,3.200222673825128,15.00891559656401,-2.1608897244238916e-07,-4591.64135237853,Active,ionq_forte_simulated,2026-07-10T16:56:04.418544+00:00,1,False,2014000.0,1007000.0,3.2,0.0064,0.00054,0.9969618093086201,"Run - Jul 10, 2026 at 22:18:59"
Q15,92,1529008.0777728928,764504.0411153455,0.00953457798282005,0.0007524043217794488,0.01276,3.200222673825128,15.00891559656401,-2.1608897244238916e-07,-4593.92120924592,Active,ionq_forte_simulated,2026-07-10T16:56:04.421546+00:00,1,False,2015000.0,1007500.0,3.2,0.006500000000000001,0.00055,0.99691390530862,"Run - Jul 10, 2026 at 22:18:59"
Q16,92,1529766.890703654,764883.4475807261,0.00968057798282005,0.0007660843217794489,0.01276,3.200222673825128,15.00891559656401,-2.1608897244238916e-07,-4596.201066113776,Active,ionq_forte_simulated,2026-07-10T16:56:04.425549+00:00,1,False,2016000.0,1008000.0,3.2,0.0066,0.0005600000000000001,0.9968660013086201,"Run - Jul 10, 2026 at 22:18:59"
Q17,92,1530525.703634415,765262.8540461067,0.00982657798282005,0.0007797643217794487,0.01276,3.200222673825128,15.00891559656401,-2.1608897244238916e-07,-4598.480922981631,Active,ionq_forte_simulated,2026-07-10T16:56:04.429542+00:00,1,False,2017000.0,1008500.0,3.2,0.0067,0.00057,0.9968180973086201,"Run - Jul 10, 2026 at 22:18:59"
Q18,92,1531284.5165651764,765642.2605114874,0.009972577982820051,0.0007934443217794488,0.01276,3.200222673825128,15.00891559656401,-2.1608897244238916e-07,-4600.760779849254,Active,ionq_forte_simulated,2026-07-10T16:56:04.433042+00:00,1,False,2018000.0,1009000.0,3.2,0.0068000000000000005,0.00058,0.9967701933086202,"Run - Jul 10, 2026 at 22:18:59"
Q19,92,1532043.3294959376,766021.666976868,0.01011857798282005,0.0008071243217794488,0.01276,3.200222673825128,15.00891559656401,-2.1608897244238916e-07,-4603.040636716876,Active,ionq_forte_simulated,2026-07-10T16:56:04.437061+00:00,1,False,2019000.0,1009500.0,3.2,0.0069,0.00059,0.9967222893086202,"Run - Jul 10, 2026 at 22:18:59"
Q20,92,1532802.142426699,766401.0734422486,0.01026457798282005,0.0008208043217794489,0.01276,3.200222673825128,15.00891559656401,-2.1608897244238916e-07,-4605.320493584499,Active,ionq_forte_simulated,2026-07-10T16:56:04.440064+00:00,1,False,2020000.0,1010000.0,3.2,0.007,0.0006000000000000001,0.9966743853086202,"Run - Jul 10, 2026 at 22:18:59"
Q21,92,1533560.95535746,766780.4799076292,0.01041057798282005,0.0008344843217794489,0.01276,3.200222673825128,15.00891559656401,-2.1608897244238916e-07,-4607.600350452354,Active,ionq_forte_simulated,2026-07-10T16:56:04.445064+00:00,1,False,2021000.0,1010500.0,3.2,0.0071,0.0006100000000000001,0.9966264813086201,"Run - Jul 10, 2026 at 22:18:59"
Q22,92,1534319.7682882214,767159.8863730099,0.010556577982820049,0.0008481643217794488,0.01276,3.200222673825128,15.00891559656401,-2.1608897244238916e-07,-4609.880207319977,Active,ionq_forte_simulated,2026-07-10T16:56:04.448060+00:00,1,False,2022000.0,1011000.0,3.2,0.0072,0.00062,0.9965785773086202,"Run - Jul 10, 2026 at 22:18:59"
Q23,92,1535078.5812189826,767539.2928383905,0.010702577982820049,0.0008618443217794489,0.01276,3.200222673825128,15.00891559656401,-2.1608897244238916e-07,-4612.160064187599,Active,ionq_forte_simulated,2026-07-10T16:56:04.451970+00:00,1,False,2023000.0,1011500.0,3.2,0.0073,0.00063,0.9965306733086202,"Run - Jul 10, 2026 at 22:18:59"
Q24,92,1535837.394149744,767918.6993037711,0.01084857798282005,0.0008755243217794488,0.01276,3.200222673825128,15.00891559656401,-2.1608897244238916e-07,-4614.439921055222,Active,ionq_forte_simulated,2026-07-10T16:56:04.454977+00:00,1,False,2024000.0,1012000.0,3.2,0.0074,0.00064,0.9964827693086202,"Run - Jul 10, 2026 at 22:18:59"
Q0,93,1513079.8188755373,756539.9106823128,0.007349890884701413,0.0005488081161219234,0.01279,3.200124048617411,15.004978176940282,-4.058060961715123e-07,-4546.064935936825,Active,ionq_forte_simulated,2026-07-10T16:56:11.407629+00:00,1,False,2000000.0,1000000.0,3.2,0.005,0.0004,0.9976303902997531,"Run - Jul 10, 2026 at 22:18:59"
Q1,93,1513836.3587787522,756918.1806339202,0.007496390884701413,0.0005625281161219235,0.01279,3.200124048617411,15.004978176940282,-4.058060961715123e-07,-4548.3379634830635,Active,ionq_forte_simulated,2026-07-10T16:56:11.411390+00:00,1,False,2001000.0,1000500.0,3.2,0.0051,0.00041000000000000005,0.997582324299753,"Run - Jul 10, 2026 at 22:18:59"
Q2,93,1514592.8986819673,757296.4505855278,0.007642890884701412,0.0005762481161219234,0.01279,3.200124048617411,15.004978176940282,-4.058060961715123e-07,-4550.610991029302,Active,ionq_forte_simulated,2026-07-10T16:56:11.414419+00:00,1,False,2002000.0,1001000.0,3.2,0.0052,0.00042,0.9975342582997531,"Run - Jul 10, 2026 at 22:18:59"
Q3,93,1515349.4385851822,757674.7205371353,0.007789390884701413,0.0005899681161219235,0.01279,3.200124048617411,15.004978176940282,-4.058060961715123e-07,-4552.88401857554,Active,ionq_forte_simulated,2026-07-10T16:56:11.416613+00:00,1,False,2003000.0,1001500.0,3.2,0.0053,0.00043000000000000004,0.9974861922997531,"Run - Jul 10, 2026 at 22:18:59"
Q4,93,1516105.9784883973,758052.9904887428,0.007935890884701414,0.0006036881161219234,0.01279,3.200124048617411,15.004978176940282,-4.058060961715123e-07,-4555.157046121778,Active,ionq_forte_simulated,2026-07-10T16:56:11.419791+00:00,1,False,2004000.0,1002000.0,3.2,0.0054,0.00044,0.997438126299753,"Run - Jul 10, 2026 at 22:18:59"
Q5,93,1516862.5183916125,758431.2604403504,0.008082390884701413,0.0006174081161219234,0.01279,3.200124048617411,15.004978176940282,-4.058060961715123e-07,-4557.430073667783,Active,ionq_forte_simulated,2026-07-10T16:56:11.421791+00:00,1,False,2005000.0,1002500.0,3.2,0.0055,0.00045000000000000004,0.997390060299753,"Run - Jul 10, 2026 at 22:18:59"
Q6,93,1517619.0582948274,758809.5303919578,0.008228890884701414,0.0006311281161219234,0.01279,3.200124048617411,15.004978176940282,-4.058060961715123e-07,-4559.703101214254,Active,ionq_forte_simulated,2026-07-10T16:56:11.425792+00:00,1,False,2006000.0,1003000.0,3.2,0.0056,0.00046,0.997341994299753,"Run - Jul 10, 2026 at 22:18:59"
Q7,93,1518375.5981980425,759187.8003435654,0.008375390884701413,0.0006448481161219234,0.01279,3.200124048617411,15.004978176940282,-4.058060961715123e-07,-4561.97612876026,Active,ionq_forte_simulated,2026-07-10T16:56:11.427789+00:00,1,False,2007000.0,1003500.0,3.2,0.0057,0.00047000000000000004,0.9972939282997529,"Run - Jul 10, 2026 at 22:18:59"
Q8,93,1519132.1381012576,759566.070295173,0.008521890884701414,0.0006585681161219234,0.01279,3.200124048617411,15.004978176940282,-4.058060961715123e-07,-4564.249156306265,Active,ionq_forte_simulated,2026-07-10T16:56:11.430791+00:00,1,False,2008000.0,1004000.0,3.2,0.0058000000000000005,0.00048,0.9972458622997529,"Run - Jul 10, 2026 at 22:18:59"
Q9,93,1519888.6780044725,759944.3402467804,0.008668390884701413,0.0006722881161219233,0.01279,3.200124048617411,15.004978176940282,-4.058060961715123e-07,-4566.522183852736,Active,ionq_forte_simulated,2026-07-10T16:56:11.433791+00:00,1,False,2009000.0,1004500.0,3.2,0.0059,0.00049,0.9971977962997529,"Run - Jul 10, 2026 at 22:18:59"
Q10,93,1520645.2179076876,760322.610198388,0.008814890884701413,0.0006860081161219234,0.01279,3.200124048617411,15.004978176940282,-4.058060961715123e-07,-4568.795211398741,Active,ionq_forte_simulated,2026-07-10T16:56:11.435791+00:00,1,False,2010000.0,1005000.0,3.2,0.006,0.0005,0.997149730299753,"Run - Jul 10, 2026 at 22:18:59"
Q11,93,1521401.7578109025,760700.8801499954,0.008961390884701414,0.0006997281161219234,0.01279,3.200124048617411,15.004978176940282,-4.058060961715123e-07,-4571.068238945212,Active,ionq_forte_simulated,2026-07-10T16:56:11.438888+00:00,1,False,2011000.0,1005500.0,3.2,0.0061,0.00051,0.997101664299753,"Run - Jul 10, 2026 at 22:18:59"
Q12,93,1522158.2977141177,761079.150101603,0.009107890884701413,0.0007134481161219235,0.01279,3.200124048617411,15.004978176940282,-4.058060961715123e-07,-4573.3412664912175,Active,ionq_forte_simulated,2026-07-10T16:56:11.441603+00:00,1,False,2012000.0,1006000.0,3.2,0.006200000000000001,0.0005200000000000001,0.997053598299753,"Run - Jul 10, 2026 at 22:18:59"
Q13,93,1522914.8376173328,761457.4200532106,0.009254390884701412,0.0007271681161219234,0.01279,3.200124048617411,15.004978176940282,-4.058060961715123e-07,-4575.614294037456,Active,ionq_forte_simulated,2026-07-10T16:56:11.444810+00:00,1,False,2013000.0,1006500.0,3.2,0.0063,0.0005300000000000001,0.9970055322997531,"Run - Jul 10, 2026 at 22:18:59"
Q14,93,1523671.3775205477,761835.690004818,0.009400890884701413,0.0007408881161219234,0.01279,3.200124048617411,15.004978176940282,-4.058060961715123e-07,-4577.887321583694,Active,ionq_forte_simulated,2026-07-10T16:56:11.447481+00:00,1,False,2014000.0,1007000.0,3.2,0.0064,0.00054,0.9969574662997531,"Run - Jul 10, 2026 at 22:18:59"
Q15,93,1524427.9174237628,762213.9599564256,0.009547390884701414,0.0007546081161219234,0.01279,3.200124048617411,15.004978176940282,-4.058060961715123e-07,-4580.160349129932,Active,ionq_forte_simulated,2026-07-10T16:56:11.450088+00:00,1,False,2015000.0,1007500.0,3.2,0.006500000000000001,0.00055,0.9969094002997531,"Run - Jul 10, 2026 at 22:18:59"
Q16,93,1525184.457326978,762592.2299080332,0.009693890884701413,0.0007683281161219235,0.01279,3.200124048617411,15.004978176940282,-4.058060961715123e-07,-4582.433376675937,Active,ionq_forte_simulated,2026-07-10T16:56:11.452095+00:00,1,False,2016000.0,1008000.0,3.2,0.0066,0.0005600000000000001,0.996861334299753,"Run - Jul 10, 2026 at 22:18:59"
Q17,93,1525940.9972301929,762970.4998596406,0.009840390884701414,0.0007820481161219233,0.01279,3.200124048617411,15.004978176940282,-4.058060961715123e-07,-4584.7064042221755,Active,ionq_forte_simulated,2026-07-10T16:56:11.455096+00:00,1,False,2017000.0,1008500.0,3.2,0.0067,0.00057,0.996813268299753,"Run - Jul 10, 2026 at 22:18:59"
Q18,93,1526697.537133408,763348.7698112482,0.009986890884701415,0.0007957681161219234,0.01279,3.200124048617411,15.004978176940282,-4.058060961715123e-07,-4586.979431768414,Active,ionq_forte_simulated,2026-07-10T16:56:11.458096+00:00,1,False,2018000.0,1009000.0,3.2,0.0068000000000000005,0.00058,0.9967652022997531,"Run - Jul 10, 2026 at 22:18:59"
Q19,93,1527454.0770366231,763727.0397628557,0.010133390884701414,0.0008094881161219234,0.01279,3.200124048617411,15.004978176940282,-4.058060961715123e-07,-4589.252459314419,Active,ionq_forte_simulated,2026-07-10T16:56:11.461096+00:00,1,False,2019000.0,1009500.0,3.2,0.0069,0.00059,0.996717136299753,"Run - Jul 10, 2026 at 22:18:59"
Q20,93,1528210.616939838,764105.3097144632,0.010279890884701413,0.0008232081161219235,0.01279,3.200124048617411,15.004978176940282,-4.058060961715123e-07,-4591.52548686089,Active,ionq_forte_simulated,2026-07-10T16:56:11.464097+00:00,1,False,2020000.0,1010000.0,3.2,0.007,0.0006000000000000001,0.9966690702997529,"Run - Jul 10, 2026 at 22:18:59"
Q21,93,1528967.1568430532,764483.5796660708,0.010426390884701413,0.0008369281161219234,0.01279,3.200124048617411,15.004978176940282,-4.058060961715123e-07,-4593.798514406895,Active,ionq_forte_simulated,2026-07-10T16:56:11.466830+00:00,1,False,2021000.0,1010500.0,3.2,0.0071,0.0006100000000000001,0.996621004299753,"Run - Jul 10, 2026 at 22:18:59"
Q22,93,1529723.696746268,764861.8496176782,0.010572890884701413,0.0008506481161219233,0.01279,3.200124048617411,15.004978176940282,-4.058060961715123e-07,-4596.071541953366,Active,ionq_forte_simulated,2026-07-10T16:56:11.469992+00:00,1,False,2022000.0,1011000.0,3.2,0.0072,0.00062,0.996572938299753,"Run - Jul 10, 2026 at 22:18:59"
Q23,93,1530480.2366494832,765240.1195692858,0.010719390884701413,0.0008643681161219234,0.01279,3.200124048617411,15.004978176940282,-4.058060961715123e-07,-4598.344569499372,Active,ionq_forte_simulated,2026-07-10T16:56:11.471990+00:00,1,False,2023000.0,1011500.0,3.2,0.0073,0.00063,0.996524872299753,"Run - Jul 10, 2026 at 22:18:59"
Q24,93,1531236.7765526983,765618.3895208933,0.010865890884701414,0.0008780881161219235,0.01279,3.200124048617411,15.004978176940282,-4.058060961715123e-07,-4600.61759704561,Active,ionq_forte_simulated,2026-07-10T16:56:11.474992+00:00,1,False,2024000.0,1012000.0,3.2,0.0074,0.00064,0.9964768062997529,"Run - Jul 10, 2026 at 22:18:59"
Q0,94,1508547.3715437204,754273.6860196145,0.007354955085090671,0.0005504099233546914,0.01282,3.200024279257719,15.000991017018134,-4.961677345754644e-07,-4532.447331816889,Active,ionq_forte_simulated,2026-07-10T16:56:18.026427+00:00,1,False,2000000.0,1000000.0,3.2,0.005,0.0004,0.9976283904974664,"Run - Jul 10, 2026 at 22:18:59"
Q1,94,1509301.6452282534,754650.822861881,0.007501955085090672,0.0005641699233546914,0.01282,3.200024279257719,15.000991017018134,-4.961677345754644e-07,-4534.713550498709,Active,ionq_forte_simulated,2026-07-10T16:56:18.029168+00:00,1,False,2001000.0,1000500.0,3.2,0.0051,0.00041000000000000005,0.9975801624974664,"Run - Jul 10, 2026 at 22:18:59"
Q2,94,1510055.9189127865,755027.9597041475,0.007648955085090671,0.0005779299233546915,0.01282,3.200024279257719,15.000991017018134,-4.961677345754644e-07,-4536.979769180762,Active,ionq_forte_simulated,2026-07-10T16:56:18.032753+00:00,1,False,2002000.0,1001000.0,3.2,0.0052,0.00042,0.9975319344974665,"Run - Jul 10, 2026 at 22:18:59"
Q3,94,1510810.1925973196,755405.0965464141,0.007795955085090672,0.0005916899233546915,0.01282,3.200024279257719,15.000991017018134,-4.961677345754644e-07,-4539.245987862581,Active,ionq_forte_simulated,2026-07-10T16:56:18.034769+00:00,1,False,2003000.0,1001500.0,3.2,0.0053,0.00043000000000000004,0.9974837064974664,"Run - Jul 10, 2026 at 22:18:59"
Q4,94,1511564.4662818527,755782.2333886806,0.007942955085090672,0.0006054499233546914,0.01282,3.200024279257719,15.000991017018134,-4.961677345754644e-07,-4541.512206544634,Active,ionq_forte_simulated,2026-07-10T16:56:18.038051+00:00,1,False,2004000.0,1002000.0,3.2,0.0054,0.00044,0.9974354784974664,"Run - Jul 10, 2026 at 22:18:59"
Q5,94,1512318.7399663858,756159.3702309472,0.008089955085090672,0.0006192099233546914,0.01282,3.200024279257719,15.000991017018134,-4.961677345754644e-07,-4543.7784252266865,Active,ionq_forte_simulated,2026-07-10T16:56:18.040104+00:00,1,False,2005000.0,1002500.0,3.2,0.0055,0.00045000000000000004,0.9973872504974665,"Run - Jul 10, 2026 at 22:18:59"
Q6,94,1513073.0136509188,756536.5070732137,0.008236955085090671,0.0006329699233546915,0.01282,3.200024279257719,15.000991017018134,-4.961677345754644e-07,-4546.044643908506,Active,ionq_forte_simulated,2026-07-10T16:56:18.043155+00:00,1,False,2006000.0,1003000.0,3.2,0.0056,0.00046,0.9973390224974665,"Run - Jul 10, 2026 at 22:18:59"
Q7,94,1513827.2873354522,756913.6439154804,0.00838395508509067,0.0006467299233546915,0.01282,3.200024279257719,15.000991017018134,-4.961677345754644e-07,-4548.310862590326,Active,ionq_forte_simulated,2026-07-10T16:56:18.046149+00:00,1,False,2007000.0,1003500.0,3.2,0.0057,0.00047000000000000004,0.9972907944974664,"Run - Jul 10, 2026 at 22:18:59"
Q8,94,1514581.5610199852,757290.7807577469,0.008530955085090672,0.0006604899233546914,0.01282,3.200024279257719,15.000991017018134,-4.961677345754644e-07,-4550.577081272379,Active,ionq_forte_simulated,2026-07-10T16:56:18.049150+00:00,1,False,2008000.0,1004000.0,3.2,0.0058000000000000005,0.00048,0.9972425664974665,"Run - Jul 10, 2026 at 22:18:59"
Q9,94,1515335.8347045183,757667.9176000134,0.008677955085090672,0.0006742499233546913,0.01282,3.200024279257719,15.000991017018134,-4.961677345754644e-07,-4552.843299954198,Active,ionq_forte_simulated,2026-07-10T16:56:18.052148+00:00,1,False,2009000.0,1004500.0,3.2,0.0059,0.00049,0.9971943384974664,"Run - Jul 10, 2026 at 22:18:59"
Q10,94,1516090.1083890514,758045.05444228,0.008824955085090671,0.0006880099233546914,0.01282,3.200024279257719,15.000991017018134,-4.961677345754644e-07,-4555.109518636251,Active,ionq_forte_simulated,2026-07-10T16:56:18.055148+00:00,1,False,2010000.0,1005000.0,3.2,0.006,0.0005,0.9971461104974664,"Run - Jul 10, 2026 at 22:18:59"
Q11,94,1516844.3820735845,758422.1912845465,0.008971955085090673,0.0007017699233546914,0.01282,3.200024279257719,15.000991017018134,-4.961677345754644e-07,-4557.375737318071,Active,ionq_forte_simulated,2026-07-10T16:56:18.058149+00:00,1,False,2011000.0,1005500.0,3.2,0.0061,0.00051,0.9970978824974663,"Run - Jul 10, 2026 at 22:18:59"
Q12,94,1517598.6557581176,758799.328126813,0.009118955085090672,0.0007155299233546914,0.01282,3.200024279257719,15.000991017018134,-4.961677345754644e-07,-4559.641956000123,Active,ionq_forte_simulated,2026-07-10T16:56:18.061159+00:00,1,False,2012000.0,1006000.0,3.2,0.006200000000000001,0.0005200000000000001,0.9970496544974664,"Run - Jul 10, 2026 at 22:18:59"
Q13,94,1518352.9294426506,759176.4649690796,0.009265955085090672,0.0007292899233546915,0.01282,3.200024279257719,15.000991017018134,-4.961677345754644e-07,-4561.908174682176,Active,ionq_forte_simulated,2026-07-10T16:56:18.064159+00:00,1,False,2013000.0,1006500.0,3.2,0.0063,0.0005300000000000001,0.9970014264974665,"Run - Jul 10, 2026 at 22:18:59"
Q14,94,1519107.2031271837,759553.6018113461,0.009412955085090671,0.0007430499233546914,0.01282,3.200024279257719,15.000991017018134,-4.961677345754644e-07,-4564.1743933639955,Active,ionq_forte_simulated,2026-07-10T16:56:18.067164+00:00,1,False,2014000.0,1007000.0,3.2,0.0064,0.00054,0.9969531984974664,"Run - Jul 10, 2026 at 22:18:59"
Q15,94,1519861.4768117168,759930.7386536127,0.009559955085090673,0.0007568099233546914,0.01282,3.200024279257719,15.000991017018134,-4.961677345754644e-07,-4566.440612046048,Active,ionq_forte_simulated,2026-07-10T16:56:18.070156+00:00,1,False,2015000.0,1007500.0,3.2,0.006500000000000001,0.00055,0.9969049704974663,"Run - Jul 10, 2026 at 22:18:59"
Q16,94,1520615.7504962499,760307.8754958792,0.009706955085090672,0.0007705699233546915,0.01282,3.200024279257719,15.000991017018134,-4.961677345754644e-07,-4568.706830728101,Active,ionq_forte_simulated,2026-07-10T16:56:18.072156+00:00,1,False,2016000.0,1008000.0,3.2,0.0066,0.0005600000000000001,0.9968567424974664,"Run - Jul 10, 2026 at 22:18:59"
Q17,94,1521370.024180783,760685.0123381458,0.009853955085090672,0.0007843299233546914,0.01282,3.200024279257719,15.000991017018134,-4.961677345754644e-07,-4570.97304940992,Active,ionq_forte_simulated,2026-07-10T16:56:18.075678+00:00,1,False,2017000.0,1008500.0,3.2,0.0067,0.00057,0.9968085144974663,"Run - Jul 10, 2026 at 22:18:59"
Q18,94,1522124.297865316,761062.1491804123,0.010000955085090671,0.0007980899233546914,0.01282,3.200024279257719,15.000991017018134,-4.961677345754644e-07,-4573.239268091973,Active,ionq_forte_simulated,2026-07-10T16:56:18.078675+00:00,1,False,2018000.0,1009000.0,3.2,0.0068000000000000005,0.00058,0.9967602864974663,"Run - Jul 10, 2026 at 22:18:59"
Q19,94,1522878.5715498491,761439.2860226788,0.01014795508509067,0.0008118499233546914,0.01282,3.200024279257719,15.000991017018134,-4.961677345754644e-07,-4575.5054867740255,Active,ionq_forte_simulated,2026-07-10T16:56:18.081678+00:00,1,False,2019000.0,1009500.0,3.2,0.0069,0.00059,0.9967120584974664,"Run - Jul 10, 2026 at 22:18:59"
Q20,94,1523632.8452343822,761816.4228649454,0.010294955085090672,0.0008256099233546915,0.01282,3.200024279257719,15.000991017018134,-4.961677345754644e-07,-4577.771705455845,Active,ionq_forte_simulated,2026-07-10T16:56:18.084676+00:00,1,False,2020000.0,1010000.0,3.2,0.007,0.0006000000000000001,0.9966638304974664,"Run - Jul 10, 2026 at 22:18:59"
Q21,94,1524387.1189189153,762193.5597072119,0.010441955085090672,0.0008393699233546915,0.01282,3.200024279257719,15.000991017018134,-4.961677345754644e-07,-4580.037924137898,Active,ionq_forte_simulated,2026-07-10T16:56:18.087674+00:00,1,False,2021000.0,1010500.0,3.2,0.0071,0.0006100000000000001,0.9966156024974664,"Run - Jul 10, 2026 at 22:18:59"
Q22,94,1525141.3926034484,762570.6965494785,0.010588955085090671,0.0008531299233546914,0.01282,3.200024279257719,15.000991017018134,-4.961677345754644e-07,-4582.3041428197175,Active,ionq_forte_simulated,2026-07-10T16:56:18.090676+00:00,1,False,2022000.0,1011000.0,3.2,0.0072,0.00062,0.9965673744974664,"Run - Jul 10, 2026 at 22:18:59"
Q23,94,1525895.6662879814,762947.833391745,0.01073595508509067,0.0008668899233546915,0.01282,3.200024279257719,15.000991017018134,-4.961677345754644e-07,-4584.57036150177,Active,ionq_forte_simulated,2026-07-10T16:56:18.093866+00:00,1,False,2023000.0,1011500.0,3.2,0.0073,0.00063,0.9965191464974663,"Run - Jul 10, 2026 at 22:18:59"
Q24,94,1526649.9399725145,763324.9702340115,0.010882955085090672,0.0008806499233546915,0.01282,3.200024279257719,15.000991017018134,-4.961677345754644e-07,-4586.836580183823,Active,ionq_forte_simulated,2026-07-10T16:56:18.096877+00:00,1,False,2024000.0,1012000.0,3.2,0.0074,0.00064,0.9964709184974664,"Run - Jul 10, 2026 at 22:18:59"
Q0,95,1504028.5011236533,752014.2498103153,0.007390030224092362,0.000552009301004142,0.012850000000000002,3.199924383829331,15.003006044818472,-4.650502071006447e-07,-4518.870420067105,Active,ionq_forte_simulated,2026-07-10T16:56:24.887575+00:00,1,False,2000000.0,1000000.0,3.2,0.005,0.0004,0.997617388142471,"Run - Jul 10, 2026 at 22:18:59"
Q1,95,1504780.5153779727,752390.2569374751,0.007537530224092363,0.000565809301004142,0.012850000000000002,3.199924383829331,15.003006044818472,-4.650502071006447e-07,-4521.129850280704,Active,ionq_forte_simulated,2026-07-10T16:56:24.893574+00:00,1,False,2001000.0,1000500.0,3.2,0.0051,0.00041000000000000005,0.9975689981424711,"Run - Jul 10, 2026 at 22:18:59"
Q2,95,1505532.529632292,752766.2640646347,0.007685030224092362,0.000579609301004142,0.012850000000000002,3.199924383829331,15.003006044818472,-4.650502071006447e-07,-4523.389280494535,Active,ionq_forte_simulated,2026-07-10T16:56:24.897576+00:00,1,False,2002000.0,1001000.0,3.2,0.0052,0.00042,0.997520608142471,"Run - Jul 10, 2026 at 22:18:59"
Q3,95,1506284.5438866115,753142.2711917944,0.007832530224092362,0.000593409301004142,0.012850000000000002,3.199924383829331,15.003006044818472,-4.650502071006447e-07,-4525.648710708134,Active,ionq_forte_simulated,2026-07-10T16:56:24.900589+00:00,1,False,2003000.0,1001500.0,3.2,0.0053,0.00043000000000000004,0.997472218142471,"Run - Jul 10, 2026 at 22:18:59"
Q4,95,1507036.558140931,753518.2783189542,0.007980030224092364,0.000607209301004142,0.012850000000000002,3.199924383829331,15.003006044818472,-4.650502071006447e-07,-4527.908140921732,Active,ionq_forte_simulated,2026-07-10T16:56:24.904586+00:00,1,False,2004000.0,1002000.0,3.2,0.0054,0.00044,0.997423828142471,"Run - Jul 10, 2026 at 22:18:59"
Q5,95,1507788.5723952502,753894.2854461138,0.008127530224092362,0.000621009301004142,0.012850000000000002,3.199924383829331,15.003006044818472,-4.650502071006447e-07,-4530.167571135564,Active,ionq_forte_simulated,2026-07-10T16:56:24.908589+00:00,1,False,2005000.0,1002500.0,3.2,0.0055,0.00045000000000000004,0.9973754381424711,"Run - Jul 10, 2026 at 22:18:59"
Q6,95,1508540.5866495697,754270.2925732735,0.008275030224092362,0.0006348093010041419,0.012850000000000002,3.199924383829331,15.003006044818472,-4.650502071006447e-07,-4532.427001349162,Active,ionq_forte_simulated,2026-07-10T16:56:24.913103+00:00,1,False,2006000.0,1003000.0,3.2,0.0056,0.00046,0.9973270481424712,"Run - Jul 10, 2026 at 22:18:59"
Q7,95,1509292.600903889,754646.2997004332,0.008422530224092362,0.000648609301004142,0.012850000000000002,3.199924383829331,15.003006044818472,-4.650502071006447e-07,-4534.6864315632265,Active,ionq_forte_simulated,2026-07-10T16:56:24.917133+00:00,1,False,2007000.0,1003500.0,3.2,0.0057,0.00047000000000000004,0.9972786581424711,"Run - Jul 10, 2026 at 22:18:59"
Q8,95,1510044.6151582084,755022.3068275929,0.008570030224092364,0.000662409301004142,0.012850000000000002,3.199924383829331,15.003006044818472,-4.650502071006447e-07,-4536.945861776825,Active,ionq_forte_simulated,2026-07-10T16:56:24.931794+00:00,1,False,2008000.0,1004000.0,3.2,0.0058000000000000005,0.00048,0.997230268142471,"Run - Jul 10, 2026 at 22:18:59"
Q9,95,1510796.6294125277,755398.3139547525,0.008717530224092362,0.000676209301004142,0.012850000000000002,3.199924383829331,15.003006044818472,-4.650502071006447e-07,-4539.205291990656,Active,ionq_forte_simulated,2026-07-10T16:56:24.935792+00:00,1,False,2009000.0,1004500.0,3.2,0.0059,0.00049,0.9971818781424711,"Run - Jul 10, 2026 at 22:18:59"
Q10,95,1511548.6436668471,755774.3210819123,0.008865030224092362,0.000690009301004142,0.012850000000000002,3.199924383829331,15.003006044818472,-4.650502071006447e-07,-4541.464722204255,Active,ionq_forte_simulated,2026-07-10T16:56:24.939794+00:00,1,False,2010000.0,1005000.0,3.2,0.006,0.0005,0.997133488142471,"Run - Jul 10, 2026 at 22:18:59"
Q11,95,1512300.6579211666,756150.328209072,0.009012530224092362,0.000703809301004142,0.012850000000000002,3.199924383829331,15.003006044818472,-4.650502071006447e-07,-4543.7241524178535,Active,ionq_forte_simulated,2026-07-10T16:56:24.943796+00:00,1,False,2011000.0,1005500.0,3.2,0.0061,0.00051,0.997085098142471,"Run - Jul 10, 2026 at 22:18:59"
Q12,95,1513052.6721754859,756526.3353362316,0.009160030224092364,0.000717609301004142,0.012850000000000002,3.199924383829331,15.003006044818472,-4.650502071006447e-07,-4545.983582631685,Active,ionq_forte_simulated,2026-07-10T16:56:24.947793+00:00,1,False,2012000.0,1006000.0,3.2,0.006200000000000001,0.0005200000000000001,0.9970367081424711,"Run - Jul 10, 2026 at 22:18:59"
Q13,95,1513804.6864298054,756902.3424633914,0.009307530224092362,0.0007314093010041421,0.012850000000000002,3.199924383829331,15.003006044818472,-4.650502071006447e-07,-4548.243012845283,Active,ionq_forte_simulated,2026-07-10T16:56:24.951804+00:00,1,False,2013000.0,1006500.0,3.2,0.0063,0.0005300000000000001,0.9969883181424711,"Run - Jul 10, 2026 at 22:18:59"
Q14,95,1514556.7006841246,757278.349590551,0.009455030224092362,0.0007452093010041419,0.012850000000000002,3.199924383829331,15.003006044818472,-4.650502071006447e-07,-4550.502443059115,Active,ionq_forte_simulated,2026-07-10T16:56:24.955804+00:00,1,False,2014000.0,1007000.0,3.2,0.0064,0.00054,0.996939928142471,"Run - Jul 10, 2026 at 22:18:59"
Q15,95,1515308.714938444,757654.3567177107,0.009602530224092364,0.000759009301004142,0.012850000000000002,3.199924383829331,15.003006044818472,-4.650502071006447e-07,-4552.761873272713,Active,ionq_forte_simulated,2026-07-10T16:56:24.959807+00:00,1,False,2015000.0,1007500.0,3.2,0.006500000000000001,0.00055,0.996891538142471,"Run - Jul 10, 2026 at 22:18:59"
Q16,95,1516060.7291927633,758030.3638448704,0.009750030224092363,0.000772809301004142,0.012850000000000002,3.199924383829331,15.003006044818472,-4.650502071006447e-07,-4555.021303486545,Active,ionq_forte_simulated,2026-07-10T16:56:24.963732+00:00,1,False,2016000.0,1008000.0,3.2,0.0066,0.0005600000000000001,0.996843148142471,"Run - Jul 10, 2026 at 22:18:59"
Q17,95,1516812.7434470828,758406.3709720301,0.009897530224092363,0.0007866093010041419,0.012850000000000002,3.199924383829331,15.003006044818472,-4.650502071006447e-07,-4557.280733700143,Active,ionq_forte_simulated,2026-07-10T16:56:24.967615+00:00,1,False,2017000.0,1008500.0,3.2,0.0067,0.00057,0.996794758142471,"Run - Jul 10, 2026 at 22:18:59"
Q18,95,1517564.7577014023,758782.3780991898,0.010045030224092363,0.0008004093010041419,0.012850000000000002,3.199924383829331,15.003006044818472,-4.650502071006447e-07,-4559.540163913742,Active,ionq_forte_simulated,2026-07-10T16:56:24.970954+00:00,1,False,2018000.0,1009000.0,3.2,0.0068000000000000005,0.00058,0.9967463681424711,"Run - Jul 10, 2026 at 22:18:59"
Q19,95,1518316.7719557215,759158.3852263495,0.010192530224092363,0.000814209301004142,0.012850000000000002,3.199924383829331,15.003006044818472,-4.650502071006447e-07,-4561.799594127573,Active,ionq_forte_simulated,2026-07-10T16:56:24.974781+00:00,1,False,2019000.0,1009500.0,3.2,0.0069,0.00059,0.9966979781424711,"Run - Jul 10, 2026 at 22:18:59"
Q20,95,1519068.786210041,759534.3923535092,0.010340030224092363,0.000828009301004142,0.012850000000000002,3.199924383829331,15.003006044818472,-4.650502071006447e-07,-4564.059024341172,Active,ionq_forte_simulated,2026-07-10T16:56:24.978588+00:00,1,False,2020000.0,1010000.0,3.2,0.007,0.0006000000000000001,0.9966495881424711,"Run - Jul 10, 2026 at 22:18:59"
Q21,95,1519820.8004643603,759910.3994806688,0.010487530224092363,0.0008418093010041421,0.012850000000000002,3.199924383829331,15.003006044818472,-4.650502071006447e-07,-4566.318454555003,Active,ionq_forte_simulated,2026-07-10T16:56:24.981972+00:00,1,False,2021000.0,1010500.0,3.2,0.0071,0.0006100000000000001,0.9966011981424711,"Run - Jul 10, 2026 at 22:18:59"
Q22,95,1520572.8147186798,760286.4066078286,0.010635030224092363,0.000855609301004142,0.012850000000000002,3.199924383829331,15.003006044818472,-4.650502071006447e-07,-4568.5778847686015,Active,ionq_forte_simulated,2026-07-10T16:56:24.985982+00:00,1,False,2022000.0,1011000.0,3.2,0.0072,0.00062,0.996552808142471,"Run - Jul 10, 2026 at 22:18:59"
Q23,95,1521324.828972999,760662.4137349882,0.010782530224092363,0.000869409301004142,0.012850000000000002,3.199924383829331,15.003006044818472,-4.650502071006447e-07,-4570.837314982433,Active,ionq_forte_simulated,2026-07-10T16:56:24.989665+00:00,1,False,2023000.0,1011500.0,3.2,0.0073,0.00063,0.996504418142471,"Run - Jul 10, 2026 at 22:18:59"
Q24,95,1522076.8432273185,761038.4208621479,0.010930030224092363,0.000883209301004142,0.012850000000000002,3.199924383829331,15.003006044818472,-4.650502071006447e-07,-4573.096745196031,Active,ionq_forte_simulated,2026-07-10T16:56:24.993654+00:00,1,False,2024000.0,1012000.0,3.2,0.0074,0.00064,0.996456028142471,"Run - Jul 10, 2026 at 22:18:59"
Q0,96,1499523.1670454044,749761.5817794343,0.007434865356244597,0.0005536064014433947,0.01288,3.1998253531466077,15.00697307124892,-3.2007216973459987e-07,-4505.334078248823,Active,ionq_forte_simulated,2026-07-10T16:56:31.419095+00:00,1,False,2000000.0,1000000.0,3.2,0.005,0.0004,0.9976034584726935,"Run - Jul 10, 2026 at 22:18:59"
Q1,96,1500272.9286376436,750136.4625755539,0.007582865356244597,0.0005674464014433947,0.01288,3.1998253531466077,15.00697307124892,-3.2007216973459987e-07,-4507.586740329163,Active,ionq_forte_simulated,2026-07-10T16:56:31.422096+00:00,1,False,2001000.0,1000500.0,3.2,0.0051,0.00041000000000000005,0.9975549064726936,"Run - Jul 10, 2026 at 22:18:59"
Q2,96,1501022.6902298825,750511.3433716734,0.007730865356244596,0.0005812864014433947,0.01288,3.1998253531466077,15.00697307124892,-3.2007216973459987e-07,-4509.839402409503,Active,ionq_forte_simulated,2026-07-10T16:56:31.425099+00:00,1,False,2002000.0,1001000.0,3.2,0.0052,0.00042,0.9975063544726936,"Run - Jul 10, 2026 at 22:18:59"
Q3,96,1501772.4518221216,750886.2241677929,0.007878865356244597,0.0005951264014433947,0.01288,3.1998253531466077,15.00697307124892,-3.2007216973459987e-07,-4512.092064489843,Active,ionq_forte_simulated,2026-07-10T16:56:31.428099+00:00,1,False,2003000.0,1001500.0,3.2,0.0053,0.00043000000000000004,0.9974578024726936,"Run - Jul 10, 2026 at 22:18:59"
Q4,96,1502522.2134143608,751261.1049639125,0.008026865356244597,0.0006089664014433947,0.01288,3.1998253531466077,15.00697307124892,-3.2007216973459987e-07,-4514.344726570183,Active,ionq_forte_simulated,2026-07-10T16:56:31.431100+00:00,1,False,2004000.0,1002000.0,3.2,0.0054,0.00044,0.9974092504726935,"Run - Jul 10, 2026 at 22:18:59"
Q5,96,1503271.9750065997,751635.985760032,0.008174865356244596,0.0006228064014433946,0.01288,3.1998253531466077,15.00697307124892,-3.2007216973459987e-07,-4516.5973886505235,Active,ionq_forte_simulated,2026-07-10T16:56:31.434094+00:00,1,False,2005000.0,1002500.0,3.2,0.0055,0.00045000000000000004,0.9973606984726936,"Run - Jul 10, 2026 at 22:18:59"
Q6,96,1504021.7365988388,752010.8665561515,0.008322865356244597,0.0006366464014433946,0.01288,3.1998253531466077,15.00697307124892,-3.2007216973459987e-07,-4518.850050730864,Active,ionq_forte_simulated,2026-07-10T16:56:31.437098+00:00,1,False,2006000.0,1003000.0,3.2,0.0056,0.00046,0.9973121464726937,"Run - Jul 10, 2026 at 22:18:59"
Q7,96,1504771.4981910777,752385.747352271,0.008470865356244597,0.0006504864014433947,0.01288,3.1998253531466077,15.00697307124892,-3.2007216973459987e-07,-4521.102712811204,Active,ionq_forte_simulated,2026-07-10T16:56:31.441098+00:00,1,False,2007000.0,1003500.0,3.2,0.0057,0.00047000000000000004,0.9972635944726935,"Run - Jul 10, 2026 at 22:18:59"
Q8,96,1505521.2597833169,752760.6281483906,0.008618865356244598,0.0006643264014433946,0.01288,3.1998253531466077,15.00697307124892,-3.2007216973459987e-07,-4523.355374891544,Active,ionq_forte_simulated,2026-07-10T16:56:31.444095+00:00,1,False,2008000.0,1004000.0,3.2,0.0058000000000000005,0.00048,0.9972150424726935,"Run - Jul 10, 2026 at 22:18:59"
Q9,96,1506271.0213755558,753135.50894451,0.008766865356244597,0.0006781664014433946,0.01288,3.1998253531466077,15.00697307124892,-3.2007216973459987e-07,-4525.608036971884,Active,ionq_forte_simulated,2026-07-10T16:56:31.447098+00:00,1,False,2009000.0,1004500.0,3.2,0.0059,0.00049,0.9971664904726936,"Run - Jul 10, 2026 at 22:18:59"
Q10,96,1507020.782967795,753510.3897406296,0.008914865356244597,0.0006920064014433947,0.01288,3.1998253531466077,15.00697307124892,-3.2007216973459987e-07,-4527.860699052224,Active,ionq_forte_simulated,2026-07-10T16:56:31.450103+00:00,1,False,2010000.0,1005000.0,3.2,0.006,0.0005,0.9971179384726936,"Run - Jul 10, 2026 at 22:18:59"
Q11,96,1507770.544560034,753885.2705367492,0.009062865356244598,0.0007058464014433947,0.01288,3.1998253531466077,15.00697307124892,-3.2007216973459987e-07,-4530.113361132564,Active,ionq_forte_simulated,2026-07-10T16:56:31.453093+00:00,1,False,2011000.0,1005500.0,3.2,0.0061,0.00051,0.9970693864726936,"Run - Jul 10, 2026 at 22:18:59"
Q12,96,1508520.306152273,754260.1513328686,0.009210865356244597,0.0007196864014433947,0.01288,3.1998253531466077,15.00697307124892,-3.2007216973459987e-07,-4532.366023212904,Active,ionq_forte_simulated,2026-07-10T16:56:31.456103+00:00,1,False,2012000.0,1006000.0,3.2,0.006200000000000001,0.0005200000000000001,0.9970208344726935,"Run - Jul 10, 2026 at 22:18:59"
Q13,96,1509270.067744512,754635.0321289882,0.009358865356244597,0.0007335264014433948,0.01288,3.1998253531466077,15.00697307124892,-3.2007216973459987e-07,-4534.618685293244,Active,ionq_forte_simulated,2026-07-10T16:56:31.459100+00:00,1,False,2013000.0,1006500.0,3.2,0.0063,0.0005300000000000001,0.9969722824726936,"Run - Jul 10, 2026 at 22:18:59"
Q14,96,1510019.829336751,755009.9129251076,0.009506865356244596,0.0007473664014433947,0.01288,3.1998253531466077,15.00697307124892,-3.2007216973459987e-07,-4536.871347373584,Active,ionq_forte_simulated,2026-07-10T16:56:31.462095+00:00,1,False,2014000.0,1007000.0,3.2,0.0064,0.00054,0.9969237304726937,"Run - Jul 10, 2026 at 22:18:59"
Q15,96,1510769.5909289902,755384.7937212272,0.009654865356244597,0.0007612064014433946,0.01288,3.1998253531466077,15.00697307124892,-3.2007216973459987e-07,-4539.124009453924,Active,ionq_forte_simulated,2026-07-10T16:56:31.465095+00:00,1,False,2015000.0,1007500.0,3.2,0.006500000000000001,0.00055,0.9968751784726936,"Run - Jul 10, 2026 at 22:18:59"
Q16,96,1511519.352521229,755759.6745173467,0.009802865356244597,0.0007750464014433947,0.01288,3.1998253531466077,15.00697307124892,-3.2007216973459987e-07,-4541.3766715342645,Active,ionq_forte_simulated,2026-07-10T16:56:31.467096+00:00,1,False,2016000.0,1008000.0,3.2,0.0066,0.0005600000000000001,0.9968266264726935,"Run - Jul 10, 2026 at 22:18:59"
Q17,96,1512269.1141134682,756134.5553134662,0.009950865356244596,0.0007888864014433946,0.01288,3.1998253531466077,15.00697307124892,-3.2007216973459987e-07,-4543.629333614605,Active,ionq_forte_simulated,2026-07-10T16:56:31.469094+00:00,1,False,2017000.0,1008500.0,3.2,0.0067,0.00057,0.9967780744726935,"Run - Jul 10, 2026 at 22:18:59"
Q18,96,1513018.8757057074,756509.4361095858,0.010098865356244597,0.0008027264014433946,0.01288,3.1998253531466077,15.00697307124892,-3.2007216973459987e-07,-4545.881995694945,Active,ionq_forte_simulated,2026-07-10T16:56:31.472103+00:00,1,False,2018000.0,1009000.0,3.2,0.0068000000000000005,0.00058,0.9967295224726936,"Run - Jul 10, 2026 at 22:18:59"
Q19,96,1513768.6372979463,756884.3169057053,0.010246865356244595,0.0008165664014433947,0.01288,3.1998253531466077,15.00697307124892,-3.2007216973459987e-07,-4548.134657775285,Active,ionq_forte_simulated,2026-07-10T16:56:31.476104+00:00,1,False,2019000.0,1009500.0,3.2,0.0069,0.00059,0.9966809704726936,"Run - Jul 10, 2026 at 22:18:59"
Q20,96,1514518.3988901854,757259.1977018248,0.010394865356244596,0.0008304064014433947,0.01288,3.1998253531466077,15.00697307124892,-3.2007216973459987e-07,-4550.387319855625,Active,ionq_forte_simulated,2026-07-10T16:56:31.478103+00:00,1,False,2020000.0,1010000.0,3.2,0.007,0.0006000000000000001,0.9966324184726936,"Run - Jul 10, 2026 at 22:18:59"
Q21,96,1515268.1604824243,757634.0784979443,0.010542865356244597,0.0008442464014433947,0.01288,3.1998253531466077,15.00697307124892,-3.2007216973459987e-07,-4552.639981935965,Active,ionq_forte_simulated,2026-07-10T16:56:31.481103+00:00,1,False,2021000.0,1010500.0,3.2,0.0071,0.0006100000000000001,0.9965838664726936,"Run - Jul 10, 2026 at 22:18:59"
Q22,96,1516017.9220746635,758008.9592940639,0.010690865356244595,0.0008580864014433946,0.01288,3.1998253531466077,15.00697307124892,-3.2007216973459987e-07,-4554.892644016305,Active,ionq_forte_simulated,2026-07-10T16:56:31.484099+00:00,1,False,2022000.0,1011000.0,3.2,0.0072,0.00062,0.9965353144726936,"Run - Jul 10, 2026 at 22:18:59"
Q23,96,1516767.6836669024,758383.8400901833,0.010838865356244596,0.0008719264014433947,0.01288,3.1998253531466077,15.00697307124892,-3.2007216973459987e-07,-4557.145306096645,Active,ionq_forte_simulated,2026-07-10T16:56:31.486164+00:00,1,False,2023000.0,1011500.0,3.2,0.0073,0.00063,0.9964867624726936,"Run - Jul 10, 2026 at 22:18:59"
Q24,96,1517517.4452591415,758758.7208863029,0.010986865356244596,0.0008857664014433947,0.01288,3.1998253531466077,15.00697307124892,-3.2007216973459987e-07,-4559.397968176985,Active,ionq_forte_simulated,2026-07-10T16:56:31.489168+00:00,1,False,2024000.0,1012000.0,3.2,0.0074,0.00064,0.9964382104726934,"Run - Jul 10, 2026 at 22:18:59"
Q0,97,1495031.3288601195,747515.6617124535,0.007479352125282188,0.0005552019345860461,0.01291,3.199728142644287,15.010870425056439,-9.672930231035612e-08,-4491.838185284985,Active,ionq_forte_simulated,2026-07-10T16:56:37.997168+00:00,1,False,2000000.0,1000000.0,3.2,0.005,0.0004,0.9975896337820396,"Run - Jul 10, 2026 at 22:18:59"
Q1,97,1495778.8445381375,747889.4195514625,0.007627852125282188,0.0005690819345860462,0.01291,3.199728142644287,15.010870425056439,-9.672930231035612e-08,-4494.084099506028,Active,ionq_forte_simulated,2026-07-10T16:56:38.001172+00:00,1,False,2001000.0,1000500.0,3.2,0.0051,0.00041000000000000005,0.9975409197820395,"Run - Jul 10, 2026 at 22:18:59"
Q2,97,1496526.3602161556,748263.1773904716,0.007776352125282188,0.0005829619345860461,0.01291,3.199728142644287,15.010870425056439,-9.672930231035612e-08,-4496.330013726838,Active,ionq_forte_simulated,2026-07-10T16:56:38.005172+00:00,1,False,2002000.0,1001000.0,3.2,0.0052,0.00042,0.9974922057820395,"Run - Jul 10, 2026 at 22:18:59"
Q3,97,1497273.8758941737,748636.9352294806,0.007924852125282187,0.0005968419345860462,0.01291,3.199728142644287,15.010870425056439,-9.672930231035612e-08,-4498.575927947881,Active,ionq_forte_simulated,2026-07-10T16:56:38.009167+00:00,1,False,2003000.0,1001500.0,3.2,0.0053,0.00043000000000000004,0.9974434917820395,"Run - Jul 10, 2026 at 22:18:59"
Q4,97,1498021.3915721918,749010.6930684897,0.00807335212528219,0.0006107219345860461,0.01291,3.199728142644287,15.010870425056439,-9.672930231035612e-08,-4500.8218421689235,Active,ionq_forte_simulated,2026-07-10T16:56:38.012171+00:00,1,False,2004000.0,1002000.0,3.2,0.0054,0.00044,0.9973947777820396,"Run - Jul 10, 2026 at 22:18:59"
Q5,97,1498768.90725021,749384.4509074987,0.008221852125282189,0.0006246019345860462,0.01291,3.199728142644287,15.010870425056439,-9.672930231035612e-08,-4503.067756389733,Active,ionq_forte_simulated,2026-07-10T16:56:38.015701+00:00,1,False,2005000.0,1002500.0,3.2,0.0055,0.00045000000000000004,0.9973460637820395,"Run - Jul 10, 2026 at 22:18:59"
Q6,97,1499516.422928228,749758.2087465078,0.008370352125282188,0.0006384819345860461,0.01291,3.199728142644287,15.010870425056439,-9.672930231035612e-08,-4505.313670610776,Active,ionq_forte_simulated,2026-07-10T16:56:38.019856+00:00,1,False,2006000.0,1003000.0,3.2,0.0056,0.00046,0.9972973497820395,"Run - Jul 10, 2026 at 22:18:59"
Q7,97,1500263.9386062461,750131.9665855168,0.008518852125282188,0.0006523619345860462,0.01291,3.199728142644287,15.010870425056439,-9.672930231035612e-08,-4507.559584831586,Active,ionq_forte_simulated,2026-07-10T16:56:38.023414+00:00,1,False,2007000.0,1003500.0,3.2,0.0057,0.00047000000000000004,0.9972486357820396,"Run - Jul 10, 2026 at 22:18:59"
Q8,97,1501011.4542842642,750505.7244245259,0.008667352125282187,0.0006662419345860462,0.01291,3.199728142644287,15.010870425056439,-9.672930231035612e-08,-4509.805499052629,Active,ionq_forte_simulated,2026-07-10T16:56:38.027932+00:00,1,False,2008000.0,1004000.0,3.2,0.0058000000000000005,0.00048,0.9971999217820395,"Run - Jul 10, 2026 at 22:18:59"
Q9,97,1501758.9699622823,750879.4822635349,0.008815852125282186,0.000680121934586046,0.01291,3.199728142644287,15.010870425056439,-9.672930231035612e-08,-4512.051413273439,Active,ionq_forte_simulated,2026-07-10T16:56:38.031580+00:00,1,False,2009000.0,1004500.0,3.2,0.0059,0.00049,0.9971512077820395,"Run - Jul 10, 2026 at 22:18:59"
Q10,97,1502506.4856403004,751253.240102544,0.00896435212528219,0.0006940019345860461,0.01291,3.199728142644287,15.010870425056439,-9.672930231035612e-08,-4514.297327494482,Active,ionq_forte_simulated,2026-07-10T16:56:38.034576+00:00,1,False,2010000.0,1005000.0,3.2,0.006,0.0005,0.9971024937820395,"Run - Jul 10, 2026 at 22:18:59"
Q11,97,1503254.0013183185,751626.997941553,0.009112852125282189,0.0007078819345860462,0.01291,3.199728142644287,15.010870425056439,-9.672930231035612e-08,-4516.543241715524,Active,ionq_forte_simulated,2026-07-10T16:56:38.038580+00:00,1,False,2011000.0,1005500.0,3.2,0.0061,0.00051,0.9970537797820395,"Run - Jul 10, 2026 at 22:18:59"
Q12,97,1504001.5169963366,752000.7557805621,0.009261352125282188,0.0007217619345860462,0.01291,3.199728142644287,15.010870425056439,-9.672930231035612e-08,-4518.789155936334,Active,ionq_forte_simulated,2026-07-10T16:56:38.042581+00:00,1,False,2012000.0,1006000.0,3.2,0.006200000000000001,0.0005200000000000001,0.9970050657820395,"Run - Jul 10, 2026 at 22:18:59"
Q13,97,1504749.0326743547,752374.5136195711,0.009409852125282187,0.0007356419345860462,0.01291,3.199728142644287,15.010870425056439,-9.672930231035612e-08,-4521.035070157377,Active,ionq_forte_simulated,2026-07-10T16:56:38.045577+00:00,1,False,2013000.0,1006500.0,3.2,0.0063,0.0005300000000000001,0.9969563517820395,"Run - Jul 10, 2026 at 22:18:59"
Q14,97,1505496.5483523728,752748.2714585802,0.00955835212528219,0.0007495219345860461,0.01291,3.199728142644287,15.010870425056439,-9.672930231035612e-08,-4523.280984378187,Active,ionq_forte_simulated,2026-07-10T16:56:38.049578+00:00,1,False,2014000.0,1007000.0,3.2,0.0064,0.00054,0.9969076377820395,"Run - Jul 10, 2026 at 22:18:59"
Q15,97,1506244.064030391,753122.0292975892,0.00970685212528219,0.0007634019345860462,0.01291,3.199728142644287,15.010870425056439,-9.672930231035612e-08,-4525.52689859923,Active,ionq_forte_simulated,2026-07-10T16:56:38.053579+00:00,1,False,2015000.0,1007500.0,3.2,0.006500000000000001,0.00055,0.9968589237820396,"Run - Jul 10, 2026 at 22:18:59"
Q16,97,1506991.579708409,753495.7871365983,0.009855352125282189,0.0007772819345860461,0.01291,3.199728142644287,15.010870425056439,-9.672930231035612e-08,-4527.77281282004,Active,ionq_forte_simulated,2026-07-10T16:56:38.057578+00:00,1,False,2016000.0,1008000.0,3.2,0.0066,0.0005600000000000001,0.9968102097820395,"Run - Jul 10, 2026 at 22:18:59"
Q17,97,1507739.0953864271,753869.5449756073,0.010003852125282188,0.0007911619345860461,0.01291,3.199728142644287,15.010870425056439,-9.672930231035612e-08,-4530.0187270410825,Active,ionq_forte_simulated,2026-07-10T16:56:38.061578+00:00,1,False,2017000.0,1008500.0,3.2,0.0067,0.00057,0.9967614957820394,"Run - Jul 10, 2026 at 22:18:59"
Q18,97,1508486.6110644452,754243.3028146164,0.010152352125282187,0.0008050419345860461,0.01291,3.199728142644287,15.010870425056439,-9.672930231035612e-08,-4532.264641262125,Active,ionq_forte_simulated,2026-07-10T16:56:38.064576+00:00,1,False,2018000.0,1009000.0,3.2,0.0068000000000000005,0.00058,0.9967127817820396,"Run - Jul 10, 2026 at 22:18:59"
Q19,97,1509234.1267424633,754617.0606536254,0.010300852125282187,0.0008189219345860462,0.01291,3.199728142644287,15.010870425056439,-9.672930231035612e-08,-4534.510555482935,Active,ionq_forte_simulated,2026-07-10T16:56:38.068579+00:00,1,False,2019000.0,1009500.0,3.2,0.0069,0.00059,0.9966640677820395,"Run - Jul 10, 2026 at 22:18:59"
Q20,97,1509981.6424204814,754990.8184926345,0.01044935212528219,0.0008328019345860461,0.01291,3.199728142644287,15.010870425056439,-9.672930231035612e-08,-4536.756469703978,Active,ionq_forte_simulated,2026-07-10T16:56:38.073584+00:00,1,False,2020000.0,1010000.0,3.2,0.007,0.0006000000000000001,0.9966153537820395,"Run - Jul 10, 2026 at 22:18:59"
Q21,97,1510729.1580984995,755364.5763316435,0.010597852125282189,0.0008466819345860462,0.01291,3.199728142644287,15.010870425056439,-9.672930231035612e-08,-4539.002383924788,Active,ionq_forte_simulated,2026-07-10T16:56:38.077591+00:00,1,False,2021000.0,1010500.0,3.2,0.0071,0.0006100000000000001,0.9965666397820396,"Run - Jul 10, 2026 at 22:18:59"
Q22,97,1511476.6737765176,755738.3341706526,0.010746352125282188,0.0008605619345860461,0.01291,3.199728142644287,15.010870425056439,-9.672930231035612e-08,-4541.248298145831,Active,ionq_forte_simulated,2026-07-10T16:56:38.080587+00:00,1,False,2022000.0,1011000.0,3.2,0.0072,0.00062,0.9965179257820395,"Run - Jul 10, 2026 at 22:18:59"
Q23,97,1512224.1894545357,756112.0920096616,0.010894852125282187,0.0008744419345860461,0.01291,3.199728142644287,15.010870425056439,-9.672930231035612e-08,-4543.494212366641,Active,ionq_forte_simulated,2026-07-10T16:56:38.084591+00:00,1,False,2023000.0,1011500.0,3.2,0.0073,0.00063,0.9964692117820395,"Run - Jul 10, 2026 at 22:18:59"
Q24,97,1512971.7051325536,756485.8498486705,0.011043352125282187,0.0008883219345860462,0.01291,3.199728142644287,15.010870425056439,-9.672930231035612e-08,-4545.740126587916,Active,ionq_forte_simulated,2026-07-10T16:56:38.088591+00:00,1,False,2024000.0,1012000.0,3.2,0.0074,0.00064,0.9964204977820397,"Run - Jul 10, 2026 at 22:18:59"
Q0,98,1490552.9462386644,745276.4694545409,0.007523295825850386,0.0005568030059254375,0.01294,3.19963367116702,15.014659165170077,1.5029627187181855e-07,-4478.382621455006,Active,ionq_forte_simulated,2026-07-10T16:56:45.054135+00:00,1,False,2000000.0,1000000.0,3.2,0.005,0.0004,0.9975759703504673,"Run - Jul 10, 2026 at 22:18:59"
Q1,98,1491298.2227301078,745649.1077002626,0.007672295825850386,0.0005707230059254375,0.01294,3.19963367116702,15.014659165170077,1.5029627187181855e-07,-4480.621808029711,Active,ionq_forte_simulated,2026-07-10T16:56:45.058136+00:00,1,False,2001000.0,1000500.0,3.2,0.0051,0.00041000000000000005,0.9975270943504673,"Run - Jul 10, 2026 at 22:18:59"
Q2,98,1492043.499221551,746021.7459459841,0.007821295825850385,0.0005846430059254375,0.01294,3.19963367116702,15.014659165170077,1.5029627187181855e-07,-4482.860994604649,Active,ionq_forte_simulated,2026-07-10T16:56:45.061136+00:00,1,False,2002000.0,1001000.0,3.2,0.0052,0.00042,0.9974782183504672,"Run - Jul 10, 2026 at 22:18:59"
Q3,98,1492788.7757129944,746394.3841917058,0.007970295825850385,0.0005985630059254375,0.01294,3.19963367116702,15.014659165170077,1.5029627187181855e-07,-4485.100181179354,Active,ionq_forte_simulated,2026-07-10T16:56:45.065136+00:00,1,False,2003000.0,1001500.0,3.2,0.0053,0.00043000000000000004,0.9974293423504672,"Run - Jul 10, 2026 at 22:18:59"
Q4,98,1493534.0522044378,746767.0224374275,0.008119295825850387,0.0006124830059254375,0.01294,3.19963367116702,15.014659165170077,1.5029627187181855e-07,-4487.339367754059,Active,ionq_forte_simulated,2026-07-10T16:56:45.068133+00:00,1,False,2004000.0,1002000.0,3.2,0.0054,0.00044,0.9973804663504673,"Run - Jul 10, 2026 at 22:18:59"
Q5,98,1494279.328695881,747139.6606831491,0.008268295825850385,0.0006264030059254375,0.01294,3.19963367116702,15.014659165170077,1.5029627187181855e-07,-4489.578554328997,Active,ionq_forte_simulated,2026-07-10T16:56:45.072134+00:00,1,False,2005000.0,1002500.0,3.2,0.0055,0.00045000000000000004,0.9973315903504673,"Run - Jul 10, 2026 at 22:18:59"
Q6,98,1495024.6051873243,747512.2989288708,0.008417295825850386,0.0006403230059254375,0.01294,3.19963367116702,15.014659165170077,1.5029627187181855e-07,-4491.817740903702,Active,ionq_forte_simulated,2026-07-10T16:56:45.075133+00:00,1,False,2006000.0,1003000.0,3.2,0.0056,0.00046,0.9972827143504672,"Run - Jul 10, 2026 at 22:18:59"
Q7,98,1495769.8816787675,747884.9371745924,0.008566295825850386,0.0006542430059254375,0.01294,3.19963367116702,15.014659165170077,1.5029627187181855e-07,-4494.056927478639,Active,ionq_forte_simulated,2026-07-10T16:56:45.079141+00:00,1,False,2007000.0,1003500.0,3.2,0.0057,0.00047000000000000004,0.9972338383504673,"Run - Jul 10, 2026 at 22:18:59"
Q8,98,1496515.158170211,748257.5754203141,0.008715295825850386,0.0006681630059254375,0.01294,3.19963367116702,15.014659165170077,1.5029627187181855e-07,-4496.296114053344,Active,ionq_forte_simulated,2026-07-10T16:56:45.083145+00:00,1,False,2008000.0,1004000.0,3.2,0.0058000000000000005,0.00048,0.9971849623504672,"Run - Jul 10, 2026 at 22:18:59"
Q9,98,1497260.434661654,748630.2136660357,0.008864295825850386,0.0006820830059254374,0.01294,3.19963367116702,15.014659165170077,1.5029627187181855e-07,-4498.535300628282,Active,ionq_forte_simulated,2026-07-10T16:56:45.086149+00:00,1,False,2009000.0,1004500.0,3.2,0.0059,0.00049,0.9971360863504672,"Run - Jul 10, 2026 at 22:18:59"
Q10,98,1498005.7111530975,749002.8519117574,0.009013295825850386,0.0006960030059254375,0.01294,3.19963367116702,15.014659165170077,1.5029627187181855e-07,-4500.774487202987,Active,ionq_forte_simulated,2026-07-10T16:56:45.090148+00:00,1,False,2010000.0,1005000.0,3.2,0.006,0.0005,0.9970872103504672,"Run - Jul 10, 2026 at 22:18:59"
Q11,98,1498750.9876445406,749375.490157479,0.009162295825850385,0.0007099230059254374,0.01294,3.19963367116702,15.014659165170077,1.5029627187181855e-07,-4503.013673777925,Active,ionq_forte_simulated,2026-07-10T16:56:45.094145+00:00,1,False,2011000.0,1005500.0,3.2,0.0061,0.00051,0.9970383343504673,"Run - Jul 10, 2026 at 22:18:59"
Q12,98,1499496.264135984,749748.1284032007,0.009311295825850387,0.0007238430059254375,0.01294,3.19963367116702,15.014659165170077,1.5029627187181855e-07,-4505.25286035263,Active,ionq_forte_simulated,2026-07-10T16:56:45.097675+00:00,1,False,2012000.0,1006000.0,3.2,0.006200000000000001,0.0005200000000000001,0.9969894583504672,"Run - Jul 10, 2026 at 22:18:59"
Q13,98,1500241.5406274272,750120.7666489222,0.009460295825850385,0.0007377630059254376,0.01294,3.19963367116702,15.014659165170077,1.5029627187181855e-07,-4507.492046927568,Active,ionq_forte_simulated,2026-07-10T16:56:45.100674+00:00,1,False,2013000.0,1006500.0,3.2,0.0063,0.0005300000000000001,0.9969405823504673,"Run - Jul 10, 2026 at 22:18:59"
Q14,98,1500986.8171188706,750493.4048946439,0.009609295825850387,0.0007516830059254374,0.01294,3.19963367116702,15.014659165170077,1.5029627187181855e-07,-4509.7312335022725,Active,ionq_forte_simulated,2026-07-10T16:56:45.105674+00:00,1,False,2014000.0,1007000.0,3.2,0.0064,0.00054,0.9968917063504672,"Run - Jul 10, 2026 at 22:18:59"
Q15,98,1501732.093610314,750866.0431403656,0.009758295825850387,0.0007656030059254374,0.01294,3.19963367116702,15.014659165170077,1.5029627187181855e-07,-4511.9704200769775,Active,ionq_forte_simulated,2026-07-10T16:56:45.108673+00:00,1,False,2015000.0,1007500.0,3.2,0.006500000000000001,0.00055,0.9968428303504673,"Run - Jul 10, 2026 at 22:18:59"
Q16,98,1502477.370101757,751238.6813860872,0.009907295825850386,0.0007795230059254375,0.01294,3.19963367116702,15.014659165170077,1.5029627187181855e-07,-4514.209606651915,Active,ionq_forte_simulated,2026-07-10T16:56:45.112676+00:00,1,False,2016000.0,1008000.0,3.2,0.0066,0.0005600000000000001,0.9967939543504672,"Run - Jul 10, 2026 at 22:18:59"
Q17,98,1503222.6465932005,751611.3196318089,0.010056295825850386,0.0007934430059254375,0.01294,3.19963367116702,15.014659165170077,1.5029627187181855e-07,-4516.44879322662,Active,ionq_forte_simulated,2026-07-10T16:56:45.116673+00:00,1,False,2017000.0,1008500.0,3.2,0.0067,0.00057,0.9967450783504672,"Run - Jul 10, 2026 at 22:18:59"
Q18,98,1503967.9230846437,751983.9578775305,0.010205295825850386,0.0008073630059254374,0.01294,3.19963367116702,15.014659165170077,1.5029627187181855e-07,-4518.687979801558,Active,ionq_forte_simulated,2026-07-10T16:56:45.119672+00:00,1,False,2018000.0,1009000.0,3.2,0.0068000000000000005,0.00058,0.9966962023504673,"Run - Jul 10, 2026 at 22:18:59"
Q19,98,1504713.199576087,752356.5961232522,0.010354295825850386,0.0008212830059254375,0.01294,3.19963367116702,15.014659165170077,1.5029627187181855e-07,-4520.927166376263,Active,ionq_forte_simulated,2026-07-10T16:56:45.123675+00:00,1,False,2019000.0,1009500.0,3.2,0.0069,0.00059,0.9966473263504672,"Run - Jul 10, 2026 at 22:18:59"
Q20,98,1505458.4760675302,752729.2343689738,0.010503295825850386,0.0008352030059254375,0.01294,3.19963367116702,15.014659165170077,1.5029627187181855e-07,-4523.166352951201,Active,ionq_forte_simulated,2026-07-10T16:56:45.127675+00:00,1,False,2020000.0,1010000.0,3.2,0.007,0.0006000000000000001,0.9965984503504673,"Run - Jul 10, 2026 at 22:18:59"
Q21,98,1506203.7525589736,753101.8726146955,0.010652295825850385,0.0008491230059254376,0.01294,3.19963367116702,15.014659165170077,1.5029627187181855e-07,-4525.405539525906,Active,ionq_forte_simulated,2026-07-10T16:56:45.131674+00:00,1,False,2021000.0,1010500.0,3.2,0.0071,0.0006100000000000001,0.9965495743504672,"Run - Jul 10, 2026 at 22:18:59"
Q22,98,1506949.0290504168,753474.510860417,0.010801295825850385,0.0008630430059254374,0.01294,3.19963367116702,15.014659165170077,1.5029627187181855e-07,-4527.644726100843,Active,ionq_forte_simulated,2026-07-10T16:56:45.134670+00:00,1,False,2022000.0,1011000.0,3.2,0.0072,0.00062,0.9965006983504673,"Run - Jul 10, 2026 at 22:18:59"
Q23,98,1507694.3055418602,753847.1491061387,0.010950295825850385,0.0008769630059254375,0.01294,3.19963367116702,15.014659165170077,1.5029627187181855e-07,-4529.883912675548,Active,ionq_forte_simulated,2026-07-10T16:56:45.139673+00:00,1,False,2023000.0,1011500.0,3.2,0.0073,0.00063,0.9964518223504673,"Run - Jul 10, 2026 at 22:18:59"
Q24,98,1508439.5820333036,754219.7873518604,0.011099295825850387,0.0008908830059254375,0.01294,3.19963367116702,15.014659165170077,1.5029627187181855e-07,-4532.1230992500205,Active,ionq_forte_simulated,2026-07-10T16:56:45.142672+00:00,1,False,2024000.0,1012000.0,3.2,0.0074,0.00064,0.9964029463504673,"Run - Jul 10, 2026 at 22:18:59"
Q0,99,1486087.9789702904,743043.9849097863,0.007566507178755065,0.0005584072104815387,0.012969999999999999,3.1995428246303015,15.018301435751013,3.605240769340411e-07,-4464.96726837405,Active,ionq_forte_simulated,2026-07-10T16:56:52.195411+00:00,1,False,2000000.0,1000000.0,3.2,0.005,0.0004,0.997562525683229,"Run - Jul 10, 2026 at 22:18:59"
Q1,99,1486831.0229826523,743415.5069159672,0.007716007178755065,0.0005723672104815387,0.012969999999999999,3.1995428246303015,15.018301435751013,3.605240769340411e-07,-4467.199747455539,Active,ionq_forte_simulated,2026-07-10T16:56:52.199410+00:00,1,False,2001000.0,1000500.0,3.2,0.0051,0.00041000000000000005,0.997513487683229,"Run - Jul 10, 2026 at 22:18:59"
Q2,99,1487574.0669950142,743787.0289221482,0.007865507178755065,0.0005863272104815387,0.012969999999999999,3.1995428246303015,15.018301435751013,3.605240769340411e-07,-4469.4322265367955,Active,ionq_forte_simulated,2026-07-10T16:56:52.203930+00:00,1,False,2002000.0,1001000.0,3.2,0.0052,0.00042,0.997464449683229,"Run - Jul 10, 2026 at 22:18:59"
Q3,99,1488317.111007376,744158.5509283291,0.008015007178755064,0.0006002872104815387,0.012969999999999999,3.1995428246303015,15.018301435751013,3.605240769340411e-07,-4471.664705618285,Active,ionq_forte_simulated,2026-07-10T16:56:52.207939+00:00,1,False,2003000.0,1001500.0,3.2,0.0053,0.00043000000000000004,0.997415411683229,"Run - Jul 10, 2026 at 22:18:59"
Q4,99,1489060.155019738,744530.0729345101,0.008164507178755064,0.0006142472104815386,0.012969999999999999,3.1995428246303015,15.018301435751013,3.605240769340411e-07,-4473.897184699774,Active,ionq_forte_simulated,2026-07-10T16:56:52.210940+00:00,1,False,2004000.0,1002000.0,3.2,0.0054,0.00044,0.997366373683229,"Run - Jul 10, 2026 at 22:18:59"
Q5,99,1489803.1990321,744901.594940691,0.008314007178755065,0.0006282072104815386,0.012969999999999999,3.1995428246303015,15.018301435751013,3.605240769340411e-07,-4476.12966378103,Active,ionq_forte_simulated,2026-07-10T16:56:52.214943+00:00,1,False,2005000.0,1002500.0,3.2,0.0055,0.00045000000000000004,0.997317335683229,"Run - Jul 10, 2026 at 22:18:59"
Q6,99,1490546.243044462,745273.1169468721,0.008463507178755065,0.0006421672104815387,0.012969999999999999,3.1995428246303015,15.018301435751013,3.605240769340411e-07,-4478.362142862286,Active,ionq_forte_simulated,2026-07-10T16:56:52.219485+00:00,1,False,2006000.0,1003000.0,3.2,0.0056,0.00046,0.997268297683229,"Run - Jul 10, 2026 at 22:18:59"
Q7,99,1491289.287056824,745644.638953053,0.008613007178755065,0.0006561272104815387,0.012969999999999999,3.1995428246303015,15.018301435751013,3.605240769340411e-07,-4480.594621943543,Active,ionq_forte_simulated,2026-07-10T16:56:52.223480+00:00,1,False,2007000.0,1003500.0,3.2,0.0057,0.00047000000000000004,0.997219259683229,"Run - Jul 10, 2026 at 22:18:59"
Q8,99,1492032.3310691859,746016.160959234,0.008762507178755066,0.0006700872104815386,0.012969999999999999,3.1995428246303015,15.018301435751013,3.605240769340411e-07,-4482.827101025032,Active,ionq_forte_simulated,2026-07-10T16:56:52.227476+00:00,1,False,2008000.0,1004000.0,3.2,0.0058000000000000005,0.00048,0.997170221683229,"Run - Jul 10, 2026 at 22:18:59"
Q9,99,1492775.3750815478,746387.682965415,0.008912007178755064,0.0006840472104815386,0.012969999999999999,3.1995428246303015,15.018301435751013,3.605240769340411e-07,-4485.059580106288,Active,ionq_forte_simulated,2026-07-10T16:56:52.230475+00:00,1,False,2009000.0,1004500.0,3.2,0.0059,0.00049,0.997121183683229,"Run - Jul 10, 2026 at 22:18:59"
Q10,99,1493518.4190939097,746759.2049715959,0.009061507178755064,0.0006980072104815386,0.012969999999999999,3.1995428246303015,15.018301435751013,3.605240769340411e-07,-4487.292059187777,Active,ionq_forte_simulated,2026-07-10T16:56:52.234479+00:00,1,False,2010000.0,1005000.0,3.2,0.006,0.0005,0.997072145683229,"Run - Jul 10, 2026 at 22:18:59"
Q11,99,1494261.4631062716,747130.7269777769,0.009211007178755065,0.0007119672104815386,0.012969999999999999,3.1995428246303015,15.018301435751013,3.605240769340411e-07,-4489.524538269034,Active,ionq_forte_simulated,2026-07-10T16:56:52.238476+00:00,1,False,2011000.0,1005500.0,3.2,0.0061,0.00051,0.9970231076832291,"Run - Jul 10, 2026 at 22:18:59"
Q12,99,1495004.5071186335,747502.2489839578,0.009360507178755065,0.0007259272104815387,0.012969999999999999,3.1995428246303015,15.018301435751013,3.605240769340411e-07,-4491.757017350523,Active,ionq_forte_simulated,2026-07-10T16:56:52.241476+00:00,1,False,2012000.0,1006000.0,3.2,0.006200000000000001,0.0005200000000000001,0.996974069683229,"Run - Jul 10, 2026 at 22:18:59"
Q13,99,1495747.5511309956,747873.7709901389,0.009510007178755065,0.0007398872104815387,0.012969999999999999,3.1995428246303015,15.018301435751013,3.605240769340411e-07,-4493.989496431546,Active,ionq_forte_simulated,2026-07-10T16:56:52.245477+00:00,1,False,2013000.0,1006500.0,3.2,0.0063,0.0005300000000000001,0.9969250316832291,"Run - Jul 10, 2026 at 22:18:59"
Q14,99,1496490.5951433575,748245.2929963198,0.009659507178755066,0.0007538472104815386,0.012969999999999999,3.1995428246303015,15.018301435751013,3.605240769340411e-07,-4496.221975513035,Active,ionq_forte_simulated,2026-07-10T16:56:52.248475+00:00,1,False,2014000.0,1007000.0,3.2,0.0064,0.00054,0.996875993683229,"Run - Jul 10, 2026 at 22:18:59"
Q15,99,1497233.6391557194,748616.8150025008,0.009809007178755066,0.0007678072104815387,0.012969999999999999,3.1995428246303015,15.018301435751013,3.605240769340411e-07,-4498.454454594525,Active,ionq_forte_simulated,2026-07-10T16:56:52.252482+00:00,1,False,2015000.0,1007500.0,3.2,0.006500000000000001,0.00055,0.996826955683229,"Run - Jul 10, 2026 at 22:18:59"
Q16,99,1497976.6831680813,748988.3370086817,0.009958507178755065,0.0007817672104815387,0.012969999999999999,3.1995428246303015,15.018301435751013,3.605240769340411e-07,-4500.686933675781,Active,ionq_forte_simulated,2026-07-10T16:56:52.256478+00:00,1,False,2016000.0,1008000.0,3.2,0.0066,0.0005600000000000001,0.996777917683229,"Run - Jul 10, 2026 at 22:18:59"
Q17,99,1498719.7271804432,749359.8590148627,0.010108007178755065,0.0007957272104815385,0.012969999999999999,3.1995428246303015,15.018301435751013,3.605240769340411e-07,-4502.91941275727,Active,ionq_forte_simulated,2026-07-10T16:56:52.260478+00:00,1,False,2017000.0,1008500.0,3.2,0.0067,0.00057,0.996728879683229,"Run - Jul 10, 2026 at 22:18:59"
Q18,99,1499462.7711928051,749731.3810210436,0.010257507178755065,0.0008096872104815386,0.012969999999999999,3.1995428246303015,15.018301435751013,3.605240769340411e-07,-4505.151891838526,Active,ionq_forte_simulated,2026-07-10T16:56:52.263476+00:00,1,False,2018000.0,1009000.0,3.2,0.0068000000000000005,0.00058,0.996679841683229,"Run - Jul 10, 2026 at 22:18:59"
Q19,99,1500205.8152051673,750102.9030272247,0.010407007178755064,0.0008236472104815386,0.012969999999999999,3.1995428246303015,15.018301435751013,3.605240769340411e-07,-4507.384370919783,Active,ionq_forte_simulated,2026-07-10T16:56:52.266474+00:00,1,False,2019000.0,1009500.0,3.2,0.0069,0.00059,0.996630803683229,"Run - Jul 10, 2026 at 22:18:59"
Q20,99,1500948.8592175292,750474.4250334057,0.010556507178755064,0.0008376072104815386,0.012969999999999999,3.1995428246303015,15.018301435751013,3.605240769340411e-07,-4509.616850001039,Active,ionq_forte_simulated,2026-07-10T16:56:52.271476+00:00,1,False,2020000.0,1010000.0,3.2,0.007,0.0006000000000000001,0.996581765683229,"Run - Jul 10, 2026 at 22:18:59"
Q21,99,1501691.903229891,750845.9470395866,0.010706007178755065,0.0008515672104815387,0.012969999999999999,3.1995428246303015,15.018301435751013,3.605240769340411e-07,-4511.849329082528,Active,ionq_forte_simulated,2026-07-10T16:56:52.275480+00:00,1,False,2021000.0,1010500.0,3.2,0.0071,0.0006100000000000001,0.996532727683229,"Run - Jul 10, 2026 at 22:18:59"
Q22,99,1502434.947242253,751217.4690457676,0.010855507178755065,0.0008655272104815386,0.012969999999999999,3.1995428246303015,15.018301435751013,3.605240769340411e-07,-4514.081808163784,Active,ionq_forte_simulated,2026-07-10T16:56:52.279483+00:00,1,False,2022000.0,1011000.0,3.2,0.0072,0.00062,0.996483689683229,"Run - Jul 10, 2026 at 22:18:59"
Q23,99,1503177.991254615,751588.9910519485,0.011005007178755065,0.0008794872104815386,0.012969999999999999,3.1995428246303015,15.018301435751013,3.605240769340411e-07,-4516.314287245274,Active,ionq_forte_simulated,2026-07-10T16:56:52.283477+00:00,1,False,2023000.0,1011500.0,3.2,0.0073,0.00063,0.996434651683229,"Run - Jul 10, 2026 at 22:18:59"
Q24,99,1503921.0352669768,751960.5130581295,0.011154507178755066,0.0008934472104815387,0.012969999999999999,3.1995428246303015,15.018301435751013,3.605240769340411e-07,-4518.546766326763,Active,ionq_forte_simulated,2026-07-10T16:56:52.287481+00:00,1,False,2024000.0,1012000.0,3.2,0.0074,0.00064,0.996385613683229,"Run - Jul 10, 2026 at 22:18:59"
Q0,100,1481636.3869613246,740818.1880404511,0.007608804222177874,0.0005600096496602849,0.013000000000000001,3.199456461372125,15.021760844435574,4.824830142460567e-07,-4451.592008965788,Active,ionq_forte_simulated,2026-07-10T16:56:59.474848+00:00,1,False,2000000.0,1000000.0,3.2,0.005,0.0004,0.9975493558384485,"Run - Jul 10, 2026 at 22:18:59"
Q1,100,1482377.2051820063,741188.597150792,0.007758804222177874,0.000574009649660285,0.013000000000000001,3.199456461372125,15.021760844435574,4.824830142460567e-07,-4453.817800645949,Active,ionq_forte_simulated,2026-07-10T16:56:59.478845+00:00,1,False,2001000.0,1000500.0,3.2,0.0051,0.00041000000000000005,0.9975001558384486,"Run - Jul 10, 2026 at 22:18:59"
Q2,100,1483118.023402688,741559.0062611329,0.007908804222177874,0.0005880096496602849,0.013000000000000001,3.199456461372125,15.021760844435574,4.824830142460567e-07,-4456.04359232611,Active,ionq_forte_simulated,2026-07-10T16:56:59.482844+00:00,1,False,2002000.0,1001000.0,3.2,0.0052,0.00042,0.9974509558384484,"Run - Jul 10, 2026 at 22:18:59"
Q3,100,1483858.8416233698,741929.4153714738,0.008058804222177874,0.0006020096496602849,0.013000000000000001,3.199456461372125,15.021760844435574,4.824830142460567e-07,-4458.269384006271,Active,ionq_forte_simulated,2026-07-10T16:56:59.486848+00:00,1,False,2003000.0,1001500.0,3.2,0.0053,0.00043000000000000004,0.9974017558384487,"Run - Jul 10, 2026 at 22:18:59"
Q4,100,1484599.6598440516,742299.8244818146,0.008208804222177873,0.0006160096496602849,0.013000000000000001,3.199456461372125,15.021760844435574,4.824830142460567e-07,-4460.495175686432,Active,ionq_forte_simulated,2026-07-10T16:56:59.490846+00:00,1,False,2004000.0,1002000.0,3.2,0.0054,0.00044,0.9973525558384486,"Run - Jul 10, 2026 at 22:18:59"
Q5,100,1485340.4780647333,742670.2335921555,0.008358804222177874,0.0006300096496602849,0.013000000000000001,3.199456461372125,15.021760844435574,4.824830142460567e-07,-4462.720967366593,Active,ionq_forte_simulated,2026-07-10T16:56:59.494844+00:00,1,False,2005000.0,1002500.0,3.2,0.0055,0.00045000000000000004,0.9973033558384485,"Run - Jul 10, 2026 at 22:18:59"
Q6,100,1486081.296285415,743040.6427024964,0.008508804222177873,0.0006440096496602848,0.013000000000000001,3.199456461372125,15.021760844435574,4.824830142460567e-07,-4464.946759046987,Active,ionq_forte_simulated,2026-07-10T16:56:59.497852+00:00,1,False,2006000.0,1003000.0,3.2,0.0056,0.00046,0.9972541558384485,"Run - Jul 10, 2026 at 22:18:59"
Q7,100,1486822.1145060966,743411.0518128371,0.008658804222177874,0.000658009649660285,0.013000000000000001,3.199456461372125,15.021760844435574,4.824830142460567e-07,-4467.17255072738,Active,ionq_forte_simulated,2026-07-10T16:56:59.501855+00:00,1,False,2007000.0,1003500.0,3.2,0.0057,0.00047000000000000004,0.9972049558384486,"Run - Jul 10, 2026 at 22:18:59"
Q8,100,1487562.9327267783,743781.460923178,0.008808804222177875,0.0006720096496602849,0.013000000000000001,3.199456461372125,15.021760844435574,4.824830142460567e-07,-4469.398342407541,Active,ionq_forte_simulated,2026-07-10T16:56:59.505855+00:00,1,False,2008000.0,1004000.0,3.2,0.0058000000000000005,0.00048,0.9971557558384485,"Run - Jul 10, 2026 at 22:18:59"
Q9,100,1488303.75094746,744151.8700335189,0.008958804222177874,0.0006860096496602849,0.013000000000000001,3.199456461372125,15.021760844435574,4.824830142460567e-07,-4471.624134087702,Active,ionq_forte_simulated,2026-07-10T16:56:59.509854+00:00,1,False,2009000.0,1004500.0,3.2,0.0059,0.00049,0.9971065558384485,"Run - Jul 10, 2026 at 22:18:59"
Q10,100,1489044.5691681418,744522.2791438597,0.009108804222177875,0.0007000096496602849,0.013000000000000001,3.199456461372125,15.021760844435574,4.824830142460567e-07,-4473.849925767863,Active,ionq_forte_simulated,2026-07-10T16:56:59.513380+00:00,1,False,2010000.0,1005000.0,3.2,0.006,0.0005,0.9970573558384486,"Run - Jul 10, 2026 at 22:18:59"
Q11,100,1489785.3873888236,744892.6882542006,0.009258804222177874,0.0007140096496602849,0.013000000000000001,3.199456461372125,15.021760844435574,4.824830142460567e-07,-4476.075717448024,Active,ionq_forte_simulated,2026-07-10T16:56:59.516381+00:00,1,False,2011000.0,1005500.0,3.2,0.0061,0.00051,0.9970081558384485,"Run - Jul 10, 2026 at 22:18:59"
Q12,100,1490526.2056095053,745263.0973645415,0.009408804222177875,0.0007280096496602849,0.013000000000000001,3.199456461372125,15.021760844435574,4.824830142460567e-07,-4478.301509128185,Active,ionq_forte_simulated,2026-07-10T16:56:59.521379+00:00,1,False,2012000.0,1006000.0,3.2,0.006200000000000001,0.0005200000000000001,0.9969589558384486,"Run - Jul 10, 2026 at 22:18:59"
Q13,100,1491267.023830187,745633.5064748824,0.009558804222177874,0.000742009649660285,0.013000000000000001,3.199456461372125,15.021760844435574,4.824830142460567e-07,-4480.527300808579,Active,ionq_forte_simulated,2026-07-10T16:56:59.525382+00:00,1,False,2013000.0,1006500.0,3.2,0.0063,0.0005300000000000001,0.9969097558384485,"Run - Jul 10, 2026 at 22:18:59"
Q14,100,1492007.8420508688,746003.9155852232,0.009708804222177875,0.0007560096496602849,0.013000000000000001,3.199456461372125,15.021760844435574,4.824830142460567e-07,-4482.75309248874,Active,ionq_forte_simulated,2026-07-10T16:56:59.528383+00:00,1,False,2014000.0,1007000.0,3.2,0.0064,0.00054,0.9968605558384485,"Run - Jul 10, 2026 at 22:18:59"
Q15,100,1492748.6602715505,746374.3246955641,0.009858804222177876,0.0007700096496602849,0.013000000000000001,3.199456461372125,15.021760844435574,4.824830142460567e-07,-4484.978884168901,Active,ionq_forte_simulated,2026-07-10T16:56:59.532378+00:00,1,False,2015000.0,1007500.0,3.2,0.006500000000000001,0.00055,0.9968113558384486,"Run - Jul 10, 2026 at 22:18:59"
Q16,100,1493489.478492232,746744.7338059049,0.010008804222177873,0.000784009649660285,0.013000000000000001,3.199456461372125,15.021760844435574,4.824830142460567e-07,-4487.204675849294,Active,ionq_forte_simulated,2026-07-10T16:56:59.536381+00:00,1,False,2016000.0,1008000.0,3.2,0.0066,0.0005600000000000001,0.9967621558384485,"Run - Jul 10, 2026 at 22:18:59"
Q17,100,1494230.2967129138,747115.1429162457,0.010158804222177874,0.0007980096496602848,0.013000000000000001,3.199456461372125,15.021760844435574,4.824830142460567e-07,-4489.430467529455,Active,ionq_forte_simulated,2026-07-10T16:56:59.540394+00:00,1,False,2017000.0,1008500.0,3.2,0.0067,0.00057,0.9967129558384484,"Run - Jul 10, 2026 at 22:18:59"
Q18,100,1494971.1149335955,747485.5520265866,0.010308804222177875,0.0008120096496602849,0.013000000000000001,3.199456461372125,15.021760844435574,4.824830142460567e-07,-4491.656259209616,Active,ionq_forte_simulated,2026-07-10T16:56:59.544384+00:00,1,False,2018000.0,1009000.0,3.2,0.0068000000000000005,0.00058,0.9966637558384486,"Run - Jul 10, 2026 at 22:18:59"
Q19,100,1495711.9331542773,747855.9611369275,0.010458804222177874,0.0008260096496602849,0.013000000000000001,3.199456461372125,15.021760844435574,4.824830142460567e-07,-4493.88205089001,Active,ionq_forte_simulated,2026-07-10T16:56:59.548380+00:00,1,False,2019000.0,1009500.0,3.2,0.0069,0.00059,0.9966145558384486,"Run - Jul 10, 2026 at 22:18:59"
Q20,100,1496452.751374959,748226.3702472684,0.010608804222177875,0.000840009649660285,0.013000000000000001,3.199456461372125,15.021760844435574,4.824830142460567e-07,-4496.107842570171,Active,ionq_forte_simulated,2026-07-10T16:56:59.552382+00:00,1,False,2020000.0,1010000.0,3.2,0.007,0.0006000000000000001,0.9965653558384485,"Run - Jul 10, 2026 at 22:18:59"
Q21,100,1497193.5695956408,748596.7793576092,0.010758804222177874,0.000854009649660285,0.013000000000000001,3.199456461372125,15.021760844435574,4.824830142460567e-07,-4498.333634250332,Active,ionq_forte_simulated,2026-07-10T16:56:59.556384+00:00,1,False,2021000.0,1010500.0,3.2,0.0071,0.0006100000000000001,0.9965161558384485,"Run - Jul 10, 2026 at 22:18:59"
Q22,100,1497934.3878163225,748967.1884679501,0.010908804222177874,0.0008680096496602849,0.013000000000000001,3.199456461372125,15.021760844435574,4.824830142460567e-07,-4500.559425930493,Active,ionq_forte_simulated,2026-07-10T16:56:59.560842+00:00,1,False,2022000.0,1011000.0,3.2,0.0072,0.00062,0.9964669558384486,"Run - Jul 10, 2026 at 22:18:59"
Q23,100,1498675.2060370042,749337.597578291,0.011058804222177874,0.0008820096496602849,0.013000000000000001,3.199456461372125,15.021760844435574,4.824830142460567e-07,-4502.7852176106535,Active,ionq_forte_simulated,2026-07-10T16:56:59.564425+00:00,1,False,2023000.0,1011500.0,3.2,0.0073,0.00063,0.9964177558384486,"Run - Jul 10, 2026 at 22:18:59"
Q24,100,1499416.024257686,749708.0066886318,0.011208804222177874,0.0008960096496602849,0.013000000000000001,3.199456461372125,15.021760844435574,4.824830142460567e-07,-4505.011009290814,Active,ionq_forte_simulated,2026-07-10T16:56:59.568427+00:00,1,False,2024000.0,1012000.0,3.2,0.0074,0.00064,0.9963685558384485,"Run - Jul 10, 2026 at 22:18:59"
