qubit_id,epoch_number,predicted_t1,predicted_t2,predicted_readout_error,timestamp,run_id
Q0,3,1989584.517275062,0.005078127559499478,0.005078127559499478,2026-07-10T16:49:07.254957+00:00,"Run - Jul 10, 2026 at 22:18:59"
Q1,3,1990579.309525047,0.005178997929869844,0.005178997929869844,2026-07-10T16:49:07.430401+00:00,"Run - Jul 10, 2026 at 22:18:59"
Q2,3,1991574.101775034,0.005279868300240209,0.005279868300240209,2026-07-10T16:49:07.563583+00:00,"Run - Jul 10, 2026 at 22:18:59"
Q3,3,1992568.8940250187,0.0053807386706105865,0.0053807386706105865,2026-07-10T16:49:07.705134+00:00,"Run - Jul 10, 2026 at 22:18:59"
Q4,3,1993563.686275002,0.005481609040980956,0.005481609040980956,2026-07-10T16:49:07.845274+00:00,"Run - Jul 10, 2026 at 22:18:59"
Q5,3,1994558.4785249871,0.005582479411351326,0.005582479411351326,2026-07-10T16:49:07.985218+00:00,"Run - Jul 10, 2026 at 22:18:59"
Q6,3,1995553.2707749743,0.005683349781721696,0.005683349781721696,2026-07-10T16:49:08.131782+00:00,"Run - Jul 10, 2026 at 22:18:59"
Q7,3,1996548.0630249605,0.005784220152092066,0.005784220152092066,2026-07-10T16:49:08.279068+00:00,"Run - Jul 10, 2026 at 22:18:59"
Q8,3,1997542.8552749439,0.005885090522462437,0.005885090522462437,2026-07-10T16:49:08.439648+00:00,"Run - Jul 10, 2026 at 22:18:59"
Q9,3,1998537.6475249291,0.0059859608928328045,0.0059859608928328045,2026-07-10T16:49:08.601952+00:00,"Run - Jul 10, 2026 at 22:18:59"
Q10,3,1999532.439774916,0.006086831263203176,0.006086831263203176,2026-07-10T16:49:08.768419+00:00,"Run - Jul 10, 2026 at 22:18:59"
Q11,3,2000527.2320249008,0.006187701633573546,0.006187701633573546,2026-07-10T16:49:08.918039+00:00,"Run - Jul 10, 2026 at 22:18:59"
Q12,3,2001522.024274884,0.0062885720039439165,0.0062885720039439165,2026-07-10T16:49:09.010218+00:00,"Run - Jul 10, 2026 at 22:18:59"
Q13,3,2002516.8165248693,0.006389442374314289,0.006389442374314289,2026-07-10T16:49:09.105511+00:00,"Run - Jul 10, 2026 at 22:18:59"
Q14,3,2003511.6087748562,0.006490312744684657,0.006490312744684657,2026-07-10T16:49:09.195659+00:00,"Run - Jul 10, 2026 at 22:18:59"
Q15,3,2004506.4010248426,0.0065911831150550285,0.0065911831150550285,2026-07-10T16:49:09.287394+00:00,"Run - Jul 10, 2026 at 22:18:59"
Q16,3,2005501.1932748258,0.006692053485425407,0.006692053485425407,2026-07-10T16:49:09.373200+00:00,"Run - Jul 10, 2026 at 22:18:59"
Q17,3,2006495.985524811,0.006792923855795768,0.006792923855795768,2026-07-10T16:49:09.467091+00:00,"Run - Jul 10, 2026 at 22:18:59"
Q18,3,2007490.777774798,0.00689379422616614,0.00689379422616614,2026-07-10T16:49:09.557077+00:00,"Run - Jul 10, 2026 at 22:18:59"
Q19,3,2008485.5700247828,0.006994664596536518,0.006994664596536518,2026-07-10T16:49:09.649359+00:00,"Run - Jul 10, 2026 at 22:18:59"
Q20,3,2009480.362274766,0.007095534966906878,0.007095534966906878,2026-07-10T16:49:09.755043+00:00,"Run - Jul 10, 2026 at 22:18:59"
Q21,3,2010475.1545247512,0.007196405337277251,0.007196405337277251,2026-07-10T16:49:09.857880+00:00,"Run - Jul 10, 2026 at 22:18:59"
Q22,3,2011469.9467747381,0.0072972757076476226,0.0072972757076476226,2026-07-10T16:49:09.947991+00:00,"Run - Jul 10, 2026 at 22:18:59"
Q23,3,2012464.7390247246,0.007398146078017997,0.007398146078017997,2026-07-10T16:49:10.042379+00:00,"Run - Jul 10, 2026 at 22:18:59"
Q24,3,2013459.5312747078,0.007499016448388357,0.007499016448388357,2026-07-10T16:49:10.138584+00:00,"Run - Jul 10, 2026 at 22:18:59"
Q0,4,1989423.1885725746,0.005079327305585833,0.005079327305585833,2026-07-10T16:49:11.220631+00:00,"Run - Jul 10, 2026 at 22:18:59"
Q1,4,1990417.9001580786,0.005180211234157258,0.005180211234157258,2026-07-10T16:49:11.237163+00:00,"Run - Jul 10, 2026 at 22:18:59"
Q2,4,1991412.611743584,0.005281095162728682,0.005281095162728682,2026-07-10T16:49:11.254812+00:00,"Run - Jul 10, 2026 at 22:18:59"
Q3,4,1992407.3233290866,0.005381979091300118,0.005381979091300118,2026-07-10T16:49:11.274741+00:00,"Run - Jul 10, 2026 at 22:18:59"
Q4,4,1993402.0349145886,0.005482863019871545,0.005482863019871545,2026-07-10T16:49:11.292743+00:00,"Run - Jul 10, 2026 at 22:18:59"
Q5,4,1994396.7465000916,0.005583746948442975,0.005583746948442975,2026-07-10T16:49:11.308877+00:00,"Run - Jul 10, 2026 at 22:18:59"
Q6,4,1995391.458085597,0.005684630877014401,0.005684630877014401,2026-07-10T16:49:11.327891+00:00,"Run - Jul 10, 2026 at 22:18:59"
Q7,4,1996386.1696711015,0.005785514805585828,0.005785514805585828,2026-07-10T16:49:11.346549+00:00,"Run - Jul 10, 2026 at 22:18:59"
Q8,4,1997380.8812566032,0.005886398734157259,0.005886398734157259,2026-07-10T16:49:11.365367+00:00,"Run - Jul 10, 2026 at 22:18:59"
Q9,4,1998375.5928421072,0.005987282662728684,0.005987282662728684,2026-07-10T16:49:11.384374+00:00,"Run - Jul 10, 2026 at 22:18:59"
Q10,4,1999477.4993977866,0.006087277891606728,0.006087277891606728,2026-07-10T16:49:11.401373+00:00,"Run - Jul 10, 2026 at 22:18:59"
Q11,4,2000365.0160131154,0.006189050519871542,0.006189050519871542,2026-07-10T16:49:11.418384+00:00,"Run - Jul 10, 2026 at 22:18:59"
Q12,4,2001252.4259666044,0.006290841005279215,0.006290841005279215,2026-07-10T16:49:11.434915+00:00,"Run - Jul 10, 2026 at 22:18:59"
Q13,4,2002354.4391841202,0.006390818377014401,0.006390818377014401,2026-07-10T16:49:11.451916+00:00,"Run - Jul 10, 2026 at 22:18:59"
Q14,4,2003241.7424757758,0.006492626719564928,0.006492626719564928,2026-07-10T16:49:11.469526+00:00,"Run - Jul 10, 2026 at 22:18:59"
Q15,4,2004343.86235513,0.006592586234157258,0.006592586234157258,2026-07-10T16:49:11.485616+00:00,"Run - Jul 10, 2026 at 22:18:59"
Q16,4,2005338.5739406317,0.006693470162728693,0.006693470162728693,2026-07-10T16:49:11.504187+00:00,"Run - Jul 10, 2026 at 22:18:59"
Q17,4,2006333.2855261352,0.006794354091300114,0.006794354091300114,2026-07-10T16:49:11.520197+00:00,"Run - Jul 10, 2026 at 22:18:59"
Q18,4,2007327.9971116406,0.0068952380198715425,0.0068952380198715425,2026-07-10T16:49:11.536727+00:00,"Run - Jul 10, 2026 at 22:18:59"
Q19,4,2008322.7086971435,0.006996121948442978,0.006996121948442978,2026-07-10T16:49:11.553729+00:00,"Run - Jul 10, 2026 at 22:18:59"
Q20,4,2009317.4202826452,0.007097005877014398,0.007097005877014398,2026-07-10T16:49:11.571726+00:00,"Run - Jul 10, 2026 at 22:18:59"
Q21,4,2010312.1318681487,0.007197889805585829,0.007197889805585829,2026-07-10T16:49:11.588200+00:00,"Run - Jul 10, 2026 at 22:18:59"
Q22,4,2011306.8434536539,0.00729877373415726,0.00729877373415726,2026-07-10T16:49:11.606234+00:00,"Run - Jul 10, 2026 at 22:18:59"
Q23,4,2012301.5550391586,0.007399657662728691,0.007399657662728691,2026-07-10T16:49:11.633790+00:00,"Run - Jul 10, 2026 at 22:18:59"
Q24,4,2013296.2666246598,0.007500541591300111,0.007500541591300111,2026-07-10T16:49:11.654328+00:00,"Run - Jul 10, 2026 at 22:18:59"
Q0,5,1988965.2670585443,0.005082725800857416,0.005082725800857416,2026-07-10T16:49:12.924634+00:00,"Run - Jul 10, 2026 at 22:18:59"
Q1,5,1989959.7496829228,0.005183648214650515,0.005183648214650515,2026-07-10T16:49:12.952716+00:00,"Run - Jul 10, 2026 at 22:18:59"
Q2,5,1990954.2323073023,0.005284570628443613,0.005284570628443613,2026-07-10T16:49:12.980979+00:00,"Run - Jul 10, 2026 at 22:18:59"
Q3,5,1991948.7149316794,0.005385493042236726,0.005385493042236726,2026-07-10T16:49:13.008978+00:00,"Run - Jul 10, 2026 at 22:18:59"
Q4,5,1992943.197556056,0.005486415456029827,0.005486415456029827,2026-07-10T16:49:13.038557+00:00,"Run - Jul 10, 2026 at 22:18:59"
Q5,5,1993937.6801804332,0.005587337869822932,0.005587337869822932,2026-07-10T16:49:13.068489+00:00,"Run - Jul 10, 2026 at 22:18:59"
Q6,5,1994932.1628048131,0.005688260283616032,0.005688260283616032,2026-07-10T16:49:13.095547+00:00,"Run - Jul 10, 2026 at 22:18:59"
Q7,5,1995926.645429192,0.005789182697409135,0.005789182697409135,2026-07-10T16:49:13.121658+00:00,"Run - Jul 10, 2026 at 22:18:59"
Q8,5,1996921.1280535685,0.00589010511120224,0.00589010511120224,2026-07-10T16:49:13.146432+00:00,"Run - Jul 10, 2026 at 22:18:59"
Q9,5,1997915.6106779466,0.005991027524995342,0.005991027524995342,2026-07-10T16:49:13.171454+00:00,"Run - Jul 10, 2026 at 22:18:59"
Q10,5,1999013.5918942187,0.006091091883912074,0.006091091883912074,2026-07-10T16:49:13.198984+00:00,"Run - Jul 10, 2026 at 22:18:59"
Q11,5,1999904.5759267039,0.0061928723525815485,0.0061928723525815485,2026-07-10T16:49:13.224001+00:00,"Run - Jul 10, 2026 at 22:18:59"
Q12,5,2000795.4569753434,0.006294670062630336,0.006294670062630336,2026-07-10T16:49:13.250658+00:00,"Run - Jul 10, 2026 at 22:18:59"
Q13,5,2001893.5411754574,0.006394717180167757,0.006394717180167757,2026-07-10T16:49:13.277655+00:00,"Run - Jul 10, 2026 at 22:18:59"
Q14,5,2002784.319240258,0.006496532131595852,0.006496532131595852,2026-07-10T16:49:13.302659+00:00,"Run - Jul 10, 2026 at 22:18:59"
Q15,5,2003882.5064242159,0.006596562007753964,0.006596562007753964,2026-07-10T16:49:13.328638+00:00,"Run - Jul 10, 2026 at 22:18:59"
Q16,5,2004876.9890485923,0.006697484421547075,0.006697484421547075,2026-07-10T16:49:13.355618+00:00,"Run - Jul 10, 2026 at 22:18:59"
Q17,5,2005871.47167297,0.00679840683534017,0.00679840683534017,2026-07-10T16:49:13.380623+00:00,"Run - Jul 10, 2026 at 22:18:59"
Q18,5,2006865.9542973503,0.006899329249133273,0.006899329249133273,2026-07-10T16:49:13.405620+00:00,"Run - Jul 10, 2026 at 22:18:59"
Q19,5,2007860.4369217271,0.007000251662926383,0.007000251662926383,2026-07-10T16:49:13.433174+00:00,"Run - Jul 10, 2026 at 22:18:59"
Q20,5,2008854.9195461033,0.007101174076719478,0.007101174076719478,2026-07-10T16:49:13.461240+00:00,"Run - Jul 10, 2026 at 22:18:59"
Q21,5,2009849.4021704816,0.007202096490512585,0.007202096490512585,2026-07-10T16:49:13.493234+00:00,"Run - Jul 10, 2026 at 22:18:59"
Q22,5,2010843.8847948608,0.007303018904305691,0.007303018904305691,2026-07-10T16:49:13.519248+00:00,"Run - Jul 10, 2026 at 22:18:59"
Q23,5,2011838.36741924,0.007403941318098796,0.007403941318098796,2026-07-10T16:49:13.545793+00:00,"Run - Jul 10, 2026 at 22:18:59"
Q24,5,2012832.8500436158,0.0075048637318918905,0.0075048637318918905,2026-07-10T16:49:13.573983+00:00,"Run - Jul 10, 2026 at 22:18:59"
Q0,6,1988439.2146868326,0.005086614420431877,0.005086614420431877,2026-07-10T16:49:14.973366+00:00,"Run - Jul 10, 2026 at 22:18:59"
Q1,6,1989433.434284606,0.005187581087098541,0.005187581087098541,2026-07-10T16:49:15.000362+00:00,"Run - Jul 10, 2026 at 22:18:59"
Q2,6,1990427.6538823806,0.005288547753765202,0.005288547753765202,2026-07-10T16:49:15.031195+00:00,"Run - Jul 10, 2026 at 22:18:59"
Q3,6,1991421.8734801528,0.005389514420431879,0.005389514420431879,2026-07-10T16:49:15.059326+00:00,"Run - Jul 10, 2026 at 22:18:59"
Q4,6,1992416.0930779248,0.005490481087098543,0.005490481087098543,2026-07-10T16:49:15.090323+00:00,"Run - Jul 10, 2026 at 22:18:59"
Q5,6,1993410.312675697,0.005591447753765211,0.005591447753765211,2026-07-10T16:49:15.117325+00:00,"Run - Jul 10, 2026 at 22:18:59"
Q6,6,1994404.532273472,0.005692414420431874,0.005692414420431874,2026-07-10T16:49:15.144509+00:00,"Run - Jul 10, 2026 at 22:18:59"
Q7,6,1995398.7518712464,0.0057933810870985395,0.0057933810870985395,2026-07-10T16:49:15.171496+00:00,"Run - Jul 10, 2026 at 22:18:59"
Q8,6,1996392.971469018,0.005894347753765208,0.005894347753765208,2026-07-10T16:49:15.199497+00:00,"Run - Jul 10, 2026 at 22:18:59"
Q9,6,1997387.1910667908,0.005995314420431873,0.005995314420431873,2026-07-10T16:49:15.230512+00:00,"Run - Jul 10, 2026 at 22:18:59"
Q10,6,1998481.4593033951,0.006095451634051381,0.006095451634051381,2026-07-10T16:49:15.264031+00:00,"Run - Jul 10, 2026 at 22:18:59"
Q11,6,1999375.6302623386,0.006197247753765207,0.006197247753765207,2026-07-10T16:49:15.293042+00:00,"Run - Jul 10, 2026 at 22:18:59"
Q12,6,2000269.701670231,0.006299060540145701,0.006299060540145701,2026-07-10T16:49:15.322084+00:00,"Run - Jul 10, 2026 at 22:18:59"
Q13,6,2001364.0694578823,0.006399181087098541,0.006399181087098541,2026-07-10T16:49:15.353521+00:00,"Run - Jul 10, 2026 at 22:18:59"
Q14,6,2002258.0413147311,0.006501010540145699,0.006501010540145699,2026-07-10T16:49:15.381520+00:00,"Run - Jul 10, 2026 at 22:18:59"
Q15,6,2003352.5086534312,0.006601114420431876,0.006601114420431876,2026-07-10T16:49:15.408926+00:00,"Run - Jul 10, 2026 at 22:18:59"
Q16,6,2004346.7282512027,0.006702081087098548,0.006702081087098548,2026-07-10T16:49:15.437496+00:00,"Run - Jul 10, 2026 at 22:18:59"
Q17,6,2005340.947848976,0.006803047753765207,0.006803047753765207,2026-07-10T16:49:15.467492+00:00,"Run - Jul 10, 2026 at 22:18:59"
Q18,6,2006335.167446751,0.006904014420431873,0.006904014420431873,2026-07-10T16:49:15.495494+00:00,"Run - Jul 10, 2026 at 22:18:59"
Q19,6,2007329.387044523,0.007004981087098546,0.007004981087098546,2026-07-10T16:49:15.523506+00:00,"Run - Jul 10, 2026 at 22:18:59"
Q20,6,2008323.6066422947,0.007105947753765204,0.007105947753765204,2026-07-10T16:49:15.553030+00:00,"Run - Jul 10, 2026 at 22:18:59"
Q21,6,2009317.8262400678,0.007206914420431876,0.007206914420431876,2026-07-10T16:49:15.581034+00:00,"Run - Jul 10, 2026 at 22:18:59"
Q22,6,2010312.0458378422,0.007307881087098544,0.007307881087098544,2026-07-10T16:49:15.613032+00:00,"Run - Jul 10, 2026 at 22:18:59"
Q23,6,2011306.2654356165,0.007408847753765213,0.007408847753765213,2026-07-10T16:49:15.649169+00:00,"Run - Jul 10, 2026 at 22:18:59"
Q24,6,2012300.4850333878,0.007509814420431871,0.007509814420431871,2026-07-10T16:49:15.677845+00:00,"Run - Jul 10, 2026 at 22:18:59"
Q0,7,1987756.4343474112,0.005091623852069556,0.005091623852069556,2026-07-10T16:49:17.573993+00:00,"Run - Jul 10, 2026 at 22:18:59"
Q1,7,1988750.3125544814,0.00519264804561794,0.00519264804561794,2026-07-10T16:49:17.594001+00:00,"Run - Jul 10, 2026 at 22:18:59"
Q2,7,1989744.190761553,0.005293672239166322,0.005293672239166322,2026-07-10T16:49:17.613997+00:00,"Run - Jul 10, 2026 at 22:18:59"
Q3,7,1990738.0689686222,0.00539469643271472,0.00539469643271472,2026-07-10T16:49:17.637693+00:00,"Run - Jul 10, 2026 at 22:18:59"
Q4,7,1991731.9471756914,0.005495720626263104,0.005495720626263104,2026-07-10T16:49:17.657209+00:00,"Run - Jul 10, 2026 at 22:18:59"
Q5,7,1992725.8253827607,0.005596744819811491,0.005596744819811491,2026-07-10T16:49:17.678915+00:00,"Run - Jul 10, 2026 at 22:18:59"
Q6,7,1993719.7035898326,0.005697769013359876,0.005697769013359876,2026-07-10T16:49:17.698916+00:00,"Run - Jul 10, 2026 at 22:18:59"
Q7,7,1994713.581796904,0.005798793206908261,0.005798793206908261,2026-07-10T16:49:17.719105+00:00,"Run - Jul 10, 2026 at 22:18:59"
Q8,7,1995707.4600039723,0.0058998174004566495,0.0058998174004566495,2026-07-10T16:49:17.737527+00:00,"Run - Jul 10, 2026 at 22:18:59"
Q9,7,1996701.3382110426,0.006000841594005037,0.006000841594005037,2026-07-10T16:49:17.757354+00:00,"Run - Jul 10, 2026 at 22:18:59"
Q10,7,1997792.0376814976,0.0061010630910561725,0.0061010630910561725,2026-07-10T16:49:17.776377+00:00,"Run - Jul 10, 2026 at 22:18:59"
Q11,7,1998689.094625184,0.0062028899811018105,0.0062028899811018105,2026-07-10T16:49:17.797508+00:00,"Run - Jul 10, 2026 at 22:18:59"
Q12,7,1999586.0552291442,0.0063047330001797085,0.0063047330001797085,2026-07-10T16:49:17.817511+00:00,"Run - Jul 10, 2026 at 22:18:59"
Q13,7,2000676.8510393219,0.006404938368198586,0.006404938368198586,2026-07-10T16:49:17.837030+00:00,"Run - Jul 10, 2026 at 22:18:59"
Q14,7,2001573.715303562,0.006506797516308739,0.006506797516308739,2026-07-10T16:49:17.858764+00:00,"Run - Jul 10, 2026 at 22:18:59"
Q15,7,2002664.607453465,0.006606986755295361,0.006606986755295361,2026-07-10T16:49:17.878182+00:00,"Run - Jul 10, 2026 at 22:18:59"
Q16,7,2003658.4856605332,0.006708010948843753,0.006708010948843753,2026-07-10T16:49:17.900178+00:00,"Run - Jul 10, 2026 at 22:18:59"
Q17,7,2004652.3638676037,0.006809035142392133,0.006809035142392133,2026-07-10T16:49:17.921176+00:00,"Run - Jul 10, 2026 at 22:18:59"
Q18,7,2005646.2420746756,0.00691005933594052,0.00691005933594052,2026-07-10T16:49:17.943714+00:00,"Run - Jul 10, 2026 at 22:18:59"
Q19,7,2006640.1202817445,0.007011083529488913,0.007011083529488913,2026-07-10T16:49:17.964427+00:00,"Run - Jul 10, 2026 at 22:18:59"
Q20,7,2007633.9984888136,0.007112107723037293,0.007112107723037293,2026-07-10T16:49:17.987424+00:00,"Run - Jul 10, 2026 at 22:18:59"
Q21,7,2008627.8766958837,0.0072131319165856835,0.0072131319165856835,2026-07-10T16:49:18.009430+00:00,"Run - Jul 10, 2026 at 22:18:59"
Q22,7,2009621.754902955,0.007314156110134073,0.007314156110134073,2026-07-10T16:49:18.029437+00:00,"Run - Jul 10, 2026 at 22:18:59"
Q23,7,2010615.6331100261,0.007415180303682462,0.007415180303682462,2026-07-10T16:49:18.050965+00:00,"Run - Jul 10, 2026 at 22:18:59"
Q24,7,2011609.5113170946,0.00751620449723084,0.00751620449723084,2026-07-10T16:49:18.071077+00:00,"Run - Jul 10, 2026 at 22:18:59"
Q0,8,1986840.233072826,0.0050982557172376194,0.0050982557172376194,2026-07-10T16:49:19.291079+00:00,"Run - Jul 10, 2026 at 22:18:59"
Q1,8,1987833.6531785685,0.005199357279737615,0.005199357279737615,2026-07-10T16:49:19.322089+00:00,"Run - Jul 10, 2026 at 22:18:59"
Q2,8,1988827.0732843115,0.00530045884223761,0.00530045884223761,2026-07-10T16:49:19.354266+00:00,"Run - Jul 10, 2026 at 22:18:59"
Q3,8,1989820.4933900528,0.005401560404737621,0.005401560404737621,2026-07-10T16:49:19.385008+00:00,"Run - Jul 10, 2026 at 22:18:59"
Q4,8,1990813.9134957937,0.005502661967237617,0.005502661967237617,2026-07-10T16:49:19.417013+00:00,"Run - Jul 10, 2026 at 22:18:59"
Q5,8,1991807.333601535,0.005603763529737618,0.005603763529737618,2026-07-10T16:49:19.449587+00:00,"Run - Jul 10, 2026 at 22:18:59"
Q6,8,1992800.7537072785,0.005704865092237615,0.005704865092237615,2026-07-10T16:49:19.482835+00:00,"Run - Jul 10, 2026 at 22:18:59"
Q7,8,1993794.173813022,0.005805966654737613,0.005805966654737613,2026-07-10T16:49:19.516841+00:00,"Run - Jul 10, 2026 at 22:18:59"
Q8,8,1994787.593918762,0.005907068217237616,0.005907068217237616,2026-07-10T16:49:19.548377+00:00,"Run - Jul 10, 2026 at 22:18:59"
Q9,8,1995781.0140245042,0.006008169779737615,0.006008169779737615,2026-07-10T16:49:19.579010+00:00,"Run - Jul 10, 2026 at 22:18:59"
Q10,8,1996868.2297291502,0.006108493730005902,0.006108493730005902,2026-07-10T16:49:19.608008+00:00,"Run - Jul 10, 2026 at 22:18:59"
Q11,8,1997767.8542359895,0.006210372904737615,0.006210372904737615,2026-07-10T16:49:19.637017+00:00,"Run - Jul 10, 2026 at 22:18:59"
Q12,8,1998667.3854137184,0.006312267704469328,0.006312267704469328,2026-07-10T16:49:19.664748+00:00,"Run - Jul 10, 2026 at 22:18:59"
Q13,8,1999754.694447471,0.006412576029737617,0.006412576029737617,2026-07-10T16:49:19.696290+00:00,"Run - Jul 10, 2026 at 22:18:59"
Q14,8,2000654.1322960963,0.006514486454469327,0.006514486454469327,2026-07-10T16:49:19.725294+00:00,"Run - Jul 10, 2026 at 22:18:59"
Q15,8,2001741.5346589577,0.006614779154737616,0.006614779154737616,2026-07-10T16:49:19.761847+00:00,"Run - Jul 10, 2026 at 22:18:59"
Q16,8,2002734.9547646977,0.006715880717237622,0.006715880717237622,2026-07-10T16:49:19.791816+00:00,"Run - Jul 10, 2026 at 22:18:59"
Q17,8,2003728.3748704402,0.006816982279737614,0.006816982279737614,2026-07-10T16:49:19.821813+00:00,"Run - Jul 10, 2026 at 22:18:59"
Q18,8,2004721.7949761837,0.006918083842237615,0.006918083842237615,2026-07-10T16:49:19.853355+00:00,"Run - Jul 10, 2026 at 22:18:59"
Q19,8,2005715.2150819248,0.00701918540473762,0.00701918540473762,2026-07-10T16:49:19.881900+00:00,"Run - Jul 10, 2026 at 22:18:59"
Q20,8,2006708.6351876655,0.007120286967237612,0.007120286967237612,2026-07-10T16:49:19.911106+00:00,"Run - Jul 10, 2026 at 22:18:59"
Q21,8,2007702.0552934075,0.007221388529737617,0.007221388529737617,2026-07-10T16:49:19.941640+00:00,"Run - Jul 10, 2026 at 22:18:59"
Q22,8,2008695.4753991505,0.007322490092237619,0.007322490092237619,2026-07-10T16:49:19.970643+00:00,"Run - Jul 10, 2026 at 22:18:59"
Q23,8,2009688.8955048937,0.00742359165473762,0.00742359165473762,2026-07-10T16:49:19.999641+00:00,"Run - Jul 10, 2026 at 22:18:59"
Q24,8,2010682.3156106337,0.007524693217237612,0.007524693217237612,2026-07-10T16:49:20.032009+00:00,"Run - Jul 10, 2026 at 22:18:59"
Q0,9,1985801.7863509653,0.005105686489993447,0.005105686489993447,2026-07-10T16:49:21.517613+00:00,"Run - Jul 10, 2026 at 22:18:59"
Q1,9,1986794.6872325875,0.0052068758839328355,0.0052068758839328355,2026-07-10T16:49:21.547156+00:00,"Run - Jul 10, 2026 at 22:18:59"
Q2,9,1987787.5881142095,0.005308065277872224,0.005308065277872224,2026-07-10T16:49:21.581110+00:00,"Run - Jul 10, 2026 at 22:18:59"
Q3,9,1988780.48899583,0.0054092546718116285,0.0054092546718116285,2026-07-10T16:49:21.611105+00:00,"Run - Jul 10, 2026 at 22:18:59"
Q4,9,1989773.38987745,0.005510444065751019,0.005510444065751019,2026-07-10T16:49:21.641647+00:00,"Run - Jul 10, 2026 at 22:18:59"
Q5,9,1990766.290759071,0.0056116334596904155,0.0056116334596904155,2026-07-10T16:49:21.677057+00:00,"Run - Jul 10, 2026 at 22:18:59"
Q6,9,1991759.1916406937,0.005712822853629806,0.005712822853629806,2026-07-10T16:49:21.706246+00:00,"Run - Jul 10, 2026 at 22:18:59"
Q7,9,1992752.0925223161,0.005814012247569198,0.005814012247569198,2026-07-10T16:49:21.737768+00:00,"Run - Jul 10, 2026 at 22:18:59"
Q8,9,1993744.9934039358,0.005915201641508594,0.005915201641508594,2026-07-10T16:49:21.770926+00:00,"Run - Jul 10, 2026 at 22:18:59"
Q9,9,1994737.894285557,0.006016391035447987,0.006016391035447987,2026-07-10T16:49:21.800973+00:00,"Run - Jul 10, 2026 at 22:18:59"
Q10,9,1995821.7484752063,0.00611682638116269,0.00611682638116269,2026-07-10T16:49:21.832672+00:00,"Run - Jul 10, 2026 at 22:18:59"
Q11,9,1996723.6960488006,0.006218769823326775,0.006218769823326775,2026-07-10T16:49:21.865741+00:00,"Run - Jul 10, 2026 at 22:18:59"
Q12,9,1997625.5531214399,0.006320728417006012,0.006320728417006012,2026-07-10T16:49:21.898500+00:00,"Run - Jul 10, 2026 at 22:18:59"
Q13,9,1998709.497812041,0.006421148611205565,0.006421148611205565,2026-07-10T16:49:21.928519+00:00,"Run - Jul 10, 2026 at 22:18:59"
Q14,9,1999611.2643837307,0.0065231223563999505,0.0065231223563999505,2026-07-10T16:49:21.958053+00:00,"Run - Jul 10, 2026 at 22:18:59"
Q15,9,2000695.2995752865,0.006623527399084353,0.006623527399084353,2026-07-10T16:49:21.988049+00:00,"Run - Jul 10, 2026 at 22:18:59"
Q16,9,2001688.2004569056,0.006724716793023752,0.006724716793023752,2026-07-10T16:49:22.019704+00:00,"Run - Jul 10, 2026 at 22:18:59"
Q17,9,2002681.1013385272,0.006825906186963138,0.006825906186963138,2026-07-10T16:49:22.050272+00:00,"Run - Jul 10, 2026 at 22:18:59"
Q18,9,2003674.0022201499,0.006927095580902532,0.006927095580902532,2026-07-10T16:49:22.084277+00:00,"Run - Jul 10, 2026 at 22:18:59"
Q19,9,2004666.9031017704,0.007028284974841931,0.007028284974841931,2026-07-10T16:49:22.117092+00:00,"Run - Jul 10, 2026 at 22:18:59"
Q20,9,2005659.8039833903,0.007129474368781317,0.007129474368781317,2026-07-10T16:49:22.146633+00:00,"Run - Jul 10, 2026 at 22:18:59"
Q21,9,2006652.7048650116,0.007230663762720717,0.007230663762720717,2026-07-10T16:49:22.174635+00:00,"Run - Jul 10, 2026 at 22:18:59"
Q22,9,2007645.605746634,0.007331853156660113,0.007331853156660113,2026-07-10T16:49:22.204631+00:00,"Run - Jul 10, 2026 at 22:18:59"
Q23,9,2008638.5066282563,0.007433042550599508,0.007433042550599508,2026-07-10T16:49:22.234878+00:00,"Run - Jul 10, 2026 at 22:18:59"
Q24,9,2009631.4075098755,0.007534231944538894,0.007534231944538894,2026-07-10T16:49:22.263420+00:00,"Run - Jul 10, 2026 at 22:18:59"
Q0,10,1984738.411055831,0.00511324183734813,0.00511324183734813,2026-07-10T16:49:23.740258+00:00,"Run - Jul 10, 2026 at 22:18:59"
Q1,10,1985730.7802490417,0.005214521249112832,0.005214521249112832,2026-07-10T16:49:23.761611+00:00,"Run - Jul 10, 2026 at 22:18:59"
Q2,10,1986723.149442253,0.005315800660877532,0.005315800660877532,2026-07-10T16:49:23.783630+00:00,"Run - Jul 10, 2026 at 22:18:59"
Q3,10,1987715.5186354618,0.0054170800726422485,0.0054170800726422485,2026-07-10T16:49:23.810711+00:00,"Run - Jul 10, 2026 at 22:18:59"
Q4,10,1988707.887828671,0.005518359484406951,0.005518359484406951,2026-07-10T16:49:23.833722+00:00,"Run - Jul 10, 2026 at 22:18:59"
Q5,10,1989700.2570218807,0.005619638896171659,0.005619638896171659,2026-07-10T16:49:23.854050+00:00,"Run - Jul 10, 2026 at 22:18:59"
Q6,10,1990692.626215092,0.005720918307936362,0.005720918307936362,2026-07-10T16:49:23.877709+00:00,"Run - Jul 10, 2026 at 22:18:59"
Q7,10,1991684.995408303,0.005822197719701066,0.005822197719701066,2026-07-10T16:49:23.899714+00:00,"Run - Jul 10, 2026 at 22:18:59"
Q8,10,1992677.3646015122,0.005923477131465773,0.005923477131465773,2026-07-10T16:49:23.922708+00:00,"Run - Jul 10, 2026 at 22:18:59"
Q9,10,1993669.733794722,0.006024756543230478,0.006024756543230478,2026-07-10T16:49:23.945248+00:00,"Run - Jul 10, 2026 at 22:18:59"
Q10,10,1994750.3811986651,0.006125304084659454,0.006125304084659454,2026-07-10T16:49:23.966251+00:00,"Run - Jul 10, 2026 at 22:18:59"
Q11,10,1995654.4721811432,0.0062273153667598904,0.0062273153667598904,2026-07-10T16:49:23.989525+00:00,"Run - Jul 10, 2026 at 22:18:59"
Q12,10,1996558.475324459,0.006329341354742678,0.006329341354742678,2026-07-10T16:49:24.012670+00:00,"Run - Jul 10, 2026 at 22:18:59"
Q13,10,1997639.2105675612,0.0064298741902893055,0.0064298741902893055,2026-07-10T16:49:24.035679+00:00,"Run - Jul 10, 2026 at 22:18:59"
Q14,10,1998543.12587172,0.006531914884154444,0.006531914884154444,2026-07-10T16:49:24.057220+00:00,"Run - Jul 10, 2026 at 22:18:59"
Q15,10,1999623.9489539843,0.006632433013818715,0.006632433013818715,2026-07-10T16:49:24.080221+00:00,"Run - Jul 10, 2026 at 22:18:59"
Q16,10,2000616.318147192,0.006733712425583426,0.006733712425583426,2026-07-10T16:49:24.102396+00:00,"Run - Jul 10, 2026 at 22:18:59"
Q17,10,2001608.687340403,0.006834991837348125,0.006834991837348125,2026-07-10T16:49:24.125410+00:00,"Run - Jul 10, 2026 at 22:18:59"
Q18,10,2002601.0565336142,0.006936271249112831,0.006936271249112831,2026-07-10T16:49:24.146929+00:00,"Run - Jul 10, 2026 at 22:18:59"
Q19,10,2003593.4257268235,0.007037550660877542,0.007037550660877542,2026-07-10T16:49:24.169928+00:00,"Run - Jul 10, 2026 at 22:18:59"
Q20,10,2004585.7949200321,0.00713883007264224,0.00713883007264224,2026-07-10T16:49:24.190933+00:00,"Run - Jul 10, 2026 at 22:18:59"
Q21,10,2005578.1641132424,0.007240109484406953,0.007240109484406953,2026-07-10T16:49:24.213248+00:00,"Run - Jul 10, 2026 at 22:18:59"
Q22,10,2006570.5333064536,0.00734138889617166,0.00734138889617166,2026-07-10T16:49:24.235263+00:00,"Run - Jul 10, 2026 at 22:18:59"
Q23,10,2007562.9024996648,0.007442668307936366,0.007442668307936366,2026-07-10T16:49:24.260802+00:00,"Run - Jul 10, 2026 at 22:18:59"
Q24,10,2008555.271692873,0.007543947719701064,0.007543947719701064,2026-07-10T16:49:24.283798+00:00,"Run - Jul 10, 2026 at 22:18:59"
Q0,11,1984074.0555734055,0.005117897759685238,0.005117897759685238,2026-07-10T16:49:25.573242+00:00,"Run - Jul 10, 2026 at 22:18:59"
Q1,11,1985066.0925884154,0.005219233473970949,0.005219233473970949,2026-07-10T16:49:25.600253+00:00,"Run - Jul 10, 2026 at 22:18:59"
Q2,11,1985469.1178099376,0.0053247290476227905,0.0053247290476227905,2026-07-10T16:49:25.625391+00:00,"Run - Jul 10, 2026 at 22:18:59"
Q3,11,1987050.1666184328,0.005421904902542382,0.005421904902542382,2026-07-10T16:49:25.648885+00:00,"Run - Jul 10, 2026 at 22:18:59"
Q4,11,1988042.20363344,0.0055232406168280925,0.0055232406168280925,2026-07-10T16:49:25.671572+00:00,"Run - Jul 10, 2026 at 22:18:59"
Q5,11,1989034.2406484485,0.00562457633111381,0.00562457633111381,2026-07-10T16:49:25.694583+00:00,"Run - Jul 10, 2026 at 22:18:59"
Q6,11,1990026.2776634581,0.0057259120453995215,0.0057259120453995215,2026-07-10T16:49:25.718796+00:00,"Run - Jul 10, 2026 at 22:18:59"
Q7,11,1991018.314678468,0.005827247759685234,0.005827247759685234,2026-07-10T16:49:25.743574+00:00,"Run - Jul 10, 2026 at 22:18:59"
Q8,11,1992010.351693476,0.005928583473970949,0.005928583473970949,2026-07-10T16:49:25.767637+00:00,"Run - Jul 10, 2026 at 22:18:59"
Q9,11,1992918.707972641,0.0060305067427571775,0.0060305067427571775,2026-07-10T16:49:25.792479+00:00,"Run - Jul 10, 2026 at 22:18:59"
Q10,11,1994080.1816996336,0.006130543942787668,0.006130543942787668,2026-07-10T16:49:25.815555+00:00,"Run - Jul 10, 2026 at 22:18:59"
Q11,11,1994394.8030363433,0.006237200476194224,0.006237200476194224,2026-07-10T16:49:25.838570+00:00,"Run - Jul 10, 2026 at 22:18:59"
Q12,11,1995892.6584478996,0.0063346515765828,0.0063346515765828,2026-07-10T16:49:25.861128+00:00,"Run - Jul 10, 2026 at 22:18:59"
Q13,11,1996378.288642209,0.006439971904765655,0.006439971904765655,2026-07-10T16:49:25.894040+00:00,"Run - Jul 10, 2026 at 22:18:59"
Q14,11,1997876.6471484483,0.006537337290868514,0.006537337290868514,2026-07-10T16:49:25.918034+00:00,"Run - Jul 10, 2026 at 22:18:59"
Q15,11,1998954.6107985382,0.0066379334739709505,0.0066379334739709505,2026-07-10T16:49:25.942042+00:00,"Run - Jul 10, 2026 at 22:18:59"
Q16,11,1999946.6478135446,0.006739269188256669,0.006739269188256669,2026-07-10T16:49:25.966524+00:00,"Run - Jul 10, 2026 at 22:18:59"
Q17,11,2000938.6848285538,0.006840604902542377,0.006840604902542377,2026-07-10T16:49:25.990860+00:00,"Run - Jul 10, 2026 at 22:18:59"
Q18,11,2001930.7218435633,0.006941940616828092,0.006941940616828092,2026-07-10T16:49:26.018117+00:00,"Run - Jul 10, 2026 at 22:18:59"
Q19,11,2002922.7588585713,0.007043276331113809,0.007043276331113809,2026-07-10T16:49:26.051109+00:00,"Run - Jul 10, 2026 at 22:18:59"
Q20,11,2003914.7958735789,0.0071446120453995164,0.0071446120453995164,2026-07-10T16:49:26.090583+00:00,"Run - Jul 10, 2026 at 22:18:59"
Q21,11,2004906.8328885878,0.0072459477596852374,0.0072459477596852374,2026-07-10T16:49:26.128863+00:00,"Run - Jul 10, 2026 at 22:18:59"
Q22,11,2005898.8699035977,0.007347283473970952,0.007347283473970952,2026-07-10T16:49:26.161402+00:00,"Run - Jul 10, 2026 at 22:18:59"
Q23,11,2006890.906918607,0.007448619188256668,0.007448619188256668,2026-07-10T16:49:26.195401+00:00,"Run - Jul 10, 2026 at 22:18:59"
Q24,11,2007882.9439336138,0.007549954902542374,0.007549954902542374,2026-07-10T16:49:26.246276+00:00,"Run - Jul 10, 2026 at 22:18:59"
Q0,12,1982630.072968343,0.005127834629233623,0.005127834629233623,2026-07-10T16:49:27.873327+00:00,"Run - Jul 10, 2026 at 22:18:59"
Q1,12,1983621.387991099,0.005229292962566953,0.005229292962566953,2026-07-10T16:49:27.910044+00:00,"Run - Jul 10, 2026 at 22:18:59"
Q2,12,1984040.0526590748,0.005334795603617355,0.005334795603617355,2026-07-10T16:49:27.949283+00:00,"Run - Jul 10, 2026 at 22:18:59"
Q3,12,1985604.0180366081,0.005432209629233625,0.005432209629233625,2026-07-10T16:49:27.992169+00:00,"Run - Jul 10, 2026 at 22:18:59"
Q4,12,1986595.333059361,0.005533667962566954,0.005533667962566954,2026-07-10T16:49:28.033347+00:00,"Run - Jul 10, 2026 at 22:18:59"
Q5,12,1987586.6480821157,0.005635126295900289,0.005635126295900289,2026-07-10T16:49:28.070456+00:00,"Run - Jul 10, 2026 at 22:18:59"
Q6,12,1988577.9631048723,0.005736584629233622,0.005736584629233622,2026-07-10T16:49:28.108659+00:00,"Run - Jul 10, 2026 at 22:18:59"
Q7,12,1989569.2781276277,0.005838042962566952,0.005838042962566952,2026-07-10T16:49:28.150688+00:00,"Run - Jul 10, 2026 at 22:18:59"
Q8,12,1990560.593150382,0.005939501295900287,0.005939501295900287,2026-07-10T16:49:28.186902+00:00,"Run - Jul 10, 2026 at 22:18:59"
Q9,12,1991470.5519021775,0.006041530862775788,0.006041530862775788,2026-07-10T16:49:28.227904+00:00,"Run - Jul 10, 2026 at 22:18:59"
Q10,12,1992543.2231958914,0.006142417962566954,0.006142417962566954,2026-07-10T16:49:28.261465+00:00,"Run - Jul 10, 2026 at 22:18:59"
Q11,12,1992959.3135082135,0.006248358103617359,0.006248358103617359,2026-07-10T16:49:28.300955+00:00,"Run - Jul 10, 2026 at 22:18:59"
Q12,12,1994525.8532413985,0.006345334629233619,0.006345334629233619,2026-07-10T16:49:28.338978+00:00,"Run - Jul 10, 2026 at 22:18:59"
Q13,12,1994941.371474686,0.006451371992506252,0.006451371992506252,2026-07-10T16:49:28.375534+00:00,"Run - Jul 10, 2026 at 22:18:59"
Q14,12,1996508.4832869088,0.006548251295900285,0.006548251295900285,2026-07-10T16:49:28.415920+00:00,"Run - Jul 10, 2026 at 22:18:59"
Q15,12,1997499.798309666,0.006649709629233623,0.006649709629233623,2026-07-10T16:49:28.455027+00:00,"Run - Jul 10, 2026 at 22:18:59"
Q16,12,1998491.1133324185,0.006751167962566959,0.006751167962566959,2026-07-10T16:49:28.492178+00:00,"Run - Jul 10, 2026 at 22:18:59"
Q17,12,1999482.4283551734,0.006852626295900286,0.006852626295900286,2026-07-10T16:49:28.533362+00:00,"Run - Jul 10, 2026 at 22:18:59"
Q18,12,2000473.7433779286,0.006954084629233619,0.006954084629233619,2026-07-10T16:49:28.570904+00:00,"Run - Jul 10, 2026 at 22:18:59"
Q19,12,2001465.0584006826,0.007055542962566958,0.007055542962566958,2026-07-10T16:49:28.604920+00:00,"Run - Jul 10, 2026 at 22:18:59"
Q20,12,2002456.3734234364,0.007157001295900282,0.007157001295900282,2026-07-10T16:49:28.637484+00:00,"Run - Jul 10, 2026 at 22:18:59"
Q21,12,2003447.6884461911,0.007258459629233622,0.007258459629233622,2026-07-10T16:49:28.674196+00:00,"Run - Jul 10, 2026 at 22:18:59"
Q22,12,2004439.0034689466,0.007359917962566958,0.007359917962566958,2026-07-10T16:49:28.711199+00:00,"Run - Jul 10, 2026 at 22:18:59"
Q23,12,2005430.3184917022,0.007461376295900293,0.007461376295900293,2026-07-10T16:49:28.749436+00:00,"Run - Jul 10, 2026 at 22:18:59"
Q24,12,2006421.6335144555,0.007562834629233618,0.007562834629233618,2026-07-10T16:49:28.786195+00:00,"Run - Jul 10, 2026 at 22:18:59"
Q0,13,1981266.528948509,0.00513707760262198,0.00513707760262198,2026-07-10T16:49:30.396175+00:00,"Run - Jul 10, 2026 at 22:18:59"
Q1,13,1982257.1621983938,0.005238651926946302,0.005238651926946302,2026-07-10T16:49:30.429990+00:00,"Run - Jul 10, 2026 at 22:18:59"
Q2,13,1982690.6221301146,0.00534416125337372,0.00534416125337372,2026-07-10T16:49:30.464585+00:00,"Run - Jul 10, 2026 at 22:18:59"
Q3,13,1984238.4286981616,0.0054418005755949555,0.0054418005755949555,2026-07-10T16:49:30.500520+00:00,"Run - Jul 10, 2026 at 22:18:59"
Q4,13,1985229.0619480438,0.0055433748999192765,0.0055433748999192765,2026-07-10T16:49:30.538072+00:00,"Run - Jul 10, 2026 at 22:18:59"
Q5,13,1986219.6951979273,0.005644949224243602,0.005644949224243602,2026-07-10T16:49:30.574613+00:00,"Run - Jul 10, 2026 at 22:18:59"
Q6,13,1987210.3284478136,0.005746523548567925,0.005746523548567925,2026-07-10T16:49:30.612224+00:00,"Run - Jul 10, 2026 at 22:18:59"
Q7,13,1988200.961697698,0.005848097872892247,0.005848097872892247,2026-07-10T16:49:30.648289+00:00,"Run - Jul 10, 2026 at 22:18:59"
Q8,13,1989191.5949475814,0.0059496721972165725,0.0059496721972165725,2026-07-10T16:49:30.684599+00:00,"Run - Jul 10, 2026 at 22:18:59"
Q9,13,1990103.0707446402,0.006051802316338682,0.006051802316338682,2026-07-10T16:49:30.723299+00:00,"Run - Jul 10, 2026 at 22:18:59"
Q10,13,1991172.8614473497,0.006152820845865222,0.006152820845865222,2026-07-10T16:49:30.767996+00:00,"Run - Jul 10, 2026 at 22:18:59"
Q11,13,1991603.816600596,0.006258755847968319,0.006258755847968319,2026-07-10T16:49:30.811091+00:00,"Run - Jul 10, 2026 at 22:18:59"
Q12,13,1993154.127947115,0.0063559694945138695,0.0063559694945138695,2026-07-10T16:49:30.847100+00:00,"Run - Jul 10, 2026 at 22:18:59"
Q13,13,1993584.5264829227,0.006461999091211565,0.006461999091211565,2026-07-10T16:49:30.905947+00:00,"Run - Jul 10, 2026 at 22:18:59"
Q14,13,1995135.3944468836,0.006559118143162517,0.006559118143162517,2026-07-10T16:49:30.963486+00:00,"Run - Jul 10, 2026 at 22:18:59"
Q15,13,1996126.0276967702,0.006660692467486845,0.006660692467486845,2026-07-10T16:49:31.016688+00:00,"Run - Jul 10, 2026 at 22:18:59"
Q16,13,1997116.6609466518,0.0067622667918111725,0.0067622667918111725,2026-07-10T16:49:31.062798+00:00,"Run - Jul 10, 2026 at 22:18:59"
Q17,13,1998107.2941965363,0.00686384111613549,0.00686384111613549,2026-07-10T16:49:31.116942+00:00,"Run - Jul 10, 2026 at 22:18:59"
Q18,13,1999097.9274464205,0.006965415440459816,0.006965415440459816,2026-07-10T16:49:31.164481+00:00,"Run - Jul 10, 2026 at 22:18:59"
Q19,13,2000088.5606963038,0.007066989764784144,0.007066989764784144,2026-07-10T16:49:31.196475+00:00,"Run - Jul 10, 2026 at 22:18:59"
Q20,13,2001079.1939461867,0.00716856408910846,0.00716856408910846,2026-07-10T16:49:31.223687+00:00,"Run - Jul 10, 2026 at 22:18:59"
Q21,13,2002069.8271960705,0.007270138413432789,0.007270138413432789,2026-07-10T16:49:31.264015+00:00,"Run - Jul 10, 2026 at 22:18:59"
Q22,13,2003060.460445955,0.007371712737757118,0.007371712737757118,2026-07-10T16:49:31.297016+00:00,"Run - Jul 10, 2026 at 22:18:59"
Q23,13,2004051.0936958399,0.0074732870620814445,0.0074732870620814445,2026-07-10T16:49:31.323015+00:00,"Run - Jul 10, 2026 at 22:18:59"
Q24,13,2005041.7269457232,0.00757486138640576,0.00757486138640576,2026-07-10T16:49:31.350241+00:00,"Run - Jul 10, 2026 at 22:18:59"
Q0,14,1979822.438644847,0.005146682395372413,0.005146682395372413,2026-07-10T16:49:32.735484+00:00,"Run - Jul 10, 2026 at 22:18:59"
Q1,14,1980812.3498487168,0.0052483797637934634,0.0052483797637934634,2026-07-10T16:49:32.774603+00:00,"Run - Jul 10, 2026 at 22:18:59"
Q2,14,1981259.7501901635,0.0053539085816306856,0.0053539085816306856,2026-07-10T16:49:32.812632+00:00,"Run - Jul 10, 2026 at 22:18:59"
Q3,14,1982792.1722564548,0.005451774500635574,0.005451774500635574,2026-07-10T16:49:32.850312+00:00,"Run - Jul 10, 2026 at 22:18:59"
Q4,14,1983782.0834603219,0.005553471869056623,0.005553471869056623,2026-07-10T16:49:32.892872+00:00,"Run - Jul 10, 2026 at 22:18:59"
Q5,14,1984771.9946641906,0.005655169237477675,0.005655169237477675,2026-07-10T16:49:32.942300+00:00,"Run - Jul 10, 2026 at 22:18:59"
Q6,14,1985761.9058680616,0.005756866605898728,0.005756866605898728,2026-07-10T16:49:32.980849+00:00,"Run - Jul 10, 2026 at 22:18:59"
Q7,14,1986751.8170719312,0.005858563974319779,0.005858563974319779,2026-07-10T16:49:33.025237+00:00,"Run - Jul 10, 2026 at 22:18:59"
Q8,14,1987741.7282757994,0.005960261342740833,0.005960261342740833,2026-07-10T16:49:33.061173+00:00,"Run - Jul 10, 2026 at 22:18:59"
Q9,14,1988654.565117707,0.006062499879780782,0.006062499879780782,2026-07-10T16:49:33.101174+00:00,"Run - Jul 10, 2026 at 22:18:59"
Q10,14,1989721.550683538,0.006163656079582938,0.006163656079582938,2026-07-10T16:49:33.145965+00:00,"Run - Jul 10, 2026 at 22:18:59"
Q11,14,1990166.5121617336,0.0062695993711043745,0.0062695993711043745,2026-07-10T16:49:33.184487+00:00,"Run - Jul 10, 2026 at 22:18:59"
Q12,14,1991701.3730912735,0.006367050816425042,0.006367050816425042,2026-07-10T16:49:33.225495+00:00,"Run - Jul 10, 2026 at 22:18:59"
Q13,14,1992145.7925998576,0.00647308621320964,0.00647308621320964,2026-07-10T16:49:33.264891+00:00,"Run - Jul 10, 2026 at 22:18:59"
Q14,14,1993681.195499012,0.006570445553267146,0.006570445553267146,2026-07-10T16:49:33.328873+00:00,"Run - Jul 10, 2026 at 22:18:59"
Q15,14,1994671.1067028835,0.006672142921688203,0.006672142921688203,2026-07-10T16:49:33.369526+00:00,"Run - Jul 10, 2026 at 22:18:59"
Q16,14,1995661.01790675,0.006773840290109258,0.006773840290109258,2026-07-10T16:49:33.410269+00:00,"Run - Jul 10, 2026 at 22:18:59"
Q17,14,1996650.92911062,0.006875537658530303,0.006875537658530303,2026-07-10T16:49:33.450253+00:00,"Run - Jul 10, 2026 at 22:18:59"
Q18,14,1997640.840314489,0.006977235026951359,0.006977235026951359,2026-07-10T16:49:33.486906+00:00,"Run - Jul 10, 2026 at 22:18:59"
Q19,14,1998630.7515183573,0.007078932395372414,0.007078932395372414,2026-07-10T16:49:33.530912+00:00,"Run - Jul 10, 2026 at 22:18:59"
Q20,14,1999620.6627222253,0.00718062976379346,0.00718062976379346,2026-07-10T16:49:33.573289+00:00,"Run - Jul 10, 2026 at 22:18:59"
Q21,14,2000610.573926094,0.007282327132214516,0.007282327132214516,2026-07-10T16:49:33.613842+00:00,"Run - Jul 10, 2026 at 22:18:59"
Q22,14,2001600.4851299634,0.007384024500635575,0.007384024500635575,2026-07-10T16:49:33.654616+00:00,"Run - Jul 10, 2026 at 22:18:59"
Q23,14,2002590.3963338332,0.007485721869056629,0.007485721869056629,2026-07-10T16:49:33.696544+00:00,"Run - Jul 10, 2026 at 22:18:59"
Q24,14,2003580.307537702,0.007587419237477674,0.007587419237477674,2026-07-10T16:49:33.733565+00:00,"Run - Jul 10, 2026 at 22:18:59"
Q0,15,1978378.5343188262,0.005156171279634546,0.005156171279634546,2026-07-10T16:49:35.438491+00:00,"Run - Jul 10, 2026 at 22:18:59"
Q1,15,1979293.8166993512,0.005258374847697547,0.005258374847697547,2026-07-10T16:49:35.481715+00:00,"Run - Jul 10, 2026 at 22:18:59"
Q2,15,1979754.3686877543,0.005363934977897916,0.005363934977897916,2026-07-10T16:49:35.523718+00:00,"Run - Jul 10, 2026 at 22:18:59"
Q3,15,1981197.9183276142,0.005462449255644859,0.005462449255644859,2026-07-10T16:49:35.565244+00:00,"Run - Jul 10, 2026 at 22:18:59"
Q4,15,1982409.5313717918,0.005563026358866723,0.005563026358866723,2026-07-10T16:49:35.608724+00:00,"Run - Jul 10, 2026 at 22:18:59"
Q5,15,1983176.1488674886,0.0056661159223115225,0.0056661159223115225,2026-07-10T16:49:35.647732+00:00,"Run - Jul 10, 2026 at 22:18:59"
Q6,15,1984387.9839654453,0.005766654563994929,0.005766654563994929,2026-07-10T16:49:35.692033+00:00,"Run - Jul 10, 2026 at 22:18:59"
Q7,15,1985228.7305947004,0.005869336386159085,0.005869336386159085,2026-07-10T16:49:35.734673+00:00,"Run - Jul 10, 2026 at 22:18:59"
Q8,15,1986217.8829105909,0.005971163309236009,0.005971163309236009,2026-07-10T16:49:35.781994+00:00,"Run - Jul 10, 2026 at 22:18:59"
Q9,15,1987057.5118509734,0.006073976548145317,0.006073976548145317,2026-07-10T16:49:35.824831+00:00,"Run - Jul 10, 2026 at 22:18:59"
Q10,15,1988195.9645023663,0.006174841841428007,0.006174841841428007,2026-07-10T16:49:35.869217+00:00,"Run - Jul 10, 2026 at 22:18:59"
Q11,15,1988803.138793792,0.006279862130092739,0.006279862130092739,2026-07-10T16:49:35.911496+00:00,"Run - Jul 10, 2026 at 22:18:59"
Q12,15,1990174.4921741544,0.0063784710015437,0.0063784710015437,2026-07-10T16:49:35.955918+00:00,"Run - Jul 10, 2026 at 22:18:59"
Q13,15,1990632.1397613066,0.0064845247214876675,0.0064845247214876675,2026-07-10T16:49:35.999845+00:00,"Run - Jul 10, 2026 at 22:18:59"
Q14,15,1992152.7968059373,0.006582124847697546,0.006582124847697546,2026-07-10T16:49:36.039377+00:00,"Run - Jul 10, 2026 at 22:18:59"
Q15,15,1993141.949121831,0.0066839517707744725,0.0066839517707744725,2026-07-10T16:49:36.076425+00:00,"Run - Jul 10, 2026 at 22:18:59"
Q16,15,1994131.10143772,0.006785778693851398,0.006785778693851398,2026-07-10T16:49:36.114972+00:00,"Run - Jul 10, 2026 at 22:18:59"
Q17,15,1995120.2537536132,0.006887605616928315,0.006887605616928315,2026-07-10T16:49:36.152906+00:00,"Run - Jul 10, 2026 at 22:18:59"
Q18,15,1996258.6995273584,0.00698842379476416,0.00698842379476416,2026-07-10T16:49:36.192427+00:00,"Run - Jul 10, 2026 at 22:18:59"
Q19,15,1997098.558385395,0.0070912594630821646,0.0070912594630821646,2026-07-10T16:49:36.231428+00:00,"Run - Jul 10, 2026 at 22:18:59"
Q20,15,1998012.877916563,0.007193615922311516,0.007193615922311516,2026-07-10T16:49:36.269956+00:00,"Run - Jul 10, 2026 at 22:18:59"
Q21,15,1999076.8630171763,0.007294913309236008,0.007294913309236008,2026-07-10T16:49:36.306965+00:00,"Run - Jul 10, 2026 at 22:18:59"
Q22,15,2000066.0153330679,0.007396740232312937,0.007396740232312937,2026-07-10T16:49:36.343985+00:00,"Run - Jul 10, 2026 at 22:18:59"
Q23,15,2001055.16764896,0.007498567155389859,0.007498567155389859,2026-07-10T16:49:36.382884+00:00,"Run - Jul 10, 2026 at 22:18:59"
Q24,15,2002044.3199648513,0.007600394078466777,0.007600394078466777,2026-07-10T16:49:36.418825+00:00,"Run - Jul 10, 2026 at 22:18:59"
Q0,16,1976793.6107089394,0.005166069882791332,0.005166069882791332,2026-07-10T16:49:38.049081+00:00,"Run - Jul 10, 2026 at 22:18:59"
Q1,16,1977709.9482986399,0.005268399611652758,0.005268399611652758,2026-07-10T16:49:38.077606+00:00,"Run - Jul 10, 2026 at 22:18:59"
Q2,16,1978182.9237560215,0.005374001988598118,0.005374001988598118,2026-07-10T16:49:38.109439+00:00,"Run - Jul 10, 2026 at 22:18:59"
Q3,16,1979614.3219235744,0.005472734659401388,0.005472734659401388,2026-07-10T16:49:38.143147+00:00,"Run - Jul 10, 2026 at 22:18:59"
Q4,16,1980819.5819103364,0.005573478585042705,0.005573478585042705,2026-07-10T16:49:38.176670+00:00,"Run - Jul 10, 2026 at 22:18:59"
Q5,16,1981590.9712373293,0.005676672159401384,0.005676672159401384,2026-07-10T16:49:38.223141+00:00,"Run - Jul 10, 2026 at 22:18:59"
Q6,16,1982796.4477265265,0.005777378585042706,0.005777378585042706,2026-07-10T16:49:38.255678+00:00,"Run - Jul 10, 2026 at 22:18:59"
Q7,16,1983640.112958739,0.005880174611652757,0.005880174611652757,2026-07-10T16:49:38.286480+00:00,"Run - Jul 10, 2026 at 22:18:59"
Q8,16,1984628.4737354207,0.005982137111652758,0.005982137111652758,2026-07-10T16:49:38.316217+00:00,"Run - Jul 10, 2026 at 22:18:59"
Q9,16,1985471.049220983,0.0060850612695893345,0.0060850612695893345,2026-07-10T16:49:38.344227+00:00,"Run - Jul 10, 2026 at 22:18:59"
Q10,16,1986680.0143039022,0.006185464090754584,0.006185464090754584,2026-07-10T16:49:38.375819+00:00,"Run - Jul 10, 2026 at 22:18:59"
Q11,16,1987220.9100276087,0.006291162211988071,0.006291162211988071,2026-07-10T16:49:38.408964+00:00,"Run - Jul 10, 2026 at 22:18:59"
Q12,16,1988506.8056997429,0.006390621701438127,0.006390621701438127,2026-07-10T16:49:38.441970+00:00,"Run - Jul 10, 2026 at 22:18:59"
Q13,16,1989052.0605083134,0.006496070738598125,0.006496070738598125,2026-07-10T16:49:38.475501+00:00,"Run - Jul 10, 2026 at 22:18:59"
Q14,16,1990483.4525898234,0.006594559201438128,0.006594559201438128,2026-07-10T16:49:38.503624+00:00,"Run - Jul 10, 2026 at 22:18:59"
Q15,16,1991546.9991722028,0.006695874611652759,0.006695874611652759,2026-07-10T16:49:38.534107+00:00,"Run - Jul 10, 2026 at 22:18:59"
Q16,16,1992608.3962037128,0.006797322532337999,0.006797322532337999,2026-07-10T16:49:38.562864+00:00,"Run - Jul 10, 2026 at 22:18:59"
Q17,16,1993523.7207255687,0.006899799611652759,0.006899799611652759,2026-07-10T16:49:38.592865+00:00,"Run - Jul 10, 2026 at 22:18:59"
Q18,16,1994657.6426236592,0.007000778585042705,0.007000778585042705,2026-07-10T16:49:38.621126+00:00,"Run - Jul 10, 2026 at 22:18:59"
Q19,16,1995500.4422789335,0.007103724611652759,0.007103724611652759,2026-07-10T16:49:38.648969+00:00,"Run - Jul 10, 2026 at 22:18:59"
Q20,16,1996415.8410905115,0.0072062034094013796,0.0072062034094013796,2026-07-10T16:49:38.676600+00:00,"Run - Jul 10, 2026 at 22:18:59"
Q21,16,1997477.1638322982,0.007307649611652757,0.007307649611652757,2026-07-10T16:49:38.702599+00:00,"Run - Jul 10, 2026 at 22:18:59"
Q22,16,1998465.5246089816,0.007409612111652764,0.007409612111652764,2026-07-10T16:49:38.728615+00:00,"Run - Jul 10, 2026 at 22:18:59"
Q23,16,1999453.8853856653,0.007511574611652763,0.007511574611652763,2026-07-10T16:49:38.756929+00:00,"Run - Jul 10, 2026 at 22:18:59"
Q24,16,2000515.572243788,0.007612972532337991,0.007612972532337991,2026-07-10T16:49:38.785389+00:00,"Run - Jul 10, 2026 at 22:18:59"
Q0,17,1974851.168279582,0.005178804773333417,0.005178804773333417,2026-07-10T16:49:40.245872+00:00,"Run - Jul 10, 2026 at 22:18:59"
Q1,17,1976193.0724344389,0.005278795368927165,0.005278795368927165,2026-07-10T16:49:40.285667+00:00,"Run - Jul 10, 2026 at 22:18:59"
Q2,17,1976685.345830636,0.005383789610136193,0.005383789610136193,2026-07-10T16:49:40.331370+00:00,"Run - Jul 10, 2026 at 22:18:59"
Q3,17,1977602.1177852375,0.005486323803061692,0.005486323803061692,2026-07-10T16:49:40.372903+00:00,"Run - Jul 10, 2026 at 22:18:59"
Q4,17,1978801.082070093,0.005587269096370296,0.005587269096370296,2026-07-10T16:49:40.417102+00:00,"Run - Jul 10, 2026 at 22:18:59"
Q5,17,1979647.2000966547,0.005690215531001759,0.005690215531001759,2026-07-10T16:49:40.470193+00:00,"Run - Jul 10, 2026 at 22:18:59"
Q6,17,1980775.9334131363,0.00579151299880932,0.00579151299880932,2026-07-10T16:49:40.526808+00:00,"Run - Jul 10, 2026 at 22:18:59"
Q7,17,1981622.122327699,0.005894460341843518,0.005894460341843518,2026-07-10T16:49:40.572343+00:00,"Run - Jul 10, 2026 at 22:18:59"
Q8,17,1982609.4776271107,0.00599659448818498,0.00599659448818498,2026-07-10T16:49:40.618779+00:00,"Run - Jul 10, 2026 at 22:18:59"
Q9,17,1983526.0381487107,0.006099165266476323,0.006099165266476323,2026-07-10T16:49:40.665235+00:00,"Run - Jul 10, 2026 at 22:18:59"
Q10,17,1984657.1823870237,0.006200279345845301,0.006200279345845301,2026-07-10T16:49:40.707221+00:00,"Run - Jul 10, 2026 at 22:18:59"
Q11,17,1985713.0617707411,0.00630212275490688,0.00630212275490688,2026-07-10T16:49:40.749508+00:00,"Run - Jul 10, 2026 at 22:18:59"
Q12,17,1986485.6196614336,0.00640575018553656,0.00640575018553656,2026-07-10T16:49:40.790814+00:00,"Run - Jul 10, 2026 at 22:18:59"
Q13,17,1987546.2541241704,0.006507265219892299,0.006507265219892299,2026-07-10T16:49:40.835811+00:00,"Run - Jul 10, 2026 at 22:18:59"
Q14,17,1988460.2574180292,0.006610030673341441,0.006610030673341441,2026-07-10T16:49:40.876064+00:00,"Run - Jul 10, 2026 at 22:18:59"
Q15,17,1989520.964722999,0.006711533512575226,0.006711533512575226,2026-07-10T16:49:40.917100+00:00,"Run - Jul 10, 2026 at 22:18:59"
Q16,17,1990579.5749051692,0.006813165630316924,0.006813165630316924,2026-07-10T16:49:40.954110+00:00,"Run - Jul 10, 2026 at 22:18:59"
Q17,17,1991495.675321824,0.006915801805258154,0.006915801805258154,2026-07-10T16:49:40.992631+00:00,"Run - Jul 10, 2026 at 22:18:59"
Q18,17,1992625.04147139,0.007016976413443466,0.007016976413443466,2026-07-10T16:49:41.049923+00:00,"Run - Jul 10, 2026 at 22:18:59"
Q19,17,1993470.3859206475,0.007120070097941081,0.007120070097941081,2026-07-10T16:49:41.087448+00:00,"Run - Jul 10, 2026 at 22:18:59"
Q20,17,1994386.5588150797,0.007222707949403148,0.007222707949403148,2026-07-10T16:49:41.129906+00:00,"Run - Jul 10, 2026 at 22:18:59"
Q21,17,1995445.0965194714,0.007324338390624005,0.007324338390624005,2026-07-10T16:49:41.169690+00:00,"Run - Jul 10, 2026 at 22:18:59"
Q22,17,1996432.451818884,0.007426472536965475,0.007426472536965475,2026-07-10T16:49:41.209692+00:00,"Run - Jul 10, 2026 at 22:18:59"
Q23,17,1997490.8817075146,0.007528108167344567,0.007528108167344567,2026-07-10T16:49:41.252811+00:00,"Run - Jul 10, 2026 at 22:18:59"
Q24,17,1998478.7000581387,0.007630190020560819,0.007630190020560819,2026-07-10T16:49:41.290343+00:00,"Run - Jul 10, 2026 at 22:18:59"
Q0,18,1973426.6900000267,0.005187490390962869,0.005187490390962869,2026-07-10T16:49:43.151052+00:00,"Run - Jul 10, 2026 at 22:18:59"
Q1,18,1974690.60795934,0.005288032446422123,0.005288032446422123,2026-07-10T16:49:43.205804+00:00,"Run - Jul 10, 2026 at 22:18:59"
Q2,18,1975193.924053314,0.005393086348554747,0.005393086348554747,2026-07-10T16:49:43.260406+00:00,"Run - Jul 10, 2026 at 22:18:59"
Q3,18,1976180.5343861424,0.0054953482533166625,0.0054953482533166625,2026-07-10T16:49:43.304929+00:00,"Run - Jul 10, 2026 at 22:18:59"
Q4,18,1977304.8126062513,0.005596840132735656,0.005596840132735656,2026-07-10T16:49:43.349574+00:00,"Run - Jul 10, 2026 at 22:18:59"
Q5,18,1978222.5200470497,0.005699492559162919,0.005699492559162919,2026-07-10T16:49:43.392743+00:00,"Run - Jul 10, 2026 at 22:18:59"
Q6,18,1979278.1706650716,0.005801340132735657,0.005801340132735657,2026-07-10T16:49:43.434245+00:00,"Run - Jul 10, 2026 at 22:18:59"
Q7,18,1980126.9757174498,0.005904395872364277,0.005904395872364277,2026-07-10T16:49:43.481650+00:00,"Run - Jul 10, 2026 at 22:18:59"
Q8,18,1981113.5860502762,0.0060066577771261806,0.0060066577771261806,2026-07-10T16:49:43.528018+00:00,"Run - Jul 10, 2026 at 22:18:59"
Q9,18,1981822.5113649578,0.006110753565878063,0.006110753565878063,2026-07-10T16:49:43.573125+00:00,"Run - Jul 10, 2026 at 22:18:59"
Q10,18,1983227.2065084805,0.006210179854605422,0.006210179854605422,2026-07-10T16:49:43.620666+00:00,"Run - Jul 10, 2026 at 22:18:59"
Q11,18,1984211.5658121172,0.006312590132735655,0.006312590132735655,2026-07-10T16:49:43.671618+00:00,"Run - Jul 10, 2026 at 22:18:59"
Q12,18,1984988.4929602416,0.006416309767397964,0.006416309767397964,2026-07-10T16:49:43.717709+00:00,"Run - Jul 10, 2026 at 22:18:59"
Q13,18,1986046.637714409,0.006517967300935708,0.006517967300935708,2026-07-10T16:49:43.764819+00:00,"Run - Jul 10, 2026 at 22:18:59"
Q14,18,1986961.6425180049,0.006620845481683681,0.006620845481683681,2026-07-10T16:49:43.812598+00:00,"Run - Jul 10, 2026 at 22:18:59"
Q15,18,1988019.858380067,0.006722491110459517,0.006722491110459517,2026-07-10T16:49:43.853616+00:00,"Run - Jul 10, 2026 at 22:18:59"
Q16,18,1988866.724474873,0.006825795587722459,0.006825795587722459,2026-07-10T16:49:43.901304+00:00,"Run - Jul 10, 2026 at 22:18:59"
Q17,18,1989993.0790457209,0.006927014919983328,0.006927014919983328,2026-07-10T16:49:43.950589+00:00,"Run - Jul 10, 2026 at 22:18:59"
Q18,18,1991118.3190179835,0.007028340132735657,0.007028340132735657,2026-07-10T16:49:43.992114+00:00,"Run - Jul 10, 2026 at 22:18:59"
Q19,18,1991966.2997113736,0.007131538729507138,0.007131538729507138,2026-07-10T16:49:44.037752+00:00,"Run - Jul 10, 2026 at 22:18:59"
Q20,18,1992952.9100442003,0.007233800634269036,0.007233800634269036,2026-07-10T16:49:44.083278+00:00,"Run - Jul 10, 2026 at 22:18:59"
Q21,18,1993939.5203770264,0.007336062539030945,0.007336062539030945,2026-07-10T16:49:44.131500+00:00,"Run - Jul 10, 2026 at 22:18:59"
Q22,18,1994926.1307098535,0.0074383244437928545,0.0074383244437928545,2026-07-10T16:49:44.171083+00:00,"Run - Jul 10, 2026 at 22:18:59"
Q23,18,1995982.123379775,0.007540099702020065,0.007540099702020065,2026-07-10T16:49:44.217083+00:00,"Run - Jul 10, 2026 at 22:18:59"
Q24,18,1996759.0525963537,0.007643986063912927,0.007643986063912927,2026-07-10T16:49:44.265784+00:00,"Run - Jul 10, 2026 at 22:18:59"
Q0,19,1971735.4758230965,0.0051972547548191925,0.0051972547548191925,2026-07-10T16:49:46.020044+00:00,"Run - Jul 10, 2026 at 22:18:59"
Q1,19,1973055.5101392667,0.005298029000266916,0.005298029000266916,2026-07-10T16:49:46.052088+00:00,"Run - Jul 10, 2026 at 22:18:59"
Q2,19,1973572.6782664252,0.005402785584893549,0.005402785584893549,2026-07-10T16:49:46.082612+00:00,"Run - Jul 10, 2026 at 22:18:59"
Q3,19,1974757.9723803657,0.005504317322930131,0.005504317322930131,2026-07-10T16:49:46.111613+00:00,"Run - Jul 10, 2026 at 22:18:59"
Q4,19,1975878.3388053938,0.005605948926083567,0.005605948926083567,2026-07-10T16:49:46.141164+00:00,"Run - Jul 10, 2026 at 22:18:59"
Q5,19,1976660.7809705331,0.005709642260951843,0.005709642260951843,2026-07-10T16:49:46.170687+00:00,"Run - Jul 10, 2026 at 22:18:59"
Q6,19,1977650.4808494414,0.005811614862465601,0.005811614862465601,2026-07-10T16:49:46.199687+00:00,"Run - Jul 10, 2026 at 22:18:59"
Q7,19,1978835.4349107728,0.005913156569736979,0.005913156569736979,2026-07-10T16:49:46.242689+00:00,"Run - Jul 10, 2026 at 22:18:59"
Q8,19,1979620.4081412896,0.006016601149108303,0.006016601149108303,2026-07-10T16:49:46.275943+00:00,"Run - Jul 10, 2026 at 22:18:59"
Q9,19,1980335.0476319618,0.006120781919517117,0.006120781919517117,2026-07-10T16:49:46.303942+00:00,"Run - Jul 10, 2026 at 22:18:59"
Q10,19,1981596.2171005828,0.006221016451268628,0.006221016451268628,2026-07-10T16:49:46.332942+00:00,"Run - Jul 10, 2026 at 22:18:59"
Q11,19,1982579.8189400425,0.0063235625368842025,0.0063235625368842025,2026-07-10T16:49:46.362389+00:00,"Run - Jul 10, 2026 at 22:18:59"
Q12,19,1983561.202598899,0.006426361127381634,0.006426361127381634,2026-07-10T16:49:46.391059+00:00,"Run - Jul 10, 2026 at 22:18:59"
Q13,19,1984616.973545566,0.006528154532232455,0.006528154532232455,2026-07-10T16:49:46.421195+00:00,"Run - Jul 10, 2026 at 22:18:59"
Q14,19,1985265.0789970395,0.006632601587616266,0.006632601587616266,2026-07-10T16:49:46.448738+00:00,"Run - Jul 10, 2026 at 22:18:59"
Q15,19,1986388.085015153,0.0067340007011726264,0.0067340007011726264,2026-07-10T16:49:46.479361+00:00,"Run - Jul 10, 2026 at 22:18:59"
Q16,19,1987505.5115353665,0.006835912288497151,0.006835912288497151,2026-07-10T16:49:46.507362+00:00,"Run - Jul 10, 2026 at 22:18:59"
Q17,19,1988560.5740116513,0.006937689415953386,0.006937689415953386,2026-07-10T16:49:46.536683+00:00,"Run - Jul 10, 2026 at 22:18:59"
Q18,19,1989681.879822504,0.0070391582284091495,0.0070391582284091495,2026-07-10T16:49:46.566320+00:00,"Run - Jul 10, 2026 at 22:18:59"
Q19,19,1990331.2870916838,0.007143605352335417,0.007143605352335417,2026-07-10T16:49:46.595624+00:00,"Run - Jul 10, 2026 at 22:18:59"
Q20,19,1991450.8087536637,0.007245275567712951,0.007245275567712951,2026-07-10T16:49:46.626622+00:00,"Run - Jul 10, 2026 at 22:18:59"
Q21,19,1992504.17447773,0.007347224299674315,0.007347224299674315,2026-07-10T16:49:46.657111+00:00,"Run - Jul 10, 2026 at 22:18:59"
Q22,19,1993422.5421890586,0.007450054637480402,0.007450054637480402,2026-07-10T16:49:46.686210+00:00,"Run - Jul 10, 2026 at 22:18:59"
Q23,19,1994543.7435051422,0.007551516412361363,0.007551516412361363,2026-07-10T16:49:46.717066+00:00,"Run - Jul 10, 2026 at 22:18:59"
Q24,19,1995123.2536704985,0.007656722516173632,0.007656722516173632,2026-07-10T16:49:46.746157+00:00,"Run - Jul 10, 2026 at 22:18:59"
Q0,20,1970318.543172531,0.005205472066968308,0.005205472066968308,2026-07-10T16:49:48.517865+00:00,"Run - Jul 10, 2026 at 22:18:59"
Q1,20,1971434.1416783384,0.0053073786751508594,0.0053073786751508594,2026-07-10T16:49:48.576295+00:00,"Run - Jul 10, 2026 at 22:18:59"
Q2,20,1971762.3514433606,0.005413472611869981,0.005413472611869981,2026-07-10T16:49:48.625677+00:00,"Run - Jul 10, 2026 at 22:18:59"
Q3,20,1973007.781190168,0.00551482887507716,0.00551482887507716,2026-07-10T16:49:48.680883+00:00,"Run - Jul 10, 2026 at 22:18:59"
Q4,20,1974257.613948445,0.005615698148108042,0.005615698148108042,2026-07-10T16:49:48.723894+00:00,"Run - Jul 10, 2026 at 22:18:59"
Q5,20,1975109.5122510693,0.005719138471855284,0.005719138471855284,2026-07-10T16:49:48.767687+00:00,"Run - Jul 10, 2026 at 22:18:59"
Q6,20,1976163.8266307155,0.005820908184115059,0.005820908184115059,2026-07-10T16:49:48.818565+00:00,"Run - Jul 10, 2026 at 22:18:59"
Q7,20,1977212.3021250935,0.005923321527132968,0.005923321527132968,2026-07-10T16:49:48.862700+00:00,"Run - Jul 10, 2026 at 22:18:59"
Q8,20,1978001.0346552292,0.0060268810024276705,0.0060268810024276705,2026-07-10T16:49:48.906759+00:00,"Run - Jul 10, 2026 at 22:18:59"
Q9,20,1978521.532678215,0.006132531529797558,0.006132531529797558,2026-07-10T16:49:48.952546+00:00,"Run - Jul 10, 2026 at 22:18:59"
Q10,20,1979975.138066072,0.006231582320447987,0.006231582320447987,2026-07-10T16:49:48.997022+00:00,"Run - Jul 10, 2026 at 22:18:59"
Q11,20,1980892.1491779825,0.006334660066719052,0.006334660066719052,2026-07-10T16:49:49.042020+00:00,"Run - Jul 10, 2026 at 22:18:59"
Q12,20,1981938.664003688,0.006437191890285698,0.006437191890285698,2026-07-10T16:49:49.103515+00:00,"Run - Jul 10, 2026 at 22:18:59"
Q13,20,1982992.0397564245,0.006539137717753548,0.006539137717753548,2026-07-10T16:49:49.166070+00:00,"Run - Jul 10, 2026 at 22:18:59"
Q14,20,1983581.081184783,0.006644090275389023,0.006644090275389023,2026-07-10T16:49:49.214880+00:00,"Run - Jul 10, 2026 at 22:18:59"
Q15,20,1984766.0978932371,0.006745237382854167,0.006745237382854167,2026-07-10T16:49:49.262350+00:00,"Run - Jul 10, 2026 at 22:18:59"
Q16,20,1985745.5330048027,0.006848364864154021,0.006848364864154021,2026-07-10T16:49:49.305388+00:00,"Run - Jul 10, 2026 at 22:18:59"
Q17,20,1986998.4435079882,0.006948798191515882,0.006948798191515882,2026-07-10T16:49:49.351010+00:00,"Run - Jul 10, 2026 at 22:18:59"
Q18,20,1988049.83252863,0.007050857239017133,0.007050857239017133,2026-07-10T16:49:49.394541+00:00,"Run - Jul 10, 2026 at 22:18:59"
Q19,20,1988571.6854952187,0.007156496721995961,0.007156496721995961,2026-07-10T16:49:49.439557+00:00,"Run - Jul 10, 2026 at 22:18:59"
Q20,20,1989953.4248375187,0.007256394357261637,0.007256394357261637,2026-07-10T16:49:49.483659+00:00,"Run - Jul 10, 2026 at 22:18:59"
Q21,20,1990872.7829244472,0.007359319535935363,0.007359319535935363,2026-07-10T16:49:49.525964+00:00,"Run - Jul 10, 2026 at 22:18:59"
Q22,20,1991854.6841721165,0.007462171670932053,0.007462171670932053,2026-07-10T16:49:49.567516+00:00,"Run - Jul 10, 2026 at 22:18:59"
Q23,20,1992909.197310952,0.007563900464243161,0.007563900464243161,2026-07-10T16:49:49.609684+00:00,"Run - Jul 10, 2026 at 22:18:59"
Q24,20,1993428.4717764035,0.0076698906656182736,0.0076698906656182736,2026-07-10T16:49:49.651538+00:00,"Run - Jul 10, 2026 at 22:18:59"
Q0,21,1968385.664838778,0.005216511030546997,0.005216511030546997,2026-07-10T16:49:51.529124+00:00,"Run - Jul 10, 2026 at 22:18:59"
Q1,21,1969497.3982546455,0.0053185974918810485,0.0053185974918810485,2026-07-10T16:49:51.571128+00:00,"Run - Jul 10, 2026 at 22:18:59"
Q2,21,1969969.5420975834,0.005423891320623323,0.005423891320623323,2026-07-10T16:49:51.619339+00:00,"Run - Jul 10, 2026 at 22:18:59"
Q3,21,1971208.286701574,0.005525428555759232,0.005525428555759232,2026-07-10T16:49:51.661194+00:00,"Run - Jul 10, 2026 at 22:18:59"
Q4,21,1972320.9046604286,0.005627398754328071,0.005627398754328071,2026-07-10T16:49:51.704895+00:00,"Run - Jul 10, 2026 at 22:18:59"
Q5,21,1973174.7978776286,0.005730984848658708,0.005730984848658708,2026-07-10T16:49:51.751028+00:00,"Run - Jul 10, 2026 at 22:18:59"
Q6,21,1974226.6090368053,0.005832937456201599,0.005832937456201599,2026-07-10T16:49:51.798587+00:00,"Run - Jul 10, 2026 at 22:18:59"
Q7,21,1975272.71106372,0.005935519391596887,0.005935519391596887,2026-07-10T16:49:51.844841+00:00,"Run - Jul 10, 2026 at 22:18:59"
Q8,21,1976064.842192264,0.00603922198966282,0.00603922198966282,2026-07-10T16:49:51.893377+00:00,"Run - Jul 10, 2026 at 22:18:59"
Q9,21,1976789.9587301211,0.006143606664598177,0.006143606664598177,2026-07-10T16:49:51.943492+00:00,"Run - Jul 10, 2026 at 22:18:59"
Q10,21,1978101.462629522,0.006243859902617241,0.006243859902617241,2026-07-10T16:49:51.989027+00:00,"Run - Jul 10, 2026 at 22:18:59"
Q11,21,1978954.4876895242,0.006347494852525501,0.006347494852525501,2026-07-10T16:49:52.033349+00:00,"Run - Jul 10, 2026 at 22:18:59"
Q12,21,1979998.6726181812,0.006450192635568446,0.006450192635568446,2026-07-10T16:49:52.076886+00:00,"Run - Jul 10, 2026 at 22:18:59"
Q13,21,1981049.5660088242,0.006552317444648122,0.006552317444648122,2026-07-10T16:49:52.117880+00:00,"Run - Jul 10, 2026 at 22:18:59"
Q14,21,1981646.4436156305,0.006657382167669476,0.006657382167669476,2026-07-10T16:49:52.162623+00:00,"Run - Jul 10, 2026 at 22:18:59"
Q15,21,1982826.0526074194,0.006758726006079838,0.006758726006079838,2026-07-10T16:49:52.209151+00:00,"Run - Jul 10, 2026 at 22:18:59"
Q16,21,1983935.8613238956,0.006860963745078829,0.006860963745078829,2026-07-10T16:49:52.255086+00:00,"Run - Jul 10, 2026 at 22:18:59"
Q17,21,1985050.6425177774,0.006962652130104627,0.006962652130104627,2026-07-10T16:49:52.285469+00:00,"Run - Jul 10, 2026 at 22:18:59"
Q18,21,1986099.5933259276,0.007064887643216961,0.007064887643216961,2026-07-10T16:49:52.317469+00:00,"Run - Jul 10, 2026 at 22:18:59"
Q19,21,1986762.1836469723,0.00716954822830206,0.00716954822830206,2026-07-10T16:49:52.349470+00:00,"Run - Jul 10, 2026 at 22:18:59"
Q20,21,1988002.7355594416,0.007270746158833809,0.007270746158833809,2026-07-10T16:49:52.384760+00:00,"Run - Jul 10, 2026 at 22:18:59"
Q21,21,1988922.5894546276,0.007373828555759231,0.007373828555759231,2026-07-10T16:49:52.416760+00:00,"Run - Jul 10, 2026 at 22:18:59"
Q22,21,1990035.2000190527,0.007475730400595127,0.007475730400595127,2026-07-10T16:49:52.446882+00:00,"Run - Jul 10, 2026 at 22:18:59"
Q23,21,1990955.602164033,0.007578752130104634,0.007578752130104634,2026-07-10T16:49:52.480538+00:00,"Run - Jul 10, 2026 at 22:18:59"
Q24,21,1991615.9967130243,0.00768370008428832,0.00768370008428832,2026-07-10T16:49:52.513539+00:00,"Run - Jul 10, 2026 at 22:18:59"
Q0,22,1966478.862321268,0.005226871074111282,0.005226871074111282,2026-07-10T16:49:54.077433+00:00,"Run - Jul 10, 2026 at 22:18:59"
Q1,22,1967588.0077426771,0.005329022473093392,0.005329022473093392,2026-07-10T16:49:54.116488+00:00,"Run - Jul 10, 2026 at 22:18:59"
Q2,22,1968070.1249552483,0.005434429098995163,0.005434429098995163,2026-07-10T16:49:54.150489+00:00,"Run - Jul 10, 2026 at 22:18:59"
Q3,22,1969616.196083796,0.005534467490908773,0.005534467490908773,2026-07-10T16:49:54.186004+00:00,"Run - Jul 10, 2026 at 22:18:59"
Q4,22,1970222.4275425475,0.005639391245814867,0.005639391245814867,2026-07-10T16:49:54.227209+00:00,"Run - Jul 10, 2026 at 22:18:59"
Q5,22,1971331.521130699,0.005741515760444262,0.005741515760444262,2026-07-10T16:49:54.275804+00:00,"Run - Jul 10, 2026 at 22:18:59"
Q6,22,1972250.9780332414,0.005844819432873864,0.005844819432873864,2026-07-10T16:49:54.321455+00:00,"Run - Jul 10, 2026 at 22:18:59"
Q7,22,1973171.109244827,0.005948052738795229,0.005948052738795229,2026-07-10T16:49:54.361464+00:00,"Run - Jul 10, 2026 at 22:18:59"
Q8,22,1973966.3684659156,0.00605191397603364,0.00605191397603364,2026-07-10T16:49:54.402246+00:00,"Run - Jul 10, 2026 at 22:18:59"
Q9,22,1974759.3592018057,0.0061560330455879995,0.0061560330455879995,2026-07-10T16:49:54.446245+00:00,"Run - Jul 10, 2026 at 22:18:59"
Q10,22,1976251.5585589176,0.006255393917779179,0.006255393917779179,2026-07-10T16:49:54.494779+00:00,"Run - Jul 10, 2026 at 22:18:59"
Q11,22,1976854.240586208,0.0063607243853558305,0.0063607243853558305,2026-07-10T16:49:54.543778+00:00,"Run - Jul 10, 2026 at 22:18:59"
Q12,22,1977959.4579522104,0.006463176930232829,0.006463176930232829,2026-07-10T16:49:54.595255+00:00,"Run - Jul 10, 2026 at 22:18:59"
Q13,22,1979449.5268563407,0.0065627283604739895,0.0065627283604739895,2026-07-10T16:49:54.640259+00:00,"Run - Jul 10, 2026 at 22:18:59"
Q14,22,1979548.7207347197,0.0066711141501705875,0.0066711141501705875,2026-07-10T16:49:54.684436+00:00,"Run - Jul 10, 2026 at 22:18:59"
Q15,22,1980723.0343872434,0.006772667905137246,0.006772667905137246,2026-07-10T16:49:54.728452+00:00,"Run - Jul 10, 2026 at 22:18:59"
Q16,22,1982019.0243908,0.006873815166397288,0.006873815166397288,2026-07-10T16:49:54.772584+00:00,"Run - Jul 10, 2026 at 22:18:59"
Q17,22,1982939.960316314,0.006976986939509323,0.006976986939509323,2026-07-10T16:49:54.817081+00:00,"Run - Jul 10, 2026 at 22:18:59"
Q18,22,1983986.4561804957,0.007079412984945302,0.007079412984945302,2026-07-10T16:49:54.858690+00:00,"Run - Jul 10, 2026 at 22:18:59"
Q19,22,1984654.9906985958,0.007184211383398116,0.007184211383398116,2026-07-10T16:49:54.903218+00:00,"Run - Jul 10, 2026 at 22:18:59"
Q20,22,1986076.9984822122,0.007284532659957754,0.007284532659957754,2026-07-10T16:49:54.948081+00:00,"Run - Jul 10, 2026 at 22:18:59"
Q21,22,1986809.127831545,0.007388876921127955,0.007388876921127955,2026-07-10T16:49:54.989857+00:00,"Run - Jul 10, 2026 at 22:18:59"
Q22,22,1987917.8995442558,0.007490976551945681,0.007490976551945681,2026-07-10T16:49:55.036861+00:00,"Run - Jul 10, 2026 at 22:18:59"
Q23,22,1988965.911001102,0.0075932209594542065,0.0075932209594542065,2026-07-10T16:49:55.095381+00:00,"Run - Jul 10, 2026 at 22:18:59"
Q24,22,1989695.740797572,0.007697839846058746,0.007697839846058746,2026-07-10T16:49:55.151386+00:00,"Run - Jul 10, 2026 at 22:18:59"
Q0,23,1965017.1539549697,0.00523536299089029,0.00523536299089029,2026-07-10T16:49:57.143266+00:00,"Run - Jul 10, 2026 at 22:18:59"
Q1,23,1965453.936464224,0.005340501607595253,0.005340501607595253,2026-07-10T16:49:57.193587+00:00,"Run - Jul 10, 2026 at 22:18:59"
Q2,23,1966374.979661482,0.005443803229884944,0.005443803229884944,2026-07-10T16:49:57.257699+00:00,"Run - Jul 10, 2026 at 22:18:59"
Q3,23,1967722.5796627998,0.005545190591225679,0.005545190591225679,2026-07-10T16:49:57.304257+00:00,"Run - Jul 10, 2026 at 22:18:59"
Q4,23,1968884.1151700255,0.00564775783570683,0.00564775783570683,2026-07-10T16:49:57.346928+00:00,"Run - Jul 10, 2026 at 22:18:59"
Q5,23,1969135.5857388463,0.005754067418831103,0.005754067418831103,2026-07-10T16:49:57.390456+00:00,"Run - Jul 10, 2026 at 22:18:59"
Q6,23,1970116.968737433,0.005857185866103799,0.005857185866103799,2026-07-10T16:49:57.436221+00:00,"Run - Jul 10, 2026 at 22:18:59"
Q7,23,1971098.1547017626,0.00596032977653657,0.00596032977653657,2026-07-10T16:49:57.482534+00:00,"Run - Jul 10, 2026 at 22:18:59"
Q8,23,1971896.3786197857,0.006064348221493312,0.006064348221493312,2026-07-10T16:49:57.528301+00:00,"Run - Jul 10, 2026 at 22:18:59"
Q9,23,1973565.7678674646,0.006162496803020743,0.006162496803020743,2026-07-10T16:49:57.585539+00:00,"Run - Jul 10, 2026 at 22:18:59"
Q10,23,1974050.061934848,0.006268900296222725,0.006268900296222725,2026-07-10T16:49:57.635204+00:00,"Run - Jul 10, 2026 at 22:18:59"
Q11,23,1974782.4619700918,0.0063736892604043935,0.0063736892604043935,2026-07-10T16:49:57.679510+00:00,"Run - Jul 10, 2026 at 22:18:59"
Q12,23,1975823.1205766331,0.0064766208635189575,0.0064766208635189575,2026-07-10T16:49:57.725521+00:00,"Run - Jul 10, 2026 at 22:18:59"
Q13,23,1977237.607595756,0.006577029066797556,0.006577029066797556,2026-07-10T16:49:57.772714+00:00,"Run - Jul 10, 2026 at 22:18:59"
Q14,23,1977418.2789039812,0.006684878568138888,0.006684878568138888,2026-07-10T16:49:57.818215+00:00,"Run - Jul 10, 2026 at 22:18:59"
Q15,23,1978587.46198294,0.0067866439453403,0.0067866439453403,2026-07-10T16:49:57.864434+00:00,"Run - Jul 10, 2026 at 22:18:59"
Q16,23,1980495.1001748522,0.006883885950796939,0.006883885950796939,2026-07-10T16:49:57.909962+00:00,"Run - Jul 10, 2026 at 22:18:59"
Q17,23,1980796.9289218162,0.006991360447066164,0.006991360447066164,2026-07-10T16:49:57.953763+00:00,"Run - Jul 10, 2026 at 22:18:59"
Q18,23,1981902.1240376693,0.007093655762130257,0.007093655762130257,2026-07-10T16:49:58.000137+00:00,"Run - Jul 10, 2026 at 22:18:59"
Q19,23,1982576.3195229797,0.0071985914287011,0.0071985914287011,2026-07-10T16:49:58.048137+00:00,"Run - Jul 10, 2026 at 22:18:59"
Q20,23,1984112.7077349154,0.007298207852352746,0.007298207852352746,2026-07-10T16:49:58.093313+00:00,"Run - Jul 10, 2026 at 22:18:59"
Q21,23,1985096.5965436914,0.007401034077078739,0.007401034077078739,2026-07-10T16:49:58.162469+00:00,"Run - Jul 10, 2026 at 22:18:59"
Q22,23,1986201.8466423072,0.007503296481708855,0.007503296481708855,2026-07-10T16:49:58.211918+00:00,"Run - Jul 10, 2026 at 22:18:59"
Q23,23,1986813.79682969,0.00760871714743775,0.00760871714743775,2026-07-10T16:49:58.264179+00:00,"Run - Jul 10, 2026 at 22:18:59"
Q24,23,1987735.7317087264,0.007711985180760619,0.007711985180760619,2026-07-10T16:49:58.320750+00:00,"Run - Jul 10, 2026 at 22:18:59"
Q0,24,1963874.9393234625,0.005240311209494876,0.005240311209494876,2026-07-10T16:50:00.231792+00:00,"Run - Jul 10, 2026 at 22:18:59"
Q1,24,1963782.0598083672,0.005348291773187759,0.005348291773187759,2026-07-10T16:50:00.264791+00:00,"Run - Jul 10, 2026 at 22:18:59"
Q2,24,1964274.0545653673,0.005454766175800885,0.005454766175800885,2026-07-10T16:50:00.299830+00:00,"Run - Jul 10, 2026 at 22:18:59"
Q3,24,1966042.6950585125,0.005553299736325883,0.005553299736325883,2026-07-10T16:50:00.333829+00:00,"Run - Jul 10, 2026 at 22:18:59"
Q4,24,1967382.0733515602,0.0056548321954519795,0.0056548321954519795,2026-07-10T16:50:00.366836+00:00,"Run - Jul 10, 2026 at 22:18:59"
Q5,24,1967648.023700863,0.005761203037261165,0.005761203037261165,2026-07-10T16:50:00.403459+00:00,"Run - Jul 10, 2026 at 22:18:59"
Q6,24,1968987.8948901843,0.005862648191474772,0.005862648191474772,2026-07-10T16:50:00.437468+00:00,"Run - Jul 10, 2026 at 22:18:59"
Q7,24,1969426.4565205777,0.0059689568552761295,0.0059689568552761295,2026-07-10T16:50:00.473667+00:00,"Run - Jul 10, 2026 at 22:18:59"
Q8,24,1970227.678499412,0.006073099915962942,0.006073099915962942,2026-07-10T16:50:00.521242+00:00,"Run - Jul 10, 2026 at 22:18:59"
Q9,24,1971875.5002013089,0.006172049176796973,0.006172049176796973,2026-07-10T16:50:00.559241+00:00,"Run - Jul 10, 2026 at 22:18:59"
Q10,24,1972313.2184643492,0.006278492230623301,0.006278492230623301,2026-07-10T16:50:00.596565+00:00,"Run - Jul 10, 2026 at 22:18:59"
Q11,24,1972742.1777048747,0.006385793863861223,0.006385793863861223,2026-07-10T16:50:00.632628+00:00,"Run - Jul 10, 2026 at 22:18:59"
Q12,24,1974213.716853913,0.006485421386458575,0.006485421386458575,2026-07-10T16:50:00.668643+00:00,"Run - Jul 10, 2026 at 22:18:59"
Q13,24,1975185.0615995184,0.006589543257621194,0.006589543257621194,2026-07-10T16:50:00.703297+00:00,"Run - Jul 10, 2026 at 22:18:59"
Q14,24,1975814.960387053,0.006693913305565594,0.006693913305565594,2026-07-10T16:50:00.737795+00:00,"Run - Jul 10, 2026 at 22:18:59"
Q15,24,1976916.7583728915,0.00679638947889645,0.00679638947889645,2026-07-10T16:50:00.768687+00:00,"Run - Jul 10, 2026 at 22:18:59"
Q16,24,1979047.3790378848,0.006892228935523262,0.006892228935523262,2026-07-10T16:50:00.802918+00:00,"Run - Jul 10, 2026 at 22:18:59"
Q17,24,1979119.4502020814,0.00700142438683636,0.00700142438683636,2026-07-10T16:50:00.836948+00:00,"Run - Jul 10, 2026 at 22:18:59"
Q18,24,1980282.5386962995,0.007103404916013324,0.007103404916013324,2026-07-10T16:50:00.869952+00:00,"Run - Jul 10, 2026 at 22:18:59"
Q19,24,1980901.0256172607,0.007208921389687233,0.007208921389687233,2026-07-10T16:50:00.902988+00:00,"Run - Jul 10, 2026 at 22:18:59"
Q20,24,1982486.3847619754,0.007308268421022844,0.007308268421022844,2026-07-10T16:50:00.939646+00:00,"Run - Jul 10, 2026 at 22:18:59"
Q21,24,1983530.6317911977,0.0074107654819519355,0.0074107654819519355,2026-07-10T16:50:00.972721+00:00,"Run - Jul 10, 2026 at 22:18:59"
Q22,24,1984509.9040989121,0.007514153420757327,0.007514153420757327,2026-07-10T16:50:01.006234+00:00,"Run - Jul 10, 2026 at 22:18:59"
Q23,24,1985128.7330498286,0.007619669489283539,0.007619669489283539,2026-07-10T16:50:01.038955+00:00,"Run - Jul 10, 2026 at 22:18:59"
Q24,24,1986051.0886779882,0.007723077771912182,0.007723077771912182,2026-07-10T16:50:01.082474+00:00,"Run - Jul 10, 2026 at 22:18:59"
Q0,25,1961837.8177835415,0.005249874758877608,0.005249874758877608,2026-07-10T16:50:02.718512+00:00,"Run - Jul 10, 2026 at 22:18:59"
Q1,25,1961587.0714087086,0.0053590806976475365,0.0053590806976475365,2026-07-10T16:50:02.766654+00:00,"Run - Jul 10, 2026 at 22:18:59"
Q2,25,1962325.325640395,0.0054642374664812575,0.0054642374664812575,2026-07-10T16:50:02.815193+00:00,"Run - Jul 10, 2026 at 22:18:59"
Q3,25,1965072.769800417,0.005558329106439958,0.005558329106439958,2026-07-10T16:50:02.874511+00:00,"Run - Jul 10, 2026 at 22:18:59"
Q4,25,1965290.0148205736,0.0056654315482701275,0.0056654315482701275,2026-07-10T16:50:02.925971+00:00,"Run - Jul 10, 2026 at 22:18:59"
Q5,25,1965746.7073600194,0.005770902108116939,0.005770902108116939,2026-07-10T16:50:02.980695+00:00,"Run - Jul 10, 2026 at 22:18:59"
Q6,25,1966960.9091274762,0.005873157481478724,0.005873157481478724,2026-07-10T16:50:03.042183+00:00,"Run - Jul 10, 2026 at 22:18:59"
Q7,25,1967288.6896351255,0.005980539257128765,0.005980539257128765,2026-07-10T16:50:03.108098+00:00,"Run - Jul 10, 2026 at 22:18:59"
Q8,25,1968092.5210858951,0.006084847765556663,0.006084847765556663,2026-07-10T16:50:03.165733+00:00,"Run - Jul 10, 2026 at 22:18:59"
Q9,25,1970440.9773225423,0.006179236676370389,0.006179236676370389,2026-07-10T16:50:03.219792+00:00,"Run - Jul 10, 2026 at 22:18:59"
Q10,25,1970232.6868248084,0.006290259585837321,0.006290259585837321,2026-07-10T16:50:03.277124+00:00,"Run - Jul 10, 2026 at 22:18:59"
Q11,25,1971672.4074510953,0.006392151649640749,0.006392151649640749,2026-07-10T16:50:03.353091+00:00,"Run - Jul 10, 2026 at 22:18:59"
Q12,25,1973373.2216993778,0.0064902037184684895,0.0064902037184684895,2026-07-10T16:50:03.405620+00:00,"Run - Jul 10, 2026 at 22:18:59"
Q13,25,1973223.2112343796,0.006600886444590947,0.006600886444590947,2026-07-10T16:50:03.458114+00:00,"Run - Jul 10, 2026 at 22:18:59"
Q14,25,1973859.3051421423,0.00670540200176097,0.00670540200176097,2026-07-10T16:50:03.510156+00:00,"Run - Jul 10, 2026 at 22:18:59"
Q15,25,1974957.6676523255,0.006808062334819768,0.006808062334819768,2026-07-10T16:50:03.563255+00:00,"Run - Jul 10, 2026 at 22:18:59"
Q16,25,1976824.2938304387,0.006906006461709435,0.006906006461709435,2026-07-10T16:50:03.613801+00:00,"Run - Jul 10, 2026 at 22:18:59"
Q17,25,1977153.5069820918,0.007013463877291516,0.007013463877291516,2026-07-10T16:50:03.668394+00:00,"Run - Jul 10, 2026 at 22:18:59"
Q18,25,1978012.9640579505,0.007117837175083608,0.007117837175083608,2026-07-10T16:50:03.726154+00:00,"Run - Jul 10, 2026 at 22:18:59"
Q19,25,1978936.824110379,0.00722127726783931,0.00722127726783931,2026-07-10T16:50:03.787245+00:00,"Run - Jul 10, 2026 at 22:18:59"
Q20,25,1980568.4399721997,0.007320450851393683,0.007320450851393683,2026-07-10T16:50:03.840494+00:00,"Run - Jul 10, 2026 at 22:18:59"
Q21,25,1981370.4777665697,0.007424994646525471,0.007424994646525471,2026-07-10T16:50:03.889033+00:00,"Run - Jul 10, 2026 at 22:18:59"
Q22,25,1982529.2026033474,0.007527106604397768,0.007527106604397768,2026-07-10T16:50:03.943408+00:00,"Run - Jul 10, 2026 at 22:18:59"
Q23,25,1983154.4525895256,0.0076327447939744655,0.0076327447939744655,2026-07-10T16:50:03.992101+00:00,"Run - Jul 10, 2026 at 22:18:59"
Q24,25,1984017.1768052962,0.007736779094765599,0.007736779094765599,2026-07-10T16:50:04.048274+00:00,"Run - Jul 10, 2026 at 22:18:59"
Q0,26,1960755.2559730513,0.005253747517137217,0.005253747517137217,2026-07-10T16:50:06.194499+00:00,"Run - Jul 10, 2026 at 22:18:59"
Q1,26,1960469.9072671281,0.00536333061393907,0.00536333061393907,2026-07-10T16:50:06.250200+00:00,"Run - Jul 10, 2026 at 22:18:59"
Q2,26,1961212.4441786886,0.005468549247396116,0.005468549247396116,2026-07-10T16:50:06.304832+00:00,"Run - Jul 10, 2026 at 22:18:59"
Q3,26,1963578.2717426703,0.005564714969456425,0.005564714969456425,2026-07-10T16:50:06.351838+00:00,"Run - Jul 10, 2026 at 22:18:59"
Q4,26,1964214.7174575627,0.005669633170741885,0.005669633170741885,2026-07-10T16:50:06.388597+00:00,"Run - Jul 10, 2026 at 22:18:59"
Q5,26,1964214.5407595334,0.005778183060284586,0.005778183060284586,2026-07-10T16:50:06.421597+00:00,"Run - Jul 10, 2026 at 22:18:59"
Q6,26,1965890.348072437,0.005877524585286311,0.005877524585286311,2026-07-10T16:50:06.456605+00:00,"Run - Jul 10, 2026 at 22:18:59"
Q7,26,1966230.650066988,0.00598491872542335,0.00598491872542335,2026-07-10T16:50:06.495351+00:00,"Run - Jul 10, 2026 at 22:18:59"
Q8,26,1966978.5823023203,0.006089737340490013,0.006089737340490013,2026-07-10T16:50:06.530351+00:00,"Run - Jul 10, 2026 at 22:18:59"
Q9,26,1969299.117178741,0.0061844034730874665,0.0061844034730874665,2026-07-10T16:50:06.567356+00:00,"Run - Jul 10, 2026 at 22:18:59"
Q10,26,1969057.0113479493,0.006295631468845777,0.006295631468845777,2026-07-10T16:50:06.602679+00:00,"Run - Jul 10, 2026 at 22:18:59"
Q11,26,1970544.014233737,0.006397390146892417,0.006397390146892417,2026-07-10T16:50:06.637675+00:00,"Run - Jul 10, 2026 at 22:18:59"
Q12,26,1972288.8769752302,0.006495189897536281,0.006495189897536281,2026-07-10T16:50:06.674537+00:00,"Run - Jul 10, 2026 at 22:18:59"
Q13,26,1971754.4560041171,0.006608371160844394,0.006608371160844394,2026-07-10T16:50:06.708962+00:00,"Run - Jul 10, 2026 at 22:18:59"
Q14,26,1972161.4600900249,0.006714765386216664,0.006714765386216664,2026-07-10T16:50:06.745663+00:00,"Run - Jul 10, 2026 at 22:18:59"
Q15,26,1973256.613711571,0.006817587512614287,0.006817587512614287,2026-07-10T16:50:06.782428+00:00,"Run - Jul 10, 2026 at 22:18:59"
Q16,26,1975688.1017080282,0.00691179286271973,0.00691179286271973,2026-07-10T16:50:06.817258+00:00,"Run - Jul 10, 2026 at 22:18:59"
Q17,26,1975503.987231403,0.007022951933723369,0.007022951933723369,2026-07-10T16:50:06.851716+00:00,"Run - Jul 10, 2026 at 22:18:59"
Q18,26,1976307.079273783,0.007127811856072851,0.007127811856072851,2026-07-10T16:50:06.884721+00:00,"Run - Jul 10, 2026 at 22:18:59"
Q19,26,1977815.52467589,0.007227253252727007,0.007227253252727007,2026-07-10T16:50:06.920727+00:00,"Run - Jul 10, 2026 at 22:18:59"
Q20,26,1978908.2140669352,0.007330306982049402,0.007330306982049402,2026-07-10T16:50:06.957791+00:00,"Run - Jul 10, 2026 at 22:18:59"
Q21,26,1980238.600787971,0.007431226283839448,0.007431226283839448,2026-07-10T16:50:06.993627+00:00,"Run - Jul 10, 2026 at 22:18:59"
Q22,26,1980749.7741406658,0.00753815967988987,0.00753815967988987,2026-07-10T16:50:07.031088+00:00,"Run - Jul 10, 2026 at 22:18:59"
Q23,26,1981439.529842559,0.007643496322585891,0.007643496322585891,2026-07-10T16:50:07.076138+00:00,"Run - Jul 10, 2026 at 22:18:59"
Q24,26,1982889.5091394437,0.007743270043114771,0.007743270043114771,2026-07-10T16:50:07.114658+00:00,"Run - Jul 10, 2026 at 22:18:59"
Q0,27,1958923.3965424383,0.005261590523917387,0.005261590523917387,2026-07-10T16:50:08.774018+00:00,"Run - Jul 10, 2026 at 22:18:59"
Q1,27,1958661.950069824,0.005371211207056459,0.005371211207056459,2026-07-10T16:50:08.826627+00:00,"Run - Jul 10, 2026 at 22:18:59"
Q2,27,1959236.5505040267,0.005477658595287214,0.005477658595287214,2026-07-10T16:50:08.877756+00:00,"Run - Jul 10, 2026 at 22:18:59"
Q3,27,1961745.9805436034,0.005573019398740139,0.005573019398740139,2026-07-10T16:50:08.927277+00:00,"Run - Jul 10, 2026 at 22:18:59"
Q4,27,1962100.9658289147,0.00568003050762131,0.00568003050762131,2026-07-10T16:50:08.978267+00:00,"Run - Jul 10, 2026 at 22:18:59"
Q5,27,1962349.9379599697,0.005786988435857245,0.005786988435857245,2026-07-10T16:50:09.032401+00:00,"Run - Jul 10, 2026 at 22:18:59"
Q6,27,1963780.0685476714,0.005888267188547219,0.005888267188547219,2026-07-10T16:50:09.096797+00:00,"Run - Jul 10, 2026 at 22:18:59"
Q7,27,1964419.5800923714,0.005993728963413596,0.005993728963413596,2026-07-10T16:50:09.155796+00:00,"Run - Jul 10, 2026 at 22:18:59"
Q8,27,1964883.2924576134,0.006100740477962612,0.006100740477962612,2026-07-10T16:50:09.212516+00:00,"Run - Jul 10, 2026 at 22:18:59"
Q9,27,1967176.4904532498,0.00619576119619541,0.00619576119619541,2026-07-10T16:50:09.271263+00:00,"Run - Jul 10, 2026 at 22:18:59"
Q10,27,1967071.0085948484,0.006306326073127045,0.006306326073127045,2026-07-10T16:50:09.324276+00:00,"Run - Jul 10, 2026 at 22:18:59"
Q11,27,1968896.6509259723,0.006405409302392327,0.006405409302392327,2026-07-10T16:50:09.392801+00:00,"Run - Jul 10, 2026 at 22:18:59"
Q12,27,1970162.1189178333,0.00650708612212562,0.00650708612212562,2026-07-10T16:50:09.441675+00:00,"Run - Jul 10, 2026 at 22:18:59"
Q13,27,1969888.2437770874,0.006618427750131568,0.006618427750131568,2026-07-10T16:50:09.489997+00:00,"Run - Jul 10, 2026 at 22:18:59"
Q14,27,1970073.5280090608,0.006726777777694621,0.006726777777694621,2026-07-10T16:50:09.542287+00:00,"Run - Jul 10, 2026 at 22:18:59"
Q15,27,1971165.3718332523,0.006829794568280527,0.006829794568280527,2026-07-10T16:50:09.589818+00:00,"Run - Jul 10, 2026 at 22:18:59"
Q16,27,1973567.347397552,0.006924363538972138,0.006924363538972138,2026-07-10T16:50:09.643532+00:00,"Run - Jul 10, 2026 at 22:18:59"
Q17,27,1973405.0068117713,0.007035553804661981,0.007035553804661981,2026-07-10T16:50:09.693181+00:00,"Run - Jul 10, 2026 at 22:18:59"
Q18,27,1974442.9949537674,0.0071386392160418186,0.0071386392160418186,2026-07-10T16:50:09.743261+00:00,"Run - Jul 10, 2026 at 22:18:59"
Q19,27,1975707.547598776,0.007240270784077312,0.007240270784077312,2026-07-10T16:50:09.792660+00:00,"Run - Jul 10, 2026 at 22:18:59"
Q20,27,1977029.6851158957,0.007341546202293339,0.007341546202293339,2026-07-10T16:50:09.845285+00:00,"Run - Jul 10, 2026 at 22:18:59"
Q21,27,1978409.1653619525,0.007442285393233301,0.007442285393233301,2026-07-10T16:50:09.898904+00:00,"Run - Jul 10, 2026 at 22:18:59"
Q22,27,1978638.7541695226,0.007551713359727177,0.007551713359727177,2026-07-10T16:50:09.953906+00:00,"Run - Jul 10, 2026 at 22:18:59"
Q23,27,1979333.1490528774,0.0076571953623703354,0.0076571953623703354,2026-07-10T16:50:10.009549+00:00,"Run - Jul 10, 2026 at 22:18:59"
Q24,27,1980772.8611862238,0.0077572235197515904,0.0077572235197515904,2026-07-10T16:50:10.060547+00:00,"Run - Jul 10, 2026 at 22:18:59"
Q0,28,1957494.770878998,0.005267434967004381,0.005267434967004381,2026-07-10T16:50:12.177996+00:00,"Run - Jul 10, 2026 at 22:18:59"
Q1,28,1957312.070395619,0.005376757138737991,0.005376757138737991,2026-07-10T16:50:12.227165+00:00,"Run - Jul 10, 2026 at 22:18:59"
Q2,28,1957893.77009468,0.005483268038733538,0.005483268038733538,2026-07-10T16:50:12.283177+00:00,"Run - Jul 10, 2026 at 22:18:59"
Q3,28,1960430.9351589964,0.005578394455487016,0.005578394455487016,2026-07-10T16:50:12.336484+00:00,"Run - Jul 10, 2026 at 22:18:59"
Q4,28,1960739.3990558898,0.005685969337368901,0.005685969337368901,2026-07-10T16:50:12.389494+00:00,"Run - Jul 10, 2026 at 22:18:59"
Q5,28,1960946.0247129851,0.005793305996022318,0.005793305996022318,2026-07-10T16:50:12.448794+00:00,"Run - Jul 10, 2026 at 22:18:59"
Q6,28,1961860.937283398,0.005898111215677003,0.005898111215677003,2026-07-10T16:50:12.506707+00:00,"Run - Jul 10, 2026 at 22:18:59"
Q7,28,1963067.8724031346,0.005999966861319029,0.005999966861319029,2026-07-10T16:50:12.557433+00:00,"Run - Jul 10, 2026 at 22:18:59"
Q8,28,1962978.684001915,0.006110815787988256,0.006110815787988256,2026-07-10T16:50:12.605967+00:00,"Run - Jul 10, 2026 at 22:18:59"
Q9,28,1965752.24484406,0.006202679280200135,0.006202679280200135,2026-07-10T16:50:12.654318+00:00,"Run - Jul 10, 2026 at 22:18:59"
Q10,28,1965666.9129716787,0.006313233294113854,0.006313233294113854,2026-07-10T16:50:12.706856+00:00,"Run - Jul 10, 2026 at 22:18:59"
Q11,28,1967531.4428135369,0.006412172578394323,0.006412172578394323,2026-07-10T16:50:12.758329+00:00,"Run - Jul 10, 2026 at 22:18:59"
Q12,28,1968227.471874664,0.006517981708225051,0.006517981708225051,2026-07-10T16:50:12.808865+00:00,"Run - Jul 10, 2026 at 22:18:59"
Q13,28,1968540.265117777,0.006625315671369346,0.006625315671369346,2026-07-10T16:50:12.862199+00:00,"Run - Jul 10, 2026 at 22:18:59"
Q14,28,1968740.135464651,0.006733692621479264,0.006733692621479264,2026-07-10T16:50:12.928832+00:00,"Run - Jul 10, 2026 at 22:18:59"
Q15,28,1969829.1315654314,0.006836838896861596,0.006836838896861596,2026-07-10T16:50:12.989735+00:00,"Run - Jul 10, 2026 at 22:18:59"
Q16,28,1972203.0645651645,0.006931699810424522,0.006931699810424522,2026-07-10T16:50:13.049957+00:00,"Run - Jul 10, 2026 at 22:18:59"
Q17,28,1972006.2891739258,0.0070432076580368985,0.0070432076580368985,2026-07-10T16:50:13.119121+00:00,"Run - Jul 10, 2026 at 22:18:59"
Q18,28,1972533.2393304373,0.007150341473412093,0.007150341473412093,2026-07-10T16:50:13.191086+00:00,"Run - Jul 10, 2026 at 22:18:59"
Q19,28,1974741.0796438581,0.007246029740029335,0.007246029740029335,2026-07-10T16:50:13.255091+00:00,"Run - Jul 10, 2026 at 22:18:59"
Q20,28,1975615.2913701374,0.007349699190026949,0.007349699190026949,2026-07-10T16:50:13.318956+00:00,"Run - Jul 10, 2026 at 22:18:59"
Q21,28,1977042.517011674,0.007450214513642199,0.007450214513642199,2026-07-10T16:50:13.379531+00:00,"Run - Jul 10, 2026 at 22:18:59"
Q22,28,1977285.8399230754,0.007559648673088116,0.007559648673088116,2026-07-10T16:50:13.440350+00:00,"Run - Jul 10, 2026 at 22:18:59"
Q23,28,1977985.0303318813,0.0076652127526035205,0.0076652127526035205,2026-07-10T16:50:13.478353+00:00,"Run - Jul 10, 2026 at 22:18:59"
Q24,28,1979415.2049666408,0.007765427868496677,0.007765427868496677,2026-07-10T16:50:13.524446+00:00,"Run - Jul 10, 2026 at 22:18:59"
Q0,29,1955754.9780427946,0.005273593189708823,0.005273593189708823,2026-07-10T16:50:15.199781+00:00,"Run - Jul 10, 2026 at 22:18:59"
Q1,29,1955426.2025026944,0.005384154332071366,0.005384154332071366,2026-07-10T16:50:15.251557+00:00,"Run - Jul 10, 2026 at 22:18:59"
Q2,29,1956515.3793320712,0.00548719359978381,0.00548719359978381,2026-07-10T16:50:15.291064+00:00,"Run - Jul 10, 2026 at 22:18:59"
Q3,29,1958291.7180723462,0.0055885046317940825,0.0055885046317940825,2026-07-10T16:50:15.333775+00:00,"Run - Jul 10, 2026 at 22:18:59"
Q4,29,1958730.161316495,0.0056947084804233015,0.0056947084804233015,2026-07-10T16:50:15.371776+00:00,"Run - Jul 10, 2026 at 22:18:59"
Q5,29,1958782.896053942,0.0058034110499416165,0.0058034110499416165,2026-07-10T16:50:15.413301+00:00,"Run - Jul 10, 2026 at 22:18:59"
Q6,29,1959641.9083850365,0.005908819014878845,0.005908819014878845,2026-07-10T16:50:15.463580+00:00,"Run - Jul 10, 2026 at 22:18:59"
Q7,29,1961618.803085496,0.0060055608839778,0.0060055608839778,2026-07-10T16:50:15.503857+00:00,"Run - Jul 10, 2026 at 22:18:59"
Q8,29,1960773.2586778523,0.006121812180165357,0.006121812180165357,2026-07-10T16:50:15.545399+00:00,"Run - Jul 10, 2026 at 22:18:59"
Q9,29,1963847.5730842988,0.006211457789353362,0.006211457789353362,2026-07-10T16:50:15.588153+00:00,"Run - Jul 10, 2026 at 22:18:59"
Q10,29,1963779.097081026,0.006322309732545665,0.006322309732545665,2026-07-10T16:50:15.626468+00:00,"Run - Jul 10, 2026 at 22:18:59"
Q11,29,1965628.2286505532,0.006421243666826906,0.006421243666826906,2026-07-10T16:50:15.662691+00:00,"Run - Jul 10, 2026 at 22:18:59"
Q12,29,1966146.5236115574,0.006529836260714468,0.006529836260714468,2026-07-10T16:50:15.701613+00:00,"Run - Jul 10, 2026 at 22:18:59"
Q13,29,1967308.6668428693,0.00663074748745414,0.00663074748745414,2026-07-10T16:50:15.739658+00:00,"Run - Jul 10, 2026 at 22:18:59"
Q14,29,1966635.0207812064,0.006745577980914502,0.006745577980914502,2026-07-10T16:50:15.779941+00:00,"Run - Jul 10, 2026 at 22:18:59"
Q15,29,1967666.6223096098,0.006849273909553319,0.006849273909553319,2026-07-10T16:50:15.817320+00:00,"Run - Jul 10, 2026 at 22:18:59"
Q16,29,1970621.7538753515,0.0069401128808703255,0.0069401128808703255,2026-07-10T16:50:15.854385+00:00,"Run - Jul 10, 2026 at 22:18:59"
Q17,29,1970054.8123275272,0.007054820841601095,0.007054820841601095,2026-07-10T16:50:15.892526+00:00,"Run - Jul 10, 2026 at 22:18:59"
Q18,29,1970546.3917225508,0.007161264377545239,0.007161264377545239,2026-07-10T16:50:15.929998+00:00,"Run - Jul 10, 2026 at 22:18:59"
Q19,29,1972514.8466233404,0.007258255161163494,0.007258255161163494,2026-07-10T16:50:15.966999+00:00,"Run - Jul 10, 2026 at 22:18:59"
Q20,29,1973379.0914457527,0.007363158768810498,0.007363158768810498,2026-07-10T16:50:16.004692+00:00,"Run - Jul 10, 2026 at 22:18:59"
Q21,29,1974855.0169785244,0.007463300332819275,0.007463300332819275,2026-07-10T16:50:16.041392+00:00,"Run - Jul 10, 2026 at 22:18:59"
Q22,29,1975316.607619826,0.0075727114736471556,0.0075727114736471556,2026-07-10T16:50:16.080935+00:00,"Run - Jul 10, 2026 at 22:18:59"
Q23,29,1975813.1518190254,0.0076786308865873214,0.0076786308865873214,2026-07-10T16:50:16.122454+00:00,"Run - Jul 10, 2026 at 22:18:59"
Q24,29,1977289.056955439,0.0077786752800562565,0.0077786752800562565,2026-07-10T16:50:16.161226+00:00,"Run - Jul 10, 2026 at 22:18:59"
Q0,30,1953900.48214691,0.005282157273093245,0.005282157273093245,2026-07-10T16:50:18.249591+00:00,"Run - Jul 10, 2026 at 22:18:59"
Q1,30,1953344.3816401644,0.005392540149103615,0.005392540149103615,2026-07-10T16:50:18.308593+00:00,"Run - Jul 10, 2026 at 22:18:59"
Q2,30,1954268.5680367085,0.005496724271377496,0.005496724271377496,2026-07-10T16:50:18.370959+00:00,"Run - Jul 10, 2026 at 22:18:59"
Q3,30,1956028.9871168977,0.0055982795435357245,0.0055982795435357245,2026-07-10T16:50:18.432482+00:00,"Run - Jul 10, 2026 at 22:18:59"
Q4,30,1956889.295809769,0.00570380746583153,0.00570380746583153,2026-07-10T16:50:18.495955+00:00,"Run - Jul 10, 2026 at 22:18:59"
Q5,30,1957114.4136961894,0.005812164147370057,0.005812164147370057,2026-07-10T16:50:18.557710+00:00,"Run - Jul 10, 2026 at 22:18:59"
Q6,30,1957766.4366777549,0.005918262636331151,0.005918262636331151,2026-07-10T16:50:18.618149+00:00,"Run - Jul 10, 2026 at 22:18:59"
Q7,30,1959518.6953644399,0.006015650024727332,0.006015650024727332,2026-07-10T16:50:18.678305+00:00,"Run - Jul 10, 2026 at 22:18:59"
Q8,30,1958911.1472977395,0.006131487409667913,0.006131487409667913,2026-07-10T16:50:18.731848+00:00,"Run - Jul 10, 2026 at 22:18:59"
Q9,30,1961581.5715492521,0.006222657201900149,0.006222657201900149,2026-07-10T16:50:18.791483+00:00,"Run - Jul 10, 2026 at 22:18:59"
Q10,30,1961690.1441036405,0.006332852598321718,0.006332852598321718,2026-07-10T16:50:18.849971+00:00,"Run - Jul 10, 2026 at 22:18:59"
Q11,30,1963417.6554090495,0.006432394320867279,0.006432394320867279,2026-07-10T16:50:18.909149+00:00,"Run - Jul 10, 2026 at 22:18:59"
Q12,30,1963995.5947531087,0.006540920924482189,0.006540920924482189,2026-07-10T16:50:18.968017+00:00,"Run - Jul 10, 2026 at 22:18:59"
Q13,30,1965257.778586636,0.006641722600716412,0.006641722600716412,2026-07-10T16:50:19.043623+00:00,"Run - Jul 10, 2026 at 22:18:59"
Q14,30,1964404.5147395192,0.006757249682487249,0.006757249682487249,2026-07-10T16:50:19.123276+00:00,"Run - Jul 10, 2026 at 22:18:59"
Q15,30,1965796.945452237,0.006860093366289431,0.006860093366289431,2026-07-10T16:50:19.191682+00:00,"Run - Jul 10, 2026 at 22:18:59"
Q16,30,1968926.0072735276,0.0069503913019329806,0.0069503913019329806,2026-07-10T16:50:19.260208+00:00,"Run - Jul 10, 2026 at 22:18:59"
Q17,30,1968437.0754323173,0.007065039111761107,0.007065039111761107,2026-07-10T16:50:19.334636+00:00,"Run - Jul 10, 2026 at 22:18:59"
Q18,30,1968468.5456421108,0.007173122898043523,0.007173122898043523,2026-07-10T16:50:19.400166+00:00,"Run - Jul 10, 2026 at 22:18:59"
Q19,30,1970312.7551508946,0.007270831528271709,0.007270831528271709,2026-07-10T16:50:19.459676+00:00,"Run - Jul 10, 2026 at 22:18:59"
Q20,30,1971230.4455947967,0.0073757004231690335,0.0073757004231690335,2026-07-10T16:50:19.537345+00:00,"Run - Jul 10, 2026 at 22:18:59"
Q21,30,1972591.1172974322,0.007476523472319712,0.007476523472319712,2026-07-10T16:50:19.593489+00:00,"Run - Jul 10, 2026 at 22:18:59"
Q22,30,1973116.715401611,0.00758552163251069,0.00758552163251069,2026-07-10T16:50:19.647128+00:00,"Run - Jul 10, 2026 at 22:18:59"
Q23,30,1973617.9864864917,0.007691885481002502,0.007691885481002502,2026-07-10T16:50:19.700434+00:00,"Run - Jul 10, 2026 at 22:18:59"
Q24,30,1975083.5615127455,0.007792192941259048,0.007792192941259048,2026-07-10T16:50:19.758937+00:00,"Run - Jul 10, 2026 at 22:18:59"
Q0,31,1952087.7048900707,0.005288118271176165,0.005288118271176165,2026-07-10T16:50:21.663129+00:00,"Run - Jul 10, 2026 at 22:18:59"
Q1,31,1951397.8399659977,0.005399643764188099,0.005399643764188099,2026-07-10T16:50:21.702661+00:00,"Run - Jul 10, 2026 at 22:18:59"
Q2,31,1952430.0654085258,0.005503195413969914,0.005503195413969914,2026-07-10T16:50:21.742405+00:00,"Run - Jul 10, 2026 at 22:18:59"
Q3,31,1954012.0228192734,0.005606297892796499,0.005606297892796499,2026-07-10T16:50:21.780976+00:00,"Run - Jul 10, 2026 at 22:18:59"
Q4,31,1955545.4007251463,0.005709453551722007,0.005709453551722007,2026-07-10T16:50:21.820625+00:00,"Run - Jul 10, 2026 at 22:18:59"
Q5,31,1955532.551259951,0.005818130099973921,0.005818130099973921,2026-07-10T16:50:21.861255+00:00,"Run - Jul 10, 2026 at 22:18:59"
Q6,31,1956033.6264382745,0.005925034923490991,0.005925034923490991,2026-07-10T16:50:21.907237+00:00,"Run - Jul 10, 2026 at 22:18:59"
Q7,31,1957615.5276669343,0.00602333791874744,0.00602333791874744,2026-07-10T16:50:21.948238+00:00,"Run - Jul 10, 2026 at 22:18:59"
Q8,31,1957089.2141176576,0.0061387446770186874,0.0061387446770186874,2026-07-10T16:50:21.987246+00:00,"Run - Jul 10, 2026 at 22:18:59"
Q9,31,1959567.2163712068,0.00623153865516423,0.00623153865516423,2026-07-10T16:50:22.029624+00:00,"Run - Jul 10, 2026 at 22:18:59"
Q10,31,1959902.7208140595,0.006340380078422153,0.006340380078422153,2026-07-10T16:50:22.070893+00:00,"Run - Jul 10, 2026 at 22:18:59"
Q11,31,1961618.3856626663,0.006439903267657527,0.006439903267657527,2026-07-10T16:50:22.113281+00:00,"Run - Jul 10, 2026 at 22:18:59"
Q12,31,1962039.163769275,0.0065499807601670105,0.0065499807601670105,2026-07-10T16:50:22.156045+00:00,"Run - Jul 10, 2026 at 22:18:59"
Q13,31,1963404.6020938256,0.006649975591866306,0.006649975591866306,2026-07-10T16:50:22.199568+00:00,"Run - Jul 10, 2026 at 22:18:59"
Q14,31,1962635.8001473378,0.006765198212476898,0.006765198212476898,2026-07-10T16:50:22.243900+00:00,"Run - Jul 10, 2026 at 22:18:59"
Q15,31,1964173.8731143535,0.006867677004184671,0.006867677004184671,2026-07-10T16:50:22.285911+00:00,"Run - Jul 10, 2026 at 22:18:59"
Q16,31,1966734.2187849262,0.006961732920345445,0.006961732920345445,2026-07-10T16:50:22.331670+00:00,"Run - Jul 10, 2026 at 22:18:59"
Q17,31,1966799.8654362035,0.007072969190647772,0.007072969190647772,2026-07-10T16:50:22.372672+00:00,"Run - Jul 10, 2026 at 22:18:59"
Q18,31,1966641.1415499067,0.007181986792878377,0.007181986792878377,2026-07-10T16:50:22.412198+00:00,"Run - Jul 10, 2026 at 22:18:59"
Q19,31,1968468.6499733995,0.007279973448011504,0.007279973448011504,2026-07-10T16:50:22.467369+00:00,"Run - Jul 10, 2026 at 22:18:59"
Q20,31,1969489.9567654433,0.007384520502788142,0.007384520502788142,2026-07-10T16:50:22.521449+00:00,"Run - Jul 10, 2026 at 22:18:59"
Q21,31,1970739.2473470098,0.007486034629440452,0.007486034629440452,2026-07-10T16:50:22.584428+00:00,"Run - Jul 10, 2026 at 22:18:59"
Q22,31,1971162.816383842,0.007596106912194347,0.007596106912194347,2026-07-10T16:50:22.638740+00:00,"Run - Jul 10, 2026 at 22:18:59"
Q23,31,1971833.4570970566,0.007701290632837328,0.007701290632837328,2026-07-10T16:50:22.705770+00:00,"Run - Jul 10, 2026 at 22:18:59"
Q24,31,1973120.346470011,0.007803911917803171,0.007803911917803171,2026-07-10T16:50:22.776007+00:00,"Run - Jul 10, 2026 at 22:18:59"
Q0,32,1950088.2816854548,0.005294740088270968,0.005294740088270968,2026-07-10T16:50:25.030618+00:00,"Run - Jul 10, 2026 at 22:18:59"
Q1,32,1949269.4670305233,0.005407390931064933,0.005407390931064933,2026-07-10T16:50:25.101625+00:00,"Run - Jul 10, 2026 at 22:18:59"
Q2,32,1950404.9560449459,0.005510410743521369,0.005510410743521369,2026-07-10T16:50:25.166983+00:00,"Run - Jul 10, 2026 at 22:18:59"
Q3,32,1951921.6568426585,0.005614125385072743,0.005614125385072743,2026-07-10T16:50:25.232520+00:00,"Run - Jul 10, 2026 at 22:18:59"
Q4,32,1953496.5140320712,0.005717111945796614,0.005717111945796614,2026-07-10T16:50:25.296528+00:00,"Run - Jul 10, 2026 at 22:18:59"
Q5,32,1953395.7475270235,0.005826600725140294,0.005826600725140294,2026-07-10T16:50:25.360385+00:00,"Run - Jul 10, 2026 at 22:18:59"
Q6,32,1954008.8273841522,0.005932924007355439,0.005932924007355439,2026-07-10T16:50:25.421591+00:00,"Run - Jul 10, 2026 at 22:18:59"
Q7,32,1955631.2887216061,0.006031139501234578,0.006031139501234578,2026-07-10T16:50:25.480593+00:00,"Run - Jul 10, 2026 at 22:18:59"
Q8,32,1955078.3712388058,0.0061468978724272825,0.0061468978724272825,2026-07-10T16:50:25.542470+00:00,"Run - Jul 10, 2026 at 22:18:59"
Q9,32,1957475.911236863,0.006240468990969623,0.006240468990969623,2026-07-10T16:50:25.607548+00:00,"Run - Jul 10, 2026 at 22:18:59"
Q10,32,1958087.7188560825,0.006347294287089305,0.006347294287089305,2026-07-10T16:50:25.670169+00:00,"Run - Jul 10, 2026 at 22:18:59"
Q11,32,1959684.5460642094,0.006447798314611769,0.006447798314611769,2026-07-10T16:50:25.731251+00:00,"Run - Jul 10, 2026 at 22:18:59"
Q12,32,1959898.2392108652,0.0065598577252127714,0.0065598577252127714,2026-07-10T16:50:25.794227+00:00,"Run - Jul 10, 2026 at 22:18:59"
Q13,32,1961258.0326901719,0.006659984690391744,0.006659984690391744,2026-07-10T16:50:25.861474+00:00,"Run - Jul 10, 2026 at 22:18:59"
Q14,32,1960516.9206613128,0.006775330223017126,0.006775330223017126,2026-07-10T16:50:25.921060+00:00,"Run - Jul 10, 2026 at 22:18:59"
Q15,32,1962151.3393111106,0.006877094800893873,0.006877094800893873,2026-07-10T16:50:25.981440+00:00,"Run - Jul 10, 2026 at 22:18:59"
Q16,32,1964575.8115017607,0.00697240770840501,0.00697240770840501,2026-07-10T16:50:26.053142+00:00,"Run - Jul 10, 2026 at 22:18:59"
Q17,32,1964763.244868187,0.007082801412598704,0.007082801412598704,2026-07-10T16:50:26.113864+00:00,"Run - Jul 10, 2026 at 22:18:59"
Q18,32,1964732.8089991726,0.00719084909831082,0.00719084909831082,2026-07-10T16:50:26.167862+00:00,"Run - Jul 10, 2026 at 22:18:59"
Q19,32,1966382.1585461325,0.007290628162516051,0.007290628162516051,2026-07-10T16:50:26.225098+00:00,"Run - Jul 10, 2026 at 22:18:59"
Q20,32,1967563.6665479,0.007393828634829338,0.007393828634829338,2026-07-10T16:50:26.313204+00:00,"Run - Jul 10, 2026 at 22:18:59"
Q21,32,1968697.892583961,0.007496651397127232,0.007496651397127232,2026-07-10T16:50:26.399812+00:00,"Run - Jul 10, 2026 at 22:18:59"
Q22,32,1969023.4277350663,0.00760774823611375,0.00760774823611375,2026-07-10T16:50:26.456045+00:00,"Run - Jul 10, 2026 at 22:18:59"
Q23,32,1969859.3129655041,0.007711641514902468,0.007711641514902468,2026-07-10T16:50:26.507575+00:00,"Run - Jul 10, 2026 at 22:18:59"
Q24,32,1971032.6729731483,0.00781543380249001,0.00781543380249001,2026-07-10T16:50:26.563140+00:00,"Run - Jul 10, 2026 at 22:18:59"
Q0,33,1947700.6763075583,0.005304156730039051,0.005304156730039051,2026-07-10T16:50:28.619372+00:00,"Run - Jul 10, 2026 at 22:18:59"
Q1,33,1946912.1390569005,0.005416870715941894,0.005416870715941894,2026-07-10T16:50:28.667708+00:00,"Run - Jul 10, 2026 at 22:18:59"
Q2,33,1948095.1314534931,0.005519766253787407,0.005519766253787407,2026-07-10T16:50:28.708218+00:00,"Run - Jul 10, 2026 at 22:18:59"
Q3,33,1949601.161430475,0.005623696427943143,0.005623696427943143,2026-07-10T16:50:28.747140+00:00,"Run - Jul 10, 2026 at 22:18:59"
Q4,33,1951112.7640437894,0.005727276449713371,0.005727276449713371,2026-07-10T16:50:28.787014+00:00,"Run - Jul 10, 2026 at 22:18:59"
Q5,33,1951029.677607053,0.005836883846963301,0.005836883846963301,2026-07-10T16:50:28.827539+00:00,"Run - Jul 10, 2026 at 22:18:59"
Q6,33,1951647.913912103,0.00594338128212204,0.00594338128212204,2026-07-10T16:50:28.870951+00:00,"Run - Jul 10, 2026 at 22:18:59"
Q7,33,1953206.3372754755,0.006042278909123875,0.006042278909123875,2026-07-10T16:50:28.913483+00:00,"Run - Jul 10, 2026 at 22:18:59"
Q8,33,1952730.5183092593,0.006157680167104903,0.006157680167104903,2026-07-10T16:50:28.952849+00:00,"Run - Jul 10, 2026 at 22:18:59"
Q9,33,1955153.600556297,0.0062512620758418316,0.0062512620758418316,2026-07-10T16:50:28.995852+00:00,"Run - Jul 10, 2026 at 22:18:59"
Q10,33,1955667.3318894107,0.0063590186987355374,0.0063590186987355374,2026-07-10T16:50:29.038602+00:00,"Run - Jul 10, 2026 at 22:18:59"
Q11,33,1957303.6197546734,0.00645942007521598,0.00645942007521598,2026-07-10T16:50:29.089395+00:00,"Run - Jul 10, 2026 at 22:18:59"
Q12,33,1957529.476133645,0.0065715530049292445,0.0065715530049292445,2026-07-10T16:50:29.139537+00:00,"Run - Jul 10, 2026 at 22:18:59"
Q13,33,1958881.3258218884,0.006671962830368234,0.006671962830368234,2026-07-10T16:50:29.183392+00:00,"Run - Jul 10, 2026 at 22:18:59"
Q14,33,1958169.1279933362,0.006787324230842296,0.006787324230842296,2026-07-10T16:50:29.227464+00:00,"Run - Jul 10, 2026 at 22:18:59"
Q15,33,1959790.7848666229,0.006889342938931729,0.006889342938931729,2026-07-10T16:50:29.272457+00:00,"Run - Jul 10, 2026 at 22:18:59"
Q16,33,1962240.506923784,0.00698460537718186,0.00698460537718186,2026-07-10T16:50:29.313529+00:00,"Run - Jul 10, 2026 at 22:18:59"
Q17,33,1962388.691988967,0.007095519610080335,0.007095519610080335,2026-07-10T16:50:29.356531+00:00,"Run - Jul 10, 2026 at 22:18:59"
Q18,33,1962374.7023174556,0.007203711196043115,0.007203711196043115,2026-07-10T16:50:29.396540+00:00,"Run - Jul 10, 2026 at 22:18:59"
Q19,33,1964062.9775647142,0.007303348279466392,0.007303348279466392,2026-07-10T16:50:29.446578+00:00,"Run - Jul 10, 2026 at 22:18:59"
Q20,33,1965187.720168439,0.00740720863542973,0.00740720863542973,2026-07-10T16:50:29.495580+00:00,"Run - Jul 10, 2026 at 22:18:59"
Q21,33,1966317.9597370022,0.007510266963301345,0.007510266963301345,2026-07-10T16:50:29.536897+00:00,"Run - Jul 10, 2026 at 22:18:59"
Q22,33,1966705.7225932844,0.007621010106158868,0.007621010106158868,2026-07-10T16:50:29.584896+00:00,"Run - Jul 10, 2026 at 22:18:59"
Q23,33,1967490.828792155,0.007725564271992805,0.007725564271992805,2026-07-10T16:50:29.637703+00:00,"Run - Jul 10, 2026 at 22:18:59"
Q24,33,1968711.5938452971,0.00782912224154607,0.00782912224154607,2026-07-10T16:50:29.681801+00:00,"Run - Jul 10, 2026 at 22:18:59"
Q0,34,1945300.3761777985,0.005314157741289042,0.005314157741289042,2026-07-10T16:50:31.671014+00:00,"Run - Jul 10, 2026 at 22:18:59"
Q1,34,1944641.767702674,0.005426287667273029,0.005426287667273029,2026-07-10T16:50:31.729147+00:00,"Run - Jul 10, 2026 at 22:18:59"
Q2,34,1945670.2304889283,0.005530252363691408,0.005530252363691408,2026-07-10T16:50:31.787861+00:00,"Run - Jul 10, 2026 at 22:18:59"
Q3,34,1947165.8603390637,0.0056344078796720445,0.0056344078796720445,2026-07-10T16:50:31.846278+00:00,"Run - Jul 10, 2026 at 22:18:59"
Q4,34,1948666.9667455957,0.005738219280377269,0.005738219280377269,2026-07-10T16:50:31.907919+00:00,"Run - Jul 10, 2026 at 22:18:59"
Q5,34,1948701.8230588736,0.005847266007167876,0.005847266007167876,2026-07-10T16:50:31.961917+00:00,"Run - Jul 10, 2026 at 22:18:59"
Q6,34,1949322.031686932,0.005954261184992775,0.005954261184992775,2026-07-10T16:50:32.028459+00:00,"Run - Jul 10, 2026 at 22:18:59"
Q7,34,1950818.3664781097,0.006053567743106568,0.006053567743106568,2026-07-10T16:50:32.086463+00:00,"Run - Jul 10, 2026 at 22:18:59"
Q8,34,1950319.0923251035,0.0061692712095379135,0.0061692712095379135,2026-07-10T16:50:32.143326+00:00,"Run - Jul 10, 2026 at 22:18:59"
Q9,34,1952715.96319926,0.006263256878469033,0.006263256878469033,2026-07-10T16:50:32.202333+00:00,"Run - Jul 10, 2026 at 22:18:59"
Q10,34,1953236.403002836,0.006371172869933537,0.006371172869933537,2026-07-10T16:50:32.265253+00:00,"Run - Jul 10, 2026 at 22:18:59"
Q11,34,1954961.2913116754,0.0064711205763127505,0.0064711205763127505,2026-07-10T16:50:32.327898+00:00,"Run - Jul 10, 2026 at 22:18:59"
Q12,34,1955097.5731263047,0.006584077274296317,0.006584077274296317,2026-07-10T16:50:32.386907+00:00,"Run - Jul 10, 2026 at 22:18:59"
Q13,34,1956590.394106847,0.006683715536581355,0.006683715536581355,2026-07-10T16:50:32.448424+00:00,"Run - Jul 10, 2026 at 22:18:59"
Q14,34,1955757.3283201363,0.006800162789417764,0.006800162789417764,2026-07-10T16:50:32.506492+00:00,"Run - Jul 10, 2026 at 22:18:59"
Q15,34,1957461.2756921744,0.006901679166278568,0.006901679166278568,2026-07-10T16:50:32.566014+00:00,"Run - Jul 10, 2026 at 22:18:59"
Q16,34,1959789.6428766078,0.0069980770194411285,0.0069980770194411285,2026-07-10T16:50:32.622544+00:00,"Run - Jul 10, 2026 at 22:18:59"
Q17,34,1959950.8389341137,0.007109096179358596,0.007109096179358596,2026-07-10T16:50:32.685409+00:00,"Run - Jul 10, 2026 at 22:18:59"
Q18,34,1960054.2551915848,0.0072166394364359685,0.0072166394364359685,2026-07-10T16:50:32.754629+00:00,"Run - Jul 10, 2026 at 22:18:59"
Q19,34,1961627.3893316558,0.0073173760785828264,0.0073173760785828264,2026-07-10T16:50:32.825016+00:00,"Run - Jul 10, 2026 at 22:18:59"
Q20,34,1962948.6992397977,0.007420153385840147,0.007420153385840147,2026-07-10T16:50:32.895218+00:00,"Run - Jul 10, 2026 at 22:18:59"
Q21,34,1963874.6243154535,0.007524761681662002,0.007524761681662002,2026-07-10T16:50:32.956713+00:00,"Run - Jul 10, 2026 at 22:18:59"
Q22,34,1964271.2675124877,0.007635612701366811,0.007635612701366811,2026-07-10T16:50:33.018251+00:00,"Run - Jul 10, 2026 at 22:18:59"
Q23,34,1965058.4033048248,0.007740381450548437,0.007740381450548437,2026-07-10T16:50:33.103383+00:00,"Run - Jul 10, 2026 at 22:18:59"
Q24,34,1966273.6865918767,0.007844171179247336,0.007844171179247336,2026-07-10T16:50:33.168110+00:00,"Run - Jul 10, 2026 at 22:18:59"
Q0,35,1942693.9984371953,0.005325582668213924,0.005325582668213924,2026-07-10T16:50:35.486837+00:00,"Run - Jul 10, 2026 at 22:18:59"
Q1,35,1942296.1572965216,0.005436820535343304,0.005436820535343304,2026-07-10T16:50:35.529895+00:00,"Run - Jul 10, 2026 at 22:18:59"
Q2,35,1943370.7831800065,0.005540816028736921,0.005540816028736921,2026-07-10T16:50:35.576430+00:00,"Run - Jul 10, 2026 at 22:18:59"
Q3,35,1944768.5302578276,0.005645413431451599,0.005645413431451599,2026-07-10T16:50:35.626952+00:00,"Run - Jul 10, 2026 at 22:18:59"
Q4,35,1946347.3746634882,0.005749215709546751,0.005749215709546751,2026-07-10T16:50:35.684938+00:00,"Run - Jul 10, 2026 at 22:18:59"
Q5,35,1945970.7630244705,0.005860057325881089,0.005860057325881089,2026-07-10T16:50:35.728270+00:00,"Run - Jul 10, 2026 at 22:18:59"
Q6,35,1946691.2343924472,0.00596689668754993,0.00596689668754993,2026-07-10T16:50:35.770362+00:00,"Run - Jul 10, 2026 at 22:18:59"
Q7,35,1948418.6080711354,0.006065557528656617,0.006065557528656617,2026-07-10T16:50:35.811543+00:00,"Run - Jul 10, 2026 at 22:18:59"
Q8,35,1947846.7225936418,0.006181721837136756,0.006181721837136756,2026-07-10T16:50:35.859590+00:00,"Run - Jul 10, 2026 at 22:18:59"
Q9,35,1950414.613878647,0.006274884934002913,0.006274884934002913,2026-07-10T16:50:35.903644+00:00,"Run - Jul 10, 2026 at 22:18:59"
Q10,35,1950930.0445628965,0.00638339427291863,0.00638339427291863,2026-07-10T16:50:35.943739+00:00,"Run - Jul 10, 2026 at 22:18:59"
Q11,35,1952304.1537470361,0.006485693682793049,0.006485693682793049,2026-07-10T16:50:35.988696+00:00,"Run - Jul 10, 2026 at 22:18:59"
Q12,35,1952753.7743572998,0.006596427445905622,0.006596427445905622,2026-07-10T16:50:36.032263+00:00,"Run - Jul 10, 2026 at 22:18:59"
Q13,35,1954181.2924881782,0.006697229105571414,0.006697229105571414,2026-07-10T16:50:36.075856+00:00,"Run - Jul 10, 2026 at 22:18:59"
Q14,35,1953235.5866206835,0.006814135903493939,0.006814135903493939,2026-07-10T16:50:36.125726+00:00,"Run - Jul 10, 2026 at 22:18:59"
Q15,35,1954828.954339528,0.006916333008135969,0.006916333008135969,2026-07-10T16:50:36.170723+00:00,"Run - Jul 10, 2026 at 22:18:59"
Q16,35,1957711.1465911765,0.007009872226508777,0.007009872226508777,2026-07-10T16:50:36.213856+00:00,"Run - Jul 10, 2026 at 22:18:59"
Q17,35,1957259.843264143,0.007124366615323744,0.007124366615323744,2026-07-10T16:50:36.266115+00:00,"Run - Jul 10, 2026 at 22:18:59"
Q18,35,1957616.0120280182,0.007231176262469804,0.007231176262469804,2026-07-10T16:50:36.310937+00:00,"Run - Jul 10, 2026 at 22:18:59"
Q19,35,1959364.8266591,0.007331165679554969,0.007331165679554969,2026-07-10T16:50:36.351938+00:00,"Run - Jul 10, 2026 at 22:18:59"
Q20,35,1960298.4283175815,0.007436145522754168,0.007436145522754168,2026-07-10T16:50:36.393935+00:00,"Run - Jul 10, 2026 at 22:18:59"
Q21,35,1961370.5030524964,0.007540182809733316,0.007540182809733316,2026-07-10T16:50:36.438779+00:00,"Run - Jul 10, 2026 at 22:18:59"
Q22,35,1962009.933997638,0.007649932190088378,0.007649932190088378,2026-07-10T16:50:36.481775+00:00,"Run - Jul 10, 2026 at 22:18:59"
Q23,35,1962562.8134687012,0.0077562780438353235,0.0077562780438353235,2026-07-10T16:50:36.525056+00:00,"Run - Jul 10, 2026 at 22:18:59"
Q24,35,1963781.2215449621,0.007859453593188832,0.007859453593188832,2026-07-10T16:50:36.587818+00:00,"Run - Jul 10, 2026 at 22:18:59"
Q0,36,1940470.643006284,0.00533365113111645,0.00533365113111645,2026-07-10T16:50:39.009515+00:00,"Run - Jul 10, 2026 at 22:18:59"
Q1,36,1940239.9992517678,0.0054448466961641686,0.0054448466961641686,2026-07-10T16:50:39.074030+00:00,"Run - Jul 10, 2026 at 22:18:59"
Q2,36,1940856.9557825946,0.0055533489188979695,0.0055533489188979695,2026-07-10T16:50:39.150253+00:00,"Run - Jul 10, 2026 at 22:18:59"
Q3,36,1942884.9524345775,0.005653023319846591,0.005653023319846591,2026-07-10T16:50:39.222858+00:00,"Run - Jul 10, 2026 at 22:18:59"
Q4,36,1943428.6261722283,0.005759908133069586,0.005759908133069586,2026-07-10T16:50:39.292015+00:00,"Run - Jul 10, 2026 at 22:18:59"
Q5,36,1943398.9085006972,0.0058701720634189766,0.0058701720634189766,2026-07-10T16:50:39.357413+00:00,"Run - Jul 10, 2026 at 22:18:59"
Q6,36,1944588.0771314253,0.005975439556789102,0.005975439556789102,2026-07-10T16:50:39.424768+00:00,"Run - Jul 10, 2026 at 22:18:59"
Q7,36,1946436.9488221002,0.0060744668973520145,0.0060744668973520145,2026-07-10T16:50:39.485767+00:00,"Run - Jul 10, 2026 at 22:18:59"
Q8,36,1945525.5026922412,0.0061914722164561255,0.0061914722164561255,2026-07-10T16:50:39.546993+00:00,"Run - Jul 10, 2026 at 22:18:59"
Q9,36,1948343.7583602832,0.006284450082142063,0.006284450082142063,2026-07-10T16:50:39.610909+00:00,"Run - Jul 10, 2026 at 22:18:59"
Q10,36,1948722.8229006021,0.006393735958449641,0.006393735958449641,2026-07-10T16:50:39.669325+00:00,"Run - Jul 10, 2026 at 22:18:59"
Q11,36,1949935.8331358212,0.006497950029623976,0.006497950029623976,2026-07-10T16:50:39.748558+00:00,"Run - Jul 10, 2026 at 22:18:59"
Q12,36,1950642.9574444748,0.00660654717289771,0.00660654717289771,2026-07-10T16:50:39.806436+00:00,"Run - Jul 10, 2026 at 22:18:59"
Q13,36,1951325.0920617927,0.0067130985363427825,0.0067130985363427825,2026-07-10T16:50:39.870917+00:00,"Run - Jul 10, 2026 at 22:18:59"
Q14,36,1951191.4454975491,0.006824594805492192,0.006824594805492192,2026-07-10T16:50:39.936025+00:00,"Run - Jul 10, 2026 at 22:18:59"
Q15,36,1952544.8104544564,0.006927220521775996,0.006927220521775996,2026-07-10T16:50:39.999205+00:00,"Run - Jul 10, 2026 at 22:18:59"
Q16,36,1955339.108911441,0.007021368236415639,0.007021368236415639,2026-07-10T16:50:40.060370+00:00,"Run - Jul 10, 2026 at 22:18:59"
Q17,36,1954861.5049367377,0.007136233616811538,0.007136233616811538,2026-07-10T16:50:40.119114+00:00,"Run - Jul 10, 2026 at 22:18:59"
Q18,36,1955565.9731829942,0.007241748044691287,0.007241748044691287,2026-07-10T16:50:40.185833+00:00,"Run - Jul 10, 2026 at 22:18:59"
Q19,36,1957678.6109869876,0.007340485689127725,0.007340485689127725,2026-07-10T16:50:40.247363+00:00,"Run - Jul 10, 2026 at 22:18:59"
Q20,36,1958274.6365768586,0.007446993006745931,0.007446993006745931,2026-07-10T16:50:40.314017+00:00,"Run - Jul 10, 2026 at 22:18:59"
Q21,36,1959441.4259325536,0.00755114345400632,0.00755114345400632,2026-07-10T16:50:40.372872+00:00,"Run - Jul 10, 2026 at 22:18:59"
Q22,36,1960039.151425678,0.0076611209624868745,0.0076611209624868745,2026-07-10T16:50:40.431325+00:00,"Run - Jul 10, 2026 at 22:18:59"
Q23,36,1960452.2842997198,0.007768634091508481,0.007768634091508481,2026-07-10T16:50:40.492972+00:00,"Run - Jul 10, 2026 at 22:18:59"
Q24,36,1961665.5110575606,0.007872027548372764,0.007872027548372764,2026-07-10T16:50:40.551336+00:00,"Run - Jul 10, 2026 at 22:18:59"
Q0,37,1937944.2054218987,0.005345450458363433,0.005345450458363433,2026-07-10T16:50:42.727851+00:00,"Run - Jul 10, 2026 at 22:18:59"
Q1,37,1936963.9151058535,0.005461802510096491,0.005461802510096491,2026-07-10T16:50:42.773826+00:00,"Run - Jul 10, 2026 at 22:18:59"
Q2,37,1938353.4697589404,0.005565440085689518,0.005565440085689518,2026-07-10T16:50:42.824767+00:00,"Run - Jul 10, 2026 at 22:18:59"
Q3,37,1940459.9044453762,0.005664705522473267,0.005664705522473267,2026-07-10T16:50:42.865774+00:00,"Run - Jul 10, 2026 at 22:18:59"
Q4,37,1940863.9391591577,0.005772858288503964,0.005772858288503964,2026-07-10T16:50:42.912266+00:00,"Run - Jul 10, 2026 at 22:18:59"
Q5,37,1941354.2243358225,0.005880493789351916,0.005880493789351916,2026-07-10T16:50:42.958454+00:00,"Run - Jul 10, 2026 at 22:18:59"
Q6,37,1942179.1812454253,0.005987651821105244,0.005987651821105244,2026-07-10T16:50:43.006472+00:00,"Run - Jul 10, 2026 at 22:18:59"
Q7,37,1944221.9845548111,0.006087219607813913,0.006087219607813913,2026-07-10T16:50:43.051217+00:00,"Run - Jul 10, 2026 at 22:18:59"
Q8,37,1943130.6206275625,0.006204020010941662,0.006204020010941662,2026-07-10T16:50:43.117741+00:00,"Run - Jul 10, 2026 at 22:18:59"
Q9,37,1945917.366109746,0.006297412173911434,0.006297412173911434,2026-07-10T16:50:43.173170+00:00,"Run - Jul 10, 2026 at 22:18:59"
Q10,37,1946063.7887587717,0.0064085390903245495,0.0064085390903245495,2026-07-10T16:50:43.224039+00:00,"Run - Jul 10, 2026 at 22:18:59"
Q11,37,1947512.7227522659,0.006511289171434627,0.006511289171434627,2026-07-10T16:50:43.275763+00:00,"Run - Jul 10, 2026 at 22:18:59"
Q12,37,1947942.5979001732,0.006621302981374102,0.006621302981374102,2026-07-10T16:50:43.324901+00:00,"Run - Jul 10, 2026 at 22:18:59"
Q13,37,1948678.7633238542,0.006727441690562032,0.006727441690562032,2026-07-10T16:50:43.376395+00:00,"Run - Jul 10, 2026 at 22:18:59"
Q14,37,1948841.1256526522,0.0068379703675113205,0.0068379703675113205,2026-07-10T16:50:43.427589+00:00,"Run - Jul 10, 2026 at 22:18:59"
Q15,37,1950137.692857855,0.006941276540764486,0.006941276540764486,2026-07-10T16:50:43.471904+00:00,"Run - Jul 10, 2026 at 22:18:59"
Q16,37,1952669.0129086368,0.007036716926301777,0.007036716926301777,2026-07-10T16:50:43.516425+00:00,"Run - Jul 10, 2026 at 22:18:59"
Q17,37,1952261.7306061343,0.007151316756648719,0.007151316756648719,2026-07-10T16:50:43.565623+00:00,"Run - Jul 10, 2026 at 22:18:59"
Q18,37,1953153.4005087465,0.007256463448550016,0.007256463448550016,2026-07-10T16:50:43.614634+00:00,"Run - Jul 10, 2026 at 22:18:59"
Q19,37,1955246.09563285,0.007355520967667827,0.007355520967667827,2026-07-10T16:50:43.666011+00:00,"Run - Jul 10, 2026 at 22:18:59"
Q20,37,1955700.4629555964,0.007463499147857746,0.007463499147857746,2026-07-10T16:50:43.717531+00:00,"Run - Jul 10, 2026 at 22:18:59"
Q21,37,1956911.4797559262,0.00756747159563216,0.00756747159563216,2026-07-10T16:50:43.780868+00:00,"Run - Jul 10, 2026 at 22:18:59"
Q22,37,1957427.495008075,0.007677373981903147,0.007677373981903147,2026-07-10T16:50:43.831394+00:00,"Run - Jul 10, 2026 at 22:18:59"
Q23,37,1958033.0617982065,0.007784404642140701,0.007784404642140701,2026-07-10T16:50:43.875635+00:00,"Run - Jul 10, 2026 at 22:18:59"
Q24,37,1959193.0076431832,0.007888411864836561,0.007888411864836561,2026-07-10T16:50:43.921686+00:00,"Run - Jul 10, 2026 at 22:18:59"
Q0,38,1935556.0318646815,0.005356507180457277,0.005356507180457277,2026-07-10T16:50:46.123480+00:00,"Run - Jul 10, 2026 at 22:18:59"
Q1,38,1934559.3577020562,0.005473150358935687,0.005473150358935687,2026-07-10T16:50:46.182417+00:00,"Run - Jul 10, 2026 at 22:18:59"
Q2,38,1935940.9113761699,0.005577031683309472,0.005577031683309472,2026-07-10T16:50:46.246782+00:00,"Run - Jul 10, 2026 at 22:18:59"
Q3,38,1937934.243250385,0.005677126826782825,0.005677126826782825,2026-07-10T16:50:46.313613+00:00,"Run - Jul 10, 2026 at 22:18:59"
Q4,38,1938439.7117201502,0.005784935076401106,0.005784935076401106,2026-07-10T16:50:46.379203+00:00,"Run - Jul 10, 2026 at 22:18:59"
Q5,38,1938793.221991539,0.005893854492189532,0.005893854492189532,2026-07-10T16:50:46.443729+00:00,"Run - Jul 10, 2026 at 22:18:59"
Q6,38,1939762.562610083,0.006000094842347525,0.006000094842347525,2026-07-10T16:50:46.509183+00:00,"Run - Jul 10, 2026 at 22:18:59"
Q7,38,1941606.7719587185,0.006100364303731685,0.006100364303731685,2026-07-10T16:50:46.571495+00:00,"Run - Jul 10, 2026 at 22:18:59"
Q8,38,1940727.4785814362,0.006216803867831742,0.006216803867831742,2026-07-10T16:50:46.637842+00:00,"Run - Jul 10, 2026 at 22:18:59"
Q9,38,1943530.5036501503,0.006310316287689987,0.006310316287689987,2026-07-10T16:50:46.709074+00:00,"Run - Jul 10, 2026 at 22:18:59"
Q10,38,1943688.9991394968,0.006421562124806117,0.006421562124806117,2026-07-10T16:50:46.773423+00:00,"Run - Jul 10, 2026 at 22:18:59"
Q11,38,1944698.6955778224,0.006527933192660273,0.006527933192660273,2026-07-10T16:50:46.836807+00:00,"Run - Jul 10, 2026 at 22:18:59"
Q12,38,1945519.488088796,0.006635017758095917,0.006635017758095917,2026-07-10T16:50:46.902900+00:00,"Run - Jul 10, 2026 at 22:18:59"
Q13,38,1946067.431998153,0.00674286616773408,0.00674286616773408,2026-07-10T16:50:46.963897+00:00,"Run - Jul 10, 2026 at 22:18:59"
Q14,38,1946342.206295441,0.0068522613279021,0.0068522613279021,2026-07-10T16:50:47.040372+00:00,"Run - Jul 10, 2026 at 22:18:59"
Q15,38,1947632.2275628068,0.006955824659651183,0.006955824659651183,2026-07-10T16:50:47.120463+00:00,"Run - Jul 10, 2026 at 22:18:59"
Q16,38,1950227.3153685268,0.007051392768427983,0.007051392768427983,2026-07-10T16:50:47.194205+00:00,"Run - Jul 10, 2026 at 22:18:59"
Q17,38,1949932.6687048178,0.007165648805500722,0.007165648805500722,2026-07-10T16:50:47.266920+00:00,"Run - Jul 10, 2026 at 22:18:59"
Q18,38,1950347.9383109466,0.007274721594338318,0.007274721594338318,2026-07-10T16:50:47.337975+00:00,"Run - Jul 10, 2026 at 22:18:59"
Q19,38,1952715.702490419,0.007371081273217375,0.007371081273217375,2026-07-10T16:50:47.405308+00:00,"Run - Jul 10, 2026 at 22:18:59"
Q20,38,1952974.4334213359,0.007481846834996938,0.007481846834996938,2026-07-10T16:50:47.471041+00:00,"Run - Jul 10, 2026 at 22:18:59"
Q21,38,1954608.4816453978,0.007582750188321763,0.007582750188321763,2026-07-10T16:50:47.537585+00:00,"Run - Jul 10, 2026 at 22:18:59"
Q22,38,1954905.0173140755,0.007693513271094059,0.007693513271094059,2026-07-10T16:50:47.601955+00:00,"Run - Jul 10, 2026 at 22:18:59"
Q23,38,1955605.7256904799,0.007800428263043701,0.007800428263043701,2026-07-10T16:50:47.661631+00:00,"Run - Jul 10, 2026 at 22:18:59"
Q24,38,1956761.3739243562,0.007904673272470275,0.007904673272470275,2026-07-10T16:50:47.726880+00:00,"Run - Jul 10, 2026 at 22:18:59"
Q0,39,1933369.2625922563,0.005366450818174199,0.005366450818174199,2026-07-10T16:50:49.928948+00:00,"Run - Jul 10, 2026 at 22:18:59"
Q1,39,1932449.2596477948,0.005482793091591585,0.005482793091591585,2026-07-10T16:50:49.977552+00:00,"Run - Jul 10, 2026 at 22:18:59"
Q2,39,1933823.1753497329,0.005586890585419754,0.005586890585419754,2026-07-10T16:50:50.025772+00:00,"Run - Jul 10, 2026 at 22:18:59"
Q3,39,1935799.1584866918,0.005687261996457022,0.005687261996457022,2026-07-10T16:50:50.073834+00:00,"Run - Jul 10, 2026 at 22:18:59"
Q4,39,1936220.1744853114,0.005795628872132272,0.005795628872132272,2026-07-10T16:50:50.120843+00:00,"Run - Jul 10, 2026 at 22:18:59"
Q5,39,1936628.9956051505,0.005904358077505546,0.005904358077505546,2026-07-10T16:50:50.164044+00:00,"Run - Jul 10, 2026 at 22:18:59"
Q6,39,1937594.632036904,0.006011037088605873,0.006011037088605873,2026-07-10T16:50:50.212359+00:00,"Run - Jul 10, 2026 at 22:18:59"
Q7,39,1939423.8363926986,0.0061115840188569505,0.0061115840188569505,2026-07-10T16:50:50.260876+00:00,"Run - Jul 10, 2026 at 22:18:59"
Q8,39,1938619.5140051118,0.006227698132092463,0.006227698132092463,2026-07-10T16:50:50.310054+00:00,"Run - Jul 10, 2026 at 22:18:59"
Q9,39,1941392.3380636405,0.0063215913071910535,0.0063215913071910535,2026-07-10T16:50:50.355253+00:00,"Run - Jul 10, 2026 at 22:18:59"
Q10,39,1941423.7634848026,0.006433851573952456,0.006433851573952456,2026-07-10T16:50:50.400158+00:00,"Run - Jul 10, 2026 at 22:18:59"
Q11,39,1942570.5701647485,0.006539484134304668,0.006539484134304668,2026-07-10T16:50:50.446259+00:00,"Run - Jul 10, 2026 at 22:18:59"
Q12,39,1943301.5429029758,0.006647202304911293,0.006647202304911293,2026-07-10T16:50:50.491392+00:00,"Run - Jul 10, 2026 at 22:18:59"
Q13,39,1943901.8976509618,0.006754845758200181,0.006754845758200181,2026-07-10T16:50:50.550574+00:00,"Run - Jul 10, 2026 at 22:18:59"
Q14,39,1944230.867764328,0.006864259442002975,0.006864259442002975,2026-07-10T16:50:50.597707+00:00,"Run - Jul 10, 2026 at 22:18:59"
Q15,39,1945514.7039548636,0.006968043990708422,0.006968043990708422,2026-07-10T16:50:50.645213+00:00,"Run - Jul 10, 2026 at 22:18:59"
Q16,39,1948038.5595103542,0.007064082254121164,0.007064082254121164,2026-07-10T16:50:50.710182+00:00,"Run - Jul 10, 2026 at 22:18:59"
Q17,39,1947762.859239077,0.007178393750922908,0.007178393750922908,2026-07-10T16:50:50.779520+00:00,"Run - Jul 10, 2026 at 22:18:59"
Q18,39,1948230.1825368612,0.0072874743073846485,0.0072874743073846485,2026-07-10T16:50:50.848568+00:00,"Run - Jul 10, 2026 at 22:18:59"
Q19,39,1950574.6546091523,0.00738416954691642,0.00738416954691642,2026-07-10T16:50:50.910155+00:00,"Run - Jul 10, 2026 at 22:18:59"
Q20,39,1950752.1252216152,0.00749557377741706,0.00749557377741706,2026-07-10T16:50:50.970926+00:00,"Run - Jul 10, 2026 at 22:18:59"
Q21,39,1952465.9725530061,0.007596208796701691,0.007596208796701691,2026-07-10T16:50:51.032454+00:00,"Run - Jul 10, 2026 at 22:18:59"
Q22,39,1953079.6321140283,0.007705351574633485,0.007705351574633485,2026-07-10T16:50:51.111365+00:00,"Run - Jul 10, 2026 at 22:18:59"
Q23,39,1953431.4844687297,0.00781431162977473,0.00781431162977473,2026-07-10T16:50:51.188879+00:00,"Run - Jul 10, 2026 at 22:18:59"
Q24,39,1954627.5662923174,0.007918617228720861,0.007918617228720861,2026-07-10T16:50:51.273777+00:00,"Run - Jul 10, 2026 at 22:18:59"
Q0,40,1930445.1206214514,0.0053825371633137685,0.0053825371633137685,2026-07-10T16:50:53.757567+00:00,"Run - Jul 10, 2026 at 22:18:59"
Q1,40,1930203.192004315,0.005496194386522785,0.005496194386522785,2026-07-10T16:50:53.832365+00:00,"Run - Jul 10, 2026 at 22:18:59"
Q2,40,1930752.2674567204,0.005603041768705641,0.005603041768705641,2026-07-10T16:50:53.937610+00:00,"Run - Jul 10, 2026 at 22:18:59"
Q3,40,1933238.9252936768,0.005702151167559731,0.005702151167559731,2026-07-10T16:50:54.007808+00:00,"Run - Jul 10, 2026 at 22:18:59"
Q4,40,1933185.766274012,0.0058119460487253026,0.0058119460487253026,2026-07-10T16:50:54.081350+00:00,"Run - Jul 10, 2026 at 22:18:59"
Q5,40,1934087.7829677926,0.005919124923106556,0.005919124923106556,2026-07-10T16:50:54.157230+00:00,"Run - Jul 10, 2026 at 22:18:59"
Q6,40,1934780.2297865883,0.006027676502427783,0.006027676502427783,2026-07-10T16:50:54.231753+00:00,"Run - Jul 10, 2026 at 22:18:59"
Q7,40,1936376.6574046218,0.006129080807075988,0.006129080807075988,2026-07-10T16:50:54.302126+00:00,"Run - Jul 10, 2026 at 22:18:59"
Q8,40,1935511.4206406795,0.0062454883056298986,0.0062454883056298986,2026-07-10T16:50:54.374949+00:00,"Run - Jul 10, 2026 at 22:18:59"
Q9,40,1938469.641750022,0.006339575903417482,0.006339575903417482,2026-07-10T16:50:54.452927+00:00,"Run - Jul 10, 2026 at 22:18:59"
Q10,40,1938604.835572636,0.006451440055629457,0.006451440055629457,2026-07-10T16:50:54.544210+00:00,"Run - Jul 10, 2026 at 22:18:59"
Q11,40,1939835.8225897688,0.0065569541701108154,0.0065569541701108154,2026-07-10T16:50:54.627044+00:00,"Run - Jul 10, 2026 at 22:18:59"
Q12,40,1941035.1707079783,0.006662008115056892,0.006662008115056892,2026-07-10T16:50:54.701960+00:00,"Run - Jul 10, 2026 at 22:18:59"
Q13,40,1941311.448837686,0.006771772509020465,0.006771772509020465,2026-07-10T16:50:54.769702+00:00,"Run - Jul 10, 2026 at 22:18:59"
Q14,40,1941963.262797117,0.006879646357039893,0.006879646357039893,2026-07-10T16:50:54.836223+00:00,"Run - Jul 10, 2026 at 22:18:59"
Q15,40,1943197.8996159127,0.006983763116944274,0.006983763116944274,2026-07-10T16:50:54.904297+00:00,"Run - Jul 10, 2026 at 22:18:59"
Q16,40,1945153.037574152,0.0070835294619589215,0.0070835294619589215,2026-07-10T16:50:54.971817+00:00,"Run - Jul 10, 2026 at 22:18:59"
Q17,40,1945349.2263987316,0.007194975368934116,0.007194975368934116,2026-07-10T16:50:55.041317+00:00,"Run - Jul 10, 2026 at 22:18:59"
Q18,40,1945916.2376529097,0.007303429674128855,0.007303429674128855,2026-07-10T16:50:55.127514+00:00,"Run - Jul 10, 2026 at 22:18:59"
Q19,40,1948038.7276346162,0.007403008199940132,0.007403008199940132,2026-07-10T16:50:55.203517+00:00,"Run - Jul 10, 2026 at 22:18:59"
Q20,40,1948853.3612477803,0.007509868393867561,0.007509868393867561,2026-07-10T16:50:55.282721+00:00,"Run - Jul 10, 2026 at 22:18:59"
Q21,40,1949361.3915903792,0.0076175542266862985,0.0076175542266862985,2026-07-10T16:50:55.358246+00:00,"Run - Jul 10, 2026 at 22:18:59"
Q22,40,1950787.6902837767,0.007722250439332115,0.007722250439332115,2026-07-10T16:50:55.426778+00:00,"Run - Jul 10, 2026 at 22:18:59"
Q23,40,1951189.6599223462,0.00783140646563614,0.00783140646563614,2026-07-10T16:50:55.493277+00:00,"Run - Jul 10, 2026 at 22:18:59"
Q24,40,1951791.7164842794,0.007939828795308036,0.007939828795308036,2026-07-10T16:50:55.564813+00:00,"Run - Jul 10, 2026 at 22:18:59"
Q0,41,1928380.16260109,0.005393604828925226,0.005393604828925226,2026-07-10T16:50:57.558076+00:00,"Run - Jul 10, 2026 at 22:18:59"
Q1,41,1928482.5600344313,0.005504172207291047,0.005504172207291047,2026-07-10T16:50:57.607765+00:00,"Run - Jul 10, 2026 at 22:18:59"
Q2,41,1928497.5085107957,0.00561464420633254,0.00561464420633254,2026-07-10T16:50:57.655384+00:00,"Run - Jul 10, 2026 at 22:18:59"
Q3,41,1930032.6289016719,0.005718419313779449,0.005718419313779449,2026-07-10T16:50:57.703995+00:00,"Run - Jul 10, 2026 at 22:18:59"
Q4,41,1931158.9209752243,0.0058236170646399415,0.0058236170646399415,2026-07-10T16:50:57.753529+00:00,"Run - Jul 10, 2026 at 22:18:59"
Q5,41,1932060.8900670444,0.00593095857172302,0.00593095857172302,2026-07-10T16:50:57.803531+00:00,"Run - Jul 10, 2026 at 22:18:59"
Q6,41,1932383.3704705194,0.0060409981768730515,0.0060409981768730515,2026-07-10T16:50:57.850767+00:00,"Run - Jul 10, 2026 at 22:18:59"
Q7,41,1934146.4414009326,0.0061416993367775655,0.0061416993367775655,2026-07-10T16:50:57.899807+00:00,"Run - Jul 10, 2026 at 22:18:59"
Q8,41,1933179.4700751496,0.006258434284122465,0.006258434284122465,2026-07-10T16:50:57.961915+00:00,"Run - Jul 10, 2026 at 22:18:59"
Q9,41,1935880.417925176,0.006354509712964195,0.006354509712964195,2026-07-10T16:50:58.008911+00:00,"Run - Jul 10, 2026 at 22:18:59"
Q10,41,1936298.8061092265,0.006464519336561803,0.006464519336561803,2026-07-10T16:50:58.061571+00:00,"Run - Jul 10, 2026 at 22:18:59"
Q11,41,1936449.6294837277,0.006577107413685632,0.006577107413685632,2026-07-10T16:50:58.114993+00:00,"Run - Jul 10, 2026 at 22:18:59"
Q12,41,1937905.2788681644,0.00668140653221254,0.00668140653221254,2026-07-10T16:50:58.163123+00:00,"Run - Jul 10, 2026 at 22:18:59"
Q13,41,1939036.8559035251,0.006786421890144498,0.006786421890144498,2026-07-10T16:50:58.215028+00:00,"Run - Jul 10, 2026 at 22:18:59"
Q14,41,1939432.27894394,0.006895294038100476,0.006895294038100476,2026-07-10T16:50:58.265965+00:00,"Run - Jul 10, 2026 at 22:18:59"
Q15,41,1940707.7901556026,0.006999264638753791,0.006999264638753791,2026-07-10T16:50:58.316048+00:00,"Run - Jul 10, 2026 at 22:18:59"
Q16,41,1942999.6902599784,0.007097478643594175,0.007097478643594175,2026-07-10T16:50:58.369673+00:00,"Run - Jul 10, 2026 at 22:18:59"
Q17,41,1943112.579195088,0.007210105253636121,0.007210105253636121,2026-07-10T16:50:58.420685+00:00,"Run - Jul 10, 2026 at 22:18:59"
Q18,41,1943515.6312961765,0.007318873699375562,0.007318873699375562,2026-07-10T16:50:58.473059+00:00,"Run - Jul 10, 2026 at 22:18:59"
Q19,41,1945615.2577734236,0.007419170925192902,0.007419170925192902,2026-07-10T16:50:58.526080+00:00,"Run - Jul 10, 2026 at 22:18:59"
Q20,41,1946298.942200648,0.007526903902301614,0.007526903902301614,2026-07-10T16:50:58.584130+00:00,"Run - Jul 10, 2026 at 22:18:59"
Q21,41,1946903.5270630098,0.007634053622470972,0.007634053622470972,2026-07-10T16:50:58.633725+00:00,"Run - Jul 10, 2026 at 22:18:59"
Q22,41,1949048.0550389583,0.007735435696631771,0.007735435696631771,2026-07-10T16:50:58.703849+00:00,"Run - Jul 10, 2026 at 22:18:59"
Q23,41,1948772.2884397572,0.007848363063724356,0.007848363063724356,2026-07-10T16:50:58.778929+00:00,"Run - Jul 10, 2026 at 22:18:59"
Q24,41,1949336.9237552837,0.00795695879633364,0.00795695879633364,2026-07-10T16:50:58.854337+00:00,"Run - Jul 10, 2026 at 22:18:59"
Q0,42,1925501.4496229284,0.005408998434945116,0.005408998434945116,2026-07-10T16:51:01.574295+00:00,"Run - Jul 10, 2026 at 22:18:59"
Q1,42,1926010.0157681222,0.005517646947787791,0.005517646947787791,2026-07-10T16:51:01.665966+00:00,"Run - Jul 10, 2026 at 22:18:59"
Q2,42,1925793.6005044198,0.005627980354904968,0.005627980354904968,2026-07-10T16:51:01.743849+00:00,"Run - Jul 10, 2026 at 22:18:59"
Q3,42,1927258.4695579372,0.0057338261160656875,0.0057338261160656875,2026-07-10T16:51:01.814371+00:00,"Run - Jul 10, 2026 at 22:18:59"
Q4,42,1928714.614889706,0.005838975713692143,0.005838975713692143,2026-07-10T16:51:01.881908+00:00,"Run - Jul 10, 2026 at 22:18:59"
Q5,42,1930010.8692121245,0.005944348660123375,0.005944348660123375,2026-07-10T16:51:01.952442+00:00,"Run - Jul 10, 2026 at 22:18:59"
Q6,42,1930044.499347309,0.006055269117895229,0.006055269117895229,2026-07-10T16:51:02.033314+00:00,"Run - Jul 10, 2026 at 22:18:59"
Q7,42,1931670.9393271164,0.0061563317551584125,0.0061563317551584125,2026-07-10T16:51:02.103253+00:00,"Run - Jul 10, 2026 at 22:18:59"
Q8,42,1930855.3959245489,0.006273047102307531,0.006273047102307531,2026-07-10T16:51:02.176278+00:00,"Run - Jul 10, 2026 at 22:18:59"
Q9,42,1932607.9774728483,0.006374848979966971,0.006374848979966971,2026-07-10T16:51:02.249851+00:00,"Run - Jul 10, 2026 at 22:18:59"
Q10,42,1933828.7730897432,0.006479856231441905,0.006479856231441905,2026-07-10T16:51:02.316295+00:00,"Run - Jul 10, 2026 at 22:18:59"
Q11,42,1934133.6793787917,0.006590656702857995,0.006590656702857995,2026-07-10T16:51:02.385635+00:00,"Run - Jul 10, 2026 at 22:18:59"
Q12,42,1935437.0005068406,0.006697169388998351,0.006697169388998351,2026-07-10T16:51:02.449166+00:00,"Run - Jul 10, 2026 at 22:18:59"
Q13,42,1937049.7978909393,0.006799361843688274,0.006799361843688274,2026-07-10T16:51:02.516337+00:00,"Run - Jul 10, 2026 at 22:18:59"
Q14,42,1936967.5977400434,0.006911475266009199,0.006911475266009199,2026-07-10T16:51:02.588285+00:00,"Run - Jul 10, 2026 at 22:18:59"
Q15,42,1938534.1149427225,0.007014839110705044,0.007014839110705044,2026-07-10T16:51:02.658570+00:00,"Run - Jul 10, 2026 at 22:18:59"
Q16,42,1940492.0911425636,0.007115855406666155,0.007115855406666155,2026-07-10T16:51:02.728642+00:00,"Run - Jul 10, 2026 at 22:18:59"
Q17,42,1941058.0429423945,0.007225614331704459,0.007225614331704459,2026-07-10T16:51:02.784487+00:00,"Run - Jul 10, 2026 at 22:18:59"
Q18,42,1941000.4474060414,0.007336053343256024,0.007336053343256024,2026-07-10T16:51:02.842063+00:00,"Run - Jul 10, 2026 at 22:18:59"
Q19,42,1942649.9740175537,0.007438608770838309,0.007438608770838309,2026-07-10T16:51:02.891269+00:00,"Run - Jul 10, 2026 at 22:18:59"
Q20,42,1943677.3641421963,0.007545472991662755,0.007545472991662755,2026-07-10T16:51:02.941400+00:00,"Run - Jul 10, 2026 at 22:18:59"
Q21,42,1944154.1592471125,0.007653701527310797,0.007653701527310797,2026-07-10T16:51:02.989752+00:00,"Run - Jul 10, 2026 at 22:18:59"
Q22,42,1946236.8597805249,0.007755546796147519,0.007755546796147519,2026-07-10T16:51:03.041241+00:00,"Run - Jul 10, 2026 at 22:18:59"
Q23,42,1946115.2584505433,0.007867231889681203,0.007867231889681203,2026-07-10T16:51:03.105277+00:00,"Run - Jul 10, 2026 at 22:18:59"
Q24,42,1946855.839786515,0.007975349649117613,0.007975349649117613,2026-07-10T16:51:03.161186+00:00,"Run - Jul 10, 2026 at 22:18:59"
Q0,43,1923373.3365839457,0.005419994741603823,0.005419994741603823,2026-07-10T16:51:05.259204+00:00,"Run - Jul 10, 2026 at 22:18:59"
Q1,43,1923683.8658226707,0.005529383888052678,0.005529383888052678,2026-07-10T16:51:05.333121+00:00,"Run - Jul 10, 2026 at 22:18:59"
Q2,43,1923483.2514136855,0.0056399352243520435,0.0056399352243520435,2026-07-10T16:51:05.407743+00:00,"Run - Jul 10, 2026 at 22:18:59"
Q3,43,1925107.3843044937,0.005744842030717961,0.005744842030717961,2026-07-10T16:51:05.473267+00:00,"Run - Jul 10, 2026 at 22:18:59"
Q4,43,1926429.0122529976,0.005851270639264251,0.005851270639264251,2026-07-10T16:51:05.541353+00:00,"Run - Jul 10, 2026 at 22:18:59"
Q5,43,1927756.1032863406,0.005956589372098677,0.005956589372098677,2026-07-10T16:51:05.621642+00:00,"Run - Jul 10, 2026 at 22:18:59"
Q6,43,1927929.8200858303,0.006067144036871771,0.006067144036871771,2026-07-10T16:51:05.698767+00:00,"Run - Jul 10, 2026 at 22:18:59"
Q7,43,1929376.6556903303,0.006169022062585248,0.006169022062585248,2026-07-10T16:51:05.781106+00:00,"Run - Jul 10, 2026 at 22:18:59"
Q8,43,1928712.5698612852,0.006285421130203927,0.006285421130203927,2026-07-10T16:51:05.854369+00:00,"Run - Jul 10, 2026 at 22:18:59"
Q9,43,1930362.7960468275,0.0063883306697989925,0.0063883306697989925,2026-07-10T16:51:05.929923+00:00,"Run - Jul 10, 2026 at 22:18:59"
Q10,43,1931506.0380033774,0.006493277644650623,0.006493277644650623,2026-07-10T16:51:05.996367+00:00,"Run - Jul 10, 2026 at 22:18:59"
Q11,43,1931897.6103106805,0.0066039097591126614,0.0066039097591126614,2026-07-10T16:51:06.080117+00:00,"Run - Jul 10, 2026 at 22:18:59"
Q12,43,1933236.050252366,0.006710573659037674,0.006710573659037674,2026-07-10T16:51:06.143344+00:00,"Run - Jul 10, 2026 at 22:18:59"
Q13,43,1935086.1277927724,0.006810630337381904,0.006810630337381904,2026-07-10T16:51:06.219697+00:00,"Run - Jul 10, 2026 at 22:18:59"
Q14,43,1934729.5972015187,0.006925245994437627,0.006925245994437627,2026-07-10T16:51:06.290355+00:00,"Run - Jul 10, 2026 at 22:18:59"
Q15,43,1936412.479540397,0.007028410746206813,0.007028410746206813,2026-07-10T16:51:06.359571+00:00,"Run - Jul 10, 2026 at 22:18:59"
Q16,43,1937931.624912959,0.007132049092030055,0.007132049092030055,2026-07-10T16:51:06.431259+00:00,"Run - Jul 10, 2026 at 22:18:59"
Q17,43,1938883.1394161284,0.007239756988082637,0.007239756988082637,2026-07-10T16:51:06.505477+00:00,"Run - Jul 10, 2026 at 22:18:59"
Q18,43,1938712.359781711,0.007350878403099313,0.007350878403099313,2026-07-10T16:51:06.574347+00:00,"Run - Jul 10, 2026 at 22:18:59"
Q19,43,1940312.3650145542,0.007454126019493565,0.007454126019493565,2026-07-10T16:51:06.645159+00:00,"Run - Jul 10, 2026 at 22:18:59"
Q20,43,1941629.2685874978,0.007559770045391738,0.007559770045391738,2026-07-10T16:51:06.719153+00:00,"Run - Jul 10, 2026 at 22:18:59"
Q21,43,1941858.6674063485,0.0076691698978398355,0.0076691698978398355,2026-07-10T16:51:06.790185+00:00,"Run - Jul 10, 2026 at 22:18:59"
Q22,43,1943885.451757852,0.007771717091844707,0.007771717091844707,2026-07-10T16:51:06.858879+00:00,"Run - Jul 10, 2026 at 22:18:59"
Q23,43,1944144.8457831282,0.007880787091108465,0.007880787091108465,2026-07-10T16:51:06.921954+00:00,"Run - Jul 10, 2026 at 22:18:59"
Q24,43,1944513.316872198,0.00799202001864589,0.00799202001864589,2026-07-10T16:51:06.987517+00:00,"Run - Jul 10, 2026 at 22:18:59"
Q0,44,1921393.3871161037,0.005430936144685476,0.005430936144685476,2026-07-10T16:51:09.867282+00:00,"Run - Jul 10, 2026 at 22:18:59"
Q1,44,1921538.8446467821,0.005539909938936061,0.005539909938936061,2026-07-10T16:51:09.915972+00:00,"Run - Jul 10, 2026 at 22:18:59"
Q2,44,1921687.8835499757,0.00564976527957048,0.00564976527957048,2026-07-10T16:51:09.967138+00:00,"Run - Jul 10, 2026 at 22:18:59"
Q3,44,1922594.8550559233,0.00575780794956814,0.00575780794956814,2026-07-10T16:51:10.016510+00:00,"Run - Jul 10, 2026 at 22:18:59"
Q4,44,1924498.5556174265,0.005862697025532062,0.005862697025532062,2026-07-10T16:51:10.079260+00:00,"Run - Jul 10, 2026 at 22:18:59"
Q5,44,1925693.8379044149,0.005968751301973059,0.005968751301973059,2026-07-10T16:51:10.129631+00:00,"Run - Jul 10, 2026 at 22:18:59"
Q6,44,1926085.7390172724,0.006078718290883915,0.006078718290883915,2026-07-10T16:51:10.182813+00:00,"Run - Jul 10, 2026 at 22:18:59"
Q7,44,1927114.0212644609,0.006181756868271692,0.006181756868271692,2026-07-10T16:51:10.230813+00:00,"Run - Jul 10, 2026 at 22:18:59"
Q8,44,1926884.4044191323,0.006297155304874106,0.006297155304874106,2026-07-10T16:51:10.281282+00:00,"Run - Jul 10, 2026 at 22:18:59"
Q9,44,1928439.344182925,0.006400686477911331,0.006400686477911331,2026-07-10T16:51:10.332305+00:00,"Run - Jul 10, 2026 at 22:18:59"
Q10,44,1929621.6529321426,0.006505565822104188,0.006505565822104188,2026-07-10T16:51:10.381038+00:00,"Run - Jul 10, 2026 at 22:18:59"
Q11,44,1930020.6609109219,0.0066163099642947264,0.0066163099642947264,2026-07-10T16:51:10.431044+00:00,"Run - Jul 10, 2026 at 22:18:59"
Q12,44,1931352.6120000486,0.006723144248044371,0.006723144248044371,2026-07-10T16:51:10.484611+00:00,"Run - Jul 10, 2026 at 22:18:59"
Q13,44,1932966.8941553026,0.006824221640317851,0.006824221640317851,2026-07-10T16:51:10.543135+00:00,"Run - Jul 10, 2026 at 22:18:59"
Q14,44,1932850.583198998,0.0069381375785119714,0.0069381375785119714,2026-07-10T16:51:10.597980+00:00,"Run - Jul 10, 2026 at 22:18:59"
Q15,44,1934315.659529675,0.007042150549974888,0.007042150549974888,2026-07-10T16:51:10.648183+00:00,"Run - Jul 10, 2026 at 22:18:59"
Q16,44,1936031.9104431416,0.007145377395257453,0.007145377395257453,2026-07-10T16:51:10.702572+00:00,"Run - Jul 10, 2026 at 22:18:59"
Q17,44,1936816.4082058982,0.0072535133244585916,0.0072535133244585916,2026-07-10T16:51:10.753960+00:00,"Run - Jul 10, 2026 at 22:18:59"
Q18,44,1936827.5520922851,0.007364466569399221,0.007364466569399221,2026-07-10T16:51:10.805777+00:00,"Run - Jul 10, 2026 at 22:18:59"
Q19,44,1938417.2219241692,0.007467934809081791,0.007467934809081791,2026-07-10T16:51:10.855307+00:00,"Run - Jul 10, 2026 at 22:18:59"
Q20,44,1939437.0095645397,0.007574902285636429,0.007574902285636429,2026-07-10T16:51:10.905945+00:00,"Run - Jul 10, 2026 at 22:18:59"
Q21,44,1939967.1727504272,0.007683294218628852,0.007683294218628852,2026-07-10T16:51:10.958487+00:00,"Run - Jul 10, 2026 at 22:18:59"
Q22,44,1941977.3455374623,0.0077860723362513,0.0077860723362513,2026-07-10T16:51:11.008486+00:00,"Run - Jul 10, 2026 at 22:18:59"
Q23,44,1942246.1190324794,0.007895277335525886,0.007895277335525886,2026-07-10T16:51:11.058627+00:00,"Run - Jul 10, 2026 at 22:18:59"
Q24,44,1942331.3501388982,0.00800780115513838,0.00800780115513838,2026-07-10T16:51:11.121775+00:00,"Run - Jul 10, 2026 at 22:18:59"
Q0,45,1919033.1874635257,0.0054428270627703106,0.0054428270627703106,2026-07-10T16:51:13.264940+00:00,"Run - Jul 10, 2026 at 22:18:59"
Q1,45,1919147.506506991,0.00555219890571954,0.00555219890571954,2026-07-10T16:51:13.344151+00:00,"Run - Jul 10, 2026 at 22:18:59"
Q2,45,1919263.9225853195,0.005662584919211166,0.005662584919211166,2026-07-10T16:51:13.426197+00:00,"Run - Jul 10, 2026 at 22:18:59"
Q3,45,1920170.4501708196,0.0057708298693537885,0.0057708298693537885,2026-07-10T16:51:13.507362+00:00,"Run - Jul 10, 2026 at 22:18:59"
Q4,45,1922144.3256884,0.005875374017807524,0.005875374017807524,2026-07-10T16:51:13.584908+00:00,"Run - Jul 10, 2026 at 22:18:59"
Q5,45,1923293.1711314593,0.005981883147553104,0.005981883147553104,2026-07-10T16:51:13.663916+00:00,"Run - Jul 10, 2026 at 22:18:59"
Q6,45,1923733.9925130769,0.006091786279313698,0.006091786279313698,2026-07-10T16:51:13.747056+00:00,"Run - Jul 10, 2026 at 22:18:59"
Q7,45,1924760.1151604021,0.006195092413550925,0.006195092413550925,2026-07-10T16:51:13.837081+00:00,"Run - Jul 10, 2026 at 22:18:59"
Q8,45,1924504.6495543248,0.006310821150412106,0.006310821150412106,2026-07-10T16:51:13.925794+00:00,"Run - Jul 10, 2026 at 22:18:59"
Q9,45,1926006.4401216398,0.006415000013228238,0.006415000013228238,2026-07-10T16:51:14.002888+00:00,"Run - Jul 10, 2026 at 22:18:59"
Q10,45,1927269.6334643469,0.006519491092690199,0.006519491092690199,2026-07-10T16:51:14.087942+00:00,"Run - Jul 10, 2026 at 22:18:59"
Q11,45,1927715.2579950942,0.006630026085645055,0.006630026085645055,2026-07-10T16:51:14.175332+00:00,"Run - Jul 10, 2026 at 22:18:59"
Q12,45,1929000.9922517496,0.006737437947239943,0.006737437947239943,2026-07-10T16:51:14.252041+00:00,"Run - Jul 10, 2026 at 22:18:59"
Q13,45,1930604.622054849,0.006838811319335548,0.006838811319335548,2026-07-10T16:51:14.998885+00:00,"Run - Jul 10, 2026 at 22:18:59"
Q14,45,1930625.8836706183,0.006952378609461127,0.006952378609461127,2026-07-10T16:51:15.073007+00:00,"Run - Jul 10, 2026 at 22:18:59"
Q15,45,1932082.9013472216,0.007056596771872728,0.007056596771872728,2026-07-10T16:51:15.162415+00:00,"Run - Jul 10, 2026 at 22:18:59"
Q16,45,1933577.8733486007,0.007161275120178039,0.007161275120178039,2026-07-10T16:51:15.247955+00:00,"Run - Jul 10, 2026 at 22:18:59"
Q17,45,1934407.2107431784,0.007269199343625802,0.007269199343625802,2026-07-10T16:51:15.336625+00:00,"Run - Jul 10, 2026 at 22:18:59"
Q18,45,1934512.8379067907,0.007379640566037889,0.007379640566037889,2026-07-10T16:51:15.425720+00:00,"Run - Jul 10, 2026 at 22:18:59"
Q19,45,1936129.9804562705,0.007483555210126567,0.007483555210126567,2026-07-10T16:51:15.504259+00:00,"Run - Jul 10, 2026 at 22:18:59"
Q20,45,1936944.0372336258,0.0075917516877909924,0.0075917516877909924,2026-07-10T16:51:15.582799+00:00,"Run - Jul 10, 2026 at 22:18:59"
Q21,45,1937605.3916682017,0.00769952052694639,0.00769952052694639,2026-07-10T16:51:15.662884+00:00,"Run - Jul 10, 2026 at 22:18:59"
Q22,45,1939513.346281706,0.0078032933228966124,0.0078032933228966124,2026-07-10T16:51:15.741421+00:00,"Run - Jul 10, 2026 at 22:18:59"
Q23,45,1939876.795826067,0.007911953163888392,0.007911953163888392,2026-07-10T16:51:15.814413+00:00,"Run - Jul 10, 2026 at 22:18:59"
Q24,45,1939887.621569935,0.00802534491252446,0.00802534491252446,2026-07-10T16:51:15.892448+00:00,"Run - Jul 10, 2026 at 22:18:59"
Q0,46,1916813.8943124542,0.005454901866474146,0.005454901866474146,2026-07-10T16:51:18.656356+00:00,"Run - Jul 10, 2026 at 22:18:59"
Q1,46,1916859.3780647335,0.005564593778712567,0.005564593778712567,2026-07-10T16:51:18.713357+00:00,"Run - Jul 10, 2026 at 22:18:59"
Q2,46,1917070.4542502924,0.005674568407408043,0.005674568407408043,2026-07-10T16:51:18.776746+00:00,"Run - Jul 10, 2026 at 22:18:59"
Q3,46,1918056.5107922168,0.005782827334074446,0.005782827334074446,2026-07-10T16:51:18.828082+00:00,"Run - Jul 10, 2026 at 22:18:59"
Q4,46,1919930.978640894,0.005888183865010827,0.005888183865010827,2026-07-10T16:51:18.880948+00:00,"Run - Jul 10, 2026 at 22:18:59"
Q5,46,1920834.6850702188,0.005995581681554922,0.005995581681554922,2026-07-10T16:51:18.933545+00:00,"Run - Jul 10, 2026 at 22:18:59"
Q6,46,1921443.132111571,0.006105151332683952,0.006105151332683952,2026-07-10T16:51:18.985970+00:00,"Run - Jul 10, 2026 at 22:18:59"
Q7,46,1922547.1928933796,0.006208520569386467,0.006208520569386467,2026-07-10T16:51:19.036494+00:00,"Run - Jul 10, 2026 at 22:18:59"
Q8,46,1922066.2887760613,0.006325070570087368,0.006325070570087368,2026-07-10T16:51:19.102174+00:00,"Run - Jul 10, 2026 at 22:18:59"
Q9,46,1923643.1607912788,0.006428891007402713,0.006428891007402713,2026-07-10T16:51:19.161057+00:00,"Run - Jul 10, 2026 at 22:18:59"
Q10,46,1925058.6541373513,0.006533470695966608,0.006533470695966608,2026-07-10T16:51:19.218203+00:00,"Run - Jul 10, 2026 at 22:18:59"
Q11,46,1925349.9634134236,0.0066449754515067625,0.0066449754515067625,2026-07-10T16:51:19.276742+00:00,"Run - Jul 10, 2026 at 22:18:59"
Q12,46,1926710.2361201257,0.006751993691068395,0.006751993691068395,2026-07-10T16:51:19.328177+00:00,"Run - Jul 10, 2026 at 22:18:59"
Q13,46,1928303.5147799202,0.006853654586419776,0.006853654586419776,2026-07-10T16:51:19.380468+00:00,"Run - Jul 10, 2026 at 22:18:59"
Q14,46,1928417.348847454,0.00696708839106938,0.00696708839106938,2026-07-10T16:51:19.447617+00:00,"Run - Jul 10, 2026 at 22:18:59"
Q15,46,1929623.6214367691,0.007072442254098551,0.007072442254098551,2026-07-10T16:51:19.509685+00:00,"Run - Jul 10, 2026 at 22:18:59"
Q16,46,1931436.7138244829,0.007175787652744064,0.007175787652744064,2026-07-10T16:51:19.564286+00:00,"Run - Jul 10, 2026 at 22:18:59"
Q17,46,1932102.0121882302,0.007284837067505882,0.007284837067505882,2026-07-10T16:51:19.619028+00:00,"Run - Jul 10, 2026 at 22:18:59"
Q18,46,1932017.0509518466,0.007396505953419519,0.007396505953419519,2026-07-10T16:51:19.672877+00:00,"Run - Jul 10, 2026 at 22:18:59"
Q19,46,1933708.0260346439,0.007499998089417801,0.007499998089417801,2026-07-10T16:51:19.728966+00:00,"Run - Jul 10, 2026 at 22:18:59"
Q20,46,1934720.8294768708,0.007607698996851675,0.007607698996851675,2026-07-10T16:51:19.787633+00:00,"Run - Jul 10, 2026 at 22:18:59"
Q21,46,1935385.33372479,0.007715656852590567,0.007715656852590567,2026-07-10T16:51:19.842696+00:00,"Run - Jul 10, 2026 at 22:18:59"
Q22,46,1937197.5427406502,0.007820031462030995,0.007820031462030995,2026-07-10T16:51:19.917337+00:00,"Run - Jul 10, 2026 at 22:18:59"
Q23,46,1937568.807464655,0.007928822976050437,0.007928822976050437,2026-07-10T16:51:19.995520+00:00,"Run - Jul 10, 2026 at 22:18:59"
Q24,46,1937757.439383242,0.008041285019485539,0.008041285019485539,2026-07-10T16:51:20.078416+00:00,"Run - Jul 10, 2026 at 22:18:59"
Q0,47,1914505.8545718163,0.005467070929286996,0.005467070929286996,2026-07-10T16:51:22.988039+00:00,"Run - Jul 10, 2026 at 22:18:59"
Q1,47,1914253.8402101172,0.005578752574105248,0.005578752574105248,2026-07-10T16:51:23.071073+00:00,"Run - Jul 10, 2026 at 22:18:59"
Q2,47,1914590.699459021,0.005688497939724184,0.005688497939724184,2026-07-10T16:51:23.157193+00:00,"Run - Jul 10, 2026 at 22:18:59"
Q3,47,1915489.855305654,0.005797193609330695,0.005797193609330695,2026-07-10T16:51:23.247056+00:00,"Run - Jul 10, 2026 at 22:18:59"
Q4,47,1917467.4822824525,0.005901812061789476,0.005901812061789476,2026-07-10T16:51:23.332745+00:00,"Run - Jul 10, 2026 at 22:18:59"
Q5,47,1918214.3061271969,0.006009635319188938,0.006009635319188938,2026-07-10T16:51:23.416342+00:00,"Run - Jul 10, 2026 at 22:18:59"
Q6,47,1918985.0249632064,0.0061189573132554125,0.0061189573132554125,2026-07-10T16:51:23.498807+00:00,"Run - Jul 10, 2026 at 22:18:59"
Q7,47,1920042.231106273,0.0062230841494014776,0.0062230841494014776,2026-07-10T16:51:23.580804+00:00,"Run - Jul 10, 2026 at 22:18:59"
Q8,47,1919581.6428217657,0.006339640436451993,0.006339640436451993,2026-07-10T16:51:23.669477+00:00,"Run - Jul 10, 2026 at 22:18:59"
Q9,47,1921148.5497502068,0.006443734529579799,0.006443734529579799,2026-07-10T16:51:23.752019+00:00,"Run - Jul 10, 2026 at 22:18:59"
Q10,47,1922597.3691087961,0.006548308303025433,0.006548308303025433,2026-07-10T16:51:23.830052+00:00,"Run - Jul 10, 2026 at 22:18:59"
Q11,47,1923017.2964974355,0.006659460312356914,0.006659460312356914,2026-07-10T16:51:23.916341+00:00,"Run - Jul 10, 2026 at 22:18:59"
Q12,47,1924249.3721772071,0.006767314707198346,0.006767314707198346,2026-07-10T16:51:23.987026+00:00,"Run - Jul 10, 2026 at 22:18:59"
Q13,47,1925717.6663376214,0.006870622893665191,0.006870622893665191,2026-07-10T16:51:24.062736+00:00,"Run - Jul 10, 2026 at 22:18:59"
Q14,47,1926158.8371624853,0.00698184215446661,0.00698184215446661,2026-07-10T16:51:24.142306+00:00,"Run - Jul 10, 2026 at 22:18:59"
Q15,47,1927039.9892233945,0.007088772872752562,0.007088772872752562,2026-07-10T16:51:24.244172+00:00,"Run - Jul 10, 2026 at 22:18:59"
Q16,47,1928958.3372306677,0.007192069317301117,0.007192069317301117,2026-07-10T16:51:24.324411+00:00,"Run - Jul 10, 2026 at 22:18:59"
Q17,47,1929387.9933936177,0.007302513105119435,0.007302513105119435,2026-07-10T16:51:24.395935+00:00,"Run - Jul 10, 2026 at 22:18:59"
Q18,47,1929434.1537590143,0.007413732292970943,0.007413732292970943,2026-07-10T16:51:24.473425+00:00,"Run - Jul 10, 2026 at 22:18:59"
Q19,47,1931315.8852876131,0.007516419184180204,0.007516419184180204,2026-07-10T16:51:24.547944+00:00,"Run - Jul 10, 2026 at 22:18:59"
Q20,47,1932125.5831759328,0.0076253019858774996,0.0076253019858774996,2026-07-10T16:51:24.630008+00:00,"Run - Jul 10, 2026 at 22:18:59"
Q21,47,1932912.6645882009,0.007732996697431473,0.007732996697431473,2026-07-10T16:51:24.711044+00:00,"Run - Jul 10, 2026 at 22:18:59"
Q22,47,1934711.6138978188,0.007837633636316402,0.007837633636316402,2026-07-10T16:51:24.785969+00:00,"Run - Jul 10, 2026 at 22:18:59"
Q23,47,1935089.9139056068,0.007946625269856697,0.007946625269856697,2026-07-10T16:51:24.864518+00:00,"Run - Jul 10, 2026 at 22:18:59"
Q24,47,1935209.5482714039,0.008059434821082255,0.008059434821082255,2026-07-10T16:51:24.950862+00:00,"Run - Jul 10, 2026 at 22:18:59"
Q0,48,1911530.7371948415,0.005481234286605012,0.005481234286605012,2026-07-10T16:51:27.138048+00:00,"Run - Jul 10, 2026 at 22:18:59"
Q1,48,1911795.5368300204,0.0055917591649300305,0.0055917591649300305,2026-07-10T16:51:27.191452+00:00,"Run - Jul 10, 2026 at 22:18:59"
Q2,48,1912218.336880496,0.005701446412097617,0.005701446412097617,2026-07-10T16:51:27.245954+00:00,"Run - Jul 10, 2026 at 22:18:59"
Q3,48,1912924.814078362,0.00581119146888234,0.00581119146888234,2026-07-10T16:51:27.300983+00:00,"Run - Jul 10, 2026 at 22:18:59"
Q4,48,1914341.94852391,0.0059168411685959574,0.0059168411685959574,2026-07-10T16:51:27.354513+00:00,"Run - Jul 10, 2026 at 22:18:59"
Q5,48,1915246.7205872573,0.006025065143313868,0.006025065143313868,2026-07-10T16:51:27.407933+00:00,"Run - Jul 10, 2026 at 22:18:59"
Q6,48,1916137.0412470049,0.0061341652833725065,0.0061341652833725065,2026-07-10T16:51:27.460464+00:00,"Run - Jul 10, 2026 at 22:18:59"
Q7,48,1917502.2419597518,0.00623782794714735,0.00623782794714735,2026-07-10T16:51:27.514862+00:00,"Run - Jul 10, 2026 at 22:18:59"
Q8,48,1916749.5795868833,0.006355232119047949,0.006355232119047949,2026-07-10T16:51:27.571406+00:00,"Run - Jul 10, 2026 at 22:18:59"
Q9,48,1918880.1458029912,0.006456853368303671,0.006456853368303671,2026-07-10T16:51:27.628372+00:00,"Run - Jul 10, 2026 at 22:18:59"
Q10,48,1920350.6994210195,0.006561915042260481,0.006561915042260481,2026-07-10T16:51:27.680801+00:00,"Run - Jul 10, 2026 at 22:18:59"
Q11,48,1920444.911972046,0.00667515681451779,0.00667515681451779,2026-07-10T16:51:27.737579+00:00,"Run - Jul 10, 2026 at 22:18:59"
Q12,48,1921632.696844728,0.00678336699388692,0.00678336699388692,2026-07-10T16:51:27.793218+00:00,"Run - Jul 10, 2026 at 22:18:59"
Q13,48,1922943.8396145648,0.006888532033665058,0.006888532033665058,2026-07-10T16:51:27.852331+00:00,"Run - Jul 10, 2026 at 22:18:59"
Q14,48,1923578.2336814078,0.006998300678281612,0.006998300678281612,2026-07-10T16:51:27.907496+00:00,"Run - Jul 10, 2026 at 22:18:59"
Q15,48,1924068.5050532594,0.0071067468716490495,0.0071067468716490495,2026-07-10T16:51:27.981776+00:00,"Run - Jul 10, 2026 at 22:18:59"
Q16,48,1926366.270384233,0.007208112978260166,0.007208112978260166,2026-07-10T16:51:28.075868+00:00,"Run - Jul 10, 2026 at 22:18:59"
Q17,48,1926447.501444344,0.00732082365815052,0.00732082365815052,2026-07-10T16:51:28.159763+00:00,"Run - Jul 10, 2026 at 22:18:59"
Q18,48,1926895.9583717133,0.0074308837553894586,0.0074308837553894586,2026-07-10T16:51:28.232911+00:00,"Run - Jul 10, 2026 at 22:18:59"
Q19,48,1928877.5687562807,0.007533173901503358,0.007533173901503358,2026-07-10T16:51:28.326780+00:00,"Run - Jul 10, 2026 at 22:18:59"
Q20,48,1929454.8424806884,0.007643557948000322,0.007643557948000322,2026-07-10T16:51:28.405816+00:00,"Run - Jul 10, 2026 at 22:18:59"
Q21,48,1930767.8233089682,0.007747738246410745,0.007747738246410745,2026-07-10T16:51:28.487074+00:00,"Run - Jul 10, 2026 at 22:18:59"
Q22,48,1932301.7439836157,0.007854899668459385,0.007854899668459385,2026-07-10T16:51:28.570752+00:00,"Run - Jul 10, 2026 at 22:18:59"
Q23,48,1932305.004278596,0.007967020487965016,0.007967020487965016,2026-07-10T16:51:28.655027+00:00,"Run - Jul 10, 2026 at 22:18:59"
Q24,48,1932746.4316705514,0.00807714388259925,0.00807714388259925,2026-07-10T16:51:28.736324+00:00,"Run - Jul 10, 2026 at 22:18:59"
Q0,49,1909386.0939165468,0.005491697018416249,0.005491697018416249,2026-07-10T16:51:31.577119+00:00,"Run - Jul 10, 2026 at 22:18:59"
Q1,49,1909623.6308405607,0.005602548598889243,0.005602548598889243,2026-07-10T16:51:31.656376+00:00,"Run - Jul 10, 2026 at 22:18:59"
Q2,49,1909883.1977482047,0.005714270073172162,0.005714270073172162,2026-07-10T16:51:31.734930+00:00,"Run - Jul 10, 2026 at 22:18:59"
Q3,49,1910797.7832225875,0.005822069777223921,0.005822069777223921,2026-07-10T16:51:31.816299+00:00,"Run - Jul 10, 2026 at 22:18:59"
Q4,49,1912171.1677922334,0.005928201397025499,0.005928201397025499,2026-07-10T16:51:31.893392+00:00,"Run - Jul 10, 2026 at 22:18:59"
Q5,49,1912960.019230887,0.006036925391012895,0.006036925391012895,2026-07-10T16:51:31.968583+00:00,"Run - Jul 10, 2026 at 22:18:59"
Q6,49,1913965.6752772217,0.0061458977842023714,0.0061458977842023714,2026-07-10T16:51:32.050322+00:00,"Run - Jul 10, 2026 at 22:18:59"
Q7,49,1915358.1861965754,0.006249691593186155,0.006249691593186155,2026-07-10T16:51:32.125947+00:00,"Run - Jul 10, 2026 at 22:18:59"
Q8,49,1914593.827754106,0.006367285622128833,0.006367285622128833,2026-07-10T16:51:32.200829+00:00,"Run - Jul 10, 2026 at 22:18:59"
Q9,49,1916667.089767475,0.0064694711612237644,0.0064694711612237644,2026-07-10T16:51:32.277582+00:00,"Run - Jul 10, 2026 at 22:18:59"
Q10,49,1918015.3151725184,0.00657495509677993,0.00657495509677993,2026-07-10T16:51:32.371981+00:00,"Run - Jul 10, 2026 at 22:18:59"
Q11,49,1917990.8742975055,0.006690061966671891,0.006690061966671891,2026-07-10T16:51:32.456297+00:00,"Run - Jul 10, 2026 at 22:18:59"
Q12,49,1919304.6411892548,0.006796667518775569,0.006796667518775569,2026-07-10T16:51:32.535769+00:00,"Run - Jul 10, 2026 at 22:18:59"
Q13,49,1920171.2574123442,0.006904848054666916,0.006904848054666916,2026-07-10T16:51:32.612328+00:00,"Run - Jul 10, 2026 at 22:18:59"
Q14,49,1921400.9538613635,0.007011592968222309,0.007011592968222309,2026-07-10T16:51:32.693676+00:00,"Run - Jul 10, 2026 at 22:18:59"
Q15,49,1921896.5117236099,0.007120228254831289,0.007120228254831289,2026-07-10T16:51:32.789069+00:00,"Run - Jul 10, 2026 at 22:18:59"
Q16,49,1923980.9130865557,0.007222255152602799,0.007222255152602799,2026-07-10T16:51:32.873792+00:00,"Run - Jul 10, 2026 at 22:18:59"
Q17,49,1924287.358756688,0.007333482403603752,0.007333482403603752,2026-07-10T16:51:32.958013+00:00,"Run - Jul 10, 2026 at 22:18:59"
Q18,49,1924858.9528277344,0.007443516504980912,0.007443516504980912,2026-07-10T16:51:33.038981+00:00,"Run - Jul 10, 2026 at 22:18:59"
Q19,49,1926766.55521851,0.007547075086978228,0.007547075086978228,2026-07-10T16:51:33.113074+00:00,"Run - Jul 10, 2026 at 22:18:59"
Q20,49,1927269.0763897505,0.007658059042465419,0.007658059042465419,2026-07-10T16:51:33.171277+00:00,"Run - Jul 10, 2026 at 22:18:59"
Q21,49,1928576.0737158714,0.007762486871034604,0.007762486871034604,2026-07-10T16:51:33.230277+00:00,"Run - Jul 10, 2026 at 22:18:59"
Q22,49,1929946.7998298504,0.007870405225203204,0.007870405225203204,2026-07-10T16:51:33.288221+00:00,"Run - Jul 10, 2026 at 22:18:59"
Q23,49,1930116.2024851118,0.007982114561334708,0.007982114561334708,2026-07-10T16:51:33.346598+00:00,"Run - Jul 10, 2026 at 22:18:59"
Q24,49,1930563.5854630764,0.008092404073850666,0.008092404073850666,2026-07-10T16:51:33.411280+00:00,"Run - Jul 10, 2026 at 22:18:59"
Q0,50,1906904.1582865904,0.005504350266243727,0.005504350266243727,2026-07-10T16:51:35.653832+00:00,"Run - Jul 10, 2026 at 22:18:59"
Q1,50,1906868.789945699,0.0056176601663586,0.0056176601663586,2026-07-10T16:51:35.740357+00:00,"Run - Jul 10, 2026 at 22:18:59"
Q2,50,1907453.1622380256,0.00572709634424087,0.00572709634424087,2026-07-10T16:51:35.834686+00:00,"Run - Jul 10, 2026 at 22:18:59"
Q3,50,1908773.0730585214,0.005833035974340492,0.005833035974340492,2026-07-10T16:51:35.923853+00:00,"Run - Jul 10, 2026 at 22:18:59"
Q4,50,1909884.7760135885,0.005940802117777884,0.005940802117777884,2026-07-10T16:51:35.997906+00:00,"Run - Jul 10, 2026 at 22:18:59"
Q5,50,1910680.9068050324,0.0060498129818590375,0.0060498129818590375,2026-07-10T16:51:36.078812+00:00,"Run - Jul 10, 2026 at 22:18:59"
Q6,50,1911639.263201463,0.006159132206274428,0.006159132206274428,2026-07-10T16:51:36.150881+00:00,"Run - Jul 10, 2026 at 22:18:59"
Q7,50,1913027.7842310595,0.006262889023319793,0.006262889023319793,2026-07-10T16:51:36.238675+00:00,"Run - Jul 10, 2026 at 22:18:59"
Q8,50,1912251.010989001,0.0063810101690354995,0.0063810101690354995,2026-07-10T16:51:36.327276+00:00,"Run - Jul 10, 2026 at 22:18:59"
Q9,50,1914594.3366603723,0.006481470691252958,0.006481470691252958,2026-07-10T16:51:36.417550+00:00,"Run - Jul 10, 2026 at 22:18:59"
Q10,50,1915569.7828988559,0.006589812135600062,0.006589812135600062,2026-07-10T16:51:36.495072+00:00,"Run - Jul 10, 2026 at 22:18:59"
Q11,50,1915591.7265036872,0.006704612345461855,0.006704612345461855,2026-07-10T16:51:36.568750+00:00,"Run - Jul 10, 2026 at 22:18:59"
Q12,50,1916985.6380582396,0.006810935775303025,0.006810935775303025,2026-07-10T16:51:36.651968+00:00,"Run - Jul 10, 2026 at 22:18:59"
Q13,50,1917811.660798166,0.006919669730863607,0.006919669730863607,2026-07-10T16:51:36.731805+00:00,"Run - Jul 10, 2026 at 22:18:59"
Q14,50,1919031.451385283,0.007026475582242474,0.007026475582242474,2026-07-10T16:51:36.818364+00:00,"Run - Jul 10, 2026 at 22:18:59"
Q15,50,1919639.47662171,0.007134873787293223,0.007134873787293223,2026-07-10T16:51:36.897619+00:00,"Run - Jul 10, 2026 at 22:18:59"
Q16,50,1921636.4915803291,0.007237633297909418,0.007237633297909418,2026-07-10T16:51:36.973466+00:00,"Run - Jul 10, 2026 at 22:18:59"
Q17,50,1922317.7024307908,0.007346554546843295,0.007346554546843295,2026-07-10T16:51:37.053148+00:00,"Run - Jul 10, 2026 at 22:18:59"
Q18,50,1922571.877966431,0.007459048134827487,0.007459048134827487,2026-07-10T16:51:37.165116+00:00,"Run - Jul 10, 2026 at 22:18:59"
Q19,50,1924348.6104650674,0.007563540185506291,0.007563540185506291,2026-07-10T16:51:37.252865+00:00,"Run - Jul 10, 2026 at 22:18:59"
Q20,50,1925005.332159592,0.007673745474307617,0.007673745474307617,2026-07-10T16:51:37.332766+00:00,"Run - Jul 10, 2026 at 22:18:59"
Q21,50,1926157.8892519197,0.007779299850330122,0.007779299850330122,2026-07-10T16:51:37.408303+00:00,"Run - Jul 10, 2026 at 22:18:59"
Q22,50,1927521.7910285045,0.007887435524036984,0.007887435524036984,2026-07-10T16:51:37.483655+00:00,"Run - Jul 10, 2026 at 22:18:59"
Q23,50,1927739.3963652693,0.007999101555008862,0.007999101555008862,2026-07-10T16:51:37.562434+00:00,"Run - Jul 10, 2026 at 22:18:59"
Q24,50,1928106.70907862,0.00811011877174253,0.00811011877174253,2026-07-10T16:51:37.639816+00:00,"Run - Jul 10, 2026 at 22:18:59"
Q0,51,1904245.7748153473,0.005517116019694133,0.005517116019694133,2026-07-10T16:51:40.589182+00:00,"Run - Jul 10, 2026 at 22:18:59"
Q1,51,1904333.8836806254,0.005630355522280538,0.005630355522280538,2026-07-10T16:51:40.644116+00:00,"Run - Jul 10, 2026 at 22:18:59"
Q2,51,1905066.1243055647,0.005739158570634994,0.005739158570634994,2026-07-10T16:51:40.699494+00:00,"Run - Jul 10, 2026 at 22:18:59"
Q3,51,1906012.148453744,0.005846708201246374,0.005846708201246374,2026-07-10T16:51:40.758194+00:00,"Run - Jul 10, 2026 at 22:18:59"
Q4,51,1907232.0693518147,0.005954494683281008,0.005954494683281008,2026-07-10T16:51:40.815762+00:00,"Run - Jul 10, 2026 at 22:18:59"
Q5,51,1908369.3881642441,0.006062501852224912,0.006062501852224912,2026-07-10T16:51:40.874299+00:00,"Run - Jul 10, 2026 at 22:18:59"
Q6,51,1909060.5962778758,0.006173103348021696,0.006173103348021696,2026-07-10T16:51:40.929702+00:00,"Run - Jul 10, 2026 at 22:18:59"
Q7,51,1910370.2741877674,0.006277037759538503,0.006277037759538503,2026-07-10T16:51:40.988236+00:00,"Run - Jul 10, 2026 at 22:18:59"
Q8,51,1910092.198472578,0.006393528935950819,0.006393528935950819,2026-07-10T16:51:41.046213+00:00,"Run - Jul 10, 2026 at 22:18:59"
Q9,51,1912315.437100903,0.006494791603434151,0.006494791603434151,2026-07-10T16:51:41.116423+00:00,"Run - Jul 10, 2026 at 22:18:59"
Q10,51,1913021.3977027282,0.0066043243909425856,0.0066043243909425856,2026-07-10T16:51:41.180781+00:00,"Run - Jul 10, 2026 at 22:18:59"
Q11,51,1913091.0595543745,0.006719249477163178,0.006719249477163178,2026-07-10T16:51:41.241681+00:00,"Run - Jul 10, 2026 at 22:18:59"
Q12,51,1914443.4299921764,0.006825974565698449,0.006825974565698449,2026-07-10T16:51:41.298745+00:00,"Run - Jul 10, 2026 at 22:18:59"
Q13,51,1915154.1254172917,0.006935623300257706,0.006935623300257706,2026-07-10T16:51:41.358473+00:00,"Run - Jul 10, 2026 at 22:18:59"
Q14,51,1916219.555647159,0.00704311730650893,0.00704311730650893,2026-07-10T16:51:41.417998+00:00,"Run - Jul 10, 2026 at 22:18:59"
Q15,51,1917055.2675342278,0.007151096503975854,0.007151096503975854,2026-07-10T16:51:41.477279+00:00,"Run - Jul 10, 2026 at 22:18:59"
Q16,51,1919076.4278311208,0.007253482018970798,0.007253482018970798,2026-07-10T16:51:41.533277+00:00,"Run - Jul 10, 2026 at 22:18:59"
Q17,51,1919684.2399578965,0.007363310258348843,0.007363310258348843,2026-07-10T16:51:41.589604+00:00,"Run - Jul 10, 2026 at 22:18:59"
Q18,51,1919979.860482308,0.007476277864086849,0.007476277864086849,2026-07-10T16:51:41.644607+00:00,"Run - Jul 10, 2026 at 22:18:59"
Q19,51,1921905.8087191558,0.0075797686179025344,0.0075797686179025344,2026-07-10T16:51:41.705115+00:00,"Run - Jul 10, 2026 at 22:18:59"
Q20,51,1922333.5046177006,0.007691226427623352,0.007691226427623352,2026-07-10T16:51:41.760586+00:00,"Run - Jul 10, 2026 at 22:18:59"
Q21,51,1923597.7121714016,0.007796351295264777,0.007796351295264777,2026-07-10T16:51:41.818508+00:00,"Run - Jul 10, 2026 at 22:18:59"
Q22,51,1924725.415016152,0.007905967845803765,0.007905967845803765,2026-07-10T16:51:41.872516+00:00,"Run - Jul 10, 2026 at 22:18:59"
Q23,51,1924986.0729644485,0.008017988132567684,0.008017988132567684,2026-07-10T16:51:41.928259+00:00,"Run - Jul 10, 2026 at 22:18:59"
Q24,51,1925514.6927557744,0.008128155098892842,0.008128155098892842,2026-07-10T16:51:41.984782+00:00,"Run - Jul 10, 2026 at 22:18:59"
Q0,52,1904284.1871817382,0.005516920164301372,0.005516920164301372,2026-07-10T16:51:44.611207+00:00,"Run - Jul 10, 2026 at 22:18:59"
Q1,52,1904372.315253207,0.005630156333554443,0.005630156333554443,2026-07-10T16:51:44.695326+00:00,"Run - Jul 10, 2026 at 22:18:59"
Q2,52,1905101.1604358463,0.005738950666576627,0.005738950666576627,2026-07-10T16:51:44.777629+00:00,"Run - Jul 10, 2026 at 22:18:59"
Q3,52,1906047.2020845814,0.005846496963854674,0.005846496963854674,2026-07-10T16:51:44.856625+00:00,"Run - Jul 10, 2026 at 22:18:59"
Q4,52,1907337.177683804,0.005953863993982981,0.005953863993982981,2026-07-10T16:51:44.926787+00:00,"Run - Jul 10, 2026 at 22:18:59"
Q5,52,1908481.49359088,0.006061858904047688,0.006061858904047688,2026-07-10T16:51:45.001487+00:00,"Run - Jul 10, 2026 at 22:18:59"
Q6,52,1909095.7024103815,0.006172882110629995,0.006172882110629995,2026-07-10T16:51:45.082022+00:00,"Run - Jul 10, 2026 at 22:18:59"
Q7,52,1910370.2741877674,0.006277037759538503,0.006277037759538503,2026-07-10T16:51:45.167033+00:00,"Run - Jul 10, 2026 at 22:18:59"
Q8,52,1910130.7644884929,0.006393306413891391,0.006393306413891391,2026-07-10T16:51:45.251353+00:00,"Run - Jul 10, 2026 at 22:18:59"
Q9,52,1912315.437100903,0.006494791603434151,0.006494791603434151,2026-07-10T16:51:45.348686+00:00,"Run - Jul 10, 2026 at 22:18:59"
Q10,52,1913098.7225401239,0.006603853176750558,0.006603853176750558,2026-07-10T16:51:45.427920+00:00,"Run - Jul 10, 2026 at 22:18:59"
Q11,52,1913091.0595543745,0.006719249477163178,0.006719249477163178,2026-07-10T16:51:45.515295+00:00,"Run - Jul 10, 2026 at 22:18:59"
Q12,52,1914548.747270817,0.00682529013745355,0.00682529013745355,2026-07-10T16:51:45.597830+00:00,"Run - Jul 10, 2026 at 22:18:59"
Q13,52,1915154.1254172917,0.006935623300257706,0.006935623300257706,2026-07-10T16:51:45.681204+00:00,"Run - Jul 10, 2026 at 22:18:59"
Q14,52,1916030.1666362835,0.007043879783283994,0.007043879783283994,2026-07-10T16:51:45.765624+00:00,"Run - Jul 10, 2026 at 22:18:59"
Q15,52,1917090.5311717368,0.007150845266584154,0.007150845266584154,2026-07-10T16:51:45.848440+00:00,"Run - Jul 10, 2026 at 22:18:59"
Q16,52,1919146.8844159835,0.007252985900397806,0.007252985900397806,2026-07-10T16:51:45.936485+00:00,"Run - Jul 10, 2026 at 22:18:59"
Q17,52,1919793.4703630772,0.007362554951049756,0.007362554951049756,2026-07-10T16:51:46.021225+00:00,"Run - Jul 10, 2026 at 22:18:59"
Q18,52,1919979.860482308,0.007476277864086849,0.007476277864086849,2026-07-10T16:51:46.104754+00:00,"Run - Jul 10, 2026 at 22:18:59"
Q19,52,1921977.1177956918,0.00757917283615318,0.00757917283615318,2026-07-10T16:51:46.177765+00:00,"Run - Jul 10, 2026 at 22:18:59"
Q20,52,1922484.8969511727,0.007690210503008153,0.007690210503008153,2026-07-10T16:51:46.257617+00:00,"Run - Jul 10, 2026 at 22:18:59"
Q21,52,1923597.7121714016,0.007796351295264777,0.007796351295264777,2026-07-10T16:51:46.338492+00:00,"Run - Jul 10, 2026 at 22:18:59"
Q22,52,1924915.444219331,0.007904695799578683,0.007904695799578683,2026-07-10T16:51:46.423030+00:00,"Run - Jul 10, 2026 at 22:18:59"
Q23,52,1925024.9270732207,0.008017715610508258,0.008017715610508258,2026-07-10T16:51:46.511898+00:00,"Run - Jul 10, 2026 at 22:18:59"
Q24,52,1925585.4289301478,0.008127605646986518,0.008127605646986518,2026-07-10T16:51:46.589564+00:00,"Run - Jul 10, 2026 at 22:18:59"
Q0,53,1904120.2922722506,0.0055165938512381895,0.0055165938512381895,2026-07-10T16:51:48.977460+00:00,"Run - Jul 10, 2026 at 22:18:59"
Q1,53,1904756.6209098955,0.005627342361948135,0.005627342361948135,2026-07-10T16:51:49.031578+00:00,"Run - Jul 10, 2026 at 22:18:59"
Q2,53,1905038.9041141947,0.005738013154155641,0.005738013154155641,2026-07-10T16:51:49.105101+00:00,"Run - Jul 10, 2026 at 22:18:59"
Q3,53,1906521.9389436387,0.0058439228922449425,0.0058439228922449425,2026-07-10T16:51:49.186449+00:00,"Run - Jul 10, 2026 at 22:18:59"
Q4,53,1907001.2371391377,0.00595464248412284,0.00595464248412284,2026-07-10T16:51:49.270838+00:00,"Run - Jul 10, 2026 at 22:18:59"
Q5,53,1908563.5391318316,0.00606070644621965,0.00606070644621965,2026-07-10T16:51:49.351352+00:00,"Run - Jul 10, 2026 at 22:18:59"
Q6,53,1908824.3004182205,0.006173101189644759,0.006173101189644759,2026-07-10T16:51:49.435995+00:00,"Run - Jul 10, 2026 at 22:18:59"
Q7,53,1910365.8707143501,0.006277457708960859,0.006277457708960859,2026-07-10T16:51:49.519617+00:00,"Run - Jul 10, 2026 at 22:18:59"
Q8,53,1909957.869603238,0.006392856047954355,0.006392856047954355,2026-07-10T16:51:49.601778+00:00,"Run - Jul 10, 2026 at 22:18:59"
Q9,53,1912142.4561127622,0.006494354570830449,0.006494354570830449,2026-07-10T16:51:49.679898+00:00,"Run - Jul 10, 2026 at 22:18:59"
Q10,53,1912886.9350399994,0.006603671502946122,0.006603671502946122,2026-07-10T16:51:49.762945+00:00,"Run - Jul 10, 2026 at 22:18:59"
Q11,53,1913255.2338970073,0.006716451878995948,0.006716451878995948,2026-07-10T16:51:49.844780+00:00,"Run - Jul 10, 2026 at 22:18:59"
Q12,53,1914269.6598017013,0.006825638611752455,0.006825638611752455,2026-07-10T16:51:49.918379+00:00,"Run - Jul 10, 2026 at 22:18:59"
Q13,53,1915507.08651172,0.006932016505792346,0.006932016505792346,2026-07-10T16:51:49.993918+00:00,"Run - Jul 10, 2026 at 22:18:59"
Q14,53,1916085.3017134755,0.0070424200648654045,0.0070424200648654045,2026-07-10T16:51:50.075739+00:00,"Run - Jul 10, 2026 at 22:18:59"
Q15,53,1917269.0651401472,0.007149701953011619,0.007149701953011619,2026-07-10T16:51:50.153455+00:00,"Run - Jul 10, 2026 at 22:18:59"
Q16,53,1918867.242101712,0.007253427708030045,0.007253427708030045,2026-07-10T16:51:50.230210+00:00,"Run - Jul 10, 2026 at 22:18:59"
Q17,53,1919858.9323447184,0.007361836241467547,0.007361836241467547,2026-07-10T16:51:50.305967+00:00,"Run - Jul 10, 2026 at 22:18:59"
Q18,53,1920144.0230422418,0.007473708775035225,0.007473708775035225,2026-07-10T16:51:50.386927+00:00,"Run - Jul 10, 2026 at 22:18:59"
Q19,53,1921948.3261827044,0.007578147402381436,0.007578147402381436,2026-07-10T16:51:50.466330+00:00,"Run - Jul 10, 2026 at 22:18:59"
Q20,53,1922832.5050528245,0.007687421060231099,0.007687421060231099,2026-07-10T16:51:50.578957+00:00,"Run - Jul 10, 2026 at 22:18:59"
Q21,53,1923423.6979486453,0.007796074262661071,0.007796074262661071,2026-07-10T16:51:50.657878+00:00,"Run - Jul 10, 2026 at 22:18:59"
Q22,53,1924828.6145166322,0.007904355085168893,0.007904355085168893,2026-07-10T16:51:50.737704+00:00,"Run - Jul 10, 2026 at 22:18:59"
Q23,53,1925005.4601867313,0.00801645443573784,0.00801645443573784,2026-07-10T16:51:50.818267+00:00,"Run - Jul 10, 2026 at 22:18:59"
Q24,53,1925682.0447108797,0.008126667601684989,0.008126667601684989,2026-07-10T16:51:50.895786+00:00,"Run - Jul 10, 2026 at 22:18:59"
Q0,54,1904342.9195719901,0.005515187835635084,0.005515187835635084,2026-07-10T16:51:53.940097+00:00,"Run - Jul 10, 2026 at 22:18:59"
Q1,54,1905681.6758968076,0.005621516143046143,0.005621516143046143,2026-07-10T16:51:54.033584+00:00,"Run - Jul 10, 2026 at 22:18:59"
Q2,54,1905078.7642880492,0.005737708039603442,0.005737708039603442,2026-07-10T16:51:54.121924+00:00,"Run - Jul 10, 2026 at 22:18:59"
Q3,54,1906561.8190277028,0.005843614444359412,0.005843614444359412,2026-07-10T16:51:54.190782+00:00,"Run - Jul 10, 2026 at 22:18:59"
Q4,54,1907041.1371334111,0.005954330702903975,0.005954330702903975,2026-07-10T16:51:54.246421+00:00,"Run - Jul 10, 2026 at 22:18:59"
Q5,54,1908680.823255665,0.0060599281972336435,0.0060599281972336435,2026-07-10T16:51:54.308206+00:00,"Run - Jul 10, 2026 at 22:18:59"
Q6,54,1908864.2402329135,0.006172782741759229,0.006172782741759229,2026-07-10T16:51:54.373219+00:00,"Run - Jul 10, 2026 at 22:18:59"
Q7,54,1910721.0056135142,0.00627523839819053,0.00627523839819053,2026-07-10T16:51:54.438172+00:00,"Run - Jul 10, 2026 at 22:18:59"
Q8,54,1910139.2600624827,0.006391520379899276,0.006391520379899276,2026-07-10T16:51:54.503330+00:00,"Run - Jul 10, 2026 at 22:18:59"
Q9,54,1911974.098926812,0.0064955084365557695,0.0064955084365557695,2026-07-10T16:51:54.586221+00:00,"Run - Jul 10, 2026 at 22:18:59"
Q10,54,1913108.4130681972,0.006601980654792154,0.006601980654792154,2026-07-10T16:51:54.645955+00:00,"Run - Jul 10, 2026 at 22:18:59"
Q11,54,1913646.4820328292,0.006713836448006504,0.006713836448006504,2026-07-10T16:51:54.706700+00:00,"Run - Jul 10, 2026 at 22:18:59"
Q12,54,1914773.826247402,0.006822927740342372,0.006822927740342372,2026-07-10T16:51:54.762419+00:00,"Run - Jul 10, 2026 at 22:18:59"
Q13,54,1915911.293687613,0.006929796140669577,0.006929796140669577,2026-07-10T16:51:54.819950+00:00,"Run - Jul 10, 2026 at 22:18:59"
Q14,54,1916085.3017134755,0.0070424200648654045,0.0070424200648654045,2026-07-10T16:51:54.878958+00:00,"Run - Jul 10, 2026 at 22:18:59"
Q15,54,1917309.1841467274,0.007149353505126087,0.007149353505126087,2026-07-10T16:51:54.939288+00:00,"Run - Jul 10, 2026 at 22:18:59"
Q16,54,1919237.9354805935,0.00725122869811635,0.00725122869811635,2026-07-10T16:51:54.997647+00:00,"Run - Jul 10, 2026 at 22:18:59"
Q17,54,1920048.7929710944,0.007361012227357941,0.007361012227357941,2026-07-10T16:51:55.056908+00:00,"Run - Jul 10, 2026 at 22:18:59"
Q18,54,1920219.7304647637,0.007473064206930579,0.007473064206930579,2026-07-10T16:51:55.124439+00:00,"Run - Jul 10, 2026 at 22:18:59"
Q19,54,1922019.7883588716,0.007577200476914444,0.007577200476914444,2026-07-10T16:51:55.186949+00:00,"Run - Jul 10, 2026 at 22:18:59"
Q20,54,1922980.6825218233,0.007686040015171735,0.007686040015171735,2026-07-10T16:51:55.250664+00:00,"Run - Jul 10, 2026 at 22:18:59"
Q21,54,1923463.9364164837,0.0077957058147755404,0.0077957058147755404,2026-07-10T16:51:55.309578+00:00,"Run - Jul 10, 2026 at 22:18:59"
Q22,54,1925232.541086744,0.007901652204491755,0.007901652204491755,2026-07-10T16:51:55.366651+00:00,"Run - Jul 10, 2026 at 22:18:59"
Q23,54,1925159.4139510794,0.008015193399866052,0.008015193399866052,2026-07-10T16:51:55.471567+00:00,"Run - Jul 10, 2026 at 22:18:59"
Q24,54,1925797.084473344,0.008125681924612467,0.008125681924612467,2026-07-10T16:51:55.551072+00:00,"Run - Jul 10, 2026 at 22:18:59"
Q0,55,1904710.4562411543,0.005514885458887466,0.005514885458887466,2026-07-10T16:51:58.313706+00:00,"Run - Jul 10, 2026 at 22:18:59"
Q1,55,1905469.958604461,0.005622680474067082,0.005622680474067082,2026-07-10T16:51:58.401642+00:00,"Run - Jul 10, 2026 at 22:18:59"
Q2,55,1905366.8407346613,0.0057353300539424775,0.0057353300539424775,2026-07-10T16:51:58.493852+00:00,"Run - Jul 10, 2026 at 22:18:59"
Q3,55,1906684.7370706773,0.005843081975368216,0.005843081975368216,2026-07-10T16:51:58.580248+00:00,"Run - Jul 10, 2026 at 22:18:59"
Q4,55,1908027.882451328,0.005951540543837293,0.005951540543837293,2026-07-10T16:51:58.689797+00:00,"Run - Jul 10, 2026 at 22:18:59"
Q5,55,1908595.5385674194,0.006061855702599217,0.006061855702599217,2026-07-10T16:51:58.777466+00:00,"Run - Jul 10, 2026 at 22:18:59"
Q6,55,1909332.7720980323,0.006170899331611932,0.006170899331611932,2026-07-10T16:51:58.861269+00:00,"Run - Jul 10, 2026 at 22:18:59"
Q7,55,1910647.8352767583,0.006275505027973292,0.006275505027973292,2026-07-10T16:51:58.941806+00:00,"Run - Jul 10, 2026 at 22:18:59"
Q8,55,1909940.5576173258,0.006393854167222394,0.006393854167222394,2026-07-10T16:51:59.040959+00:00,"Run - Jul 10, 2026 at 22:18:59"
Q9,55,1911745.7251673583,0.006496816932962404,0.006496816932962404,2026-07-10T16:51:59.142483+00:00,"Run - Jul 10, 2026 at 22:18:59"
Q10,55,1913049.6445372729,0.0066031827709492775,0.0066031827709492775,2026-07-10T16:51:59.212929+00:00,"Run - Jul 10, 2026 at 22:18:59"
Q11,55,1913928.9628936923,0.006712236491811477,0.006712236491811477,2026-07-10T16:51:59.270146+00:00,"Run - Jul 10, 2026 at 22:18:59"
Q12,55,1914774.6253414548,0.006822956295475812,0.006822956295475812,2026-07-10T16:51:59.333688+00:00,"Run - Jul 10, 2026 at 22:18:59"
Q13,55,1916158.680390525,0.0069280207358041876,0.0069280207358041876,2026-07-10T16:51:59.391316+00:00,"Run - Jul 10, 2026 at 22:18:59"
Q14,55,1915764.5924506378,0.007044360639104421,0.007044360639104421,2026-07-10T16:51:59.450143+00:00,"Run - Jul 10, 2026 at 22:18:59"
Q15,55,1917207.6942228114,0.007150398895448872,0.007150398895448872,2026-07-10T16:51:59.507307+00:00,"Run - Jul 10, 2026 at 22:18:59"
Q16,55,1919746.1552138566,0.007248993268482897,0.007248993268482897,2026-07-10T16:51:59.570306+00:00,"Run - Jul 10, 2026 at 22:18:59"
Q17,55,1919894.4964182281,0.007363695538381507,0.007363695538381507,2026-07-10T16:51:59.625413+00:00,"Run - Jul 10, 2026 at 22:18:59"
Q18,55,1919949.6750277798,0.00747575464311885,0.00747575464311885,2026-07-10T16:51:59.683621+00:00,"Run - Jul 10, 2026 at 22:18:59"
Q19,55,1921795.3431012311,0.007578684664414784,0.007578684664414784,2026-07-10T16:51:59.737612+00:00,"Run - Jul 10, 2026 at 22:18:59"
Q20,55,1922632.2909049385,0.00768823162149537,0.00768823162149537,2026-07-10T16:51:59.794411+00:00,"Run - Jul 10, 2026 at 22:18:59"
Q21,55,1923586.2042228777,0.007794751653206172,0.007794751653206172,2026-07-10T16:51:59.850365+00:00,"Run - Jul 10, 2026 at 22:18:59"
Q22,55,1925209.5289502705,0.00790140179144686,0.00790140179144686,2026-07-10T16:51:59.907440+00:00,"Run - Jul 10, 2026 at 22:18:59"
Q23,55,1924734.6794375905,0.008018561912678553,0.008018561912678553,2026-07-10T16:51:59.965152+00:00,"Run - Jul 10, 2026 at 22:18:59"
Q24,55,1925654.3093561872,0.008126605737199161,0.008126605737199161,2026-07-10T16:52:00.029200+00:00,"Run - Jul 10, 2026 at 22:18:59"
Q0,56,1905213.1335867147,0.005510417072259686,0.005510417072259686,2026-07-10T16:52:02.705012+00:00,"Run - Jul 10, 2026 at 22:18:59"
Q1,56,1906011.8098267638,0.00561817611188541,0.00561817611188541,2026-07-10T16:52:02.792261+00:00,"Run - Jul 10, 2026 at 22:18:59"
Q2,56,1905898.1343858766,0.005730815731842921,0.005730815731842921,2026-07-10T16:52:02.880859+00:00,"Run - Jul 10, 2026 at 22:18:59"
Q3,56,1908100.8804533759,0.005834720654054216,0.005834720654054216,2026-07-10T16:52:02.968922+00:00,"Run - Jul 10, 2026 at 22:18:59"
Q4,56,1908659.9178334428,0.00594690248487797,0.00594690248487797,2026-07-10T16:52:03.051026+00:00,"Run - Jul 10, 2026 at 22:18:59"
Q5,56,1909153.6656679257,0.0060572871217655635,0.0060572871217655635,2026-07-10T16:52:03.152324+00:00,"Run - Jul 10, 2026 at 22:18:59"
Q6,56,1909930.6136501217,0.006166861016453935,0.006166861016453935,2026-07-10T16:52:03.249290+00:00,"Run - Jul 10, 2026 at 22:18:59"
Q7,56,1910944.6222994542,0.0062731704796828835,0.0062731704796828835,2026-07-10T16:52:03.335735+00:00,"Run - Jul 10, 2026 at 22:18:59"
Q8,56,1910803.912674129,0.006387720755450385,0.006387720755450385,2026-07-10T16:52:03.427274+00:00,"Run - Jul 10, 2026 at 22:18:59"
Q9,56,1912481.4982360657,0.006491593980668912,0.006491593980668912,2026-07-10T16:52:03.519178+00:00,"Run - Jul 10, 2026 at 22:18:59"
Q10,56,1913385.109305037,0.006600415752001662,0.006600415752001662,2026-07-10T16:52:03.603072+00:00,"Run - Jul 10, 2026 at 22:18:59"
Q11,56,1915217.5038785967,0.006703691419353414,0.006703691419353414,2026-07-10T16:52:03.690288+00:00,"Run - Jul 10, 2026 at 22:18:59"
Q12,56,1916010.583021504,0.006814948288159403,0.006814948288159403,2026-07-10T16:52:03.782670+00:00,"Run - Jul 10, 2026 at 22:18:59"
Q13,56,1917004.8994174213,0.006920620811856487,0.006920620811856487,2026-07-10T16:52:03.872762+00:00,"Run - Jul 10, 2026 at 22:18:59"
Q14,56,1916184.2393098974,0.007041205916729954,0.007041205916729954,2026-07-10T16:52:03.959947+00:00,"Run - Jul 10, 2026 at 22:18:59"
Q15,56,1917910.441123689,0.007145482088055144,0.007145482088055144,2026-07-10T16:52:04.048592+00:00,"Run - Jul 10, 2026 at 22:18:59"
Q16,56,1920136.774657443,0.007245411662961248,0.007245411662961248,2026-07-10T16:52:04.133358+00:00,"Run - Jul 10, 2026 at 22:18:59"
Q17,56,1920423.5175231004,0.007359733014589851,0.007359733014589851,2026-07-10T16:52:04.217667+00:00,"Run - Jul 10, 2026 at 22:18:59"
Q18,56,1920457.3736566675,0.007471801255017973,0.007471801255017973,2026-07-10T16:52:04.309988+00:00,"Run - Jul 10, 2026 at 22:18:59"
Q19,56,1921912.6489924542,0.007576931308273737,0.007576931308273737,2026-07-10T16:52:04.392281+00:00,"Run - Jul 10, 2026 at 22:18:59"
Q20,56,1923490.4130089951,0.0076817477107655845,0.0076817477107655845,2026-07-10T16:52:04.476317+00:00,"Run - Jul 10, 2026 at 22:18:59"
Q21,56,1924065.215567116,0.007790652379339773,0.007790652379339773,2026-07-10T16:52:04.583699+00:00,"Run - Jul 10, 2026 at 22:18:59"
Q22,56,1925167.4055223134,0.007899893972148736,0.007899893972148736,2026-07-10T16:52:04.686572+00:00,"Run - Jul 10, 2026 at 22:18:59"
Q23,56,1925831.673567587,0.008008796154292029,0.008008796154292029,2026-07-10T16:52:04.797787+00:00,"Run - Jul 10, 2026 at 22:18:59"
Q24,56,1926392.9140478214,0.008120752028479204,0.008120752028479204,2026-07-10T16:52:04.878421+00:00,"Run - Jul 10, 2026 at 22:18:59"
Q0,57,1905870.8134102325,0.005505288495535057,0.005505288495535057,2026-07-10T16:52:07.560587+00:00,"Run - Jul 10, 2026 at 22:18:59"
Q1,57,1906519.7055305787,0.005613773596677722,0.005613773596677722,2026-07-10T16:52:07.645068+00:00,"Run - Jul 10, 2026 at 22:18:59"
Q2,57,1906671.4372435084,0.00572597470252691,0.00572597470252691,2026-07-10T16:52:07.735260+00:00,"Run - Jul 10, 2026 at 22:18:59"
Q3,57,1908345.9990557206,0.0058315897181654905,0.0058315897181654905,2026-07-10T16:52:07.818143+00:00,"Run - Jul 10, 2026 at 22:18:59"
Q4,57,1908879.6230065231,0.005944321996169664,0.005944321996169664,2026-07-10T16:52:07.904327+00:00,"Run - Jul 10, 2026 at 22:18:59"
Q5,57,1909356.7330625467,0.0060548820060373175,0.0060548820060373175,2026-07-10T16:52:07.989428+00:00,"Run - Jul 10, 2026 at 22:18:59"
Q6,57,1910441.3322513867,0.006162048609702624,0.006162048609702624,2026-07-10T16:52:08.081376+00:00,"Run - Jul 10, 2026 at 22:18:59"
Q7,57,1911789.1131851138,0.006267640691219046,0.006267640691219046,2026-07-10T16:52:08.173206+00:00,"Run - Jul 10, 2026 at 22:18:59"
Q8,57,1911616.7355268293,0.006382397020497418,0.006382397020497418,2026-07-10T16:52:08.253597+00:00,"Run - Jul 10, 2026 at 22:18:59"
Q9,57,1913032.1480437275,0.006486737730629083,0.006486737730629083,2026-07-10T16:52:08.338898+00:00,"Run - Jul 10, 2026 at 22:18:59"
Q10,57,1913971.740987031,0.0065952207868470005,0.0065952207868470005,2026-07-10T16:52:08.421961+00:00,"Run - Jul 10, 2026 at 22:18:59"
Q11,57,1915655.8374767664,0.006699494580668558,0.006699494580668558,2026-07-10T16:52:08.513651+00:00,"Run - Jul 10, 2026 at 22:18:59"
Q12,57,1916057.2984375,0.006812962522558911,0.006812962522558911,2026-07-10T16:52:08.608389+00:00,"Run - Jul 10, 2026 at 22:18:59"
Q13,57,1917354.1712916472,0.006916629180309021,0.006916629180309021,2026-07-10T16:52:08.698404+00:00,"Run - Jul 10, 2026 at 22:18:59"
Q14,57,1916387.0611243208,0.007038401552802284,0.007038401552802284,2026-07-10T16:52:08.815148+00:00,"Run - Jul 10, 2026 at 22:18:59"
Q15,57,1918077.5670367985,0.007142969772575638,0.007142969772575638,2026-07-10T16:52:08.904780+00:00,"Run - Jul 10, 2026 at 22:18:59"
Q16,57,1920760.8645669133,0.007239614731652244,0.007239614731652244,2026-07-10T16:52:08.993861+00:00,"Run - Jul 10, 2026 at 22:18:59"
Q17,57,1920627.2922930475,0.007356840305233168,0.007356840305233168,2026-07-10T16:52:09.080097+00:00,"Run - Jul 10, 2026 at 22:18:59"
Q18,57,1920507.8898429414,0.00747007767916407,0.00747007767916407,2026-07-10T16:52:09.202696+00:00,"Run - Jul 10, 2026 at 22:18:59"
Q19,57,1922426.4267771328,0.007570904487652867,0.007570904487652867,2026-07-10T16:52:09.293121+00:00,"Run - Jul 10, 2026 at 22:18:59"
Q20,57,1923614.0288072375,0.007679219505845077,0.007679219505845077,2026-07-10T16:52:09.353635+00:00,"Run - Jul 10, 2026 at 22:18:59"
Q21,57,1924840.41469612,0.007784064523626079,0.007784064523626079,2026-07-10T16:52:09.410091+00:00,"Run - Jul 10, 2026 at 22:18:59"
Q22,57,1925368.0114412094,0.007896903497459489,0.007896903497459489,2026-07-10T16:52:09.469082+00:00,"Run - Jul 10, 2026 at 22:18:59"
Q23,57,1925956.6422035643,0.008005819635757971,0.008005819635757971,2026-07-10T16:52:09.529565+00:00,"Run - Jul 10, 2026 at 22:18:59"
Q24,57,1926983.6317274226,0.008114857063324541,0.008114857063324541,2026-07-10T16:52:09.587578+00:00,"Run - Jul 10, 2026 at 22:18:59"
Q0,58,1905912.0902476222,0.0055048092978031765,0.0055048092978031765,2026-07-10T16:52:12.504212+00:00,"Run - Jul 10, 2026 at 22:18:59"
Q1,58,1906045.6468680263,0.0056153643371255465,0.0056153643371255465,2026-07-10T16:52:12.594135+00:00,"Run - Jul 10, 2026 at 22:18:59"
Q2,58,1906634.4571069737,0.0057260305405381256,0.0057260305405381256,2026-07-10T16:52:12.674716+00:00,"Run - Jul 10, 2026 at 22:18:59"
Q3,58,1908309.0004476185,0.005831648889510041,0.005831648889510041,2026-07-10T16:52:12.757703+00:00,"Run - Jul 10, 2026 at 22:18:59"
Q4,58,1909064.8033739591,0.005942951734799738,0.005942951734799738,2026-07-10T16:52:12.862497+00:00,"Run - Jul 10, 2026 at 22:18:59"
Q5,58,1909395.940853102,0.006054601154832435,0.006054601154832435,2026-07-10T16:52:12.947400+00:00,"Run - Jul 10, 2026 at 22:18:59"
Q6,58,1910482.7329197577,0.006161549411970741,0.006161549411970741,2026-07-10T16:52:13.036969+00:00,"Run - Jul 10, 2026 at 22:18:59"
Q7,58,1911941.079936027,0.006266286939589707,0.006266286939589707,2026-07-10T16:52:13.141341+00:00,"Run - Jul 10, 2026 at 22:18:59"
Q8,58,1911618.9110165422,0.0063821820073037515,0.0063821820073037515,2026-07-10T16:52:13.239750+00:00,"Run - Jul 10, 2026 at 22:18:59"
Q9,58,1912995.0386062218,0.006486816901973632,0.006486816901973632,2026-07-10T16:52:13.327341+00:00,"Run - Jul 10, 2026 at 22:18:59"
Q10,58,1914052.4120397384,0.006594420294690148,0.006594420294690148,2026-07-10T16:52:13.387402+00:00,"Run - Jul 10, 2026 at 22:18:59"
Q11,58,1915694.4999529803,0.006698943738740605,0.006698943738740605,2026-07-10T16:52:13.446537+00:00,"Run - Jul 10, 2026 at 22:18:59"
Q12,58,1916135.9877890602,0.00681235415348248,0.00681235415348248,2026-07-10T16:52:13.509733+00:00,"Run - Jul 10, 2026 at 22:18:59"
Q13,58,1917393.5355224593,0.006916321662437472,0.006916321662437472,2026-07-10T16:52:13.574165+00:00,"Run - Jul 10, 2026 at 22:18:59"
Q14,58,1916389.2431148223,0.0070381865396086166,0.0070381865396086166,2026-07-10T16:52:13.637262+00:00,"Run - Jul 10, 2026 at 22:18:59"
Q15,58,1918079.750110765,0.0071427547593819725,0.0071427547593819725,2026-07-10T16:52:13.702842+00:00,"Run - Jul 10, 2026 at 22:18:59"
Q16,58,1920760.8645669133,0.007239614731652244,0.007239614731652244,2026-07-10T16:52:13.768009+00:00,"Run - Jul 10, 2026 at 22:18:59"
Q17,58,1920738.5066816597,0.007355879527889132,0.007355879527889132,2026-07-10T16:52:13.829088+00:00,"Run - Jul 10, 2026 at 22:18:59"
Q18,58,1920654.2369282162,0.007468548278275955,0.007468548278275955,2026-07-10T16:52:13.893489+00:00,"Run - Jul 10, 2026 at 22:18:59"
Q19,58,1922425.761496489,0.007570654496929795,0.007570654496929795,2026-07-10T16:52:13.956016+00:00,"Run - Jul 10, 2026 at 22:18:59"
Q20,58,1923212.2825873704,0.007681186890410138,0.007681186890410138,2026-07-10T16:52:14.018166+00:00,"Run - Jul 10, 2026 at 22:18:59"
Q21,58,1924842.6042708748,0.007783849510432413,0.007783849510432413,2026-07-10T16:52:14.077165+00:00,"Run - Jul 10, 2026 at 22:18:59"
Q22,58,1925072.3288138707,0.00789847688376643,0.00789847688376643,2026-07-10T16:52:14.135462+00:00,"Run - Jul 10, 2026 at 22:18:59"
Q23,58,1925996.2019846973,0.008005478784553089,0.008005478784553089,2026-07-10T16:52:14.192467+00:00,"Run - Jul 10, 2026 at 22:18:59"
Q24,58,1926946.2452164066,0.00811498623466909,0.00811498623466909,2026-07-10T16:52:14.252952+00:00,"Run - Jul 10, 2026 at 22:18:59"
Q0,59,1905693.5751557031,0.0055061684489707855,0.0055061684489707855,2026-07-10T16:52:16.714345+00:00,"Run - Jul 10, 2026 at 22:18:59"
Q1,59,1906292.1467617913,0.005613760203424401,0.005613760203424401,2026-07-10T16:52:16.794702+00:00,"Run - Jul 10, 2026 at 22:18:59"
Q2,59,1906556.5103045753,0.005726542693730003,0.005726542693730003,2026-07-10T16:52:16.902555+00:00,"Run - Jul 10, 2026 at 22:18:59"
Q3,59,1908382.1613445962,0.005831095963282192,0.005831095963282192,2026-07-10T16:52:16.980764+00:00,"Run - Jul 10, 2026 at 22:18:59"
Q4,59,1908947.590467021,0.005943754739196497,0.005943754739196497,2026-07-10T16:52:17.069921+00:00,"Run - Jul 10, 2026 at 22:18:59"
Q5,59,1909691.8969107708,0.00605237115136728,0.00605237115136728,2026-07-10T16:52:17.176930+00:00,"Run - Jul 10, 2026 at 22:18:59"
Q6,59,1910441.1974185903,0.006162085149972904,0.006162085149972904,2026-07-10T16:52:17.274821+00:00,"Run - Jul 10, 2026 at 22:18:59"
Q7,59,1911783.4698385585,0.006267165353771287,0.006267165353771287,2026-07-10T16:52:17.368466+00:00,"Run - Jul 10, 2026 at 22:18:59"
Q8,59,1911501.4641514441,0.006383025011700512,0.006383025011700512,2026-07-10T16:52:17.455695+00:00,"Run - Jul 10, 2026 at 22:18:59"
Q9,59,1912916.8192622669,0.0064873757218321774,0.0064873757218321774,2026-07-10T16:52:17.536712+00:00,"Run - Jul 10, 2026 at 22:18:59"
Q10,59,1914075.2753865365,0.006594029901155054,0.006594029901155054,2026-07-10T16:52:17.622078+00:00,"Run - Jul 10, 2026 at 22:18:59"
Q11,59,1915896.4605386718,0.006697333721780771,0.006697333721780771,2026-07-10T16:52:17.702994+00:00,"Run - Jul 10, 2026 at 22:18:59"
Q12,59,1916303.8315846447,0.0068109050490384486,0.0068109050490384486,2026-07-10T16:52:17.791930+00:00,"Run - Jul 10, 2026 at 22:18:59"
Q13,59,1917472.619137549,0.006915681939572627,0.006915681939572627,2026-07-10T16:52:17.876350+00:00,"Run - Jul 10, 2026 at 22:18:59"
Q14,59,1916271.4453124832,0.007039089544005377,0.007039089544005377,2026-07-10T16:52:17.964970+00:00,"Run - Jul 10, 2026 at 22:18:59"
Q15,59,1917961.8938188856,0.0071436677637787315,0.0071436677637787315,2026-07-10T16:52:18.063800+00:00,"Run - Jul 10, 2026 at 22:18:59"
Q16,59,1920682.3726814024,0.007240220218177456,0.007240220218177456,2026-07-10T16:52:18.153260+00:00,"Run - Jul 10, 2026 at 22:18:59"
Q17,59,1920582.9526126417,0.007356933708189587,0.007356933708189587,2026-07-10T16:52:18.236883+00:00,"Run - Jul 10, 2026 at 22:18:59"
Q18,59,1920856.9005109759,0.007466821594649456,0.007466821594649456,2026-07-10T16:52:18.322902+00:00,"Run - Jul 10, 2026 at 22:18:59"
Q19,59,1922310.5239349182,0.007571642478855962,0.007571642478855962,2026-07-10T16:52:18.408246+00:00,"Run - Jul 10, 2026 at 22:18:59"
Q20,59,1923670.3453184338,0.007677168269839307,0.007677168269839307,2026-07-10T16:52:18.496257+00:00,"Run - Jul 10, 2026 at 22:18:59"
Q21,59,1924653.9773029557,0.00778532570568237,0.00778532570568237,2026-07-10T16:52:18.596519+00:00,"Run - Jul 10, 2026 at 22:18:59"
Q22,59,1924993.603321311,0.00789912237029164,0.00789912237029164,2026-07-10T16:52:18.698557+00:00,"Run - Jul 10, 2026 at 22:18:59"
Q23,59,1925807.388349698,0.008006988313136383,0.008006988313136383,2026-07-10T16:52:18.797286+00:00,"Run - Jul 10, 2026 at 22:18:59"
Q24,59,1926867.441854831,0.008115645054527635,0.008115645054527635,2026-07-10T16:52:18.892818+00:00,"Run - Jul 10, 2026 at 22:18:59"
Q0,60,1905685.8164753066,0.005505936091967508,0.005505936091967508,2026-07-10T16:52:21.738871+00:00,"Run - Jul 10, 2026 at 22:18:59"
Q1,60,1906478.4338499014,0.005612298013870095,0.005612298013870095,2026-07-10T16:52:21.826651+00:00,"Run - Jul 10, 2026 at 22:18:59"
Q2,60,1906587.6917971948,0.005726334598343401,0.005726334598343401,2026-07-10T16:52:21.912876+00:00,"Run - Jul 10, 2026 at 22:18:59"
Q3,60,1908554.6262058667,0.005829903114142984,0.005829903114142984,2026-07-10T16:52:21.998232+00:00,"Run - Jul 10, 2026 at 22:18:59"
Q4,60,1909021.1107532056,0.005943031112447673,0.005943031112447673,2026-07-10T16:52:22.104980+00:00,"Run - Jul 10, 2026 at 22:18:59"
Q5,60,1909342.183090008,0.006053365436383843,0.006053365436383843,2026-07-10T16:52:22.186217+00:00,"Run - Jul 10, 2026 at 22:18:59"
Q6,60,1910460.3136933716,0.00616132737207105,0.00616132737207105,2026-07-10T16:52:22.274805+00:00,"Run - Jul 10, 2026 at 22:18:59"
Q7,60,1912071.5241217434,0.006263495577868031,0.006263495577868031,2026-07-10T16:52:22.363326+00:00,"Run - Jul 10, 2026 at 22:18:59"
Q8,60,1911671.4089257717,0.006381426335472924,0.006381426335472924,2026-07-10T16:52:22.448516+00:00,"Run - Jul 10, 2026 at 22:18:59"
Q9,60,1913418.4294317444,0.006483500255123906,0.006483500255123906,2026-07-10T16:52:22.533444+00:00,"Run - Jul 10, 2026 at 22:18:59"
Q10,60,1914326.2525258374,0.006591923450082386,0.006591923450082386,2026-07-10T16:52:22.630425+00:00,"Run - Jul 10, 2026 at 22:18:59"
Q11,60,1916279.952190528,0.006694035781914369,0.006694035781914369,2026-07-10T16:52:22.723807+00:00,"Run - Jul 10, 2026 at 22:18:59"
Q12,60,1916817.2246624304,0.006806522151267573,0.006806522151267573,2026-07-10T16:52:22.817128+00:00,"Run - Jul 10, 2026 at 22:18:59"
Q13,60,1917568.0388013888,0.006915461020700748,0.006915461020700748,2026-07-10T16:52:22.901316+00:00,"Run - Jul 10, 2026 at 22:18:59"
Q14,60,1916617.2891758,0.007035871181232878,0.007035871181232878,2026-07-10T16:52:23.004352+00:00,"Run - Jul 10, 2026 at 22:18:59"
Q15,60,1917729.2244165838,0.007145136398651529,0.007145136398651529,2026-07-10T16:52:23.081252+00:00,"Run - Jul 10, 2026 at 22:18:59"
Q16,60,1920757.4250662767,0.007239936693544389,0.007239936693544389,2026-07-10T16:52:23.176775+00:00,"Run - Jul 10, 2026 at 22:18:59"
Q17,60,1920780.034284426,0.007354374771432442,0.007354374771432442,2026-07-10T16:52:23.279766+00:00,"Run - Jul 10, 2026 at 22:18:59"
Q18,60,1921280.4768052185,0.007462965765359791,0.007462965765359791,2026-07-10T16:52:23.381587+00:00,"Run - Jul 10, 2026 at 22:18:59"
Q19,60,1922265.1327904158,0.00757219877728617,0.00757219877728617,2026-07-10T16:52:23.447114+00:00,"Run - Jul 10, 2026 at 22:18:59"
Q20,60,1923591.945976963,0.007677413199694078,0.007677413199694078,2026-07-10T16:52:23.508745+00:00,"Run - Jul 10, 2026 at 22:18:59"
Q21,60,1925082.7884421055,0.007781317566727508,0.007781317566727508,2026-07-10T16:52:23.572083+00:00,"Run - Jul 10, 2026 at 22:18:59"
Q22,60,1924948.1447304129,0.007899688668721847,0.007899688668721847,2026-07-10T16:52:23.636738+00:00,"Run - Jul 10, 2026 at 22:18:59"
Q23,60,1925758.8045119091,0.008007487163558868,0.008007487163558868,2026-07-10T16:52:23.701989+00:00,"Run - Jul 10, 2026 at 22:18:59"
Q24,60,1927151.834011937,0.008112232336262862,0.008112232336262862,2026-07-10T16:52:23.765427+00:00,"Run - Jul 10, 2026 at 22:18:59"
Q0,61,1905281.9517062285,0.005506448058455292,0.005506448058455292,2026-07-10T16:52:26.778139+00:00,"Run - Jul 10, 2026 at 22:18:59"
Q1,61,1906658.845098163,0.0056112283312197185,0.0056112283312197185,2026-07-10T16:52:26.867691+00:00,"Run - Jul 10, 2026 at 22:18:59"
Q2,61,1907195.2195531882,0.005722963558434618,0.005722963558434618,2026-07-10T16:52:26.949221+00:00,"Run - Jul 10, 2026 at 22:18:59"
Q3,61,1908662.6652511437,0.005829006165280563,0.005829006165280563,2026-07-10T16:52:27.052803+00:00,"Run - Jul 10, 2026 at 22:18:59"
Q4,61,1908608.4610240948,0.005942969689758131,0.005942969689758131,2026-07-10T16:52:27.148999+00:00,"Run - Jul 10, 2026 at 22:18:59"
Q5,61,1909007.8309991264,0.006053680064564846,0.006053680064564846,2026-07-10T16:52:27.250066+00:00,"Run - Jul 10, 2026 at 22:18:59"
Q6,61,1910054.432068326,0.00616213574192364,0.00616213574192364,2026-07-10T16:52:27.349644+00:00,"Run - Jul 10, 2026 at 22:18:59"
Q7,61,1911969.7590311528,0.006264040094369844,0.006264040094369844,2026-07-10T16:52:27.432262+00:00,"Run - Jul 10, 2026 at 22:18:59"
Q8,61,1911447.0903424632,0.006381705023085976,0.006381705023085976,2026-07-10T16:52:27.496267+00:00,"Run - Jul 10, 2026 at 22:18:59"
Q9,61,1913940.8084834404,0.00647940595423242,0.00647940595423242,2026-07-10T16:52:27.556119+00:00,"Run - Jul 10, 2026 at 22:18:59"
Q10,61,1914542.850540541,0.006590051028159908,0.006590051028159908,2026-07-10T16:52:27.613133+00:00,"Run - Jul 10, 2026 at 22:18:59"
Q11,61,1916178.8900367299,0.00669427337880435,0.00669427337880435,2026-07-10T16:52:27.670671+00:00,"Run - Jul 10, 2026 at 22:18:59"
Q12,61,1916741.9976635436,0.006806768041423192,0.006806768041423192,2026-07-10T16:52:27.731209+00:00,"Run - Jul 10, 2026 at 22:18:59"
Q13,61,1917733.612243171,0.006913439026897838,0.006913439026897838,2026-07-10T16:52:27.794287+00:00,"Run - Jul 10, 2026 at 22:18:59"
Q14,61,1916657.029004751,0.0070355378383044846,0.0070355378383044846,2026-07-10T16:52:27.858698+00:00,"Run - Jul 10, 2026 at 22:18:59"
Q15,61,1917580.1121772493,0.007144879427048715,0.007144879427048715,2026-07-10T16:52:27.919249+00:00,"Run - Jul 10, 2026 at 22:18:59"
Q16,61,1920532.1048967862,0.007239687234207232,0.007239687234207232,2026-07-10T16:52:27.979598+00:00,"Run - Jul 10, 2026 at 22:18:59"
Q17,61,1920576.8250221948,0.007353302507196228,0.007353302507196228,2026-07-10T16:52:28.046632+00:00,"Run - Jul 10, 2026 at 22:18:59"
Q18,61,1921558.6747148195,0.00746024627327051,0.00746024627327051,2026-07-10T16:52:28.107306+00:00,"Run - Jul 10, 2026 at 22:18:59"
Q19,61,1922717.3085556622,0.007569559892516025,0.007569559892516025,2026-07-10T16:52:28.167737+00:00,"Run - Jul 10, 2026 at 22:18:59"
Q20,61,1923625.3758652627,0.007676645474320609,0.007676645474320609,2026-07-10T16:52:28.234570+00:00,"Run - Jul 10, 2026 at 22:18:59"
Q21,61,1925549.0059732373,0.007777204766134646,0.007777204766134646,2026-07-10T16:52:28.300995+00:00,"Run - Jul 10, 2026 at 22:18:59"
Q22,61,1925209.4330254546,0.007897625370246155,0.007897625370246155,2026-07-10T16:52:28.364903+00:00,"Run - Jul 10, 2026 at 22:18:59"
Q23,61,1925797.2753928832,0.008006917782754142,0.008006917782754142,2026-07-10T16:52:28.438130+00:00,"Run - Jul 10, 2026 at 22:18:59"
Q24,61,1927226.714494433,0.008111290639170664,0.008111290639170664,2026-07-10T16:52:28.528369+00:00,"Run - Jul 10, 2026 at 22:18:59"
Q0,62,1905510.8861862675,0.005504768086040148,0.005504768086040148,2026-07-10T16:52:31.272283+00:00,"Run - Jul 10, 2026 at 22:18:59"
Q1,62,1907102.5830839975,0.005607879228793613,0.005607879228793613,2026-07-10T16:52:31.331843+00:00,"Run - Jul 10, 2026 at 22:18:59"
Q2,62,1907370.0478825045,0.005721605438333177,0.005721605438333177,2026-07-10T16:52:31.394759+00:00,"Run - Jul 10, 2026 at 22:18:59"
Q3,62,1909136.0188261264,0.0058255753451806795,0.0058255753451806795,2026-07-10T16:52:31.485289+00:00,"Run - Jul 10, 2026 at 22:18:59"
Q4,62,1908801.8223786755,0.005941512033630461,0.005941512033630461,2026-07-10T16:52:31.564498+00:00,"Run - Jul 10, 2026 at 22:18:59"
Q5,62,1909344.200783187,0.006051092584214573,0.006051092584214573,2026-07-10T16:52:31.647260+00:00,"Run - Jul 10, 2026 at 22:18:59"
Q6,62,1910463.8495279746,0.0061588261360989525,0.0061588261360989525,2026-07-10T16:52:31.731552+00:00,"Run - Jul 10, 2026 at 22:18:59"
Q7,62,1912343.4076111873,0.006261012761783659,0.006261012761783659,2026-07-10T16:52:31.823367+00:00,"Run - Jul 10, 2026 at 22:18:59"
Q8,62,1911747.8605102717,0.006379343192356509,0.006379343192356509,2026-07-10T16:52:31.912994+00:00,"Run - Jul 10, 2026 at 22:18:59"
Q9,62,1914290.429478945,0.00647689735138498,0.00647689735138498,2026-07-10T16:52:32.001789+00:00,"Run - Jul 10, 2026 at 22:18:59"
Q10,62,1914802.5761403616,0.006587751672986332,0.006587751672986332,2026-07-10T16:52:32.088239+00:00,"Run - Jul 10, 2026 at 22:18:59"
Q11,62,1916401.5901927487,0.006692430994190199,0.006692430994190199,2026-07-10T16:52:32.179668+00:00,"Run - Jul 10, 2026 at 22:18:59"
Q12,62,1917368.4051164468,0.006800389499200397,0.006800389499200397,2026-07-10T16:52:32.264363+00:00,"Run - Jul 10, 2026 at 22:18:59"
Q13,62,1917722.6939363626,0.006912418915074238,0.006912418915074238,2026-07-10T16:52:32.350363+00:00,"Run - Jul 10, 2026 at 22:18:59"
Q14,62,1917107.5381513042,0.007031659270946986,0.007031659270946986,2026-07-10T16:52:32.431792+00:00,"Run - Jul 10, 2026 at 22:18:59"
Q15,62,1917816.650227549,0.007142983273896717,0.007142983273896717,2026-07-10T16:52:32.519666+00:00,"Run - Jul 10, 2026 at 22:18:59"
Q16,62,1920537.28832122,0.00723881551122393,0.00723881551122393,2026-07-10T16:52:32.601200+00:00,"Run - Jul 10, 2026 at 22:18:59"
Q17,62,1921011.948347595,0.007349056943453644,0.007349056943453644,2026-07-10T16:52:32.683351+00:00,"Run - Jul 10, 2026 at 22:18:59"
Q18,62,1921975.79520438,0.007456649973061691,0.007456649973061691,2026-07-10T16:52:32.772711+00:00,"Run - Jul 10, 2026 at 22:18:59"
Q19,62,1923061.9253030273,0.007566636231428895,0.007566636231428895,2026-07-10T16:52:32.865814+00:00,"Run - Jul 10, 2026 at 22:18:59"
Q20,62,1923893.0274794828,0.007674205179071249,0.007674205179071249,2026-07-10T16:52:32.957875+00:00,"Run - Jul 10, 2026 at 22:18:59"
Q21,62,1926147.8871744466,0.0077717388325162845,0.0077717388325162845,2026-07-10T16:52:33.056459+00:00,"Run - Jul 10, 2026 at 22:18:59"
Q22,62,1925333.183753595,0.00789575779381735,0.00789575779381735,2026-07-10T16:52:33.172553+00:00,"Run - Jul 10, 2026 at 22:18:59"
Q23,62,1926173.1468442683,0.008003419979569652,0.008003419979569652,2026-07-10T16:52:33.276731+00:00,"Run - Jul 10, 2026 at 22:18:59"
Q24,62,1927346.3984385494,0.008110174414845087,0.008110174414845087,2026-07-10T16:52:33.364045+00:00,"Run - Jul 10, 2026 at 22:18:59"
Q0,63,1905690.469354229,0.005503346583662962,0.005503346583662962,2026-07-10T16:52:36.501469+00:00,"Run - Jul 10, 2026 at 22:18:59"
Q1,63,1906668.8429951898,0.005610469837254741,0.005610469837254741,2026-07-10T16:52:36.584357+00:00,"Run - Jul 10, 2026 at 22:18:59"
Q2,63,1907403.7964282301,0.005721216747087715,0.005721216747087715,2026-07-10T16:52:36.673473+00:00,"Run - Jul 10, 2026 at 22:18:59"
Q3,63,1909314.1139582177,0.005823618336406939,0.005823618336406939,2026-07-10T16:52:36.764106+00:00,"Run - Jul 10, 2026 at 22:18:59"
Q4,63,1908763.2175529492,0.005941734059096394,0.005941734059096394,2026-07-10T16:52:36.853007+00:00,"Run - Jul 10, 2026 at 22:18:59"
Q5,63,1909452.2429477465,0.006050193152388346,0.006050193152388346,2026-07-10T16:52:36.942359+00:00,"Run - Jul 10, 2026 at 22:18:59"
Q6,63,1910426.0705120042,0.006159008018211191,0.006159008018211191,2026-07-10T16:52:37.038219+00:00,"Run - Jul 10, 2026 at 22:18:59"
Q7,63,1912120.7081309704,0.00626188082924336,0.00626188082924336,2026-07-10T16:52:37.157483+00:00,"Run - Jul 10, 2026 at 22:18:59"
Q8,63,1911744.8508812813,0.006379293169374278,0.006379293169374278,2026-07-10T16:52:37.259459+00:00,"Run - Jul 10, 2026 at 22:18:59"
Q9,63,1914290.429478945,0.00647689735138498,0.00647689735138498,2026-07-10T16:52:37.366114+00:00,"Run - Jul 10, 2026 at 22:18:59"
Q10,63,1914875.179953913,0.0065870942896082705,0.0065870942896082705,2026-07-10T16:52:37.466862+00:00,"Run - Jul 10, 2026 at 22:18:59"
Q11,63,1916470.5690417648,0.0066917619445097795,0.0066917619445097795,2026-07-10T16:52:37.535833+00:00,"Run - Jul 10, 2026 at 22:18:59"
Q12,63,1917474.2403787312,0.006799339776552629,0.006799339776552629,2026-07-10T16:52:37.598833+00:00,"Run - Jul 10, 2026 at 22:18:59"
Q13,63,1917646.3072694154,0.006912678564272497,0.006912678564272497,2026-07-10T16:52:37.659739+00:00,"Run - Jul 10, 2026 at 22:18:59"
Q14,63,1917211.0636305101,0.007030149065249203,0.007030149065249203,2026-07-10T16:52:37.723403+00:00,"Run - Jul 10, 2026 at 22:18:59"
Q15,63,1917774.3290990575,0.007142737331739199,0.007142737331739199,2026-07-10T16:52:37.786195+00:00,"Run - Jul 10, 2026 at 22:18:59"
Q16,63,1920571.2728697157,0.0072383801533118025,0.0072383801533118025,2026-07-10T16:52:37.849598+00:00,"Run - Jul 10, 2026 at 22:18:59"
Q17,63,1921011.7159269114,0.007349082908577424,0.007349082908577424,2026-07-10T16:52:37.915160+00:00,"Run - Jul 10, 2026 at 22:18:59"
Q18,63,1922155.1629786352,0.007454805161220541,0.007454805161220541,2026-07-10T16:52:37.976918+00:00,"Run - Jul 10, 2026 at 22:18:59"
Q19,63,1922948.3311656679,0.007567140133876336,0.007567140133876336,2026-07-10T16:52:38.037237+00:00,"Run - Jul 10, 2026 at 22:18:59"
Q20,63,1923892.5883699083,0.007674102682402135,0.007674102682402135,2026-07-10T16:52:38.103450+00:00,"Run - Jul 10, 2026 at 22:18:59"
Q21,63,1926439.1797558733,0.007769502356731945,0.007769502356731945,2026-07-10T16:52:38.168138+00:00,"Run - Jul 10, 2026 at 22:18:59"
Q22,63,1925438.0957136918,0.007894098192291041,0.007894098192291041,2026-07-10T16:52:38.237369+00:00,"Run - Jul 10, 2026 at 22:18:59"
Q23,63,1926390.3211099652,0.008001483716858455,0.008001483716858455,2026-07-10T16:52:38.303702+00:00,"Run - Jul 10, 2026 at 22:18:59"
Q24,63,1927307.4083349116,0.008110463106977685,0.008110463106977685,2026-07-10T16:52:38.369184+00:00,"Run - Jul 10, 2026 at 22:18:59"
Q0,64,1905980.0922254645,0.00550108327927606,0.00550108327927606,2026-07-10T16:52:41.621957+00:00,"Run - Jul 10, 2026 at 22:18:59"
Q1,64,1906668.8429951898,0.005610469837254741,0.005610469837254741,2026-07-10T16:52:41.690065+00:00,"Run - Jul 10, 2026 at 22:18:59"
Q2,64,1907657.3884641929,0.005719205938101767,0.005719205938101767,2026-07-10T16:52:41.753104+00:00,"Run - Jul 10, 2026 at 22:18:59"
Q3,64,1909423.020903959,0.005822692951727853,0.005822692951727853,2026-07-10T16:52:41.816674+00:00,"Run - Jul 10, 2026 at 22:18:59"
Q4,64,1908872.2881046906,0.00594090877851027,0.00594090877851027,2026-07-10T16:52:41.879192+00:00,"Run - Jul 10, 2026 at 22:18:59"
Q5,64,1909452.2429477465,0.006050193152388346,0.006050193152388346,2026-07-10T16:52:41.941958+00:00,"Run - Jul 10, 2026 at 22:18:59"
Q6,64,1910535.2499163942,0.006158162737625067,0.006158162737625067,2026-07-10T16:52:42.006624+00:00,"Run - Jul 10, 2026 at 22:18:59"
Q7,64,1912229.9419616847,0.006261025548657234,0.006261025548657234,2026-07-10T16:52:42.070842+00:00,"Run - Jul 10, 2026 at 22:18:59"
Q8,64,1911962.6641698135,0.006377358085029656,0.006377358085029656,2026-07-10T16:52:42.132632+00:00,"Run - Jul 10, 2026 at 22:18:59"
Q9,64,1914436.2196143062,0.006475692908731235,0.006475692908731235,2026-07-10T16:52:42.196632+00:00,"Run - Jul 10, 2026 at 22:18:59"
Q10,64,1914907.2522262037,0.006586680223214174,0.006586680223214174,2026-07-10T16:52:42.257880+00:00,"Run - Jul 10, 2026 at 22:18:59"
Q11,64,1916580.0205777753,0.006690866663923655,0.006690866663923655,2026-07-10T16:52:42.321026+00:00,"Run - Jul 10, 2026 at 22:18:59"
Q12,64,1917583.746341066,0.006798434495966504,0.006798434495966504,2026-07-10T16:52:42.384895+00:00,"Run - Jul 10, 2026 at 22:18:59"
Q13,64,1917792.3876782882,0.0069114207882854176,0.0069114207882854176,2026-07-10T16:52:42.451866+00:00,"Run - Jul 10, 2026 at 22:18:59"
Q14,64,1917320.6784454933,0.0070292237846630795,0.0070292237846630795,2026-07-10T16:52:42.544150+00:00,"Run - Jul 10, 2026 at 22:18:59"
Q15,64,1918029.5678336031,0.007140423189419917,0.007140423189419917,2026-07-10T16:52:42.637274+00:00,"Run - Jul 10, 2026 at 22:18:59"
Q16,64,1920571.2728697157,0.0072383801533118025,0.0072383801533118025,2026-07-10T16:52:42.726911+00:00,"Run - Jul 10, 2026 at 22:18:59"
Q17,64,1921011.7159269114,0.007349082908577424,0.007349082908577424,2026-07-10T16:52:42.818947+00:00,"Run - Jul 10, 2026 at 22:18:59"
Q18,64,1922228.2747711393,0.007454088938609075,0.007454088938609075,2026-07-10T16:52:42.922009+00:00,"Run - Jul 10, 2026 at 22:18:59"
Q19,64,1923168.1011398975,0.007565063869248043,0.007565063869248043,2026-07-10T16:52:43.016147+00:00,"Run - Jul 10, 2026 at 22:18:59"
Q20,64,1924002.529742837,0.007673117401816009,0.007673117401816009,2026-07-10T16:52:43.104201+00:00,"Run - Jul 10, 2026 at 22:18:59"
Q21,64,1926475.844912516,0.007769133194664326,0.007769133194664326,2026-07-10T16:52:43.219654+00:00,"Run - Jul 10, 2026 at 22:18:59"
Q22,64,1925584.829237965,0.007892720416303962,0.007892720416303962,2026-07-10T16:52:43.313192+00:00,"Run - Jul 10, 2026 at 22:18:59"
Q23,64,1926390.3211099652,0.008001483716858455,0.008001483716858455,2026-07-10T16:52:43.417538+00:00,"Run - Jul 10, 2026 at 22:18:59"
Q24,64,1927417.5674131366,0.008109437826391562,0.008109437826391562,2026-07-10T16:52:43.514095+00:00,"Run - Jul 10, 2026 at 22:18:59"
Q0,65,1905970.2393567364,0.005501423615822266,0.005501423615822266,2026-07-10T16:52:46.592571+00:00,"Run - Jul 10, 2026 at 22:18:59"
Q1,65,1906809.2227100926,0.00560973182326703,0.00560973182326703,2026-07-10T16:52:46.681248+00:00,"Run - Jul 10, 2026 at 22:18:59"
Q2,65,1907757.978159802,0.005718759705332919,0.005718759705332919,2026-07-10T16:52:46.775678+00:00,"Run - Jul 10, 2026 at 22:18:59"
Q3,65,1909345.4470841282,0.0058237625143665265,0.0058237625143665265,2026-07-10T16:52:46.867106+00:00,"Run - Jul 10, 2026 at 22:18:59"
Q4,65,1909194.1190816553,0.005938696178148076,0.005938696178148076,2026-07-10T16:52:46.953722+00:00,"Run - Jul 10, 2026 at 22:18:59"
Q5,65,1909735.9324582994,0.006048151538343431,0.006048151538343431,2026-07-10T16:52:47.045870+00:00,"Run - Jul 10, 2026 at 22:18:59"
Q6,65,1910675.9804041008,0.006157358056970689,0.006157358056970689,2026-07-10T16:52:47.150034+00:00,"Run - Jul 10, 2026 at 22:18:59"
Q7,65,1912554.7794667557,0.006259571492675757,0.006259571492675757,2026-07-10T16:52:47.262109+00:00,"Run - Jul 10, 2026 at 22:18:59"
Q8,65,1911885.714528579,0.006378058337116283,0.006378058337116283,2026-07-10T16:52:47.359065+00:00,"Run - Jul 10, 2026 at 22:18:59"
Q9,65,1914502.0119684923,0.006475416082277078,0.006475416082277078,2026-07-10T16:52:47.453301+00:00,"Run - Jul 10, 2026 at 22:18:59"
Q10,65,1914966.809393854,0.0065865883641569615,0.0065865883641569615,2026-07-10T16:52:47.546008+00:00,"Run - Jul 10, 2026 at 22:18:59"
Q11,65,1916342.8677915204,0.006692944717601904,0.006692944717601904,2026-07-10T16:52:47.632538+00:00,"Run - Jul 10, 2026 at 22:18:59"
Q12,65,1917586.7619654671,0.006798484518948736,0.006798484518948736,2026-07-10T16:52:47.727276+00:00,"Run - Jul 10, 2026 at 22:18:59"
Q13,65,1917752.0959527,0.006912187196925843,0.006912187196925843,2026-07-10T16:52:47.814765+00:00,"Run - Jul 10, 2026 at 22:18:59"
Q14,65,1917579.707750997,0.007027512356385003,0.007027512356385003,2026-07-10T16:52:47.898003+00:00,"Run - Jul 10, 2026 at 22:18:59"
Q15,65,1918318.7045134394,0.00713870507840842,0.00713870507840842,2026-07-10T16:52:47.982858+00:00,"Run - Jul 10, 2026 at 22:18:59"
Q16,65,1920752.8438198206,0.007237090358105227,0.007237090358105227,2026-07-10T16:52:48.069521+00:00,"Run - Jul 10, 2026 at 22:18:59"
Q17,65,1921114.595279102,0.007348370954931866,0.007348370954931866,2026-07-10T16:52:48.164443+00:00,"Run - Jul 10, 2026 at 22:18:59"
Q18,65,1922209.852847925,0.007454537047450641,0.007454537047450641,2026-07-10T16:52:48.252629+00:00,"Run - Jul 10, 2026 at 22:18:59"
Q19,65,1923237.2734192223,0.007564952318214009,0.007564952318214009,2026-07-10T16:52:48.341984+00:00,"Run - Jul 10, 2026 at 22:18:59"
Q20,65,1924237.4783481203,0.007671168308776595,0.007671168308776595,2026-07-10T16:52:48.429406+00:00,"Run - Jul 10, 2026 at 22:18:59"
Q21,65,1926434.4104496085,0.007769701502395748,0.007769701502395748,2026-07-10T16:52:48.521301+00:00,"Run - Jul 10, 2026 at 22:18:59"
Q22,65,1925805.0686270928,0.007891451239516836,0.007891451239516836,2026-07-10T16:52:48.614213+00:00,"Run - Jul 10, 2026 at 22:18:59"
Q23,65,1926308.4570849352,0.00800232370171578,0.00800232370171578,2026-07-10T16:52:48.706326+00:00,"Run - Jul 10, 2026 at 22:18:59"
Q24,65,1927559.5606829382,0.008108393145737183,0.008108393145737183,2026-07-10T16:52:48.804257+00:00,"Run - Jul 10, 2026 at 22:18:59"
Q0,66,1906137.5949057087,0.005500877881629288,0.005500877881629288,2026-07-10T16:52:51.650306+00:00,"Run - Jul 10, 2026 at 22:18:59"
Q1,66,1907775.953942246,0.005603937645862006,0.005603937645862006,2026-07-10T16:52:51.740477+00:00,"Run - Jul 10, 2026 at 22:18:59"
Q2,66,1908214.1196493586,0.005716200176695698,0.005716200176695698,2026-07-10T16:52:51.832628+00:00,"Run - Jul 10, 2026 at 22:18:59"
Q3,66,1909846.5040128047,0.005821061377628425,0.005821061377628425,2026-07-10T16:52:51.924807+00:00,"Run - Jul 10, 2026 at 22:18:59"
Q4,66,1909723.1033418537,0.005935432599466128,0.005935432599466128,2026-07-10T16:52:52.015868+00:00,"Run - Jul 10, 2026 at 22:18:59"
Q5,66,1909721.608158588,0.006048565019506605,0.006048565019506605,2026-07-10T16:52:52.102910+00:00,"Run - Jul 10, 2026 at 22:18:59"
Q6,66,1911095.6541720363,0.00615442638130979,0.00615442638130979,2026-07-10T16:52:52.198198+00:00,"Run - Jul 10, 2026 at 22:18:59"
Q7,66,1912359.4646865698,0.006261157146207344,0.006261157146207344,2026-07-10T16:52:52.303102+00:00,"Run - Jul 10, 2026 at 22:18:59"
Q8,66,1912198.254377352,0.006375950251366941,0.006375950251366941,2026-07-10T16:52:52.398153+00:00,"Run - Jul 10, 2026 at 22:18:59"
Q9,66,1914023.9581740177,0.006479024611939839,0.006479024611939839,2026-07-10T16:52:52.497226+00:00,"Run - Jul 10, 2026 at 22:18:59"
Q10,66,1915278.68621831,0.0065844729837853016,0.0065844729837853016,2026-07-10T16:52:52.593276+00:00,"Run - Jul 10, 2026 at 22:18:59"
Q11,66,1916398.8036765682,0.006692611877628677,0.006692611877628677,2026-07-10T16:52:52.685517+00:00,"Run - Jul 10, 2026 at 22:18:59"
Q12,66,1917717.5220609622,0.006797564644278822,0.006797564644278822,2026-07-10T16:52:52.780143+00:00,"Run - Jul 10, 2026 at 22:18:59"
Q13,66,1917774.1251201967,0.00691226028421184,0.00691226028421184,2026-07-10T16:52:52.882828+00:00,"Run - Jul 10, 2026 at 22:18:59"
Q14,66,1917675.4669087136,0.00702682617348338,0.00702682617348338,2026-07-10T16:52:52.982942+00:00,"Run - Jul 10, 2026 at 22:18:59"
Q15,66,1918742.659591703,0.007135845908206157,0.007135845908206157,2026-07-10T16:52:53.066523+00:00,"Run - Jul 10, 2026 at 22:18:59"
Q16,66,1921367.4009133978,0.007232608398983896,0.007232608398983896,2026-07-10T16:52:53.169768+00:00,"Run - Jul 10, 2026 at 22:18:59"
Q17,66,1921245.6803232853,0.007347384413595289,0.007347384413595289,2026-07-10T16:52:53.270289+00:00,"Run - Jul 10, 2026 at 22:18:59"
Q18,66,1922268.1100984046,0.007454247889492125,0.007454247889492125,2026-07-10T16:52:53.388193+00:00,"Run - Jul 10, 2026 at 22:18:59"
Q19,66,1923696.1860492427,0.007561140248675932,0.007561140248675932,2026-07-10T16:52:53.479276+00:00,"Run - Jul 10, 2026 at 22:18:59"
Q20,66,1924697.7209982527,0.007667828780139373,0.007667828780139373,2026-07-10T16:52:53.574403+00:00,"Run - Jul 10, 2026 at 22:18:59"
Q21,66,1926382.4180982057,0.007770241805024907,0.007770241805024907,2026-07-10T16:52:53.672720+00:00,"Run - Jul 10, 2026 at 22:18:59"
Q22,66,1926271.7812166845,0.007887512221341467,0.007887512221341467,2026-07-10T16:52:53.773974+00:00,"Run - Jul 10, 2026 at 22:18:59"
Q23,66,1926658.9425170044,0.007999444594133612,0.007999444594133612,2026-07-10T16:52:53.870695+00:00,"Run - Jul 10, 2026 at 22:18:59"
Q24,66,1928249.6660012149,0.008102707136571125,0.008102707136571125,2026-07-10T16:52:53.976412+00:00,"Run - Jul 10, 2026 at 22:18:59"
Q0,67,1906089.866516048,0.005501453047341298,0.005501453047341298,2026-07-10T16:52:57.129093+00:00,"Run - Jul 10, 2026 at 22:18:59"
Q1,67,1907287.9069854438,0.005607067169252,0.005607067169252,2026-07-10T16:52:57.231545+00:00,"Run - Jul 10, 2026 at 22:18:59"
Q2,67,1907964.0303820288,0.00571688486269213,0.00571688486269213,2026-07-10T16:52:57.331770+00:00,"Run - Jul 10, 2026 at 22:18:59"
Q3,67,1909263.2569465335,0.005824626314531268,0.005824626314531268,2026-07-10T16:52:57.449219+00:00,"Run - Jul 10, 2026 at 22:18:59"
Q4,67,1909529.0855917137,0.005936635614331658,0.005936635614331658,2026-07-10T16:52:57.535224+00:00,"Run - Jul 10, 2026 at 22:18:59"
Q5,67,1909494.2566795822,0.006050479359949984,0.006050479359949984,2026-07-10T16:52:57.626870+00:00,"Run - Jul 10, 2026 at 22:18:59"
Q6,67,1911121.9920920702,0.00615515985992694,0.00615515985992694,2026-07-10T16:52:57.715167+00:00,"Run - Jul 10, 2026 at 22:18:59"
Q7,67,1912093.0850085083,0.006262728506827171,0.006262728506827171,2026-07-10T16:52:57.803281+00:00,"Run - Jul 10, 2026 at 22:18:59"
Q8,67,1911969.9069818382,0.006377671436427975,0.006377671436427975,2026-07-10T16:52:57.895484+00:00,"Run - Jul 10, 2026 at 22:18:59"
Q9,67,1913795.4970596067,0.006480765797000873,0.006480765797000873,2026-07-10T16:52:57.981610+00:00,"Run - Jul 10, 2026 at 22:18:59"
Q10,67,1915128.2507891627,0.006586049199051982,0.006586049199051982,2026-07-10T16:52:58.080849+00:00,"Run - Jul 10, 2026 at 22:18:59"
Q11,67,1916331.7689212458,0.0066931395977982006,0.0066931395977982006,2026-07-10T16:52:58.168888+00:00,"Run - Jul 10, 2026 at 22:18:59"
Q12,67,1917344.0155988084,0.006801666240756975,0.006801666240756975,2026-07-10T16:52:58.271655+00:00,"Run - Jul 10, 2026 at 22:18:59"
Q13,67,1917930.140898525,0.006911937111245312,0.006911937111245312,2026-07-10T16:52:58.379118+00:00,"Run - Jul 10, 2026 at 22:18:59"
Q14,67,1917333.8077264584,0.007029688445551637,0.007029688445551637,2026-07-10T16:52:58.474457+00:00,"Run - Jul 10, 2026 at 22:18:59"
Q15,67,1918432.8951528529,0.007138170059217706,0.007138170059217706,2026-07-10T16:52:58.571422+00:00,"Run - Jul 10, 2026 at 22:18:59"
Q16,67,1921465.2071659048,0.007232939991306838,0.007232939991306838,2026-07-10T16:52:58.654985+00:00,"Run - Jul 10, 2026 at 22:18:59"
Q17,67,1920712.344506569,0.00735282050904454,0.00735282050904454,2026-07-10T16:52:58.727688+00:00,"Run - Jul 10, 2026 at 22:18:59"
Q18,67,1921604.9632179495,0.007459588075298713,0.007459588075298713,2026-07-10T16:52:58.795241+00:00,"Run - Jul 10, 2026 at 22:18:59"
Q19,67,1923121.3752273682,0.007564978429074355,0.007564978429074355,2026-07-10T16:52:58.860488+00:00,"Run - Jul 10, 2026 at 22:18:59"
Q20,67,1924465.8355362667,0.007669654111292378,0.007669654111292378,2026-07-10T16:52:58.928506+00:00,"Run - Jul 10, 2026 at 22:18:59"
Q21,67,1926000.4613669622,0.007773329807804038,0.007773329807804038,2026-07-10T16:52:58.997098+00:00,"Run - Jul 10, 2026 at 22:18:59"
Q22,67,1926145.1371015508,0.00788963116116593,0.00788963116116593,2026-07-10T16:52:59.062764+00:00,"Run - Jul 10, 2026 at 22:18:59"
Q23,67,1926465.9225811998,0.008001353284956181,0.008001353284956181,2026-07-10T16:52:59.145297+00:00,"Run - Jul 10, 2026 at 22:18:59"
Q24,67,1928016.6603954346,0.008104359312341783,0.008104359312341783,2026-07-10T16:52:59.217351+00:00,"Run - Jul 10, 2026 at 22:18:59"
Q0,68,1906108.054335483,0.0055031637092997155,0.0055031637092997155,2026-07-10T16:53:02.537197+00:00,"Run - Jul 10, 2026 at 22:18:59"
Q1,68,1907053.6469077154,0.005609064178385348,0.005609064178385348,2026-07-10T16:53:02.603947+00:00,"Run - Jul 10, 2026 at 22:18:59"
Q2,68,1907458.4774034547,0.005720164941640501,0.005720164941640501,2026-07-10T16:53:02.704573+00:00,"Run - Jul 10, 2026 at 22:18:59"
Q3,68,1909303.796913852,0.005824495347351368,0.005824495347351368,2026-07-10T16:53:02.797231+00:00,"Run - Jul 10, 2026 at 22:18:59"
Q4,68,1909786.7878135585,0.005937903170555964,0.005937903170555964,2026-07-10T16:53:02.880484+00:00,"Run - Jul 10, 2026 at 22:18:59"
Q5,68,1909911.4717105024,0.006051110726182261,0.006051110726182261,2026-07-10T16:53:02.981954+00:00,"Run - Jul 10, 2026 at 22:18:59"
Q6,68,1911453.9373902036,0.006154316453253607,0.006154316453253607,2026-07-10T16:53:03.086156+00:00,"Run - Jul 10, 2026 at 22:18:59"
Q7,68,1911949.166925225,0.006266267187858029,0.006266267187858029,2026-07-10T16:53:03.192847+00:00,"Run - Jul 10, 2026 at 22:18:59"
Q8,68,1912302.878697572,0.006376997752839698,0.006376997752839698,2026-07-10T16:53:03.295866+00:00,"Run - Jul 10, 2026 at 22:18:59"
Q9,68,1912976.6013132087,0.00648717915566433,0.00648717915566433,2026-07-10T16:53:03.393295+00:00,"Run - Jul 10, 2026 at 22:18:59"
Q10,68,1914903.4334035786,0.00658863247025443,0.00658863247025443,2026-07-10T16:53:03.509980+00:00,"Run - Jul 10, 2026 at 22:18:59"
Q11,68,1916181.7769245617,0.0066949997956649585,0.0066949997956649585,2026-07-10T16:53:03.608606+00:00,"Run - Jul 10, 2026 at 22:18:59"
Q12,68,1917206.4939262765,0.006803345366392442,0.006803345366392442,2026-07-10T16:53:03.703946+00:00,"Run - Jul 10, 2026 at 22:18:59"
Q13,68,1917513.1552071515,0.006916109461828951,0.006916109461828951,2026-07-10T16:53:03.803108+00:00,"Run - Jul 10, 2026 at 22:18:59"
Q14,68,1917044.648314683,0.007032335655763677,0.007032335655763677,2026-07-10T16:53:03.910007+00:00,"Run - Jul 10, 2026 at 22:18:59"
Q15,68,1918691.622505305,0.007137604983941128,0.007137604983941128,2026-07-10T16:53:04.009391+00:00,"Run - Jul 10, 2026 at 22:18:59"
Q16,68,1921295.478570711,0.0072359098577117675,0.0072359098577117675,2026-07-10T16:53:04.110600+00:00,"Run - Jul 10, 2026 at 22:18:59"
Q17,68,1920909.0343876935,0.007353704732518415,0.007353704732518415,2026-07-10T16:53:04.207001+00:00,"Run - Jul 10, 2026 at 22:18:59"
Q18,68,1921228.260835826,0.007463435835931527,0.007463435835931527,2026-07-10T16:53:04.301822+00:00,"Run - Jul 10, 2026 at 22:18:59"
Q19,68,1922770.8988264687,0.007568217638924539,0.007568217638924539,2026-07-10T16:53:04.393666+00:00,"Run - Jul 10, 2026 at 22:18:59"
Q20,68,1924579.548910941,0.007669109261231209,0.007669109261231209,2026-07-10T16:53:04.486718+00:00,"Run - Jul 10, 2026 at 22:18:59"
Q21,68,1925166.1699332488,0.00778051146146226,0.00778051146146226,2026-07-10T16:53:04.591296+00:00,"Run - Jul 10, 2026 at 22:18:59"
Q22,68,1925955.581924194,0.007891012761165474,0.007891012761165474,2026-07-10T16:53:04.689755+00:00,"Run - Jul 10, 2026 at 22:18:59"
Q23,68,1926464.865755767,0.008001746022765805,0.008001746022765805,2026-07-10T16:53:04.756949+00:00,"Run - Jul 10, 2026 at 22:18:59"
Q24,68,1927858.4677070784,0.008106024960811496,0.008106024960811496,2026-07-10T16:53:04.827244+00:00,"Run - Jul 10, 2026 at 22:18:59"
Q0,69,1905870.0572702952,0.0055050339318104815,0.0055050339318104815,2026-07-10T16:53:08.098253+00:00,"Run - Jul 10, 2026 at 22:18:59"
Q1,69,1907372.4988675287,0.0056080356084856455,0.0056080356084856455,2026-07-10T16:53:08.210490+00:00,"Run - Jul 10, 2026 at 22:18:59"
Q2,69,1907586.3221781917,0.005720348194344625,0.005720348194344625,2026-07-10T16:53:08.309501+00:00,"Run - Jul 10, 2026 at 22:18:59"
Q3,69,1909235.485861168,0.005826076033502666,0.005826076033502666,2026-07-10T16:53:08.407036+00:00,"Run - Jul 10, 2026 at 22:18:59"
Q4,69,1909914.5796435098,0.005938692166435223,0.005938692166435223,2026-07-10T16:53:08.498068+00:00,"Run - Jul 10, 2026 at 22:18:59"
Q5,69,1909854.6522549677,0.006052594659275845,0.006052594659275845,2026-07-10T16:53:08.593706+00:00,"Run - Jul 10, 2026 at 22:18:59"
Q6,69,1911532.1378390081,0.0061538091755769546,0.0061538091755769546,2026-07-10T16:53:08.698362+00:00,"Run - Jul 10, 2026 at 22:18:59"
Q7,69,1911932.0151814604,0.006267393283425568,0.006267393283425568,2026-07-10T16:53:08.799850+00:00,"Run - Jul 10, 2026 at 22:18:59"
Q8,69,1912636.2142335644,0.006375443468890701,0.006375443468890701,2026-07-10T16:53:08.898645+00:00,"Run - Jul 10, 2026 at 22:18:59"
Q9,69,1912848.5484657213,0.006488521221523738,0.006488521221523738,2026-07-10T16:53:09.000326+00:00,"Run - Jul 10, 2026 at 22:18:59"
Q10,69,1914775.3168162035,0.006589984536113837,0.006589984536113837,2026-07-10T16:53:09.101602+00:00,"Run - Jul 10, 2026 at 22:18:59"
Q11,69,1916012.0026805873,0.006696863400510413,0.006696863400510413,2026-07-10T16:53:09.221776+00:00,"Run - Jul 10, 2026 at 22:18:59"
Q12,69,1917420.2785625637,0.006802480615583974,0.006802480615583974,2026-07-10T16:53:09.343634+00:00,"Run - Jul 10, 2026 at 22:18:59"
Q13,69,1917526.0405507318,0.0069165537798491425,0.0069165537798491425,2026-07-10T16:53:09.445873+00:00,"Run - Jul 10, 2026 at 22:18:59"
Q14,69,1916732.1525568997,0.007034567595169133,0.007034567595169133,2026-07-10T16:53:09.571216+00:00,"Run - Jul 10, 2026 at 22:18:59"
Q15,69,1918861.2958927408,0.00713815656527959,0.00713815656527959,2026-07-10T16:53:09.677528+00:00,"Run - Jul 10, 2026 at 22:18:59"
Q16,69,1921352.1709909483,0.007236854444135434,0.007236854444135434,2026-07-10T16:53:09.760087+00:00,"Run - Jul 10, 2026 at 22:18:59"
Q17,69,1920782.8229832149,0.0073551431286015935,0.0073551431286015935,2026-07-10T16:53:09.831902+00:00,"Run - Jul 10, 2026 at 22:18:59"
Q18,69,1921261.5343449812,0.007463073151997088,0.007463073151997088,2026-07-10T16:53:09.896782+00:00,"Run - Jul 10, 2026 at 22:18:59"
Q19,69,1922420.777953176,0.007570680192535823,0.007570680192535823,2026-07-10T16:53:09.962409+00:00,"Run - Jul 10, 2026 at 22:18:59"
Q20,69,1924631.8731973688,0.0076704801177962505,0.0076704801177962505,2026-07-10T16:53:10.030871+00:00,"Run - Jul 10, 2026 at 22:18:59"
Q21,69,1925185.561706385,0.007781541259612067,0.007781541259612067,2026-07-10T16:53:10.099405+00:00,"Run - Jul 10, 2026 at 22:18:59"
Q22,69,1925679.3046485288,0.007893336155511455,0.007893336155511455,2026-07-10T16:53:10.170529+00:00,"Run - Jul 10, 2026 at 22:18:59"
Q23,69,1926299.8857017283,0.008003744430274684,0.008003744430274684,2026-07-10T16:53:10.237151+00:00,"Run - Jul 10, 2026 at 22:18:59"
Q24,69,1927846.4925307052,0.008107991064451425,0.008107991064451425,2026-07-10T16:53:10.304668+00:00,"Run - Jul 10, 2026 at 22:18:59"
Q0,70,1905854.127860185,0.005505452303704668,0.005505452303704668,2026-07-10T16:53:13.274583+00:00,"Run - Jul 10, 2026 at 22:18:59"
Q1,70,1906969.5629324806,0.005611039781292562,0.005611039781292562,2026-07-10T16:53:13.365631+00:00,"Run - Jul 10, 2026 at 22:18:59"
Q2,70,1907545.4369979715,0.005720982527786858,0.005720982527786858,2026-07-10T16:53:13.462396+00:00,"Run - Jul 10, 2026 at 22:18:59"
Q3,70,1908967.8822685098,0.005827887782921782,0.005827887782921782,2026-07-10T16:53:13.552013+00:00,"Run - Jul 10, 2026 at 22:18:59"
Q4,70,1909810.4980067292,0.005939432265498495,0.005939432265498495,2026-07-10T16:53:13.673243+00:00,"Run - Jul 10, 2026 at 22:18:59"
Q5,70,1909773.8281350418,0.006053386505221111,0.006053386505221111,2026-07-10T16:53:13.768899+00:00,"Run - Jul 10, 2026 at 22:18:59"
Q6,70,1911571.9168383619,0.006153664877668848,0.006153664877668848,2026-07-10T16:53:13.866693+00:00,"Run - Jul 10, 2026 at 22:18:59"
Q7,70,1911708.009715188,0.006269225732747245,0.006269225732747245,2026-07-10T16:53:13.970195+00:00,"Run - Jul 10, 2026 at 22:18:59"
Q8,70,1912712.571655155,0.006375076779674601,0.006375076779674601,2026-07-10T16:53:14.076278+00:00,"Run - Jul 10, 2026 at 22:18:59"
Q9,70,1912849.1009445044,0.006488661108153848,0.006488661108153848,2026-07-10T16:53:14.186802+00:00,"Run - Jul 10, 2026 at 22:18:59"
Q10,70,1914674.7479447324,0.006591080302804251,0.006591080302804251,2026-07-10T16:53:14.281162+00:00,"Run - Jul 10, 2026 at 22:18:59"
Q11,70,1915812.4969137586,0.006698512383099109,0.006698512383099109,2026-07-10T16:53:14.374860+00:00,"Run - Jul 10, 2026 at 22:18:59"
Q12,70,1917137.4870710934,0.006804737597861211,0.006804737597861211,2026-07-10T16:53:14.472408+00:00,"Run - Jul 10, 2026 at 22:18:59"
Q13,70,1917410.3271906737,0.006917425894021981,0.006917425894021981,2026-07-10T16:53:14.571753+00:00,"Run - Jul 10, 2026 at 22:18:59"
Q14,70,1916772.090196556,0.007034396630594359,0.007034396630594359,2026-07-10T16:53:14.667008+00:00,"Run - Jul 10, 2026 at 22:18:59"
Q15,70,1918901.2533624356,0.007137982267371484,0.007137982267371484,2026-07-10T16:53:14.763898+00:00,"Run - Jul 10, 2026 at 22:18:59"
Q16,70,1921352.1709909483,0.007236854444135434,0.007236854444135434,2026-07-10T16:53:14.858994+00:00,"Run - Jul 10, 2026 at 22:18:59"
Q17,70,1920714.4457113019,0.007355794899202577,0.007355794899202577,2026-07-10T16:53:14.955311+00:00,"Run - Jul 10, 2026 at 22:18:59"
Q18,70,1921256.1407094845,0.007463277874783095,0.007463277874783095,2026-07-10T16:53:15.045467+00:00,"Run - Jul 10, 2026 at 22:18:59"
Q19,70,1922935.5981012448,0.007567449736102524,0.007567449736102524,2026-07-10T16:53:15.150009+00:00,"Run - Jul 10, 2026 at 22:18:59"
Q20,70,1924553.0700806251,0.00767130639395787,0.00767130639395787,2026-07-10T16:53:15.250564+00:00,"Run - Jul 10, 2026 at 22:18:59"
Q21,70,1925135.8199804986,0.0077822034660583244,0.0077822034660583244,2026-07-10T16:53:15.354124+00:00,"Run - Jul 10, 2026 at 22:18:59"
Q22,70,1925864.9370502909,0.00789276804979064,0.00789276804979064,2026-07-10T16:53:15.460780+00:00,"Run - Jul 10, 2026 at 22:18:59"
Q23,70,1926409.9349096601,0.008002887054883272,0.008002887054883272,2026-07-10T16:53:15.562331+00:00,"Run - Jul 10, 2026 at 22:18:59"
Q24,70,1927847.0491345755,0.008108130951081535,0.008108130951081535,2026-07-10T16:53:15.686778+00:00,"Run - Jul 10, 2026 at 22:18:59"
Q0,71,1905195.655384595,0.005509327697477025,0.005509327697477025,2026-07-10T16:53:18.802579+00:00,"Run - Jul 10, 2026 at 22:18:59"
Q1,71,1906749.1387522114,0.005613309784410574,0.005613309784410574,2026-07-10T16:53:18.870256+00:00,"Run - Jul 10, 2026 at 22:18:59"
Q2,71,1906924.6784635084,0.005724784727704521,0.005724784727704521,2026-07-10T16:53:18.939763+00:00,"Run - Jul 10, 2026 at 22:18:59"
Q3,71,1908617.9330233685,0.005830118237941969,0.005830118237941969,2026-07-10T16:53:19.011451+00:00,"Run - Jul 10, 2026 at 22:18:59"
Q4,71,1909150.7085851466,0.0059435343259375195,0.0059435343259375195,2026-07-10T16:53:19.080681+00:00,"Run - Jul 10, 2026 at 22:18:59"
Q5,71,1909421.967684833,0.006055825408942106,0.006055825408942106,2026-07-10T16:53:19.159342+00:00,"Run - Jul 10, 2026 at 22:18:59"
Q6,71,1910911.4689437822,0.006157880271441205,0.006157880271441205,2026-07-10T16:53:19.235907+00:00,"Run - Jul 10, 2026 at 22:18:59"
Q7,71,1910930.8938159882,0.006274226968469934,0.006274226968469934,2026-07-10T16:53:19.316009+00:00,"Run - Jul 10, 2026 at 22:18:59"
Q8,71,1912013.4838460071,0.006379572536434105,0.006379572536434105,2026-07-10T16:53:19.389116+00:00,"Run - Jul 10, 2026 at 22:18:59"
Q9,71,1912188.9509944883,0.006492922680375135,0.006492922680375135,2026-07-10T16:53:19.461908+00:00,"Run - Jul 10, 2026 at 22:18:59"
Q10,71,1913860.7626540111,0.006596573586975107,0.006596573586975107,2026-07-10T16:53:19.535910+00:00,"Run - Jul 10, 2026 at 22:18:59"
Q11,71,1915153.2442213292,0.006703046087734205,0.006703046087734205,2026-07-10T16:53:19.608476+00:00,"Run - Jul 10, 2026 at 22:18:59"
Q12,71,1916729.1587928669,0.006808374780548365,0.006808374780548365,2026-07-10T16:53:19.691474+00:00,"Run - Jul 10, 2026 at 22:18:59"
Q13,71,1917019.2665875845,0.0069202638669137164,0.0069202638669137164,2026-07-10T16:53:19.775796+00:00,"Run - Jul 10, 2026 at 22:18:59"
Q14,71,1916459.4849277337,0.007036655791189577,0.007036655791189577,2026-07-10T16:53:19.883093+00:00,"Run - Jul 10, 2026 at 22:18:59"
Q15,71,1918588.4928773541,0.007140268094633365,0.007140268094633365,2026-07-10T16:53:19.984966+00:00,"Run - Jul 10, 2026 at 22:18:59"
Q16,71,1920689.7208652906,0.007241512683023388,0.007241512683023388,2026-07-10T16:53:20.078627+00:00,"Run - Jul 10, 2026 at 22:18:59"
Q17,71,1920401.374793704,0.007358134059797794,0.007358134059797794,2026-07-10T16:53:20.185879+00:00,"Run - Jul 10, 2026 at 22:18:59"
Q18,71,1920840.5365100491,0.007466752257328898,0.007466752257328898,2026-07-10T16:53:20.282159+00:00,"Run - Jul 10, 2026 at 22:18:59"
Q19,71,1922235.5333134914,0.007572640470391434,0.007572640470391434,2026-07-10T16:53:20.381473+00:00,"Run - Jul 10, 2026 at 22:18:59"
Q20,71,1924644.462183431,0.007671782968403951,0.007671782968403951,2026-07-10T16:53:20.481023+00:00,"Run - Jul 10, 2026 at 22:18:59"
Q21,71,1924585.662222955,0.007787269500442706,0.007787269500442706,2026-07-10T16:53:20.589555+00:00,"Run - Jul 10, 2026 at 22:18:59"
Q22,71,1925629.4651800815,0.007894633837121546,0.007894633837121546,2026-07-10T16:53:20.693724+00:00,"Run - Jul 10, 2026 at 22:18:59"
Q23,71,1926174.6922297045,0.008005408370084873,0.008005408370084873,2026-07-10T16:53:20.788454+00:00,"Run - Jul 10, 2026 at 22:18:59"
Q24,71,1927146.0137437503,0.008113581238417654,0.008113581238417654,2026-07-10T16:53:20.890557+00:00,"Run - Jul 10, 2026 at 22:18:59"
Q0,72,1905409.2509600474,0.005510941565711462,0.005510941565711462,2026-07-10T16:53:24.381588+00:00,"Run - Jul 10, 2026 at 22:18:59"
Q1,72,1906933.2181888334,0.005616901731311269,0.005616901731311269,2026-07-10T16:53:24.445688+00:00,"Run - Jul 10, 2026 at 22:18:59"
Q2,72,1906740.4123841468,0.005727842536817558,0.005727842536817558,2026-07-10T16:53:24.511918+00:00,"Run - Jul 10, 2026 at 22:18:59"
Q3,72,1908571.6717917873,0.005832188702333236,0.005832188702333236,2026-07-10T16:53:24.578965+00:00,"Run - Jul 10, 2026 at 22:18:59"
Q4,72,1909295.2799524304,0.005945811940123841,0.005945811940123841,2026-07-10T16:53:24.647973+00:00,"Run - Jul 10, 2026 at 22:18:59"
Q5,72,1909310.1443066362,0.00605848466853086,0.00605848466853086,2026-07-10T16:53:24.721755+00:00,"Run - Jul 10, 2026 at 22:18:59"
Q6,72,1911079.7945538259,0.006159434615134729,0.006159434615134729,2026-07-10T16:53:24.789150+00:00,"Run - Jul 10, 2026 at 22:18:59"
Q7,72,1911073.5917067775,0.00627497211913672,0.00627497211913672,2026-07-10T16:53:24.854162+00:00,"Run - Jul 10, 2026 at 22:18:59"
Q8,72,1912237.90012289,0.006381094627339353,0.006381094627339353,2026-07-10T16:53:24.924842+00:00,"Run - Jul 10, 2026 at 22:18:59"
Q9,72,1912240.3731431456,0.006495468934277078,0.006495468934277078,2026-07-10T16:53:24.991982+00:00,"Run - Jul 10, 2026 at 22:18:59"
Q10,72,1913928.6341777786,0.006597501360010868,0.006597501360010868,2026-07-10T16:53:25.055924+00:00,"Run - Jul 10, 2026 at 22:18:59"
Q11,72,1915509.4335722693,0.006703431304506252,0.006703431304506252,2026-07-10T16:53:25.134440+00:00,"Run - Jul 10, 2026 at 22:18:59"
Q12,72,1916937.2929899022,0.00680972211531923,0.00680972211531923,2026-07-10T16:53:25.209002+00:00,"Run - Jul 10, 2026 at 22:18:59"
Q13,72,1916902.6852888223,0.006922810585841034,0.006922810585841034,2026-07-10T16:53:25.286526+00:00,"Run - Jul 10, 2026 at 22:18:59"
Q14,72,1916777.0574379654,0.00703723186672853,0.00703723186672853,2026-07-10T16:53:25.358536+00:00,"Run - Jul 10, 2026 at 22:18:59"
Q15,72,1918324.135566094,0.007143158319088233,0.007143158319088233,2026-07-10T16:53:25.431228+00:00,"Run - Jul 10, 2026 at 22:18:59"
Q16,72,1921056.2693376495,0.007241685401688988,0.007241685401688988,2026-07-10T16:53:25.501655+00:00,"Run - Jul 10, 2026 at 22:18:59"
Q17,72,1920533.1135881701,0.007359639258940456,0.007359639258940456,2026-07-10T16:53:25.570202+00:00,"Run - Jul 10, 2026 at 22:18:59"
Q18,72,1921287.3883738404,0.007466079208665115,0.007466079208665115,2026-07-10T16:53:25.642211+00:00,"Run - Jul 10, 2026 at 22:18:59"
Q19,72,1922713.2375244072,0.007573011623097519,0.007573011623097519,2026-07-10T16:53:25.736252+00:00,"Run - Jul 10, 2026 at 22:18:59"
Q20,72,1924629.455784545,0.00767301470287809,0.00767301470287809,2026-07-10T16:53:25.817036+00:00,"Run - Jul 10, 2026 at 22:18:59"
Q21,72,1924518.692657894,0.007789508701661677,0.007789508701661677,2026-07-10T16:53:25.924989+00:00,"Run - Jul 10, 2026 at 22:18:59"
Q22,72,1925705.2195237358,0.007896996683390223,0.007896996683390223,2026-07-10T16:53:26.015689+00:00,"Run - Jul 10, 2026 at 22:18:59"
Q23,72,1926390.9581128466,0.008006891359789683,0.008006891359789683,2026-07-10T16:53:26.110452+00:00,"Run - Jul 10, 2026 at 22:18:59"
Q24,72,1926769.3278240967,0.008117673002908601,0.008117673002908601,2026-07-10T16:53:26.220049+00:00,"Run - Jul 10, 2026 at 22:18:59"
Q0,73,1905209.816314493,0.0055137122670108505,0.0055137122670108505,2026-07-10T16:53:28.861294+00:00,"Run - Jul 10, 2026 at 22:18:59"
Q1,73,1907300.3286033599,0.00561683008404534,0.00561683008404534,2026-07-10T16:53:28.977287+00:00,"Run - Jul 10, 2026 at 22:18:59"
Q2,73,1906542.7074037138,0.005730441930540026,0.005730441930540026,2026-07-10T16:53:29.108707+00:00,"Run - Jul 10, 2026 at 22:18:59"
Q3,73,1907602.113369872,0.005837901299073028,0.005837901299073028,2026-07-10T16:53:29.261049+00:00,"Run - Jul 10, 2026 at 22:18:59"
Q4,73,1909394.8741380281,0.005946248450588563,0.005946248450588563,2026-07-10T16:53:29.384053+00:00,"Run - Jul 10, 2026 at 22:18:59"
Q5,73,1910147.6093488645,0.006056938097033327,0.006056938097033327,2026-07-10T16:53:29.506738+00:00,"Run - Jul 10, 2026 at 22:18:59"
Q6,73,1910417.9013407445,0.006163987752942736,0.006163987752942736,2026-07-10T16:53:29.615365+00:00,"Run - Jul 10, 2026 at 22:18:59"
Q7,73,1911031.6228510614,0.006275516877405441,0.006275516877405441,2026-07-10T16:53:29.698125+00:00,"Run - Jul 10, 2026 at 22:18:59"
Q8,73,1912162.9780246771,0.00638205267494081,0.00638205267494081,2026-07-10T16:53:29.749409+00:00,"Run - Jul 10, 2026 at 22:18:59"
Q9,73,1911934.806976887,0.006497681406342732,0.006497681406342732,2026-07-10T16:53:29.792880+00:00,"Run - Jul 10, 2026 at 22:18:59"
Q10,73,1914036.7230600237,0.0065980736339071346,0.0065980736339071346,2026-07-10T16:53:29.829386+00:00,"Run - Jul 10, 2026 at 22:18:59"
Q11,73,1914536.402495792,0.006709463498663333,0.006709463498663333,2026-07-10T16:53:29.864396+00:00,"Run - Jul 10, 2026 at 22:18:59"
Q12,73,1916047.4539333847,0.006816053541395179,0.006816053541395179,2026-07-10T16:53:29.904922+00:00,"Run - Jul 10, 2026 at 22:18:59"
Q13,73,1916673.8680107999,0.0069249833952304204,0.0069249833952304204,2026-07-10T16:53:29.946866+00:00,"Run - Jul 10, 2026 at 22:18:59"
Q14,73,1916813.686795566,0.007038235414491062,0.007038235414491062,2026-07-10T16:53:29.986487+00:00,"Run - Jul 10, 2026 at 22:18:59"
Q15,73,1918469.20820673,0.007143194401445564,0.007143194401445564,2026-07-10T16:53:30.029140+00:00,"Run - Jul 10, 2026 at 22:18:59"
Q16,73,1921389.9123930722,0.00724112173252048,0.00724112173252048,2026-07-10T16:53:30.075916+00:00,"Run - Jul 10, 2026 at 22:18:59"
Q17,73,1920063.0371541162,0.007363039238461099,0.007363039238461099,2026-07-10T16:53:30.120915+00:00,"Run - Jul 10, 2026 at 22:18:59"
Q18,73,1921433.8016642686,0.0074666275619723,0.0074666275619723,2026-07-10T16:53:30.162571+00:00,"Run - Jul 10, 2026 at 22:18:59"
Q19,73,1922465.9312229056,0.007575334418626544,0.007575334418626544,2026-07-10T16:53:30.206102+00:00,"Run - Jul 10, 2026 at 22:18:59"
Q20,73,1924336.1250717258,0.007675887832788891,0.007675887832788891,2026-07-10T16:53:30.276695+00:00,"Run - Jul 10, 2026 at 22:18:59"
Q21,73,1924230.4329543526,0.007792581908884144,0.007792581908884144,2026-07-10T16:53:30.380390+00:00,"Run - Jul 10, 2026 at 22:18:59"
Q22,73,1926556.6366754859,0.007893180185654946,0.007893180185654946,2026-07-10T16:53:30.541741+00:00,"Run - Jul 10, 2026 at 22:18:59"
Q23,73,1926427.2327834312,0.00800762008492763,0.00800762008492763,2026-07-10T16:53:30.690961+00:00,"Run - Jul 10, 2026 at 22:18:59"
Q24,73,1926847.9589929215,0.008117757134387334,0.008117757134387334,2026-07-10T16:53:30.791127+00:00,"Run - Jul 10, 2026 at 22:18:59"
Q0,74,1904959.4197371623,0.005514307005045407,0.005514307005045407,2026-07-10T16:53:37.818608+00:00,"Run - Jul 10, 2026 at 22:18:59"
Q1,74,1907831.9964322848,0.005614066012871752,0.005614066012871752,2026-07-10T16:53:38.172589+00:00,"Run - Jul 10, 2026 at 22:18:59"
Q2,74,1906641.906615711,0.005730727475417375,0.005730727475417375,2026-07-10T16:53:38.567252+00:00,"Run - Jul 10, 2026 at 22:18:59"
Q3,74,1908074.5990116496,0.005834923755694722,0.005834923755694722,2026-07-10T16:53:38.879293+00:00,"Run - Jul 10, 2026 at 22:18:59"
Q4,74,1909024.6996736336,0.005946834984747909,0.005946834984747909,2026-07-10T16:53:39.146835+00:00,"Run - Jul 10, 2026 at 22:18:59"
Q5,74,1910456.226722846,0.006054525186337593,0.006054525186337593,2026-07-10T16:53:39.178840+00:00,"Run - Jul 10, 2026 at 22:18:59"
Q6,74,1910545.6649278721,0.00616219115072053,0.00616219115072053,2026-07-10T16:53:39.220342+00:00,"Run - Jul 10, 2026 at 22:18:59"
Q7,74,1911350.6630424403,0.006273683064292318,0.006273683064292318,2026-07-10T16:53:39.255349+00:00,"Run - Jul 10, 2026 at 22:18:59"
Q8,74,1912547.1369656937,0.006379333839419473,0.006379333839419473,2026-07-10T16:53:39.281866+00:00,"Run - Jul 10, 2026 at 22:18:59"
Q9,74,1912446.853018916,0.006494646114861259,0.006494646114861259,2026-07-10T16:53:39.309028+00:00,"Run - Jul 10, 2026 at 22:18:59"
Q10,74,1914341.841518176,0.00659522439996634,0.00659522439996634,2026-07-10T16:53:39.340293+00:00,"Run - Jul 10, 2026 at 22:18:59"
Q11,74,1914291.5164398106,0.006710943843113884,0.006710943843113884,2026-07-10T16:53:39.369731+00:00,"Run - Jul 10, 2026 at 22:18:59"
Q12,74,1916473.4784403518,0.006813442933733649,0.006813442933733649,2026-07-10T16:53:39.393348+00:00,"Run - Jul 10, 2026 at 22:18:59"
Q13,74,1916602.5302655129,0.0069255567727180885,0.0069255567727180885,2026-07-10T16:53:39.422246+00:00,"Run - Jul 10, 2026 at 22:18:59"
Q14,74,1917134.3960584037,0.0070362948402520435,0.0070362948402520435,2026-07-10T16:53:39.451864+00:00,"Run - Jul 10, 2026 at 22:18:59"
Q15,74,1918644.8045264669,0.007141966518524138,0.007141966518524138,2026-07-10T16:53:39.481871+00:00,"Run - Jul 10, 2026 at 22:18:59"
Q16,74,1921105.5605913838,0.007242037198730249,0.007242037198730249,2026-07-10T16:53:39.516383+00:00,"Run - Jul 10, 2026 at 22:18:59"
Q17,74,1920716.77493747,0.007356953193640267,0.007356953193640267,2026-07-10T16:53:39.556035+00:00,"Run - Jul 10, 2026 at 22:18:59"
Q18,74,1921916.0748226293,0.007462334930922031,0.007462334930922031,2026-07-10T16:53:39.596573+00:00,"Run - Jul 10, 2026 at 22:18:59"
Q19,74,1923156.3163566343,0.007570851834640281,0.007570851834640281,2026-07-10T16:53:39.634764+00:00,"Run - Jul 10, 2026 at 22:18:59"
Q20,74,1924619.4504796597,0.0076747658391181,0.0076747658391181,2026-07-10T16:53:39.673760+00:00,"Run - Jul 10, 2026 at 22:18:59"
Q21,74,1924746.7011881813,0.007788853113006201,0.007788853113006201,2026-07-10T16:53:39.703293+00:00,"Run - Jul 10, 2026 at 22:18:59"
Q22,74,1926720.5586114994,0.007892411181986579,0.007892411181986579,2026-07-10T16:53:39.736351+00:00,"Run - Jul 10, 2026 at 22:18:59"
Q23,74,1926889.7864365394,0.008004091960370654,0.008004091960370654,2026-07-10T16:53:39.776055+00:00,"Run - Jul 10, 2026 at 22:18:59"
Q24,74,1927389.6982291904,0.00811424655907209,0.00811424655907209,2026-07-10T16:53:39.808572+00:00,"Run - Jul 10, 2026 at 22:18:59"
Q0,75,1904772.3206670487,0.005515450406272634,0.005515450406272634,2026-07-10T16:53:43.102308+00:00,"Run - Jul 10, 2026 at 22:18:59"
Q1,75,1907491.0676351793,0.005616399257284521,0.005616399257284521,2026-07-10T16:53:43.205557+00:00,"Run - Jul 10, 2026 at 22:18:59"
Q2,75,1906523.8861973116,0.00573157786374658,0.00573157786374658,2026-07-10T16:53:43.307774+00:00,"Run - Jul 10, 2026 at 22:18:59"
Q3,75,1907804.241942688,0.005836426146847441,0.005836426146847441,2026-07-10T16:53:43.406849+00:00,"Run - Jul 10, 2026 at 22:18:59"
Q4,75,1909055.8954152174,0.0059466127513642655,0.0059466127513642655,2026-07-10T16:53:43.498159+00:00,"Run - Jul 10, 2026 at 22:18:59"
Q5,75,1910489.0983715507,0.006054883446402191,0.006054883446402191,2026-07-10T16:53:43.582862+00:00,"Run - Jul 10, 2026 at 22:18:59"
Q6,75,1910505.7251131788,0.006162509598606061,0.006162509598606061,2026-07-10T16:53:43.664328+00:00,"Run - Jul 10, 2026 at 22:18:59"
Q7,75,1911199.1513577239,0.006274244067777426,0.006274244067777426,2026-07-10T16:53:43.751730+00:00,"Run - Jul 10, 2026 at 22:18:59"
Q8,75,1912401.4168488013,0.0063803802264320066,0.0063803802264320066,2026-07-10T16:53:43.845305+00:00,"Run - Jul 10, 2026 at 22:18:59"
Q9,75,1912544.7872959585,0.0064939674013771605,0.0064939674013771605,2026-07-10T16:53:43.937894+00:00,"Run - Jul 10, 2026 at 22:18:59"
Q10,75,1914151.8366605719,0.00659708429611172,0.00659708429611172,2026-07-10T16:53:44.102056+00:00,"Run - Jul 10, 2026 at 22:18:59"
Q11,75,1913829.7752876957,0.006714047759677883,0.006714047759677883,2026-07-10T16:53:44.266552+00:00,"Run - Jul 10, 2026 at 22:18:59"
Q12,75,1916044.6519979548,0.006815897144016362,0.006815897144016362,2026-07-10T16:53:44.441579+00:00,"Run - Jul 10, 2026 at 22:18:59"
Q13,75,1916075.414735888,0.006928479335888554,0.006928479335888554,2026-07-10T16:53:44.608413+00:00,"Run - Jul 10, 2026 at 22:18:59"
Q14,75,1917214.6276688043,0.00703626333690519,0.00703626333690519,2026-07-10T16:53:44.813451+00:00,"Run - Jul 10, 2026 at 22:18:59"
Q15,75,1918680.1378590632,0.007142038305282299,0.007142038305282299,2026-07-10T16:53:44.998396+00:00,"Run - Jul 10, 2026 at 22:18:59"
Q16,75,1920654.171340427,0.007244705917427968,0.007244705917427968,2026-07-10T16:53:45.171096+00:00,"Run - Jul 10, 2026 at 22:18:59"
Q17,75,1920526.914311094,0.007357777207749874,0.007357777207749874,2026-07-10T16:53:45.328610+00:00,"Run - Jul 10, 2026 at 22:18:59"
Q18,75,1921845.1936830154,0.007463217990140527,0.007463217990140527,2026-07-10T16:53:45.452601+00:00,"Run - Jul 10, 2026 at 22:18:59"
Q19,75,1923153.9754681813,0.007571056566476253,0.007571056566476253,2026-07-10T16:53:45.569443+00:00,"Run - Jul 10, 2026 at 22:18:59"
Q20,75,1924540.2019656925,0.007675418729304841,0.007675418729304841,2026-07-10T16:53:45.702570+00:00,"Run - Jul 10, 2026 at 22:18:59"
Q21,75,1924673.5144275506,0.007789612997083393,0.007789612997083393,2026-07-10T16:53:45.808962+00:00,"Run - Jul 10, 2026 at 22:18:59"
Q22,75,1926605.9417906657,0.00789299520163548,0.00789299520163548,2026-07-10T16:53:45.933542+00:00,"Run - Jul 10, 2026 at 22:18:59"
Q23,75,1926664.91901159,0.008005921481816993,0.008005921481816993,2026-07-10T16:53:46.058686+00:00,"Run - Jul 10, 2026 at 22:18:59"
Q24,75,1927086.739090397,0.008116673044879069,0.008116673044879069,2026-07-10T16:53:46.136905+00:00,"Run - Jul 10, 2026 at 22:18:59"
Q0,76,1905592.2535958234,0.0055134671108984954,0.0055134671108984954,2026-07-10T16:53:50.182777+00:00,"Run - Jul 10, 2026 at 22:18:59"
Q1,76,1907914.4818851603,0.005615640564723821,0.005615640564723821,2026-07-10T16:53:50.304196+00:00,"Run - Jul 10, 2026 at 22:18:59"
Q2,76,1907385.9749535648,0.005729308239368418,0.005729308239368418,2026-07-10T16:53:50.404521+00:00,"Run - Jul 10, 2026 at 22:18:59"
Q3,76,1908255.5826079515,0.0058351016940902155,0.0058351016940902155,2026-07-10T16:53:50.522706+00:00,"Run - Jul 10, 2026 at 22:18:59"
Q4,76,1909806.6802498687,0.005944835578569833,0.005944835578569833,2026-07-10T16:53:50.633588+00:00,"Run - Jul 10, 2026 at 22:18:59"
Q5,76,1910574.7103466059,0.006054662522305167,0.006054662522305167,2026-07-10T16:53:50.748388+00:00,"Run - Jul 10, 2026 at 22:18:59"
Q6,76,1911227.4915436332,0.006160997266211688,0.006160997266211688,2026-07-10T16:53:50.845911+00:00,"Run - Jul 10, 2026 at 22:18:59"
Q7,76,1911765.6957377049,0.006272251642709218,0.006272251642709218,2026-07-10T16:53:50.968590+00:00,"Run - Jul 10, 2026 at 22:18:59"
Q8,76,1913377.177657517,0.006377112954969686,0.006377112954969686,2026-07-10T16:53:51.076470+00:00,"Run - Jul 10, 2026 at 22:18:59"
Q9,76,1913409.4362871777,0.0064912094447576,0.0064912094447576,2026-07-10T16:53:51.174325+00:00,"Run - Jul 10, 2026 at 22:18:59"
Q10,76,1914865.2442647635,0.006594860738598725,0.006594860738598725,2026-07-10T16:53:51.298804+00:00,"Run - Jul 10, 2026 at 22:18:59"
Q11,76,1914553.3407349114,0.006712218760616842,0.006712218760616842,2026-07-10T16:53:51.399818+00:00,"Run - Jul 10, 2026 at 22:18:59"
Q12,76,1916430.0108495462,0.006814754802361403,0.006814754802361403,2026-07-10T16:53:51.503040+00:00,"Run - Jul 10, 2026 at 22:18:59"
Q13,76,1916758.9463755342,0.0069266078830207,0.0069266078830207,2026-07-10T16:53:51.602098+00:00,"Run - Jul 10, 2026 at 22:18:59"
Q14,76,1918118.367683107,0.007033108322930855,0.007033108322930855,2026-07-10T16:53:51.704722+00:00,"Run - Jul 10, 2026 at 22:18:59"
Q15,76,1918877.8544658332,0.007141875631869823,0.007141875631869823,2026-07-10T16:53:51.823508+00:00,"Run - Jul 10, 2026 at 22:18:59"
Q16,76,1921004.4819394534,0.007243742290887842,0.007243742290887842,2026-07-10T16:53:51.947923+00:00,"Run - Jul 10, 2026 at 22:18:59"
Q17,76,1920724.6152413685,0.007357575140727537,0.007357575140727537,2026-07-10T16:53:52.058124+00:00,"Run - Jul 10, 2026 at 22:18:59"
Q18,76,1922557.9942118886,0.007460871456818447,0.007460871456818447,2026-07-10T16:53:52.185567+00:00,"Run - Jul 10, 2026 at 22:18:59"
Q19,76,1923807.1044826834,0.007568795496599289,0.007568795496599289,2026-07-10T16:53:52.299966+00:00,"Run - Jul 10, 2026 at 22:18:59"
Q20,76,1924738.4297138026,0.007675140697158723,0.007675140697158723,2026-07-10T16:53:52.418606+00:00,"Run - Jul 10, 2026 at 22:18:59"
Q21,76,1925356.0044076089,0.007786561884007116,0.007786561884007116,2026-07-10T16:53:52.534882+00:00,"Run - Jul 10, 2026 at 22:18:59"
Q22,76,1927211.3452646562,0.007890764501555845,0.007890764501555845,2026-07-10T16:53:52.644729+00:00,"Run - Jul 10, 2026 at 22:18:59"
Q23,76,1927342.0197743603,0.008003373522756914,0.008003373522756914,2026-07-10T16:53:52.754153+00:00,"Run - Jul 10, 2026 at 22:18:59"
Q24,76,1927515.4776144794,0.008115022684559766,0.008115022684559766,2026-07-10T16:53:52.868389+00:00,"Run - Jul 10, 2026 at 22:18:59"
Q0,77,1905778.0591068314,0.005513179527282444,0.005513179527282444,2026-07-10T16:53:55.867825+00:00,"Run - Jul 10, 2026 at 22:18:59"
Q1,77,1908064.2168531644,0.005615293943341519,0.005615293943341519,2026-07-10T16:53:55.990023+00:00,"Run - Jul 10, 2026 at 22:18:59"
Q2,77,1907469.7556273376,0.005729290608581581,0.005729290608581581,2026-07-10T16:53:56.104390+00:00,"Run - Jul 10, 2026 at 22:18:59"
Q3,77,1908480.0215812866,0.005834571383465343,0.005834571383465343,2026-07-10T16:53:56.213020+00:00,"Run - Jul 10, 2026 at 22:18:59"
Q4,77,1909961.194073885,0.005944701386517953,0.005944701386517953,2026-07-10T16:53:56.317609+00:00,"Run - Jul 10, 2026 at 22:18:59"
Q5,77,1910649.3268822995,0.006054508782609752,0.006054508782609752,2026-07-10T16:53:56.426857+00:00,"Run - Jul 10, 2026 at 22:18:59"
Q6,77,1911339.0730580322,0.00616079983355548,0.00616079983355548,2026-07-10T16:53:56.532653+00:00,"Run - Jul 10, 2026 at 22:18:59"
Q7,77,1911990.582916149,0.006271641332084344,0.006271641332084344,2026-07-10T16:53:56.635792+00:00,"Run - Jul 10, 2026 at 22:18:59"
Q8,77,1913338.6116416021,0.006377335477029115,0.006377335477029115,2026-07-10T16:53:56.737874+00:00,"Run - Jul 10, 2026 at 22:18:59"
Q9,77,1913485.116654011,0.006490926899052318,0.006490926899052318,2026-07-10T16:53:56.845055+00:00,"Run - Jul 10, 2026 at 22:18:59"
Q10,77,1915091.0423093578,0.00659412450919017,0.00659412450919017,2026-07-10T16:53:56.963332+00:00,"Run - Jul 10, 2026 at 22:18:59"
Q11,77,1914707.3594311262,0.0067117311650230676,0.0067117311650230676,2026-07-10T16:53:57.076011+00:00,"Run - Jul 10, 2026 at 22:18:59"
Q12,77,1916513.4335928278,0.0068147630321300995,0.0068147630321300995,2026-07-10T16:53:57.188527+00:00,"Run - Jul 10, 2026 at 22:18:59"
Q13,77,1916909.5793033664,0.006926101261638397,0.006926101261638397,2026-07-10T16:53:57.293614+00:00,"Run - Jul 10, 2026 at 22:18:59"
Q14,77,1918382.7204735503,0.007032115490246554,0.007032115490246554,2026-07-10T16:53:57.404591+00:00,"Run - Jul 10, 2026 at 22:18:59"
Q15,77,1918839.1540065848,0.007142121487262586,0.007142121487262586,2026-07-10T16:53:57.515001+00:00,"Run - Jul 10, 2026 at 22:18:59"
Q16,77,1921124.7455477333,0.007243689646683921,0.007243689646683921,2026-07-10T16:53:57.623748+00:00,"Run - Jul 10, 2026 at 22:18:59"
Q17,77,1920766.3170839632,0.007357770493310987,0.007357770493310987,2026-07-10T16:53:57.727168+00:00,"Run - Jul 10, 2026 at 22:18:59"
Q18,77,1922519.2361340693,0.00746112731221121,0.00746112731221121,2026-07-10T16:53:57.841280+00:00,"Run - Jul 10, 2026 at 22:18:59"
Q19,77,1923768.327198673,0.0075690546853253845,0.0075690546853253845,2026-07-10T16:53:57.958138+00:00,"Run - Jul 10, 2026 at 22:18:59"
Q20,77,1924849.3099374154,0.007674952488307001,0.007674952488307001,2026-07-10T16:53:58.070605+00:00,"Run - Jul 10, 2026 at 22:18:59"
Q21,77,1925544.2224652346,0.007785871509991322,0.007785871509991322,2026-07-10T16:53:58.178401+00:00,"Run - Jul 10, 2026 at 22:18:59"
Q22,77,1927360.01837924,0.007890416535275389,0.007890416535275389,2026-07-10T16:53:58.291313+00:00,"Run - Jul 10, 2026 at 22:18:59"
Q23,77,1927570.6457829257,0.008002241468887946,0.008002241468887946,2026-07-10T16:53:58.403179+00:00,"Run - Jul 10, 2026 at 22:18:59"
Q24,77,1927594.4820145278,0.008115094489459117,0.008115094489459117,2026-07-10T16:53:58.515440+00:00,"Run - Jul 10, 2026 at 22:18:59"
Q0,78,1905703.7789887162,0.005513673297652853,0.005513673297652853,2026-07-10T16:54:01.908324+00:00,"Run - Jul 10, 2026 at 22:18:59"
Q1,78,1907949.7269108319,0.005615799393375633,0.005615799393375633,2026-07-10T16:54:02.024008+00:00,"Run - Jul 10, 2026 at 22:18:59"
Q2,78,1907392.5161124042,0.005729734852563251,0.005729734852563251,2026-07-10T16:54:02.138918+00:00,"Run - Jul 10, 2026 at 22:18:59"
Q3,78,1908406.0833997135,0.005835032825588995,0.005835032825588995,2026-07-10T16:54:02.250059+00:00,"Run - Jul 10, 2026 at 22:18:59"
Q4,78,1909820.2574682701,0.005945625062383706,0.005945625062383706,2026-07-10T16:54:02.355261+00:00,"Run - Jul 10, 2026 at 22:18:59"
Q5,78,1910497.7285769535,0.006055473767172189,0.006055473767172189,2026-07-10T16:54:02.458888+00:00,"Run - Jul 10, 2026 at 22:18:59"
Q6,78,1911375.7789794437,0.006160789991717951,0.006160789991717951,2026-07-10T16:54:02.564057+00:00,"Run - Jul 10, 2026 at 22:18:59"
Q7,78,1911760.5707429952,0.00627281167429135,0.00627281167429135,2026-07-10T16:54:02.668411+00:00,"Run - Jul 10, 2026 at 22:18:59"
Q8,78,1913200.6918181486,0.0063783220870835735,0.0063783220870835735,2026-07-10T16:54:02.783671+00:00,"Run - Jul 10, 2026 at 22:18:59"
Q9,78,1913671.0720749923,0.006490567608806801,0.006490567608806801,2026-07-10T16:54:02.880807+00:00,"Run - Jul 10, 2026 at 22:18:59"
Q10,78,1914898.8282155911,0.00659517804503237,0.00659517804503237,2026-07-10T16:54:02.997433+00:00,"Run - Jul 10, 2026 at 22:18:59"
Q11,78,1914707.1359928688,0.006711757528146045,0.006711757528146045,2026-07-10T16:54:03.116583+00:00,"Run - Jul 10, 2026 at 22:18:59"
Q12,78,1916400.0649533982,0.006815572657893269,0.006815572657893269,2026-07-10T16:54:03.195117+00:00,"Run - Jul 10, 2026 at 22:18:59"
Q13,78,1916950.1090571543,0.0069260434119015205,0.0069260434119015205,2026-07-10T16:54:03.268029+00:00,"Run - Jul 10, 2026 at 22:18:59"
Q14,78,1918427.6489880907,0.007031949496526294,0.007031949496526294,2026-07-10T16:54:03.339537+00:00,"Run - Jul 10, 2026 at 22:18:59"
Q15,78,1918769.3858516212,0.007142532153612409,0.007142532153612409,2026-07-10T16:54:03.408737+00:00,"Run - Jul 10, 2026 at 22:18:59"
Q16,78,1920938.3271241672,0.007244906582481349,0.007244906582481349,2026-07-10T16:54:03.480745+00:00,"Run - Jul 10, 2026 at 22:18:59"
Q17,78,1920657.8568445398,0.007358433886669634,0.007358433886669634,2026-07-10T16:54:03.551718+00:00,"Run - Jul 10, 2026 at 22:18:59"
Q18,78,1922597.101268074,0.0074605767995620685,0.0074605767995620685,2026-07-10T16:54:03.626591+00:00,"Run - Jul 10, 2026 at 22:18:59"
Q19,78,1923614.1462288252,0.007569986195701653,0.007569986195701653,2026-07-10T16:54:03.700437+00:00,"Run - Jul 10, 2026 at 22:18:59"
Q20,78,1924893.678170897,0.007674845250110259,0.007674845250110259,2026-07-10T16:54:03.773074+00:00,"Run - Jul 10, 2026 at 22:18:59"
Q21,78,1925580.8488883325,0.007785855217635983,0.007785855217635983,2026-07-10T16:54:03.846017+00:00,"Run - Jul 10, 2026 at 22:18:59"
Q22,78,1927513.6256399974,0.007889537306805779,0.007889537306805779,2026-07-10T16:54:03.922104+00:00,"Run - Jul 10, 2026 at 22:18:59"
Q23,78,1927647.3156048148,0.008001814904036238,0.008001814904036238,2026-07-10T16:54:03.998283+00:00,"Run - Jul 10, 2026 at 22:18:59"
Q24,78,1927407.9008172294,0.008116379361366574,0.008116379361366574,2026-07-10T16:54:04.073570+00:00,"Run - Jul 10, 2026 at 22:18:59"
Q0,79,1905746.8660284313,0.005513393594475116,0.005513393594475116,2026-07-10T16:54:07.840217+00:00,"Run - Jul 10, 2026 at 22:18:59"
Q1,79,1908183.923001597,0.005614266320060959,0.005614266320060959,2026-07-10T16:54:07.916750+00:00,"Run - Jul 10, 2026 at 22:18:59"
Q2,79,1907432.3762862587,0.005729429738011054,0.005729429738011054,2026-07-10T16:54:07.995494+00:00,"Run - Jul 10, 2026 at 22:18:59"
Q3,79,1908369.5982863223,0.005835069937468595,0.005835069937468595,2026-07-10T16:54:08.074689+00:00,"Run - Jul 10, 2026 at 22:18:59"
Q4,79,1909783.7541396802,0.005945665507596639,0.005945665507596639,2026-07-10T16:54:08.141932+00:00,"Run - Jul 10, 2026 at 22:18:59"
Q5,79,1910423.1579487438,0.006055677122812357,0.006055677122812357,2026-07-10T16:54:08.215545+00:00,"Run - Jul 10, 2026 at 22:18:59"
Q6,79,1911453.7868556515,0.006160308633405186,0.006160308633405186,2026-07-10T16:54:08.295983+00:00,"Run - Jul 10, 2026 at 22:18:59"
Q7,79,1911870.1654061996,0.0062724642683553225,0.0062724642683553225,2026-07-10T16:54:08.375509+00:00,"Run - Jul 10, 2026 at 22:18:59"
Q8,79,1913160.6275306456,0.00637838348050769,0.00637838348050769,2026-07-10T16:54:08.453417+00:00,"Run - Jul 10, 2026 at 22:18:59"
Q9,79,1913313.8082970767,0.006492787173911475,0.006492787173911475,2026-07-10T16:54:08.543877+00:00,"Run - Jul 10, 2026 at 22:18:59"
Q10,79,1915055.040812521,0.006594174968891662,0.006594174968891662,2026-07-10T16:54:08.619180+00:00,"Run - Jul 10, 2026 at 22:18:59"
Q11,79,1914820.007943196,0.006711070874283896,0.006711070874283896,2026-07-10T16:54:08.699746+00:00,"Run - Jul 10, 2026 at 22:18:59"
Q12,79,1916434.5054029452,0.00681575889519489,0.00681575889519489,2026-07-10T16:54:08.770220+00:00,"Run - Jul 10, 2026 at 22:18:59"
Q13,79,1917062.8467114533,0.006925698290890378,0.006925698290890378,2026-07-10T16:54:08.843430+00:00,"Run - Jul 10, 2026 at 22:18:59"
Q14,79,1918465.8688663535,0.007031759919432394,0.007031759919432394,2026-07-10T16:54:08.926957+00:00,"Run - Jul 10, 2026 at 22:18:59"
Q15,79,1918809.5048582014,0.007142183705726879,0.007142183705726879,2026-07-10T16:54:09.002073+00:00,"Run - Jul 10, 2026 at 22:18:59"
Q16,79,1921090.185461884,0.007244257019168999,0.007244257019168999,2026-07-10T16:54:09.082012+00:00,"Run - Jul 10, 2026 at 22:18:59"
Q17,79,1920770.8185177394,0.007358048765658491,0.007358048765658491,2026-07-10T16:54:09.174435+00:00,"Run - Jul 10, 2026 at 22:18:59"
Q18,79,1922522.0471400612,0.007460866821868903,0.007460866821868903,2026-07-10T16:54:09.271865+00:00,"Run - Jul 10, 2026 at 22:18:59"
Q19,79,1923654.344876244,0.007569624414482788,0.007569624414482788,2026-07-10T16:54:09.375690+00:00,"Run - Jul 10, 2026 at 22:18:59"
Q20,79,1924856.8833991233,0.007674939028656527,0.007674939028656527,2026-07-10T16:54:09.487189+00:00,"Run - Jul 10, 2026 at 22:18:59"
Q21,79,1925544.0359013593,0.007785952329515584,0.007785952329515584,2026-07-10T16:54:09.603751+00:00,"Run - Jul 10, 2026 at 22:18:59"
Q22,79,1927626.8673368231,0.007889102185794637,0.007889102185794637,2026-07-10T16:54:09.772983+00:00,"Run - Jul 10, 2026 at 22:18:59"
Q23,79,1927572.0755153387,0.008002138259676406,0.008002138259676406,2026-07-10T16:54:09.873601+00:00,"Run - Jul 10, 2026 at 22:18:59"
Q24,79,1927525.715908329,0.008115476894085934,0.008115476894085934,2026-07-10T16:54:09.987304+00:00,"Run - Jul 10, 2026 at 22:18:59"
Q0,80,1905695.5991765535,0.005514869301494532,0.005514869301494532,2026-07-10T16:54:13.803598+00:00,"Run - Jul 10, 2026 at 22:18:59"
Q1,80,1907838.6235068284,0.005616654772866068,0.005616654772866068,2026-07-10T16:54:13.910818+00:00,"Run - Jul 10, 2026 at 22:18:59"
Q2,80,1907251.829621834,0.005730035713128337,0.005730035713128337,2026-07-10T16:54:14.009523+00:00,"Run - Jul 10, 2026 at 22:18:59"
Q3,80,1907777.9428224869,0.005839068316684168,0.005839068316684168,2026-07-10T16:54:14.114260+00:00,"Run - Jul 10, 2026 at 22:18:59"
Q4,80,1910105.3559932348,0.00594629728229402,0.00594629728229402,2026-07-10T16:54:14.219054+00:00,"Run - Jul 10, 2026 at 22:18:59"
Q5,80,1910413.5054955364,0.006057367009847482,0.006057367009847482,2026-07-10T16:54:14.293375+00:00,"Run - Jul 10, 2026 at 22:18:59"
Q6,80,1911438.527601842,0.006161795563875521,0.006161795563875521,2026-07-10T16:54:14.372422+00:00,"Run - Jul 10, 2026 at 22:18:59"
Q7,80,1911665.9316696422,0.006274087370393828,0.006274087370393828,2026-07-10T16:54:14.453495+00:00,"Run - Jul 10, 2026 at 22:18:59"
Q8,80,1912926.736591596,0.006380652261560928,0.006380652261560928,2026-07-10T16:54:14.530894+00:00,"Run - Jul 10, 2026 at 22:18:59"
Q9,80,1912794.9080431247,0.006496563629478344,0.006496563629478344,2026-07-10T16:54:14.607339+00:00,"Run - Jul 10, 2026 at 22:18:59"
Q10,80,1914787.4984646894,0.006596907924421315,0.006596907924421315,2026-07-10T16:54:14.688068+00:00,"Run - Jul 10, 2026 at 22:18:59"
Q11,80,1914853.7258692377,0.006711013043906154,0.006711013043906154,2026-07-10T16:54:14.768268+00:00,"Run - Jul 10, 2026 at 22:18:59"
Q12,80,1916158.2602429693,0.00681793349623242,0.00681793349623242,2026-07-10T16:54:14.848230+00:00,"Run - Jul 10, 2026 at 22:18:59"
Q13,80,1917142.2753042264,0.0069257527936149215,0.0069257527936149215,2026-07-10T16:54:14.932988+00:00,"Run - Jul 10, 2026 at 22:18:59"
Q14,80,1918118.3260445914,0.007034538372237505,0.007034538372237505,2026-07-10T16:54:15.010488+00:00,"Run - Jul 10, 2026 at 22:18:59"
Q15,80,1918833.7598906856,0.007143386867041013,0.007143386867041013,2026-07-10T16:54:15.087002+00:00,"Run - Jul 10, 2026 at 22:18:59"
Q16,80,1921113.9424169273,0.007245834797712481,0.007245834797712481,2026-07-10T16:54:15.162188+00:00,"Run - Jul 10, 2026 at 22:18:59"
Q17,80,1920267.232295968,0.007363632137188655,0.007363632137188655,2026-07-10T16:54:15.242878+00:00,"Run - Jul 10, 2026 at 22:18:59"
Q18,80,1922039.7739817007,0.0074651594529191725,0.0074651594529191725,2026-07-10T16:54:15.332385+00:00,"Run - Jul 10, 2026 at 22:18:59"
Q19,80,1923229.1945987074,0.007572978565991678,0.007572978565991678,2026-07-10T16:54:15.421908+00:00,"Run - Jul 10, 2026 at 22:18:59"
Q20,80,1924579.5398474021,0.007677300296360722,0.007677300296360722,2026-07-10T16:54:15.504942+00:00,"Run - Jul 10, 2026 at 22:18:59"
Q21,80,1924982.7519258987,0.007790602977182691,0.007790602977182691,2026-07-10T16:54:15.574114+00:00,"Run - Jul 10, 2026 at 22:18:59"
Q22,80,1927349.2491871654,0.0078915101201655,0.0078915101201655,2026-07-10T16:54:15.649226+00:00,"Run - Jul 10, 2026 at 22:18:59"
Q23,80,1927222.9796210416,0.008005186712481512,0.008005186712481512,2026-07-10T16:54:15.724853+00:00,"Run - Jul 10, 2026 at 22:18:59"
Q24,80,1927247.8231607354,0.008117931495123463,0.008117931495123463,2026-07-10T16:54:15.799665+00:00,"Run - Jul 10, 2026 at 22:18:59"
Q0,81,1905884.5286331987,0.005513860636674542,0.005513860636674542,2026-07-10T16:54:19.467697+00:00,"Run - Jul 10, 2026 at 22:18:59"
Q1,81,1907917.1115803972,0.005615677905021263,0.005615677905021263,2026-07-10T16:54:19.584137+00:00,"Run - Jul 10, 2026 at 22:18:59"
Q2,81,1907362.3747664455,0.00572880514675795,0.00572880514675795,2026-07-10T16:54:19.698556+00:00,"Run - Jul 10, 2026 at 22:18:59"
Q3,81,1907965.6493154606,0.005837507283725233,0.005837507283725233,2026-07-10T16:54:19.812863+00:00,"Run - Jul 10, 2026 at 22:18:59"
Q4,81,1910037.1878050936,0.005946386536988799,0.005946386536988799,2026-07-10T16:54:19.931745+00:00,"Run - Jul 10, 2026 at 22:18:59"
Q5,81,1910718.63037848,0.006055994084650083,0.006055994084650083,2026-07-10T16:54:20.044798+00:00,"Run - Jul 10, 2026 at 22:18:59"
Q6,81,1911664.3834948614,0.0061607088645140706,0.0061607088645140706,2026-07-10T16:54:20.150902+00:00,"Run - Jul 10, 2026 at 22:18:59"
Q7,81,1911669.8134867505,0.006273708855885673,0.006273708855885673,2026-07-10T16:54:20.255067+00:00,"Run - Jul 10, 2026 at 22:18:59"
Q8,81,1913005.374901198,0.006380043555753043,0.006380043555753043,2026-07-10T16:54:20.370479+00:00,"Run - Jul 10, 2026 at 22:18:59"
Q9,81,1912832.465458884,0.0064964506844005345,0.0064964506844005345,2026-07-10T16:54:20.500962+00:00,"Run - Jul 10, 2026 at 22:18:59"
Q10,81,1914755.2456841513,0.006596703469774785,0.006596703469774785,2026-07-10T16:54:20.623212+00:00,"Run - Jul 10, 2026 at 22:18:59"
Q11,81,1914931.9135244202,0.006710444303447692,0.006710444303447692,2026-07-10T16:54:20.734951+00:00,"Run - Jul 10, 2026 at 22:18:59"
Q12,81,1916312.2822016983,0.006817052233602248,0.006817052233602248,2026-07-10T16:54:20.839435+00:00,"Run - Jul 10, 2026 at 22:18:59"
Q13,81,1917329.225928383,0.0069238958056291365,0.0069238958056291365,2026-07-10T16:54:20.946489+00:00,"Run - Jul 10, 2026 at 22:18:59"
Q14,81,1918197.1993295539,0.007033889666429617,0.007033889666429617,2026-07-10T16:54:21.058460+00:00,"Run - Jul 10, 2026 at 22:18:59"
Q15,81,1919063.9202815553,0.007142138912387357,0.007142138912387357,2026-07-10T16:54:21.170714+00:00,"Run - Jul 10, 2026 at 22:18:59"
Q16,81,1920928.1565955805,0.007246862335309046,0.007246862335309046,2026-07-10T16:54:21.287007+00:00,"Run - Jul 10, 2026 at 22:18:59"
Q17,81,1920534.758268808,0.007362264536139948,0.007362264536139948,2026-07-10T16:54:21.360898+00:00,"Run - Jul 10, 2026 at 22:18:59"
Q18,81,1922118.8039169034,0.007464484080444621,0.007464484080444621,2026-07-10T16:54:21.435350+00:00,"Run - Jul 10, 2026 at 22:18:59"
Q19,81,1923198.830935955,0.007572961576925888,0.007572961576925888,2026-07-10T16:54:21.505350+00:00,"Run - Jul 10, 2026 at 22:18:59"
Q20,81,1924848.0430340802,0.007675796913606649,0.007675796913606649,2026-07-10T16:54:21.581603+00:00,"Run - Jul 10, 2026 at 22:18:59"
Q21,81,1924881.7535674938,0.0077912433233138815,0.0077912433233138815,2026-07-10T16:54:21.659631+00:00,"Run - Jul 10, 2026 at 22:18:59"
Q22,81,1927277.737343297,0.007891640664803058,0.007891640664803058,2026-07-10T16:54:21.735391+00:00,"Run - Jul 10, 2026 at 22:18:59"
Q23,81,1927192.555803106,0.008005183056749058,0.008005183056749058,2026-07-10T16:54:21.810376+00:00,"Run - Jul 10, 2026 at 22:18:59"
Q24,81,1927360.7651883818,0.008117501788721017,0.008117501788721017,2026-07-10T16:54:21.881067+00:00,"Run - Jul 10, 2026 at 22:18:59"
Q0,82,1905838.564642684,0.00551357919741808,0.00551357919741808,2026-07-10T16:54:24.943260+00:00,"Run - Jul 10, 2026 at 22:18:59"
Q1,82,1907991.8484065512,0.005615165580836544,0.005615165580836544,2026-07-10T16:54:25.064148+00:00,"Run - Jul 10, 2026 at 22:18:59"
Q2,82,1907253.0627387194,0.005728957127263517,0.005728957127263517,2026-07-10T16:54:25.172921+00:00,"Run - Jul 10, 2026 at 22:18:59"
Q3,82,1907973.4441614635,0.005837256637250622,0.005837256637250622,2026-07-10T16:54:25.287060+00:00,"Run - Jul 10, 2026 at 22:18:59"
Q4,82,1910146.679535895,0.005945498439489821,0.005945498439489821,2026-07-10T16:54:25.397860+00:00,"Run - Jul 10, 2026 at 22:18:59"
Q5,82,1910795.7573619282,0.00605555682051016,0.00605555682051016,2026-07-10T16:54:25.521916+00:00,"Run - Jul 10, 2026 at 22:18:59"
Q6,82,1911403.7176726179,0.00616142704338356,0.00616142704338356,2026-07-10T16:54:25.658087+00:00,"Run - Jul 10, 2026 at 22:18:59"
Q7,82,1911827.4129425315,0.006272679601306874,0.006272679601306874,2026-07-10T16:54:25.792177+00:00,"Run - Jul 10, 2026 at 22:18:59"
Q8,82,1913185.8872525955,0.006378777473340764,0.006378777473340764,2026-07-10T16:54:25.902704+00:00,"Run - Jul 10, 2026 at 22:18:59"
Q9,82,1912649.2425474047,0.006496735884736514,0.006496735884736514,2026-07-10T16:54:26.017039+00:00,"Run - Jul 10, 2026 at 22:18:59"
Q10,82,1914835.417602407,0.006596144314215412,0.006596144314215412,2026-07-10T16:54:26.128608+00:00,"Run - Jul 10, 2026 at 22:18:59"
Q11,82,1914892.181383959,0.006710249759766726,0.006710249759766726,2026-07-10T16:54:26.233543+00:00,"Run - Jul 10, 2026 at 22:18:59"
Q12,82,1916463.231625431,0.006815971846047248,0.006815971846047248,2026-07-10T16:54:26.339274+00:00,"Run - Jul 10, 2026 at 22:18:59"
Q13,82,1917334.26063927,0.006923559315942338,0.006923559315942338,2026-07-10T16:54:26.445205+00:00,"Run - Jul 10, 2026 at 22:18:59"
Q14,82,1918080.5269053178,0.007034137679079479,0.007034137679079479,2026-07-10T16:54:26.566477+00:00,"Run - Jul 10, 2026 at 22:18:59"
Q15,82,1919214.2919780079,0.0071411097920210465,0.0071411097920210465,2026-07-10T16:54:26.661688+00:00,"Run - Jul 10, 2026 at 22:18:59"
Q16,82,1921224.9396584507,0.0072447803052507,0.0072447803052507,2026-07-10T16:54:26.772288+00:00,"Run - Jul 10, 2026 at 22:18:59"
Q17,82,1920835.4783282562,0.007360157430338513,0.007360157430338513,2026-07-10T16:54:26.883698+00:00,"Run - Jul 10, 2026 at 22:18:59"
Q18,82,1922345.1052943582,0.007462884698305882,0.007462884698305882,2026-07-10T16:54:26.988331+00:00,"Run - Jul 10, 2026 at 22:18:59"
Q19,82,1923241.1618354488,0.007572535691308928,0.007572535691308928,2026-07-10T16:54:27.099977+00:00,"Run - Jul 10, 2026 at 22:18:59"
Q20,82,1925031.297268268,0.007674362728873938,0.007674362728873938,2026-07-10T16:54:27.200900+00:00,"Run - Jul 10, 2026 at 22:18:59"
Q21,82,1924917.642202262,0.007790531851193823,0.007790531851193823,2026-07-10T16:54:27.309104+00:00,"Run - Jul 10, 2026 at 22:18:59"
Q22,82,1927357.2684261766,0.007890903911089158,0.007890903911089158,2026-07-10T16:54:27.419249+00:00,"Run - Jul 10, 2026 at 22:18:59"
Q23,82,1927381.353373363,0.00800366371850647,0.00800366371850647,2026-07-10T16:54:27.529599+00:00,"Run - Jul 10, 2026 at 22:18:59"
Q24,82,1927397.0394278541,0.008116969871358383,0.008116969871358383,2026-07-10T16:54:27.635886+00:00,"Run - Jul 10, 2026 at 22:18:59"
Q0,83,1905845.412201259,0.00551283944972695,0.00551283944972695,2026-07-10T16:54:31.119337+00:00,"Run - Jul 10, 2026 at 22:18:59"
Q1,83,1907958.1148049787,0.005614853453313248,0.005614853453313248,2026-07-10T16:54:31.200062+00:00,"Run - Jul 10, 2026 at 22:18:59"
Q2,83,1907172.4382187554,0.005729006476576304,0.005729006476576304,2026-07-10T16:54:31.278256+00:00,"Run - Jul 10, 2026 at 22:18:59"
Q3,83,1907786.9024623735,0.005837647011266416,0.005837647011266416,2026-07-10T16:54:31.372780+00:00,"Run - Jul 10, 2026 at 22:18:59"
Q4,83,1910108.3409935145,0.005944943882636103,0.005944943882636103,2026-07-10T16:54:31.487586+00:00,"Run - Jul 10, 2026 at 22:18:59"
Q5,83,1910837.9473622076,0.0060549458925162935,0.0060549458925162935,2026-07-10T16:54:31.595878+00:00,"Run - Jul 10, 2026 at 22:18:59"
Q6,83,1911446.839583768,0.0061607130001253485,0.0061607130001253485,2026-07-10T16:54:31.713400+00:00,"Run - Jul 10, 2026 at 22:18:59"
Q7,83,1911718.8749609268,0.0062725711630261475,0.0062725711630261475,2026-07-10T16:54:31.820598+00:00,"Run - Jul 10, 2026 at 22:18:59"
Q8,83,1913226.9986091116,0.0063782834053794125,0.0063782834053794125,2026-07-10T16:54:31.935487+00:00,"Run - Jul 10, 2026 at 22:18:59"
Q9,83,1912573.5621805715,0.006497018430441796,0.006497018430441796,2026-07-10T16:54:32.057164+00:00,"Run - Jul 10, 2026 at 22:18:59"
Q10,83,1914726.717382174,0.006596065875934686,0.006596065875934686,2026-07-10T16:54:32.172426+00:00,"Run - Jul 10, 2026 at 22:18:59"
Q11,83,1914891.2275076278,0.006709642777720613,0.006709642777720613,2026-07-10T16:54:32.304717+00:00,"Run - Jul 10, 2026 at 22:18:59"
Q12,83,1916534.6298617367,0.00681501195694572,0.00681501195694572,2026-07-10T16:54:32.422430+00:00,"Run - Jul 10, 2026 at 22:18:59"
Q13,83,1917300.324738684,0.006923287188419044,0.006923287188419044,2026-07-10T16:54:32.547041+00:00,"Run - Jul 10, 2026 at 22:18:59"
Q14,83,1917894.937855417,0.007034505759310366,0.007034505759310366,2026-07-10T16:54:32.686177+00:00,"Run - Jul 10, 2026 at 22:18:59"
Q15,83,1919217.9919440476,0.007140711386086608,0.007140711386086608,2026-07-10T16:54:32.797774+00:00,"Run - Jul 10, 2026 at 22:18:59"
Q16,83,1921142.819287634,0.007244649679512208,0.007244649679512208,2026-07-10T16:54:32.908700+00:00,"Run - Jul 10, 2026 at 22:18:59"
Q17,83,1920910.7053998457,0.007359143328849463,0.007359143328849463,2026-07-10T16:54:33.024131+00:00,"Run - Jul 10, 2026 at 22:18:59"
Q18,83,1922499.2799106208,0.00746163086854898,0.00746163086854898,2026-07-10T16:54:33.140618+00:00,"Run - Jul 10, 2026 at 22:18:59"
Q19,83,1923278.4824156964,0.00757209467030073,0.00757209467030073,2026-07-10T16:54:33.260777+00:00,"Run - Jul 10, 2026 at 22:18:59"
Q20,83,1924922.977597267,0.007674279391823738,0.007674279391823738,2026-07-10T16:54:33.387374+00:00,"Run - Jul 10, 2026 at 22:18:59"
Q21,83,1924808.3471070584,0.007790563412913096,0.007790563412913096,2026-07-10T16:54:33.504283+00:00,"Run - Jul 10, 2026 at 22:18:59"
Q22,83,1927208.5953115928,0.007891251877369615,0.007891251877369615,2026-07-10T16:54:33.609539+00:00,"Run - Jul 10, 2026 at 22:18:59"
Q23,83,1927347.2488902656,0.008003424924316509,0.008003424924316509,2026-07-10T16:54:33.729993+00:00,"Run - Jul 10, 2026 at 22:18:59"
Q24,83,1927318.035027806,0.008116898066459034,0.008116898066459034,2026-07-10T16:54:33.844528+00:00,"Run - Jul 10, 2026 at 22:18:59"
Q0,84,1904915.2297980292,0.005515767681903402,0.005515767681903402,2026-07-10T16:54:37.898899+00:00,"Run - Jul 10, 2026 at 22:18:59"
Q1,84,1907534.85499368,0.005615932568680198,0.005615932568680198,2026-07-10T16:54:37.973391+00:00,"Run - Jul 10, 2026 at 22:18:59"
Q2,84,1906459.0226511636,0.005730816479742975,0.005730816479742975,2026-07-10T16:54:38.051749+00:00,"Run - Jul 10, 2026 at 22:18:59"
Q3,84,1907478.184186124,0.005838402134791314,0.005838402134791314,2026-07-10T16:54:38.130010+00:00,"Run - Jul 10, 2026 at 22:18:59"
Q4,84,1909351.0247679714,0.005947211460707594,0.005947211460707594,2026-07-10T16:54:38.204347+00:00,"Run - Jul 10, 2026 at 22:18:59"
Q5,84,1910824.4907057707,0.0060548852936877185,0.0060548852936877185,2026-07-10T16:54:38.281993+00:00,"Run - Jul 10, 2026 at 22:18:59"
Q6,84,1910718.5352437461,0.006162715737796778,0.006162715737796778,2026-07-10T16:54:38.381146+00:00,"Run - Jul 10, 2026 at 22:18:59"
Q7,84,1911222.9988391765,0.006274602779179384,0.006274602779179384,2026-07-10T16:54:38.508663+00:00,"Run - Jul 10, 2026 at 22:18:59"
Q8,84,1912321.0747595318,0.006381513544119921,0.006381513544119921,2026-07-10T16:54:38.621778+00:00,"Run - Jul 10, 2026 at 22:18:59"
Q9,84,1911820.8996225523,0.006499292006778528,0.006499292006778528,2026-07-10T16:54:38.765812+00:00,"Run - Jul 10, 2026 at 22:18:59"
Q10,84,1914008.254129132,0.006598609720854134,0.006598609720854134,2026-07-10T16:54:38.884811+00:00,"Run - Jul 10, 2026 at 22:18:59"
Q11,84,1914054.5528192474,0.006712734534979531,0.006712734534979531,2026-07-10T16:54:39.013484+00:00,"Run - Jul 10, 2026 at 22:18:59"
Q12,84,1916179.8375468377,0.006816188707632138,0.006816188707632138,2026-07-10T16:54:39.140388+00:00,"Run - Jul 10, 2026 at 22:18:59"
Q13,84,1916569.4789598275,0.006925733259423805,0.006925733259423805,2026-07-10T16:54:39.259899+00:00,"Run - Jul 10, 2026 at 22:18:59"
Q14,84,1916984.1780102674,0.0070382035068085125,0.0070382035068085125,2026-07-10T16:54:39.363104+00:00,"Run - Jul 10, 2026 at 22:18:59"
Q15,84,1918860.9831422886,0.007142111325812089,0.007142111325812089,2026-07-10T16:54:39.480546+00:00,"Run - Jul 10, 2026 at 22:18:59"
Q16,84,1920759.1194720578,0.007246033200063298,0.007246033200063298,2026-07-10T16:54:39.595828+00:00,"Run - Jul 10, 2026 at 22:18:59"
Q17,84,1920518.9914980822,0.0073609693870278214,0.0073609693870278214,2026-07-10T16:54:39.713192+00:00,"Run - Jul 10, 2026 at 22:18:59"
Q18,84,1921552.2337611131,0.007466020169357109,0.007466020169357109,2026-07-10T16:54:39.891046+00:00,"Run - Jul 10, 2026 at 22:18:59"
Q19,84,1922548.8009835545,0.007574877757808887,0.007574877757808887,2026-07-10T16:54:40.025962+00:00,"Run - Jul 10, 2026 at 22:18:59"
Q20,84,1924533.590540779,0.007676082522336795,0.007676082522336795,2026-07-10T16:54:40.154717+00:00,"Run - Jul 10, 2026 at 22:18:59"
Q21,84,1924089.8232794404,0.0077943226325689246,0.0077943226325689246,2026-07-10T16:54:40.281967+00:00,"Run - Jul 10, 2026 at 22:18:59"
Q22,84,1926485.514769196,0.007894410089440395,0.007894410089440395,2026-07-10T16:54:40.399180+00:00,"Run - Jul 10, 2026 at 22:18:59"
Q23,84,1926364.0682597193,0.008008371587243547,0.008008371587243547,2026-07-10T16:54:40.525970+00:00,"Run - Jul 10, 2026 at 22:18:59"
Q24,84,1927039.6034615494,0.008117795472233512,0.008117795472233512,2026-07-10T16:54:40.647246+00:00,"Run - Jul 10, 2026 at 22:18:59"
Q0,85,1904908.0405548818,0.005515793483036574,0.005515793483036574,2026-07-10T16:54:44.461180+00:00,"Run - Jul 10, 2026 at 22:18:59"
Q1,85,1907378.239801409,0.00561693951575229,0.00561693951575229,2026-07-10T16:54:44.549227+00:00,"Run - Jul 10, 2026 at 22:18:59"
Q2,85,1906312.1521070416,0.005731899367646769,0.005731899367646769,2026-07-10T16:54:44.629188+00:00,"Run - Jul 10, 2026 at 22:18:59"
Q3,85,1907444.9324175804,0.005839075045337529,0.005839075045337529,2026-07-10T16:54:44.707613+00:00,"Run - Jul 10, 2026 at 22:18:59"
Q4,85,1909162.0751816586,0.0059482451026641806,0.0059482451026641806,2026-07-10T16:54:44.803309+00:00,"Run - Jul 10, 2026 at 22:18:59"
Q5,85,1910446.4616583968,0.00605622584434447,0.00605622584434447,2026-07-10T16:54:44.884843+00:00,"Run - Jul 10, 2026 at 22:18:59"
Q6,85,1910565.1972492822,0.0061634964260558365,0.0061634964260558365,2026-07-10T16:54:44.979595+00:00,"Run - Jul 10, 2026 at 22:18:59"
Q7,85,1911142.9429448529,0.006275313781208673,0.006275313781208673,2026-07-10T16:54:45.063124+00:00,"Run - Jul 10, 2026 at 22:18:59"
Q8,85,1912237.4885099987,0.00638189258028284,0.00638189258028284,2026-07-10T16:54:45.146133+00:00,"Run - Jul 10, 2026 at 22:18:59"
Q9,85,1911965.5101807232,0.006498309625350318,0.006498309625350318,2026-07-10T16:54:45.228765+00:00,"Run - Jul 10, 2026 at 22:18:59"
Q10,85,1913962.639061962,0.006598453695514203,0.006598453695514203,2026-07-10T16:54:45.313359+00:00,"Run - Jul 10, 2026 at 22:18:59"
Q11,85,1914043.5325354643,0.006712791545420983,0.006712791545420983,2026-07-10T16:54:45.394879+00:00,"Run - Jul 10, 2026 at 22:18:59"
Q12,85,1915956.4999154632,0.006817419174167023,0.006817419174167023,2026-07-10T16:54:45.483748+00:00,"Run - Jul 10, 2026 at 22:18:59"
Q13,85,1916681.3901511221,0.006925671240792058,0.006925671240792058,2026-07-10T16:54:45.614308+00:00,"Run - Jul 10, 2026 at 22:18:59"
Q14,85,1916786.8532366415,0.007039073293057154,0.007039073293057154,2026-07-10T16:54:45.744341+00:00,"Run - Jul 10, 2026 at 22:18:59"
Q15,85,1918555.3704122424,0.007143635941593116,0.007143635941593116,2026-07-10T16:54:45.858906+00:00,"Run - Jul 10, 2026 at 22:18:59"
Q16,85,1920981.7895575305,0.007244446271109727,0.007244446271109727,2026-07-10T16:54:45.977534+00:00,"Run - Jul 10, 2026 at 22:18:59"
Q17,85,1920288.6026601999,0.007362257341681477,0.007362257341681477,2026-07-10T16:54:46.098978+00:00,"Run - Jul 10, 2026 at 22:18:59"
Q18,85,1921395.505877632,0.007466830472399534,0.007466830472399534,2026-07-10T16:54:46.222156+00:00,"Run - Jul 10, 2026 at 22:18:59"
Q19,85,1922393.5593630953,0.007575923090093566,0.007575923090093566,2026-07-10T16:54:46.340880+00:00,"Run - Jul 10, 2026 at 22:18:59"
Q20,85,1924379.2992989847,0.0076770374604272435,0.0076770374604272435,2026-07-10T16:54:46.453440+00:00,"Run - Jul 10, 2026 at 22:18:59"
Q21,85,1924005.271431432,0.00779483947927905,0.00779483947927905,2026-07-10T16:54:46.571045+00:00,"Run - Jul 10, 2026 at 22:18:59"
Q22,85,1926292.2420325307,0.00789565170013622,0.00789565170013622,2026-07-10T16:54:46.689423+00:00,"Run - Jul 10, 2026 at 22:18:59"
Q23,85,1926578.5096818614,0.008006980801431285,0.008006980801431285,2026-07-10T16:54:46.829526+00:00,"Run - Jul 10, 2026 at 22:18:59"
Q24,85,1927149.6433157774,0.00811653821503181,0.00811653821503181,2026-07-10T16:54:46.940159+00:00,"Run - Jul 10, 2026 at 22:18:59"
Q0,86,1905023.9870891217,0.005514037444979403,0.005514037444979403,2026-07-10T16:54:51.322890+00:00,"Run - Jul 10, 2026 at 22:18:59"
Q1,86,1907300.3286033599,0.00561683008404534,0.00561683008404534,2026-07-10T16:54:51.534250+00:00,"Run - Jul 10, 2026 at 22:18:59"
Q2,86,1906542.7074037138,0.005730441930540026,0.005730441930540026,2026-07-10T16:54:51.718375+00:00,"Run - Jul 10, 2026 at 22:18:59"
Q3,86,1907602.113369872,0.005837901299073028,0.005837901299073028,2026-07-10T16:54:51.905466+00:00,"Run - Jul 10, 2026 at 22:18:59"
Q4,86,1908835.7020142698,0.005947497560879152,0.005947497560879152,2026-07-10T16:54:52.158724+00:00,"Run - Jul 10, 2026 at 22:18:59"
Q5,86,1909848.8673015996,0.006057646280087083,0.006057646280087083,2026-07-10T16:54:52.367140+00:00,"Run - Jul 10, 2026 at 22:18:59"
Q6,86,1910157.739228387,0.006164535423509928,0.006164535423509928,2026-07-10T16:54:52.560449+00:00,"Run - Jul 10, 2026 at 22:18:59"
Q7,86,1910780.0346860767,0.006276550193518684,0.006276550193518684,2026-07-10T16:54:52.754063+00:00,"Run - Jul 10, 2026 at 22:18:59"
Q8,86,1912088.0130245972,0.006382261963976452,0.006382261963976452,2026-07-10T16:54:53.025172+00:00,"Run - Jul 10, 2026 at 22:18:59"
Q9,86,1912382.8604902225,0.006494428802543445,0.006494428802543445,2026-07-10T16:54:53.259442+00:00,"Run - Jul 10, 2026 at 22:18:59"
Q10,86,1913994.8763965587,0.006597892787224758,0.006597892787224758,2026-07-10T16:54:53.560523+00:00,"Run - Jul 10, 2026 at 22:18:59"
Q11,86,1914397.0976622363,0.00671023047635804,0.00671023047635804,2026-07-10T16:54:53.842312+00:00,"Run - Jul 10, 2026 at 22:18:59"
Q12,86,1916047.4539333847,0.006816053541395179,0.006816053541395179,2026-07-10T16:54:54.163213+00:00,"Run - Jul 10, 2026 at 22:18:59"
Q13,86,1916560.971090514,0.006925363066982291,0.006925363066982291,2026-07-10T16:54:54.381213+00:00,"Run - Jul 10, 2026 at 22:18:59"
Q14,86,1916813.686795566,0.007038235414491062,0.007038235414491062,2026-07-10T16:54:54.588144+00:00,"Run - Jul 10, 2026 at 22:18:59"
Q15,86,1918281.985264074,0.007143769579414117,0.007143769579414117,2026-07-10T16:54:56.012173+00:00,"Run - Jul 10, 2026 at 22:18:59"
Q16,86,1921015.3881909605,0.0072423124081728765,0.0072423124081728765,2026-07-10T16:54:56.209889+00:00,"Run - Jul 10, 2026 at 22:18:59"
Q17,86,1920006.9790271283,0.007361842049513958,0.007361842049513958,2026-07-10T16:54:56.929654+00:00,"Run - Jul 10, 2026 at 22:18:59"
Q18,86,1921567.8417464069,0.007465233383727139,0.007465233383727139,2026-07-10T16:54:57.375023+00:00,"Run - Jul 10, 2026 at 22:18:59"
Q19,86,1922465.9312229056,0.007575334418626544,0.007575334418626544,2026-07-10T16:54:57.751496+00:00,"Run - Jul 10, 2026 at 22:18:59"
Q20,86,1924336.1250717258,0.007675887832788891,0.007675887832788891,2026-07-10T16:54:58.095523+00:00,"Run - Jul 10, 2026 at 22:18:59"
Q21,86,1924442.9661627463,0.007790919714022144,0.007790919714022144,2026-07-10T16:54:58.270456+00:00,"Run - Jul 10, 2026 at 22:18:59"
Q22,86,1926556.6366754859,0.007893180185654946,0.007893180185654946,2026-07-10T16:54:58.456955+00:00,"Run - Jul 10, 2026 at 22:18:59"
Q23,86,1926427.2327834312,0.00800762008492763,0.00800762008492763,2026-07-10T16:54:58.633776+00:00,"Run - Jul 10, 2026 at 22:18:59"
Q24,86,1926847.9589929215,0.008117757134387334,0.008117757134387334,2026-07-10T16:54:58.826448+00:00,"Run - Jul 10, 2026 at 22:18:59"
Q0,87,1905266.0028106738,0.005510660510640213,0.005510660510640213,2026-07-10T16:55:10.945978+00:00,"Run - Jul 10, 2026 at 22:18:59"
Q1,87,1907230.7972083362,0.005615038292551382,0.005615038292551382,2026-07-10T16:55:11.223424+00:00,"Run - Jul 10, 2026 at 22:18:59"
Q2,87,1906913.9112315797,0.005727694042042147,0.005727694042042147,2026-07-10T16:55:11.395074+00:00,"Run - Jul 10, 2026 at 22:18:59"
Q3,87,1908317.8046353303,0.005832550383339065,0.005832550383339065,2026-07-10T16:55:11.952786+00:00,"Run - Jul 10, 2026 at 22:18:59"
Q4,87,1909001.492683442,0.00594545188632822,0.00594545188632822,2026-07-10T16:55:12.352780+00:00,"Run - Jul 10, 2026 at 22:18:59"
Q5,87,1909639.4566517265,0.006055994068057934,0.006055994068057934,2026-07-10T16:55:12.582066+00:00,"Run - Jul 10, 2026 at 22:18:59"
Q6,87,1910903.6943717261,0.006159206070586739,0.006159206070586739,2026-07-10T16:55:12.789630+00:00,"Run - Jul 10, 2026 at 22:18:59"
Q7,87,1911161.2961851382,0.006274374185468518,0.006274374185468518,2026-07-10T16:55:13.045976+00:00,"Run - Jul 10, 2026 at 22:18:59"
Q8,87,1912390.8246181686,0.00637963928392997,0.00637963928392997,2026-07-10T16:55:13.453659+00:00,"Run - Jul 10, 2026 at 22:18:59"
Q9,87,1912964.2608165517,0.00649014432887571,0.00649014432887571,2026-07-10T16:55:13.801542+00:00,"Run - Jul 10, 2026 at 22:18:59"
Q10,87,1914072.2167092185,0.006595975935268453,0.006595975935268453,2026-07-10T16:55:14.521834+00:00,"Run - Jul 10, 2026 at 22:18:59"
Q11,87,1914710.4438006147,0.00670765071089917,0.00670765071089917,2026-07-10T16:55:15.301181+00:00,"Run - Jul 10, 2026 at 22:18:59"
Q12,87,1916297.5057915763,0.006811970101924413,0.006811970101924413,2026-07-10T16:55:16.045754+00:00,"Run - Jul 10, 2026 at 22:18:59"
Q13,87,1916475.9057528747,0.006924768307839873,0.006924768307839873,2026-07-10T16:55:16.766745+00:00,"Run - Jul 10, 2026 at 22:18:59"
Q14,87,1917007.5070965025,0.007035291696825207,0.007035291696825207,2026-07-10T16:55:17.257786+00:00,"Run - Jul 10, 2026 at 22:18:59"
Q15,87,1918256.2993708595,0.007142685626806575,0.007142685626806575,2026-07-10T16:55:17.869933+00:00,"Run - Jul 10, 2026 at 22:18:59"
Q16,87,1920951.3212060186,0.00724035811905366,0.00724035811905366,2026-07-10T16:55:18.153529+00:00,"Run - Jul 10, 2026 at 22:18:59"
Q17,87,1920654.1576568782,0.007356027407910639,0.007356027407910639,2026-07-10T16:55:18.392046+00:00,"Run - Jul 10, 2026 at 22:18:59"
Q18,87,1921650.4528597887,0.007462820397974929,0.007462820397974929,2026-07-10T16:55:18.544386+00:00,"Run - Jul 10, 2026 at 22:18:59"
Q19,87,1923318.412009034,0.007569190431764885,0.007569190431764885,2026-07-10T16:55:18.680982+00:00,"Run - Jul 10, 2026 at 22:18:59"
Q20,87,1924673.033358389,0.0076722818378221974,0.0076722818378221974,2026-07-10T16:55:18.877502+00:00,"Run - Jul 10, 2026 at 22:18:59"
Q21,87,1925102.3838060042,0.0077847990661761455,0.0077847990661761455,2026-07-10T16:55:19.088873+00:00,"Run - Jul 10, 2026 at 22:18:59"
Q22,87,1926344.6714299854,0.007892709763532678,0.007892709763532678,2026-07-10T16:55:19.220377+00:00,"Run - Jul 10, 2026 at 22:18:59"
Q23,87,1926544.3401591594,0.008005305916183035,0.008005305916183035,2026-07-10T16:55:19.360597+00:00,"Run - Jul 10, 2026 at 22:18:59"
Q24,87,1926929.977295608,0.00811606090380229,0.00811606090380229,2026-07-10T16:55:19.614081+00:00,"Run - Jul 10, 2026 at 22:18:59"
Q0,88,1904868.5539087637,0.005510406404036006,0.005510406404036006,2026-07-10T16:55:30.456360+00:00,"Run - Jul 10, 2026 at 22:18:59"
Q1,88,1906998.3960088694,0.005613721305899808,0.005613721305899808,2026-07-10T16:55:30.601205+00:00,"Run - Jul 10, 2026 at 22:18:59"
Q2,88,1907023.5400900345,0.005725608384649536,0.005725608384649536,2026-07-10T16:55:30.764280+00:00,"Run - Jul 10, 2026 at 22:18:59"
Q3,88,1908821.9334356757,0.005828877737965479,0.005828877737965479,2026-07-10T16:55:30.932485+00:00,"Run - Jul 10, 2026 at 22:18:59"
Q4,88,1908772.069086424,0.0059438408742032815,0.0059438408742032815,2026-07-10T16:55:31.091948+00:00,"Run - Jul 10, 2026 at 22:18:59"
Q5,88,1909197.2841568724,0.006055685673363922,0.006055685673363922,2026-07-10T16:55:31.237651+00:00,"Run - Jul 10, 2026 at 22:18:59"
Q6,88,1910946.5605934537,0.006157888933128305,0.006157888933128305,2026-07-10T16:55:32.025632+00:00,"Run - Jul 10, 2026 at 22:18:59"
Q7,88,1910827.860821153,0.006274333265757799,0.006274333265757799,2026-07-10T16:55:32.314774+00:00,"Run - Jul 10, 2026 at 22:18:59"
Q8,88,1912198.2304724872,0.006378690476427791,0.006378690476427791,2026-07-10T16:55:32.602985+00:00,"Run - Jul 10, 2026 at 22:18:59"
Q9,88,1913061.4918948873,0.0064870497471517736,0.0064870497471517736,2026-07-10T16:55:32.815994+00:00,"Run - Jul 10, 2026 at 22:18:59"
Q10,88,1914074.8141275244,0.006595051987602577,0.006595051987602577,2026-07-10T16:55:32.983242+00:00,"Run - Jul 10, 2026 at 22:18:59"
Q11,88,1914995.6882604377,0.006704007926196581,0.006704007926196581,2026-07-10T16:55:33.191354+00:00,"Run - Jul 10, 2026 at 22:18:59"
Q12,88,1916704.9155483488,0.00680767978812365,0.00680767978812365,2026-07-10T16:55:33.320067+00:00,"Run - Jul 10, 2026 at 22:18:59"
Q13,88,1916403.160747473,0.006924112059447762,0.006924112059447762,2026-07-10T16:55:33.526227+00:00,"Run - Jul 10, 2026 at 22:18:59"
Q14,88,1916488.6263584888,0.00703581871863192,0.00703581871863192,2026-07-10T16:55:33.653044+00:00,"Run - Jul 10, 2026 at 22:18:59"
Q15,88,1918321.4686639737,0.0071406320707182004,0.0071406320707182004,2026-07-10T16:55:33.903310+00:00,"Run - Jul 10, 2026 at 22:18:59"
Q16,88,1920579.9317028224,0.007240653642531867,0.007240653642531867,2026-07-10T16:55:34.035384+00:00,"Run - Jul 10, 2026 at 22:18:59"
Q17,88,1920176.1962661473,0.007356857173662862,0.007356857173662862,2026-07-10T16:55:34.167994+00:00,"Run - Jul 10, 2026 at 22:18:59"
Q18,88,1921046.7251765644,0.007464651277811879,0.007464651277811879,2026-07-10T16:55:34.282032+00:00,"Run - Jul 10, 2026 at 22:18:59"
Q19,88,1922837.1435247476,0.007568959481442552,0.007568959481442552,2026-07-10T16:55:34.395572+00:00,"Run - Jul 10, 2026 at 22:18:59"
Q20,88,1924567.2850732617,0.007672037578566662,0.007672037578566662,2026-07-10T16:55:34.508548+00:00,"Run - Jul 10, 2026 at 22:18:59"
Q21,88,1925166.8987912305,0.0077828178625399085,0.0077828178625399085,2026-07-10T16:55:34.631478+00:00,"Run - Jul 10, 2026 at 22:18:59"
Q22,88,1925554.8860560632,0.007894619018508423,0.007894619018508423,2026-07-10T16:55:34.741052+00:00,"Run - Jul 10, 2026 at 22:18:59"
Q23,88,1926276.5243144925,0.008004768610060482,0.008004768610060482,2026-07-10T16:55:34.851710+00:00,"Run - Jul 10, 2026 at 22:18:59"
Q24,88,1927188.1784752472,0.008112771942771527,0.008112771942771527,2026-07-10T16:55:34.958207+00:00,"Run - Jul 10, 2026 at 22:18:59"
Q0,89,1905447.4261413526,0.005506836074328385,0.005506836074328385,2026-07-10T16:55:39.250675+00:00,"Run - Jul 10, 2026 at 22:18:59"
Q1,89,1906694.9851683998,0.005613049854728393,0.005613049854728393,2026-07-10T16:55:39.365640+00:00,"Run - Jul 10, 2026 at 22:18:59"
Q2,89,1907491.1851678677,0.005722536993565253,0.005722536993565253,2026-07-10T16:55:39.475917+00:00,"Run - Jul 10, 2026 at 22:18:59"
Q3,89,1909285.2182487762,0.005825881393896549,0.005825881393896549,2026-07-10T16:55:39.581766+00:00,"Run - Jul 10, 2026 at 22:18:59"
Q4,89,1909316.4978722183,0.005940342592943825,0.005940342592943825,2026-07-10T16:55:39.691163+00:00,"Run - Jul 10, 2026 at 22:18:59"
Q5,89,1909392.2128763131,0.006054023047899691,0.006054023047899691,2026-07-10T16:55:39.812953+00:00,"Run - Jul 10, 2026 at 22:18:59"
Q6,89,1911159.035492431,0.006155060877110516,0.006155060877110516,2026-07-10T16:55:39.921414+00:00,"Run - Jul 10, 2026 at 22:18:59"
Q7,89,1911373.1046208313,0.0062706949844983425,0.0062706949844983425,2026-07-10T16:55:39.993289+00:00,"Run - Jul 10, 2026 at 22:18:59"
Q8,89,1912407.3230085338,0.006375834556500053,0.006375834556500053,2026-07-10T16:55:40.085308+00:00,"Run - Jul 10, 2026 at 22:18:59"
Q9,89,1913567.9930264715,0.006483612317097201,0.006483612317097201,2026-07-10T16:55:40.189122+00:00,"Run - Jul 10, 2026 at 22:18:59"
Q10,89,1914686.3795542181,0.006590577646460155,0.006590577646460155,2026-07-10T16:55:40.308160+00:00,"Run - Jul 10, 2026 at 22:18:59"
Q11,89,1915502.6936245477,0.006700483829475339,0.006700483829475339,2026-07-10T16:55:40.393850+00:00,"Run - Jul 10, 2026 at 22:18:59"
Q12,89,1916955.7642040814,0.006804912217026593,0.006804912217026593,2026-07-10T16:55:40.478598+00:00,"Run - Jul 10, 2026 at 22:18:59"
Q13,89,1916868.7585169347,0.00692071571537883,0.00692071571537883,2026-07-10T16:55:40.567118+00:00,"Run - Jul 10, 2026 at 22:18:59"
Q14,89,1916761.8478414668,0.007033870409241585,0.007033870409241585,2026-07-10T16:55:40.645852+00:00,"Run - Jul 10, 2026 at 22:18:59"
Q15,89,1918594.8258081786,0.007138660427994532,0.007138660427994532,2026-07-10T16:55:40.729305+00:00,"Run - Jul 10, 2026 at 22:18:59"
Q16,89,1921088.1976482468,0.00723691287914396,0.00723691287914396,2026-07-10T16:55:40.818441+00:00,"Run - Jul 10, 2026 at 22:18:59"
Q17,89,1920557.321467949,0.0073538936386457,0.0073538936386457,2026-07-10T16:55:40.907645+00:00,"Run - Jul 10, 2026 at 22:18:59"
Q18,89,1921463.8892376295,0.007461335694346551,0.007461335694346551,2026-07-10T16:55:41.014605+00:00,"Run - Jul 10, 2026 at 22:18:59"
Q19,89,1923346.1658189602,0.007565088718054645,0.007565088718054645,2026-07-10T16:55:41.120688+00:00,"Run - Jul 10, 2026 at 22:18:59"
Q20,89,1924436.3918544194,0.007671891855325461,0.007671891855325461,2026-07-10T16:55:41.227180+00:00,"Run - Jul 10, 2026 at 22:18:59"
Q21,89,1925564.2077133527,0.007779231681770466,0.007779231681770466,2026-07-10T16:55:41.321693+00:00,"Run - Jul 10, 2026 at 22:18:59"
Q22,89,1925790.357926273,0.007892753231177517,0.007892753231177517,2026-07-10T16:55:41.411587+00:00,"Run - Jul 10, 2026 at 22:18:59"
Q23,89,1926401.7177865163,0.008003104670250293,0.008003104670250293,2026-07-10T16:55:41.504103+00:00,"Run - Jul 10, 2026 at 22:18:59"
Q24,89,1927734.4178437793,0.008108345797602123,0.008108345797602123,2026-07-10T16:55:41.593779+00:00,"Run - Jul 10, 2026 at 22:18:59"
Q0,90,1905569.9189018586,0.005505875207605545,0.005505875207605545,2026-07-10T16:55:45.892863+00:00,"Run - Jul 10, 2026 at 22:18:59"
Q1,90,1907137.0506738755,0.0056097781640499274,0.0056097781640499274,2026-07-10T16:55:45.973019+00:00,"Run - Jul 10, 2026 at 22:18:59"
Q2,90,1907495.6407652958,0.005722098384764346,0.005722098384764346,2026-07-10T16:55:46.050299+00:00,"Run - Jul 10, 2026 at 22:18:59"
Q3,90,1909482.0031239847,0.005824765316858868,0.005824765316858868,2026-07-10T16:55:46.129304+00:00,"Run - Jul 10, 2026 at 22:18:59"
Q4,90,1909352.2060327495,0.005940061381919503,0.005940061381919503,2026-07-10T16:55:46.211363+00:00,"Run - Jul 10, 2026 at 22:18:59"
Q5,90,1909476.6258296052,0.006053225732531041,0.006053225732531041,2026-07-10T16:55:46.291225+00:00,"Run - Jul 10, 2026 at 22:18:59"
Q6,90,1911121.9814696268,0.006155130048455065,0.006155130048455065,2026-07-10T16:55:46.369625+00:00,"Run - Jul 10, 2026 at 22:18:59"
Q7,90,1911713.2221327173,0.006268357570539965,0.006268357570539965,2026-07-10T16:55:46.448938+00:00,"Run - Jul 10, 2026 at 22:18:59"
Q8,90,1912334.5597902767,0.006376195776292768,0.006376195776292768,2026-07-10T16:55:46.529713+00:00,"Run - Jul 10, 2026 at 22:18:59"
Q9,90,1913530.8835889657,0.00648369148844175,0.00648369148844175,2026-07-10T16:55:46.607611+00:00,"Run - Jul 10, 2026 at 22:18:59"
Q10,90,1914870.0526322199,0.006588969894209992,0.006588969894209992,2026-07-10T16:55:46.687901+00:00,"Run - Jul 10, 2026 at 22:18:59"
Q11,90,1915780.6222231893,0.006698132597163828,0.006698132597163828,2026-07-10T16:55:46.769004+00:00,"Run - Jul 10, 2026 at 22:18:59"
Q12,90,1917205.5455104348,0.006802878823300633,0.006802878823300633,2026-07-10T16:55:46.849319+00:00,"Run - Jul 10, 2026 at 22:18:59"
Q13,90,1916990.6916050173,0.006919772561998965,0.006919772561998965,2026-07-10T16:55:46.941848+00:00,"Run - Jul 10, 2026 at 22:18:59"
Q14,90,1916799.1614061606,0.007033767703604628,0.007033767703604628,2026-07-10T16:55:47.030096+00:00,"Run - Jul 10, 2026 at 22:18:59"
Q15,90,1918632.157899938,0.007138554389024242,0.007138554389024242,2026-07-10T16:55:47.121469+00:00,"Run - Jul 10, 2026 at 22:18:59"
Q16,90,1921088.1976482468,0.00723691287914396,0.00723691287914396,2026-07-10T16:55:47.209369+00:00,"Run - Jul 10, 2026 at 22:18:59"
Q17,90,1920665.1411908027,0.007352921016839834,0.007352921016839834,2026-07-10T16:55:47.290062+00:00,"Run - Jul 10, 2026 at 22:18:59"
Q18,90,1921584.699411569,0.007460132997196404,0.007460132997196404,2026-07-10T16:55:47.367113+00:00,"Run - Jul 10, 2026 at 22:18:59"
Q19,90,1922905.9359722885,0.007567977193413473,0.007567977193413473,2026-07-10T16:55:47.443183+00:00,"Run - Jul 10, 2026 at 22:18:59"
Q20,90,1924557.3217611988,0.007670669158175314,0.007670669158175314,2026-07-10T16:55:47.524270+00:00,"Run - Jul 10, 2026 at 22:18:59"
Q21,90,1925723.8898491072,0.007777732099932794,0.007777732099932794,2026-07-10T16:55:47.602694+00:00,"Run - Jul 10, 2026 at 22:18:59"
Q22,90,1925679.5368736081,0.007893069459916826,0.007893069459916826,2026-07-10T16:55:47.679249+00:00,"Run - Jul 10, 2026 at 22:18:59"
Q23,90,1926401.7177865163,0.008003104670250293,0.008003104670250293,2026-07-10T16:55:47.762446+00:00,"Run - Jul 10, 2026 at 22:18:59"
Q24,90,1927697.0313327634,0.008108474968946672,0.008108474968946672,2026-07-10T16:55:47.847264+00:00,"Run - Jul 10, 2026 at 22:18:59"
Q0,91,1905847.7240575845,0.005503643751966748,0.005503643751966748,2026-07-10T16:55:51.697039+00:00,"Run - Jul 10, 2026 at 22:18:59"
Q1,91,1907307.676771109,0.005607882678098437,0.005607882678098437,2026-07-10T16:55:51.816319+00:00,"Run - Jul 10, 2026 at 22:18:59"
Q2,91,1907666.352133352,0.005720189565479521,0.005720189565479521,2026-07-10T16:55:51.926998+00:00,"Run - Jul 10, 2026 at 22:18:59"
Q3,91,1909656.0171694919,0.005822542277868361,0.005822542277868361,2026-07-10T16:55:52.039994+00:00,"Run - Jul 10, 2026 at 22:18:59"
Q4,91,1909375.684251527,0.005938344214498626,0.005938344214498626,2026-07-10T16:55:52.153897+00:00,"Run - Jul 10, 2026 at 22:18:59"
Q5,91,1909535.2302977396,0.006051618097977457,0.006051618097977457,2026-07-10T16:55:52.278164+00:00,"Run - Jul 10, 2026 at 22:18:59"
Q6,91,1911160.624823144,0.0061549013563224645,0.0061549013563224645,2026-07-10T16:55:52.401107+00:00,"Run - Jul 10, 2026 at 22:18:59"
Q7,91,1911922.0996373207,0.006266272021587536,0.006266272021587536,2026-07-10T16:55:52.515399+00:00,"Run - Jul 10, 2026 at 22:18:59"
Q8,91,1912153.017450105,0.006376760905245381,0.006376760905245381,2026-07-10T16:55:52.623199+00:00,"Run - Jul 10, 2026 at 22:18:59"
Q9,91,1913417.9446060797,0.006483844093060802,0.006483844093060802,2026-07-10T16:55:52.738521+00:00,"Run - Jul 10, 2026 at 22:18:59"
Q10,91,1915039.742453032,0.006587119622697871,0.006587119622697871,2026-07-10T16:55:52.856770+00:00,"Run - Jul 10, 2026 at 22:18:59"
Q11,91,1915917.7920662062,0.0066966043147882815,0.0066966043147882815,2026-07-10T16:55:52.988423+00:00,"Run - Jul 10, 2026 at 22:18:59"
Q12,91,1917023.641532954,0.0068035106189199114,0.0068035106189199114,2026-07-10T16:55:53.118317+00:00,"Run - Jul 10, 2026 at 22:18:59"
Q13,91,1917088.5298724163,0.006917878585191346,0.006917878585191346,2026-07-10T16:55:53.247153+00:00,"Run - Jul 10, 2026 at 22:18:59"
Q14,91,1917157.4181405564,0.007031288933477202,0.007031288933477202,2026-07-10T16:55:53.364911+00:00,"Run - Jul 10, 2026 at 22:18:59"
Q15,91,1918584.2790156058,0.007137444569539208,0.007137444569539208,2026-07-10T16:55:53.485705+00:00,"Run - Jul 10, 2026 at 22:18:59"
Q16,91,1921222.9756151228,0.0072349142042190335,0.0072349142042190335,2026-07-10T16:55:53.607342+00:00,"Run - Jul 10, 2026 at 22:18:59"
Q17,91,1921019.7200659926,0.007350071103478618,0.007350071103478618,2026-07-10T16:55:53.723004+00:00,"Run - Jul 10, 2026 at 22:18:59"
Q18,91,1921623.5739318335,0.007459864305063804,0.007459864305063804,2026-07-10T16:55:53.842138+00:00,"Run - Jul 10, 2026 at 22:18:59"
Q19,91,1923336.7100126524,0.00756471440868354,0.00756471440868354,2026-07-10T16:55:53.956259+00:00,"Run - Jul 10, 2026 at 22:18:59"
Q20,91,1924579.1638160173,0.007669121667981626,0.007669121667981626,2026-07-10T16:55:54.267429+00:00,"Run - Jul 10, 2026 at 22:18:59"
Q21,91,1925784.5632068184,0.007775911611257826,0.007775911611257826,2026-07-10T16:55:54.392024+00:00,"Run - Jul 10, 2026 at 22:18:59"
Q22,91,1926036.5871578555,0.007889925834452199,0.007889925834452199,2026-07-10T16:55:54.528234+00:00,"Run - Jul 10, 2026 at 22:18:59"
Q23,91,1926500.0420907494,0.008001144026776007,0.008001144026776007,2026-07-10T16:55:54.650341+00:00,"Run - Jul 10, 2026 at 22:18:59"
Q24,91,1928014.5282352436,0.008104836839086523,0.008104836839086523,2026-07-10T16:55:54.787015+00:00,"Run - Jul 10, 2026 at 22:18:59"
Q0,92,1906089.866516048,0.005501453047341298,0.005501453047341298,2026-07-10T16:55:58.241567+00:00,"Run - Jul 10, 2026 at 22:18:59"
Q1,92,1907287.9069854438,0.005607067169252,0.005607067169252,2026-07-10T16:55:58.366584+00:00,"Run - Jul 10, 2026 at 22:18:59"
Q2,92,1907964.0303820288,0.00571688486269213,0.00571688486269213,2026-07-10T16:55:58.496542+00:00,"Run - Jul 10, 2026 at 22:18:59"
Q3,92,1909263.2569465335,0.005824626314531268,0.005824626314531268,2026-07-10T16:55:58.620856+00:00,"Run - Jul 10, 2026 at 22:18:59"
Q4,92,1909529.0855917137,0.005936635614331658,0.005936635614331658,2026-07-10T16:55:58.746221+00:00,"Run - Jul 10, 2026 at 22:18:59"
Q5,92,1909494.2566795822,0.006050479359949984,0.006050479359949984,2026-07-10T16:55:58.863860+00:00,"Run - Jul 10, 2026 at 22:18:59"
Q6,92,1911121.9920920702,0.00615515985992694,0.00615515985992694,2026-07-10T16:55:58.989089+00:00,"Run - Jul 10, 2026 at 22:18:59"
Q7,92,1912093.0850085083,0.006262728506827171,0.006262728506827171,2026-07-10T16:55:59.125258+00:00,"Run - Jul 10, 2026 at 22:18:59"
Q8,92,1911969.9069818382,0.006377671436427975,0.006377671436427975,2026-07-10T16:55:59.269139+00:00,"Run - Jul 10, 2026 at 22:18:59"
Q9,92,1913795.4970596067,0.006480765797000873,0.006480765797000873,2026-07-10T16:55:59.422808+00:00,"Run - Jul 10, 2026 at 22:18:59"
Q10,92,1915128.2507891627,0.006586049199051982,0.006586049199051982,2026-07-10T16:55:59.537798+00:00,"Run - Jul 10, 2026 at 22:18:59"
Q11,92,1916331.7689212458,0.0066931395977982006,0.0066931395977982006,2026-07-10T16:55:59.644389+00:00,"Run - Jul 10, 2026 at 22:18:59"
Q12,92,1917344.0155988084,0.006801666240756975,0.006801666240756975,2026-07-10T16:55:59.759595+00:00,"Run - Jul 10, 2026 at 22:18:59"
Q13,92,1917930.140898525,0.006911937111245312,0.006911937111245312,2026-07-10T16:55:59.873853+00:00,"Run - Jul 10, 2026 at 22:18:59"
Q14,92,1917333.8077264584,0.007029688445551637,0.007029688445551637,2026-07-10T16:55:59.988144+00:00,"Run - Jul 10, 2026 at 22:18:59"
Q15,92,1918432.8951528529,0.007138170059217706,0.007138170059217706,2026-07-10T16:56:00.116290+00:00,"Run - Jul 10, 2026 at 22:18:59"
Q16,92,1921465.2071659048,0.007232939991306838,0.007232939991306838,2026-07-10T16:56:00.238504+00:00,"Run - Jul 10, 2026 at 22:18:59"
Q17,92,1920712.344506569,0.00735282050904454,0.00735282050904454,2026-07-10T16:56:00.356733+00:00,"Run - Jul 10, 2026 at 22:18:59"
Q18,92,1921604.9632179495,0.007459588075298713,0.007459588075298713,2026-07-10T16:56:00.473047+00:00,"Run - Jul 10, 2026 at 22:18:59"
Q19,92,1923121.3752273682,0.007564978429074355,0.007564978429074355,2026-07-10T16:56:00.593758+00:00,"Run - Jul 10, 2026 at 22:18:59"
Q20,92,1924465.8355362667,0.007669654111292378,0.007669654111292378,2026-07-10T16:56:00.716407+00:00,"Run - Jul 10, 2026 at 22:18:59"
Q21,92,1926000.4613669622,0.007773329807804038,0.007773329807804038,2026-07-10T16:56:00.837822+00:00,"Run - Jul 10, 2026 at 22:18:59"
Q22,92,1926145.1371015508,0.00788963116116593,0.00788963116116593,2026-07-10T16:56:00.969773+00:00,"Run - Jul 10, 2026 at 22:18:59"
Q23,92,1926465.9225811998,0.008001353284956181,0.008001353284956181,2026-07-10T16:56:01.099933+00:00,"Run - Jul 10, 2026 at 22:18:59"
Q24,92,1928016.6603954346,0.008104359312341783,0.008104359312341783,2026-07-10T16:56:01.181434+00:00,"Run - Jul 10, 2026 at 22:18:59"
Q0,93,1906204.125339588,0.005501559441754945,0.005501559441754945,2026-07-10T16:56:04.579790+00:00,"Run - Jul 10, 2026 at 22:18:59"
Q1,93,1907366.5743688687,0.005606085390142341,0.005606085390142341,2026-07-10T16:56:04.708995+00:00,"Run - Jul 10, 2026 at 22:18:59"
Q2,93,1907850.817573369,0.005717155130183434,0.005717155130183434,2026-07-10T16:56:04.830961+00:00,"Run - Jul 10, 2026 at 22:18:59"
Q3,93,1909261.258831392,0.005824480242004362,0.005824480242004362,2026-07-10T16:56:04.950572+00:00,"Run - Jul 10, 2026 at 22:18:59"
Q4,93,1909978.624285576,0.0059359977995168895,0.0059359977995168895,2026-07-10T16:56:05.085626+00:00,"Run - Jul 10, 2026 at 22:18:59"
Q5,93,1909903.5652273113,0.006049302583837434,0.006049302583837434,2026-07-10T16:56:05.219020+00:00,"Run - Jul 10, 2026 at 22:18:59"
Q6,93,1911233.2288485698,0.006154874388901022,0.006154874388901022,2026-07-10T16:56:05.343261+00:00,"Run - Jul 10, 2026 at 22:18:59"
Q7,93,1912269.8457888234,0.006261920595379623,0.006261920595379623,2026-07-10T16:56:05.459227+00:00,"Run - Jul 10, 2026 at 22:18:59"
Q8,93,1912192.222462076,0.006377246676288016,0.006377246676288016,2026-07-10T16:56:05.593702+00:00,"Run - Jul 10, 2026 at 22:18:59"
Q9,93,1913582.6148811472,0.0064823596745433665,0.0064823596745433665,2026-07-10T16:56:05.716926+00:00,"Run - Jul 10, 2026 at 22:18:59"
Q10,93,1914986.7961551463,0.00658702613970958,0.00658702613970958,2026-07-10T16:56:05.831755+00:00,"Run - Jul 10, 2026 at 22:18:59"
Q11,93,1916506.6624638552,0.006692106935832112,0.006692106935832112,2026-07-10T16:56:05.938578+00:00,"Run - Jul 10, 2026 at 22:18:59"
Q12,93,1917744.1707471074,0.0067985123024114445,0.0067985123024114445,2026-07-10T16:56:06.061179+00:00,"Run - Jul 10, 2026 at 22:18:59"
Q13,93,1918042.4691116465,0.006911617404842868,0.006911617404842868,2026-07-10T16:56:06.184593+00:00,"Run - Jul 10, 2026 at 22:18:59"
Q14,93,1917406.3381034462,0.0070290124730966125,0.0070290124730966125,2026-07-10T16:56:06.311006+00:00,"Run - Jul 10, 2026 at 22:18:59"
Q15,93,1918693.5664659,0.0071371592332681675,0.0071371592332681675,2026-07-10T16:56:06.430430+00:00,"Run - Jul 10, 2026 at 22:18:59"
Q16,93,1921437.967180179,0.007233786146539094,0.007233786146539094,2026-07-10T16:56:06.541384+00:00,"Run - Jul 10, 2026 at 22:18:59"
Q17,93,1920978.4027572663,0.007352197619961844,0.007352197619961844,2026-07-10T16:56:06.664632+00:00,"Run - Jul 10, 2026 at 22:18:59"
Q18,93,1921716.127478569,0.007459012331019938,0.007459012331019938,2026-07-10T16:56:06.779946+00:00,"Run - Jul 10, 2026 at 22:18:59"
Q19,93,1922973.6277031228,0.0075658497229103535,0.0075658497229103535,2026-07-10T16:56:06.901754+00:00,"Run - Jul 10, 2026 at 22:18:59"
Q20,93,1924502.3682490757,0.007669311309514981,0.007669311309514981,2026-07-10T16:56:07.042155+00:00,"Run - Jul 10, 2026 at 22:18:59"
Q21,93,1925607.1223924824,0.007776074565889431,0.007776074565889431,2026-07-10T16:56:07.187901+00:00,"Run - Jul 10, 2026 at 22:18:59"
Q22,93,1926033.7959147613,0.007889845392048168,0.007889845392048168,2026-07-10T16:56:07.313971+00:00,"Run - Jul 10, 2026 at 22:18:59"
Q23,93,1926466.7084776517,0.008001306167450166,0.008001306167450166,2026-07-10T16:56:07.441180+00:00,"Run - Jul 10, 2026 at 22:18:59"
Q24,93,1928054.4982296154,0.008104196367263972,0.008104196367263972,2026-07-10T16:56:07.567212+00:00,"Run - Jul 10, 2026 at 22:18:59"
Q0,94,1906343.9324614129,0.005500499847428561,0.005500499847428561,2026-07-10T16:56:11.554996+00:00,"Run - Jul 10, 2026 at 22:18:59"
Q1,94,1907166.757302174,0.005607089239200208,0.005607089239200208,2026-07-10T16:56:11.639136+00:00,"Run - Jul 10, 2026 at 22:18:59"
Q2,94,1907810.0932747633,0.005717224873712465,0.005717224873712465,2026-07-10T16:56:11.724313+00:00,"Run - Jul 10, 2026 at 22:18:59"
Q3,94,1909098.9298213113,0.005825073231010324,0.005825073231010324,2026-07-10T16:56:11.808602+00:00,"Run - Jul 10, 2026 at 22:18:59"
Q4,94,1909791.5897121513,0.005937439828864423,0.005937439828864423,2026-07-10T16:56:11.898837+00:00,"Run - Jul 10, 2026 at 22:18:59"
Q5,94,1910369.4691857903,0.006046098966396543,0.006046098966396543,2026-07-10T16:56:12.063191+00:00,"Run - Jul 10, 2026 at 22:18:59"
Q6,94,1911119.0884110243,0.0061556819695341445,0.0061556819695341445,2026-07-10T16:56:12.173908+00:00,"Run - Jul 10, 2026 at 22:18:59"
Q7,94,1912768.3494891294,0.006257806258227047,0.006257806258227047,2026-07-10T16:56:12.296316+00:00,"Run - Jul 10, 2026 at 22:18:59"
Q8,94,1912148.6870905578,0.006377541388513482,0.006377541388513482,2026-07-10T16:56:12.421471+00:00,"Run - Jul 10, 2026 at 22:18:59"
Q9,94,1913819.6768452479,0.006480245815359067,0.006480245815359067,2026-07-10T16:56:12.533658+00:00,"Run - Jul 10, 2026 at 22:18:59"
Q10,94,1914872.073577838,0.006587603006060806,0.006587603006060806,2026-07-10T16:56:12.650349+00:00,"Run - Jul 10, 2026 at 22:18:59"
Q11,94,1916680.789097971,0.006690595351347934,0.006690595351347934,2026-07-10T16:56:12.820832+00:00,"Run - Jul 10, 2026 at 22:18:59"
Q12,94,1917762.7360807054,0.006798335003364678,0.006798335003364678,2026-07-10T16:56:12.984183+00:00,"Run - Jul 10, 2026 at 22:18:59"
Q13,94,1918429.0902769216,0.006907594140165744,0.006907594140165744,2026-07-10T16:56:13.128012+00:00,"Run - Jul 10, 2026 at 22:18:59"
Q14,94,1917473.9014370542,0.007028567606748773,0.007028567606748773,2026-07-10T16:56:13.264689+00:00,"Run - Jul 10, 2026 at 22:18:59"
Q15,94,1918583.1321734854,0.0071383834541977245,0.0071383834541977245,2026-07-10T16:56:13.386271+00:00,"Run - Jul 10, 2026 at 22:18:59"
Q16,94,1920977.9811700487,0.007237293948562632,0.007237293948562632,2026-07-10T16:56:13.517430+00:00,"Run - Jul 10, 2026 at 22:18:59"
Q17,94,1921341.2756553518,0.007349567230628094,0.007349567230628094,2026-07-10T16:56:13.630532+00:00,"Run - Jul 10, 2026 at 22:18:59"
Q18,94,1921847.8132610726,0.007457745894383925,0.007457745894383925,2026-07-10T16:56:13.754787+00:00,"Run - Jul 10, 2026 at 22:18:59"
Q19,94,1922713.2216159499,0.007567927342802293,0.007567927342802293,2026-07-10T16:56:13.875273+00:00,"Run - Jul 10, 2026 at 22:18:59"
Q20,94,1924312.0297842908,0.007670979268397532,0.007670979268397532,2026-07-10T16:56:13.989202+00:00,"Run - Jul 10, 2026 at 22:18:59"
Q21,94,1925857.1499949356,0.007773789354207621,0.007773789354207621,2026-07-10T16:56:14.109628+00:00,"Run - Jul 10, 2026 at 22:18:59"
Q22,94,1925765.8848261675,0.007891999960577399,0.007891999960577399,2026-07-10T16:56:14.229023+00:00,"Run - Jul 10, 2026 at 22:18:59"
Q23,94,1926386.0072734323,0.0080013433595581,0.0080013433595581,2026-07-10T16:56:14.368247+00:00,"Run - Jul 10, 2026 at 22:18:59"
Q24,94,1927670.0317772417,0.008108197933374538,0.008108197933374538,2026-07-10T16:56:14.508681+00:00,"Run - Jul 10, 2026 at 22:18:59"
Q0,95,1906460.3486805363,0.0054996170160537036,0.0054996170160537036,2026-07-10T16:56:18.200976+00:00,"Run - Jul 10, 2026 at 22:18:59"
Q1,95,1907176.4413336746,0.00560674692209608,0.00560674692209608,2026-07-10T16:56:18.330159+00:00,"Run - Jul 10, 2026 at 22:18:59"
Q2,95,1907711.6402942976,0.005717651472323371,0.005717651472323371,2026-07-10T16:56:18.453249+00:00,"Run - Jul 10, 2026 at 22:18:59"
Q3,95,1909142.2422100857,0.005824655393213921,0.005824655393213921,2026-07-10T16:56:18.578866+00:00,"Run - Jul 10, 2026 at 22:18:59"
Q4,95,1909511.0858205212,0.005939355277197126,0.005939355277197126,2026-07-10T16:56:18.694758+00:00,"Run - Jul 10, 2026 at 22:18:59"
Q5,95,1910089.3685086037,0.006048135111018072,0.006048135111018072,2026-07-10T16:56:18.815263+00:00,"Run - Jul 10, 2026 at 22:18:59"
Q6,95,1911019.7262533843,0.006156182831492365,0.006156182831492365,2026-07-10T16:56:18.933241+00:00,"Run - Jul 10, 2026 at 22:18:59"
Q7,95,1912634.9169384106,0.006258466043233392,0.006258466043233392,2026-07-10T16:56:19.071785+00:00,"Run - Jul 10, 2026 at 22:18:59"
Q8,95,1912304.233001366,0.0063762765809936926,0.0063762765809936926,2026-07-10T16:56:19.199457+00:00,"Run - Jul 10, 2026 at 22:18:59"
Q9,95,1913717.3275323396,0.006480741699787883,0.006480741699787883,2026-07-10T16:56:19.343802+00:00,"Run - Jul 10, 2026 at 22:18:59"
Q10,95,1914931.759488364,0.006586860563270797,0.006586860563270797,2026-07-10T16:56:19.473580+00:00,"Run - Jul 10, 2026 at 22:18:59"
Q11,95,1916995.8970622302,0.0066878609835725735,0.0066878609835725735,2026-07-10T16:56:19.619525+00:00,"Run - Jul 10, 2026 at 22:18:59"
Q12,95,1917801.8617438455,0.0067979228162572776,0.0067979228162572776,2026-07-10T16:56:19.750048+00:00,"Run - Jul 10, 2026 at 22:18:59"
Q13,95,1918548.2840338084,0.00690638495319432,0.00690638495319432,2026-07-10T16:56:19.863252+00:00,"Run - Jul 10, 2026 at 22:18:59"
Q14,95,1917330.9208005825,0.007029750006015855,0.007029750006015855,2026-07-10T16:56:19.979827+00:00,"Run - Jul 10, 2026 at 22:18:59"
Q15,95,1918410.101783681,0.007139562536198227,0.007139562536198227,2026-07-10T16:56:20.103776+00:00,"Run - Jul 10, 2026 at 22:18:59"
Q16,95,1920835.2462124173,0.007238321718303274,0.007238321718303274,2026-07-10T16:56:20.245136+00:00,"Run - Jul 10, 2026 at 22:18:59"
Q17,95,1921314.554149098,0.007349578640734478,0.007349578640734478,2026-07-10T16:56:20.366474+00:00,"Run - Jul 10, 2026 at 22:18:59"
Q18,95,1921981.1824410053,0.007456345746803925,0.007456345746803925,2026-07-10T16:56:20.494970+00:00,"Run - Jul 10, 2026 at 22:18:59"
Q19,95,1922793.508858985,0.0075670936762716025,0.0075670936762716025,2026-07-10T16:56:20.609958+00:00,"Run - Jul 10, 2026 at 22:18:59"
Q20,95,1924079.8251741445,0.007672853234873389,0.007672853234873389,2026-07-10T16:56:20.720104+00:00,"Run - Jul 10, 2026 at 22:18:59"
Q21,95,1926047.4571796616,0.007772104978952184,0.007772104978952184,2026-07-10T16:56:20.835988+00:00,"Run - Jul 10, 2026 at 22:18:59"
Q22,95,1925622.6148479604,0.007892997626225078,0.007892997626225078,2026-07-10T16:56:20.953396+00:00,"Run - Jul 10, 2026 at 22:18:59"
Q23,95,1926653.4828467036,0.00799898691329958,0.00799898691329958,2026-07-10T16:56:21.086472+00:00,"Run - Jul 10, 2026 at 22:18:59"
Q24,95,1927530.1987039328,0.008109222979870974,0.008109222979870974,2026-07-10T16:56:21.213462+00:00,"Run - Jul 10, 2026 at 22:18:59"
Q0,96,1906168.008983575,0.005501955447004161,0.005501955447004161,2026-07-10T16:56:25.129376+00:00,"Run - Jul 10, 2026 at 22:18:59"
Q1,96,1907137.3117632472,0.00560701443996763,0.00560701443996763,2026-07-10T16:56:25.233467+00:00,"Run - Jul 10, 2026 at 22:18:59"
Q2,96,1907494.477841127,0.005719466556667993,0.005719466556667993,2026-07-10T16:56:25.325567+00:00,"Run - Jul 10, 2026 at 22:18:59"
Q3,96,1909033.335264345,0.005825580777893007,0.005825580777893007,2026-07-10T16:56:25.422786+00:00,"Run - Jul 10, 2026 at 22:18:59"
Q4,96,1909399.2930091715,0.005940255684346808,0.005940255684346808,2026-07-10T16:56:25.512545+00:00,"Run - Jul 10, 2026 at 22:18:59"
Q5,96,1910050.160718048,0.006048415962222955,0.006048415962222955,2026-07-10T16:56:25.595261+00:00,"Run - Jul 10, 2026 at 22:18:59"
Q6,96,1910907.8218724453,0.006157103238642046,0.006157103238642046,2026-07-10T16:56:25.677963+00:00,"Run - Jul 10, 2026 at 22:18:59"
Q7,96,1912483.8274316918,0.006259674411474712,0.006259674411474712,2026-07-10T16:56:25.756467+00:00,"Run - Jul 10, 2026 at 22:18:59"
Q8,96,1912047.1532571823,0.006378502516543197,0.006378502516543197,2026-07-10T16:56:25.838948+00:00,"Run - Jul 10, 2026 at 22:18:59"
Q9,96,1913608.0943557003,0.006481727084466969,0.006481727084466969,2026-07-10T16:56:25.926245+00:00,"Run - Jul 10, 2026 at 22:18:59"
Q10,96,1914780.4441378966,0.006588108931512115,0.006588108931512115,2026-07-10T16:56:26.007669+00:00,"Run - Jul 10, 2026 at 22:18:59"
Q11,96,1916847.2300212109,0.0066891672194565426,0.0066891672194565426,2026-07-10T16:56:26.090917+00:00,"Run - Jul 10, 2026 at 22:18:59"
Q12,96,1917689.622654138,0.006798903223406958,0.006798903223406958,2026-07-10T16:56:26.197669+00:00,"Run - Jul 10, 2026 at 22:18:59"
Q13,96,1918399.4691390924,0.006907717855744955,0.006907717855744955,2026-07-10T16:56:26.324173+00:00,"Run - Jul 10, 2026 at 22:18:59"
Q14,96,1917218.5701412857,0.007030750413165535,0.007030750413165535,2026-07-10T16:56:26.447631+00:00,"Run - Jul 10, 2026 at 22:18:59"
Q15,96,1918152.1258463506,0.007141951805081065,0.007141951805081065,2026-07-10T16:56:26.574385+00:00,"Run - Jul 10, 2026 at 22:18:59"
Q16,96,1920835.2462124173,0.007238321718303274,0.007238321718303274,2026-07-10T16:56:26.689871+00:00,"Run - Jul 10, 2026 at 22:18:59"
Q17,96,1921275.1116981579,0.00734989949193936,0.00734989949193936,2026-07-10T16:56:26.810046+00:00,"Run - Jul 10, 2026 at 22:18:59"
Q18,96,1921831.9979120472,0.007457745316021227,0.007457745316021227,2026-07-10T16:56:26.931524+00:00,"Run - Jul 10, 2026 at 22:18:59"
Q19,96,1922537.873499755,0.007569611256017179,0.007569611256017179,2026-07-10T16:56:27.070252+00:00,"Run - Jul 10, 2026 at 22:18:59"
Q20,96,1923967.1398060787,0.007673913642023072,0.007673913642023072,2026-07-10T16:56:27.215761+00:00,"Run - Jul 10, 2026 at 22:18:59"
Q21,96,1925900.8516131511,0.007773311516411219,0.007773311516411219,2026-07-10T16:56:27.355747+00:00,"Run - Jul 10, 2026 at 22:18:59"
Q22,96,1925512.6748377096,0.007894113010904164,0.007894113010904164,2026-07-10T16:56:27.476185+00:00,"Run - Jul 10, 2026 at 22:18:59"
Q23,96,1926543.4336387718,0.007999844288690994,0.007999844288690994,2026-07-10T16:56:27.592186+00:00,"Run - Jul 10, 2026 at 22:18:59"
Q24,96,1927456.869532853,0.008109979202482439,0.008109979202482439,2026-07-10T16:56:27.710953+00:00,"Run - Jul 10, 2026 at 22:18:59"
Q0,97,1905844.5508710635,0.005504213200895909,0.005504213200895909,2026-07-10T16:56:31.557567+00:00,"Run - Jul 10, 2026 at 22:18:59"
Q1,97,1907030.5053326352,0.005608079341157635,0.005608079341157635,2026-07-10T16:56:31.623231+00:00,"Run - Jul 10, 2026 at 22:18:59"
Q2,97,1907344.2161950672,0.0057205827599046,0.0057205827599046,2026-07-10T16:56:31.694262+00:00,"Run - Jul 10, 2026 at 22:18:59"
Q3,97,1908811.515826403,0.005827404881683022,0.005827404881683022,2026-07-10T16:56:31.762637+00:00,"Run - Jul 10, 2026 at 22:18:59"
Q4,97,1909286.4070161597,0.005940969480543927,0.005940969480543927,2026-07-10T16:56:31.826150+00:00,"Run - Jul 10, 2026 at 22:18:59"
Q5,97,1909720.4421959498,0.006050585212419377,0.006050585212419377,2026-07-10T16:56:31.895143+00:00,"Run - Jul 10, 2026 at 22:18:59"
Q6,97,1910720.5500549409,0.0061582951805692595,0.0061582951805692595,2026-07-10T16:56:31.963201+00:00,"Run - Jul 10, 2026 at 22:18:59"
Q7,97,1912333.8446077644,0.006261065208926651,0.006261065208926651,2026-07-10T16:56:32.031293+00:00,"Run - Jul 10, 2026 at 22:18:59"
Q8,97,1911897.721757739,0.0063795800399508275,0.0063795800399508275,2026-07-10T16:56:32.111155+00:00,"Run - Jul 10, 2026 at 22:18:59"
Q9,97,1913529.875011746,0.006482285904325513,0.006482285904325513,2026-07-10T16:56:32.178162+00:00,"Run - Jul 10, 2026 at 22:18:59"
Q10,97,1914629.5820458825,0.0065893318014153875,0.0065893318014153875,2026-07-10T16:56:32.242199+00:00,"Run - Jul 10, 2026 at 22:18:59"
Q11,97,1916665.5750511042,0.006690826475066876,0.006690826475066876,2026-07-10T16:56:32.308641+00:00,"Run - Jul 10, 2026 at 22:18:59"
Q12,97,1917396.1469579076,0.006801235434948487,0.006801235434948487,2026-07-10T16:56:32.372650+00:00,"Run - Jul 10, 2026 at 22:18:59"
Q13,97,1918399.6882605844,0.0069078258583141405,0.0069078258583141405,2026-07-10T16:56:32.443629+00:00,"Run - Jul 10, 2026 at 22:18:59"
Q14,97,1916994.7683254313,0.00703270599323346,0.00703270599323346,2026-07-10T16:56:32.528828+00:00,"Run - Jul 10, 2026 at 22:18:59"
Q15,97,1917961.101830037,0.007143052793360595,0.007143052793360595,2026-07-10T16:56:32.619454+00:00,"Run - Jul 10, 2026 at 22:18:59"
Q16,97,1920683.9337859373,0.007239624588206547,0.007239624588206547,2026-07-10T16:56:32.704419+00:00,"Run - Jul 10, 2026 at 22:18:59"
Q17,97,1920901.2626692958,0.007352690572493443,0.007352690572493443,2026-07-10T16:56:32.788750+00:00,"Run - Jul 10, 2026 at 22:18:59"
Q18,97,1921543.651053481,0.007460315451468579,0.007460315451468579,2026-07-10T16:56:32.875585+00:00,"Run - Jul 10, 2026 at 22:18:59"
Q19,97,1922459.2648107195,0.007570236742542391,0.007570236742542391,2026-07-10T16:56:32.977063+00:00,"Run - Jul 10, 2026 at 22:18:59"
Q20,97,1923930.612766723,0.007674085210716126,0.007674085210716126,2026-07-10T16:56:33.086370+00:00,"Run - Jul 10, 2026 at 22:18:59"
Q21,97,1925603.5983176895,0.007776123840243512,0.007776123840243512,2026-07-10T16:56:33.180772+00:00,"Run - Jul 10, 2026 at 22:18:59"
Q22,97,1925215.2744601099,0.007896952001403123,0.007896952001403123,2026-07-10T16:56:33.304794+00:00,"Run - Jul 10, 2026 at 22:18:59"
Q23,97,1926282.368068089,0.008002339623022405,0.008002339623022405,2026-07-10T16:56:33.456364+00:00,"Run - Jul 10, 2026 at 22:18:59"
Q24,97,1927264.5523286136,0.008111127694092854,0.008111127694092854,2026-07-10T16:56:33.614734+00:00,"Run - Jul 10, 2026 at 22:18:59"
Q0,98,1905541.3356678395,0.0055060403878880995,0.0055060403878880995,2026-07-10T16:56:38.237250+00:00,"Run - Jul 10, 2026 at 22:18:59"
Q1,98,1906658.845098163,0.0056112283312197185,0.0056112283312197185,2026-07-10T16:56:38.401613+00:00,"Run - Jul 10, 2026 at 22:18:59"
Q2,98,1907085.2727768528,0.0057230923484509885,0.0057230923484509885,2026-07-10T16:56:38.546542+00:00,"Run - Jul 10, 2026 at 22:18:59"
Q3,98,1908662.6652511437,0.005829006165280563,0.005829006165280563,2026-07-10T16:56:38.702926+00:00,"Run - Jul 10, 2026 at 22:18:59"
Q4,98,1909241.3349933152,0.005941611420202236,0.005941611420202236,2026-07-10T16:56:38.825747+00:00,"Run - Jul 10, 2026 at 22:18:59"
Q5,98,1909380.311669158,0.006052856055579117,0.006052856055579117,2026-07-10T16:56:38.951866+00:00,"Run - Jul 10, 2026 at 22:18:59"
Q6,98,1910314.5941806836,0.006161588071356448,0.006161588071356448,2026-07-10T16:56:39.084965+00:00,"Run - Jul 10, 2026 at 22:18:59"
Q7,98,1912111.1258279423,0.006263185568272971,0.006263185568272971,2026-07-10T16:56:39.236946+00:00,"Run - Jul 10, 2026 at 22:18:59"
Q8,98,1911707.5118384028,0.006381110685852117,0.006381110685852117,2026-07-10T16:56:39.352918+00:00,"Run - Jul 10, 2026 at 22:18:59"
Q9,98,1913492.7549701051,0.006482658558031708,0.006482658558031708,2026-07-10T16:56:39.445939+00:00,"Run - Jul 10, 2026 at 22:18:59"
Q10,98,1914513.71240753,0.00659078478418164,0.00659078478418164,2026-07-10T16:56:39.540131+00:00,"Run - Jul 10, 2026 at 22:18:59"
Q11,98,1916318.1948702857,0.006693506401109644,0.006693506401109644,2026-07-10T16:56:39.624556+00:00,"Run - Jul 10, 2026 at 22:18:59"
Q12,98,1916741.9976635436,0.006806768041423192,0.006806768041423192,2026-07-10T16:56:39.711685+00:00,"Run - Jul 10, 2026 at 22:18:59"
Q13,98,1917846.5091634572,0.006913059355145967,0.006913059355145967,2026-07-10T16:56:39.802997+00:00,"Run - Jul 10, 2026 at 22:18:59"
Q14,98,1916657.029004751,0.0070355378383044846,0.0070355378383044846,2026-07-10T16:56:39.902084+00:00,"Run - Jul 10, 2026 at 22:18:59"
Q15,98,1917841.4415157258,0.007144121756481521,0.007144121756481521,2026-07-10T16:56:39.990577+00:00,"Run - Jul 10, 2026 at 22:18:59"
Q16,98,1920868.2563272591,0.007238706013498052,0.007238706013498052,2026-07-10T16:56:40.084074+00:00,"Run - Jul 10, 2026 at 22:18:59"
Q17,98,1920632.883149183,0.007354499696143368,0.007354499696143368,2026-07-10T16:56:40.192343+00:00,"Run - Jul 10, 2026 at 22:18:59"
Q18,98,1921353.0422206342,0.007462267799451512,0.007462267799451512,2026-07-10T16:56:40.320446+00:00,"Run - Jul 10, 2026 at 22:18:59"
Q19,98,1922450.7047262061,0.007570831401328205,0.007570831401328205,2026-07-10T16:56:40.474204+00:00,"Run - Jul 10, 2026 at 22:18:59"
Q20,98,1923625.3758652627,0.007676645474320609,0.007676645474320609,2026-07-10T16:56:40.596272+00:00,"Run - Jul 10, 2026 at 22:18:59"
Q21,98,1925336.4727648436,0.007778866960996647,0.007778866960996647,2026-07-10T16:56:40.733067+00:00,"Run - Jul 10, 2026 at 22:18:59"
Q22,98,1925209.4330254546,0.007897625370246155,0.007897625370246155,2026-07-10T16:56:40.858326+00:00,"Run - Jul 10, 2026 at 22:18:59"
Q23,98,1925797.2753928832,0.008006917782754142,0.008006917782754142,2026-07-10T16:56:41.001684+00:00,"Run - Jul 10, 2026 at 22:18:59"
Q24,98,1927226.714494433,0.008111290639170664,0.008111290639170664,2026-07-10T16:56:41.157315+00:00,"Run - Jul 10, 2026 at 22:18:59"
Q0,99,1905585.7719879656,0.0055050309264335255,0.0055050309264335255,2026-07-10T16:56:45.268726+00:00,"Run - Jul 10, 2026 at 22:18:59"
Q1,99,1906854.2826128877,0.0056099299975147674,0.0056099299975147674,2026-07-10T16:56:45.395066+00:00,"Run - Jul 10, 2026 at 22:18:59"
Q2,99,1906879.4541527235,0.005725312283207907,0.005725312283207907,2026-07-10T16:56:45.517924+00:00,"Run - Jul 10, 2026 at 22:18:59"
Q3,99,1909068.2959327956,0.005826423554785957,0.005826423554785957,2026-07-10T16:56:45.658405+00:00,"Run - Jul 10, 2026 at 22:18:59"
Q4,99,1908693.9786209774,0.005942411884082488,0.005942411884082488,2026-07-10T16:56:45.795971+00:00,"Run - Jul 10, 2026 at 22:18:59"
Q5,99,1909200.1459257687,0.006052312757500816,0.006052312757500816,2026-07-10T16:56:45.939736+00:00,"Run - Jul 10, 2026 at 22:18:59"
Q6,99,1910362.6788315317,0.006160560916594286,0.006160560916594286,2026-07-10T16:56:46.077358+00:00,"Run - Jul 10, 2026 at 22:18:59"
Q7,99,1912163.0157057845,0.006262576591237455,0.006262576591237455,2026-07-10T16:56:46.198416+00:00,"Run - Jul 10, 2026 at 22:18:59"
Q8,99,1911679.3144604592,0.006379974373093553,0.006379974373093553,2026-07-10T16:56:46.347725+00:00,"Run - Jul 10, 2026 at 22:18:59"
Q9,99,1913899.7722699372,0.006479836744634848,0.006479836744634848,2026-07-10T16:56:46.464264+00:00,"Run - Jul 10, 2026 at 22:18:59"
Q10,99,1914698.181500065,0.0065887067317203785,0.0065887067317203785,2026-07-10T16:56:46.546335+00:00,"Run - Jul 10, 2026 at 22:18:59"
Q11,99,1916173.9698220002,0.006694385186252639,0.006694385186252639,2026-07-10T16:56:46.646032+00:00,"Run - Jul 10, 2026 at 22:18:59"
Q12,99,1916939.9066760405,0.006805172260244207,0.006805172260244207,2026-07-10T16:56:46.738761+00:00,"Run - Jul 10, 2026 at 22:18:59"
Q13,99,1917450.9780146107,0.006915532796387347,0.006915532796387347,2026-07-10T16:56:46.821864+00:00,"Run - Jul 10, 2026 at 22:18:59"
Q14,99,1916886.4179810674,0.0070336848816196455,0.0070336848816196455,2026-07-10T16:56:46.911136+00:00,"Run - Jul 10, 2026 at 22:18:59"
Q15,99,1917744.5521349872,0.007143649468181193,0.007143649468181193,2026-07-10T16:56:47.006152+00:00,"Run - Jul 10, 2026 at 22:18:59"
Q16,99,1920764.4463821694,0.0072383293514506905,0.0072383293514506905,2026-07-10T16:56:47.098335+00:00,"Run - Jul 10, 2026 at 22:18:59"
Q17,99,1921237.1724768206,0.007348737550956278,0.007348737550956278,2026-07-10T16:56:47.195751+00:00,"Run - Jul 10, 2026 at 22:18:59"
Q18,99,1921834.342375626,0.0074580457863736805,0.0074580457863736805,2026-07-10T16:56:47.288868+00:00,"Run - Jul 10, 2026 at 22:18:59"
Q19,99,1922989.5750202243,0.00756733376559345,0.00756733376559345,2026-07-10T16:56:47.384645+00:00,"Run - Jul 10, 2026 at 22:18:59"
Q20,99,1923715.115793271,0.007675983308670712,0.007675983308670712,2026-07-10T16:56:47.504001+00:00,"Run - Jul 10, 2026 at 22:18:59"
Q21,99,1925785.8654809368,0.007775544110881893,0.007775544110881893,2026-07-10T16:56:47.633833+00:00,"Run - Jul 10, 2026 at 22:18:59"
Q22,99,1925338.089614371,0.007896664394332774,0.007896664394332774,2026-07-10T16:56:47.771252+00:00,"Run - Jul 10, 2026 at 22:18:59"
Q23,99,1925991.3168395197,0.008005250475690114,0.008005250475690114,2026-07-10T16:56:47.909093+00:00,"Run - Jul 10, 2026 at 22:18:59"
Q24,99,1927313.0855637745,0.008110599500161688,0.008110599500161688,2026-07-10T16:56:48.048816+00:00,"Run - Jul 10, 2026 at 22:18:59"
Q0,100,1905359.9104709073,0.0055067233341150245,0.0055067233341150245,2026-07-10T16:56:52.424425+00:00,"Run - Jul 10, 2026 at 22:18:59"
Q1,100,1905860.775679883,0.0056168283737211095,0.0056168283737211095,2026-07-10T16:56:52.561923+00:00,"Run - Jul 10, 2026 at 22:18:59"
Q2,100,1906546.3469564274,0.005727861021779386,0.005727861021779386,2026-07-10T16:56:52.695537+00:00,"Run - Jul 10, 2026 at 22:18:59"
Q3,100,1908670.6513292268,0.005829565409733991,0.005829565409733991,2026-07-10T16:56:52.835931+00:00,"Run - Jul 10, 2026 at 22:18:59"
Q4,100,1908428.1445079395,0.00594448560195494,0.00594448560195494,2026-07-10T16:56:52.969862+00:00,"Run - Jul 10, 2026 at 22:18:59"
Q5,100,1909203.2072485422,0.006053178194914345,0.006053178194914345,2026-07-10T16:56:53.128534+00:00,"Run - Jul 10, 2026 at 22:18:59"
Q6,100,1910071.9925583056,0.006162925777254468,0.006162925777254468,2026-07-10T16:56:53.296506+00:00,"Run - Jul 10, 2026 at 22:18:59"
Q7,100,1911681.4808821674,0.00626735212889454,0.00626735212889454,2026-07-10T16:56:53.443158+00:00,"Run - Jul 10, 2026 at 22:18:59"
Q8,100,1911316.6719989113,0.006382989807111435,0.006382989807111435,2026-07-10T16:56:53.545267+00:00,"Run - Jul 10, 2026 at 22:18:59"
Q9,100,1913677.3737294658,0.006481987168891644,0.006481987168891644,2026-07-10T16:56:53.628899+00:00,"Run - Jul 10, 2026 at 22:18:59"
Q10,100,1914248.2694810152,0.006592449772725998,0.006592449772725998,2026-07-10T16:56:53.715911+00:00,"Run - Jul 10, 2026 at 22:18:59"
Q11,100,1915703.8197542687,0.006698357559634919,0.006698357559634919,2026-07-10T16:56:53.805782+00:00,"Run - Jul 10, 2026 at 22:18:59"
Q12,100,1916206.1936168855,0.006810475744763962,0.006810475744763962,2026-07-10T16:56:53.892404+00:00,"Run - Jul 10, 2026 at 22:18:59"
Q13,100,1916795.6248133273,0.006920274996332726,0.006920274996332726,2026-07-10T16:56:53.992330+00:00,"Run - Jul 10, 2026 at 22:18:59"
Q14,100,1916455.665642921,0.007037442140449728,0.007037442140449728,2026-07-10T16:56:54.091076+00:00,"Run - Jul 10, 2026 at 22:18:59"
Q15,100,1917775.9191098423,0.007143390568130883,0.007143390568130883,2026-07-10T16:56:54.179750+00:00,"Run - Jul 10, 2026 at 22:18:59"
Q16,100,1920535.7272166847,0.007239411141194837,0.007239411141194837,2026-07-10T16:56:54.265277+00:00,"Run - Jul 10, 2026 at 22:18:59"
Q17,100,1920580.5170352447,0.0073537197509016584,0.0073537197509016584,2026-07-10T16:56:54.357998+00:00,"Run - Jul 10, 2026 at 22:18:59"
Q18,100,1921218.9400978284,0.00746361274771617,0.00746361274771617,2026-07-10T16:56:54.477411+00:00,"Run - Jul 10, 2026 at 22:18:59"
Q19,100,1922913.184427226,0.007568041967742466,0.007568041967742466,2026-07-10T16:56:54.598944+00:00,"Run - Jul 10, 2026 at 22:18:59"
Q20,100,1923519.4705239404,0.007677737909946303,0.007677737909946303,2026-07-10T16:56:54.743403+00:00,"Run - Jul 10, 2026 at 22:18:59"
Q21,100,1925198.2661597128,0.0077809406979551425,0.0077809406979551425,2026-07-10T16:56:54.899589+00:00,"Run - Jul 10, 2026 at 22:18:59"
Q22,100,1925111.5126147962,0.007897928162705866,0.007897928162705866,2026-07-10T16:56:55.062468+00:00,"Run - Jul 10, 2026 at 22:18:59"
Q23,100,1925698.1671258768,0.00800806866968363,0.00800806866968363,2026-07-10T16:56:55.209248+00:00,"Run - Jul 10, 2026 at 22:18:59"
Q24,100,1926835.7741221031,0.008115181447031737,0.008115181447031737,2026-07-10T16:56:55.377544+00:00,"Run - Jul 10, 2026 at 22:18:59"
Q0,101,1905395.4406028816,0.005506464619000192,0.005506464619000192,2026-07-10T16:56:59.707667+00:00,"Run - Jul 10, 2026 at 22:18:59"
Q1,101,1905538.2650444328,0.005619079174694502,0.005619079174694502,2026-07-10T16:56:59.868953+00:00,"Run - Jul 10, 2026 at 22:18:59"
Q2,101,1906507.7806584924,0.005728076380578653,0.005728076380578653,2026-07-10T16:57:00.007126+00:00,"Run - Jul 10, 2026 at 22:18:59"
Q3,101,1908590.3234127923,0.005829941483438948,0.005829941483438948,2026-07-10T16:57:00.138256+00:00,"Run - Jul 10, 2026 at 22:18:59"
Q4,101,1908389.539682213,0.0059447076274208735,0.0059447076274208735,2026-07-10T16:57:00.272144+00:00,"Run - Jul 10, 2026 at 22:18:59"
Q5,101,1908903.6623575075,0.006055413667802885,0.006055413667802885,2026-07-10T16:57:00.415140+00:00,"Run - Jul 10, 2026 at 22:18:59"
Q6,101,1909961.7542137294,0.006163738376078102,0.006163738376078102,2026-07-10T16:57:00.542742+00:00,"Run - Jul 10, 2026 at 22:18:59"
Q7,101,1911569.6542760713,0.006267968582648797,0.006267968582648797,2026-07-10T16:57:00.630884+00:00,"Run - Jul 10, 2026 at 22:18:59"
Q8,101,1911313.6623699209,0.006382939784129203,0.006382939784129203,2026-07-10T16:57:00.725945+00:00,"Run - Jul 10, 2026 at 22:18:59"
Q9,101,1913677.3737294658,0.006481987168891644,0.006481987168891644,2026-07-10T16:57:00.818673+00:00,"Run - Jul 10, 2026 at 22:18:59"
Q10,101,1914104.7933313358,0.006593668815462015,0.006593668815462015,2026-07-10T16:57:00.915358+00:00,"Run - Jul 10, 2026 at 22:18:59"
Q11,101,1915348.1033119233,0.00670114090975816,0.00670114090975816,2026-07-10T16:57:01.019707+00:00,"Run - Jul 10, 2026 at 22:18:59"
Q12,101,1915917.6533736407,0.006812757830622522,0.006812757830622522,2026-07-10T16:57:01.110274+00:00,"Run - Jul 10, 2026 at 22:18:59"
Q13,101,1916634.9135244584,0.006921470175178525,0.006921470175178525,2026-07-10T16:57:01.199371+00:00,"Run - Jul 10, 2026 at 22:18:59"
Q14,101,1916342.352818203,0.007037896042897169,0.007037896042897169,2026-07-10T16:57:01.284091+00:00,"Run - Jul 10, 2026 at 22:18:59"
Q15,101,1917662.5500225953,0.007143854470578323,0.007143854470578323,2026-07-10T16:57:01.375033+00:00,"Run - Jul 10, 2026 at 22:18:59"
Q16,101,1920496.8912242118,0.0072396731666607705,0.0072396731666607705,2026-07-10T16:57:01.495108+00:00,"Run - Jul 10, 2026 at 22:18:59"
Q17,101,1920581.3824383072,0.007353978267332254,0.007353978267332254,2026-07-10T16:57:01.627159+00:00,"Run - Jul 10, 2026 at 22:18:59"
Q18,101,1920861.9854563617,0.007466606097839412,0.007466606097839412,2026-07-10T16:57:01.758659+00:00,"Run - Jul 10, 2026 at 22:18:59"
Q19,101,1922763.6148530634,0.007568877081214229,0.007568877081214229,2026-07-10T16:57:01.897123+00:00,"Run - Jul 10, 2026 at 22:18:59"
Q20,101,1923058.8472402657,0.007682028076419056,0.007682028076419056,2026-07-10T16:57:02.028145+00:00,"Run - Jul 10, 2026 at 22:18:59"
Q21,101,1925270.9920037289,0.007780877726144553,0.007780877726144553,2026-07-10T16:57:02.160314+00:00,"Run - Jul 10, 2026 at 22:18:59"
Q22,101,1924997.7496898524,0.007898462065153307,0.007898462065153307,2026-07-10T16:57:02.292269+00:00,"Run - Jul 10, 2026 at 22:18:59"
Q23,101,1925659.1962861347,0.008008354028482897,0.008008354028482897,2026-07-10T16:57:02.421041+00:00,"Run - Jul 10, 2026 at 22:18:59"
Q24,101,1926796.7840184653,0.008115470139164336,0.008115470139164336,2026-07-10T16:57:02.545952+00:00,"Run - Jul 10, 2026 at 22:18:59"
