qubit_id,epoch_number,health_score,status,timestamp,run_id
Q0,0,0.99838,healthy,2026-07-10T16:49:05.289804+00:00,"Run - Jul 10, 2026 at 22:18:59"
Q1,0,0.9983470000000001,healthy,2026-07-10T16:49:05.331536+00:00,"Run - Jul 10, 2026 at 22:18:59"
Q2,0,0.9983139999999999,healthy,2026-07-10T16:49:05.339532+00:00,"Run - Jul 10, 2026 at 22:18:59"
Q3,0,0.998281,healthy,2026-07-10T16:49:05.346539+00:00,"Run - Jul 10, 2026 at 22:18:59"
Q4,0,0.998248,healthy,2026-07-10T16:49:05.353535+00:00,"Run - Jul 10, 2026 at 22:18:59"
Q5,0,0.9982150000000001,healthy,2026-07-10T16:49:05.359531+00:00,"Run - Jul 10, 2026 at 22:18:59"
Q6,0,0.998182,healthy,2026-07-10T16:49:05.368531+00:00,"Run - Jul 10, 2026 at 22:18:59"
Q7,0,0.9981490000000001,healthy,2026-07-10T16:49:05.374532+00:00,"Run - Jul 10, 2026 at 22:18:59"
Q8,0,0.998116,healthy,2026-07-10T16:49:05.383537+00:00,"Run - Jul 10, 2026 at 22:18:59"
Q9,0,0.998083,healthy,2026-07-10T16:49:05.390533+00:00,"Run - Jul 10, 2026 at 22:18:59"
Q10,0,0.9980499999999999,healthy,2026-07-10T16:49:05.398536+00:00,"Run - Jul 10, 2026 at 22:18:59"
Q11,0,0.9980169999999999,healthy,2026-07-10T16:49:05.405535+00:00,"Run - Jul 10, 2026 at 22:18:59"
Q12,0,0.997984,healthy,2026-07-10T16:49:05.413546+00:00,"Run - Jul 10, 2026 at 22:18:59"
Q13,0,0.997951,healthy,2026-07-10T16:49:05.421539+00:00,"Run - Jul 10, 2026 at 22:18:59"
Q14,0,0.9979180000000001,healthy,2026-07-10T16:49:05.429755+00:00,"Run - Jul 10, 2026 at 22:18:59"
Q15,0,0.997885,healthy,2026-07-10T16:49:05.437751+00:00,"Run - Jul 10, 2026 at 22:18:59"
Q16,0,0.997852,healthy,2026-07-10T16:49:05.443752+00:00,"Run - Jul 10, 2026 at 22:18:59"
Q17,0,0.997819,healthy,2026-07-10T16:49:05.451754+00:00,"Run - Jul 10, 2026 at 22:18:59"
Q18,0,0.9977860000000001,healthy,2026-07-10T16:49:05.457752+00:00,"Run - Jul 10, 2026 at 22:18:59"
Q19,0,0.9977529999999999,healthy,2026-07-10T16:49:05.466755+00:00,"Run - Jul 10, 2026 at 22:18:59"
Q20,0,0.9977199999999999,healthy,2026-07-10T16:49:05.472753+00:00,"Run - Jul 10, 2026 at 22:18:59"
Q21,0,0.997687,healthy,2026-07-10T16:49:05.480755+00:00,"Run - Jul 10, 2026 at 22:18:59"
Q22,0,0.997654,healthy,2026-07-10T16:49:05.487755+00:00,"Run - Jul 10, 2026 at 22:18:59"
Q23,0,0.9976210000000001,healthy,2026-07-10T16:49:05.494761+00:00,"Run - Jul 10, 2026 at 22:18:59"
Q24,0,0.9975880000000001,healthy,2026-07-10T16:49:05.502753+00:00,"Run - Jul 10, 2026 at 22:18:59"
Q0,1,0.9983660273622537,degraded,2026-07-10T16:49:05.741545+00:00,"Run - Jul 10, 2026 at 22:18:59"
Q1,1,0.9983328653622535,degraded,2026-07-10T16:49:05.752545+00:00,"Run - Jul 10, 2026 at 22:18:59"
Q2,1,0.9982997033622535,degraded,2026-07-10T16:49:05.760553+00:00,"Run - Jul 10, 2026 at 22:18:59"
Q3,1,0.9982665413622536,degraded,2026-07-10T16:49:05.770557+00:00,"Run - Jul 10, 2026 at 22:18:59"
Q4,1,0.9982333793622535,degraded,2026-07-10T16:49:05.777840+00:00,"Run - Jul 10, 2026 at 22:18:59"
Q5,1,0.9982002173622535,degraded,2026-07-10T16:49:05.786837+00:00,"Run - Jul 10, 2026 at 22:18:59"
Q6,1,0.9981670553622535,degraded,2026-07-10T16:49:05.795018+00:00,"Run - Jul 10, 2026 at 22:18:59"
Q7,1,0.9981338933622534,degraded,2026-07-10T16:49:05.804080+00:00,"Run - Jul 10, 2026 at 22:18:59"
Q8,1,0.9981007313622535,degraded,2026-07-10T16:49:05.817095+00:00,"Run - Jul 10, 2026 at 22:18:59"
Q9,1,0.9980675693622535,degraded,2026-07-10T16:49:05.825307+00:00,"Run - Jul 10, 2026 at 22:18:59"
Q10,1,0.9980344073622536,degraded,2026-07-10T16:49:05.837202+00:00,"Run - Jul 10, 2026 at 22:18:59"
Q11,1,0.9980012453622534,degraded,2026-07-10T16:49:05.845207+00:00,"Run - Jul 10, 2026 at 22:18:59"
Q12,1,0.9979680833622535,degraded,2026-07-10T16:49:05.854203+00:00,"Run - Jul 10, 2026 at 22:18:59"
Q13,1,0.9979349213622535,degraded,2026-07-10T16:49:05.867207+00:00,"Run - Jul 10, 2026 at 22:18:59"
Q14,1,0.9979017593622534,degraded,2026-07-10T16:49:05.875204+00:00,"Run - Jul 10, 2026 at 22:18:59"
Q15,1,0.9978685973622535,degraded,2026-07-10T16:49:05.885209+00:00,"Run - Jul 10, 2026 at 22:18:59"
Q16,1,0.9978354353622534,degraded,2026-07-10T16:49:05.894472+00:00,"Run - Jul 10, 2026 at 22:18:59"
Q17,1,0.9978022733622536,degraded,2026-07-10T16:49:05.914362+00:00,"Run - Jul 10, 2026 at 22:18:59"
Q18,1,0.9977691113622535,degraded,2026-07-10T16:49:05.943241+00:00,"Run - Jul 10, 2026 at 22:18:59"
Q19,1,0.9977359493622535,degraded,2026-07-10T16:49:05.968259+00:00,"Run - Jul 10, 2026 at 22:18:59"
Q20,1,0.9977027873622535,degraded,2026-07-10T16:49:05.985326+00:00,"Run - Jul 10, 2026 at 22:18:59"
Q21,1,0.9976696253622535,degraded,2026-07-10T16:49:06.003708+00:00,"Run - Jul 10, 2026 at 22:18:59"
Q22,1,0.9976364633622535,degraded,2026-07-10T16:49:06.021084+00:00,"Run - Jul 10, 2026 at 22:18:59"
Q23,1,0.9976033013622535,degraded,2026-07-10T16:49:06.032633+00:00,"Run - Jul 10, 2026 at 22:18:59"
Q24,1,0.9975701393622534,degraded,2026-07-10T16:49:06.053090+00:00,"Run - Jul 10, 2026 at 22:18:59"
Q0,2,0.9983521182192454,degraded,2026-07-10T16:49:10.150590+00:00,"Run - Jul 10, 2026 at 22:18:59"
Q1,2,0.9983187942192453,degraded,2026-07-10T16:49:10.156037+00:00,"Run - Jul 10, 2026 at 22:18:59"
Q2,2,0.9982854702192454,degraded,2026-07-10T16:49:10.162043+00:00,"Run - Jul 10, 2026 at 22:18:59"
Q3,2,0.9982521462192455,degraded,2026-07-10T16:49:10.167042+00:00,"Run - Jul 10, 2026 at 22:18:59"
Q4,2,0.9982188222192453,degraded,2026-07-10T16:49:10.173037+00:00,"Run - Jul 10, 2026 at 22:18:59"
Q5,2,0.9981854982192453,degraded,2026-07-10T16:49:10.178041+00:00,"Run - Jul 10, 2026 at 22:18:59"
Q6,2,0.9981521742192454,degraded,2026-07-10T16:49:10.184040+00:00,"Run - Jul 10, 2026 at 22:18:59"
Q7,2,0.9981188502192454,degraded,2026-07-10T16:49:10.189037+00:00,"Run - Jul 10, 2026 at 22:18:59"
Q8,2,0.9980855262192454,degraded,2026-07-10T16:49:10.194043+00:00,"Run - Jul 10, 2026 at 22:18:59"
Q9,2,0.9980522022192455,degraded,2026-07-10T16:49:10.200039+00:00,"Run - Jul 10, 2026 at 22:18:59"
Q10,2,0.9980188782192453,degraded,2026-07-10T16:49:10.206037+00:00,"Run - Jul 10, 2026 at 22:18:59"
Q11,2,0.9979855542192453,degraded,2026-07-10T16:49:10.212047+00:00,"Run - Jul 10, 2026 at 22:18:59"
Q12,2,0.9979522302192454,degraded,2026-07-10T16:49:10.218053+00:00,"Run - Jul 10, 2026 at 22:18:59"
Q13,2,0.9979189062192454,degraded,2026-07-10T16:49:10.224048+00:00,"Run - Jul 10, 2026 at 22:18:59"
Q14,2,0.9978855822192454,degraded,2026-07-10T16:49:10.231580+00:00,"Run - Jul 10, 2026 at 22:18:59"
Q15,2,0.9978522582192455,degraded,2026-07-10T16:49:10.237999+00:00,"Run - Jul 10, 2026 at 22:18:59"
Q16,2,0.9978189342192454,degraded,2026-07-10T16:49:10.243005+00:00,"Run - Jul 10, 2026 at 22:18:59"
Q17,2,0.9977856102192454,degraded,2026-07-10T16:49:10.250003+00:00,"Run - Jul 10, 2026 at 22:18:59"
Q18,2,0.9977522862192454,degraded,2026-07-10T16:49:10.256004+00:00,"Run - Jul 10, 2026 at 22:18:59"
Q19,2,0.9977189622192454,degraded,2026-07-10T16:49:10.263006+00:00,"Run - Jul 10, 2026 at 22:18:59"
Q20,2,0.9976856382192454,degraded,2026-07-10T16:49:10.269910+00:00,"Run - Jul 10, 2026 at 22:18:59"
Q21,2,0.9976523142192455,degraded,2026-07-10T16:49:10.274906+00:00,"Run - Jul 10, 2026 at 22:18:59"
Q22,2,0.9976189902192454,degraded,2026-07-10T16:49:10.281909+00:00,"Run - Jul 10, 2026 at 22:18:59"
Q23,2,0.9975856662192453,degraded,2026-07-10T16:49:10.287915+00:00,"Run - Jul 10, 2026 at 22:18:59"
Q24,2,0.9975523422192454,degraded,2026-07-10T16:49:10.293914+00:00,"Run - Jul 10, 2026 at 22:18:59"
Q0,3,0.9983383285753886,degraded,2026-07-10T16:49:11.667935+00:00,"Run - Jul 10, 2026 at 22:18:59"
Q1,3,0.9983048425753887,degraded,2026-07-10T16:49:11.672927+00:00,"Run - Jul 10, 2026 at 22:18:59"
Q2,3,0.9982713565753887,degraded,2026-07-10T16:49:11.679933+00:00,"Run - Jul 10, 2026 at 22:18:59"
Q3,3,0.9982378705753887,degraded,2026-07-10T16:49:11.686932+00:00,"Run - Jul 10, 2026 at 22:18:59"
Q4,3,0.9982043845753887,degraded,2026-07-10T16:49:11.691475+00:00,"Run - Jul 10, 2026 at 22:18:59"
Q5,3,0.9981708985753888,degraded,2026-07-10T16:49:11.699212+00:00,"Run - Jul 10, 2026 at 22:18:59"
Q6,3,0.9981374125753887,degraded,2026-07-10T16:49:11.705206+00:00,"Run - Jul 10, 2026 at 22:18:59"
Q7,3,0.9981039265753888,degraded,2026-07-10T16:49:11.710217+00:00,"Run - Jul 10, 2026 at 22:18:59"
Q8,3,0.9980704405753886,degraded,2026-07-10T16:49:11.716225+00:00,"Run - Jul 10, 2026 at 22:18:59"
Q9,3,0.9980369545753888,degraded,2026-07-10T16:49:11.722222+00:00,"Run - Jul 10, 2026 at 22:18:59"
Q10,3,0.9980034685753887,degraded,2026-07-10T16:49:11.728240+00:00,"Run - Jul 10, 2026 at 22:18:59"
Q11,3,0.9979699825753887,degraded,2026-07-10T16:49:11.735763+00:00,"Run - Jul 10, 2026 at 22:18:59"
Q12,3,0.9979364965753887,degraded,2026-07-10T16:49:11.740896+00:00,"Run - Jul 10, 2026 at 22:18:59"
Q13,3,0.9979030105753888,degraded,2026-07-10T16:49:11.746897+00:00,"Run - Jul 10, 2026 at 22:18:59"
Q14,3,0.9978695245753887,degraded,2026-07-10T16:49:11.753898+00:00,"Run - Jul 10, 2026 at 22:18:59"
Q15,3,0.9978360385753886,degraded,2026-07-10T16:49:11.759897+00:00,"Run - Jul 10, 2026 at 22:18:59"
Q16,3,0.9978025525753887,degraded,2026-07-10T16:49:11.766907+00:00,"Run - Jul 10, 2026 at 22:18:59"
Q17,3,0.9977690665753887,degraded,2026-07-10T16:49:11.773680+00:00,"Run - Jul 10, 2026 at 22:18:59"
Q18,3,0.9977355805753887,degraded,2026-07-10T16:49:11.779682+00:00,"Run - Jul 10, 2026 at 22:18:59"
Q19,3,0.9977020945753887,degraded,2026-07-10T16:49:11.785739+00:00,"Run - Jul 10, 2026 at 22:18:59"
Q20,3,0.9976686085753887,degraded,2026-07-10T16:49:11.790739+00:00,"Run - Jul 10, 2026 at 22:18:59"
Q21,3,0.9976351225753888,degraded,2026-07-10T16:49:11.797739+00:00,"Run - Jul 10, 2026 at 22:18:59"
Q22,3,0.9976016365753887,degraded,2026-07-10T16:49:11.803440+00:00,"Run - Jul 10, 2026 at 22:18:59"
Q23,3,0.9975681505753888,degraded,2026-07-10T16:49:11.808439+00:00,"Run - Jul 10, 2026 at 22:18:59"
Q24,3,0.9975346645753886,degraded,2026-07-10T16:49:11.815447+00:00,"Run - Jul 10, 2026 at 22:18:59"
Q0,4,0.998324713651021,degraded,2026-07-10T16:49:13.585992+00:00,"Run - Jul 10, 2026 at 22:18:59"
Q1,4,0.9982910656510209,degraded,2026-07-10T16:49:13.594000+00:00,"Run - Jul 10, 2026 at 22:18:59"
Q2,4,0.9982574176510209,degraded,2026-07-10T16:49:13.623181+00:00,"Run - Jul 10, 2026 at 22:18:59"
Q3,4,0.998223769651021,degraded,2026-07-10T16:49:13.636756+00:00,"Run - Jul 10, 2026 at 22:18:59"
Q4,4,0.998190121651021,degraded,2026-07-10T16:49:13.645750+00:00,"Run - Jul 10, 2026 at 22:18:59"
Q5,4,0.998156473651021,degraded,2026-07-10T16:49:13.656301+00:00,"Run - Jul 10, 2026 at 22:18:59"
Q6,4,0.9981228256510208,degraded,2026-07-10T16:49:13.666005+00:00,"Run - Jul 10, 2026 at 22:18:59"
Q7,4,0.998089177651021,degraded,2026-07-10T16:49:13.674949+00:00,"Run - Jul 10, 2026 at 22:18:59"
Q8,4,0.998055529651021,degraded,2026-07-10T16:49:13.684953+00:00,"Run - Jul 10, 2026 at 22:18:59"
Q9,4,0.998021881651021,degraded,2026-07-10T16:49:13.693950+00:00,"Run - Jul 10, 2026 at 22:18:59"
Q10,4,0.9979882336510209,degraded,2026-07-10T16:49:13.703952+00:00,"Run - Jul 10, 2026 at 22:18:59"
Q11,4,0.997954585651021,degraded,2026-07-10T16:49:13.713945+00:00,"Run - Jul 10, 2026 at 22:18:59"
Q12,4,0.997920937651021,degraded,2026-07-10T16:49:13.722967+00:00,"Run - Jul 10, 2026 at 22:18:59"
Q13,4,0.9978872896510209,degraded,2026-07-10T16:49:13.732484+00:00,"Run - Jul 10, 2026 at 22:18:59"
Q14,4,0.9978536416510209,degraded,2026-07-10T16:49:13.741698+00:00,"Run - Jul 10, 2026 at 22:18:59"
Q15,4,0.997819993651021,degraded,2026-07-10T16:49:13.750704+00:00,"Run - Jul 10, 2026 at 22:18:59"
Q16,4,0.997786345651021,degraded,2026-07-10T16:49:13.760702+00:00,"Run - Jul 10, 2026 at 22:18:59"
Q17,4,0.9977526976510209,degraded,2026-07-10T16:49:13.769727+00:00,"Run - Jul 10, 2026 at 22:18:59"
Q18,4,0.997719049651021,degraded,2026-07-10T16:49:13.779411+00:00,"Run - Jul 10, 2026 at 22:18:59"
Q19,4,0.997685401651021,degraded,2026-07-10T16:49:13.788675+00:00,"Run - Jul 10, 2026 at 22:18:59"
Q20,4,0.997651753651021,degraded,2026-07-10T16:49:13.797678+00:00,"Run - Jul 10, 2026 at 22:18:59"
Q21,4,0.9976181056510209,degraded,2026-07-10T16:49:13.805681+00:00,"Run - Jul 10, 2026 at 22:18:59"
Q22,4,0.997584457651021,degraded,2026-07-10T16:49:13.815125+00:00,"Run - Jul 10, 2026 at 22:18:59"
Q23,4,0.9975508096510209,degraded,2026-07-10T16:49:13.823150+00:00,"Run - Jul 10, 2026 at 22:18:59"
Q24,4,0.997517161651021,degraded,2026-07-10T16:49:13.832669+00:00,"Run - Jul 10, 2026 at 22:18:59"
Q0,5,0.9983113320642529,degraded,2026-07-10T16:49:15.693203+00:00,"Run - Jul 10, 2026 at 22:18:59"
Q1,5,0.998277522064253,degraded,2026-07-10T16:49:15.705199+00:00,"Run - Jul 10, 2026 at 22:18:59"
Q2,5,0.9982437120642529,degraded,2026-07-10T16:49:15.716200+00:00,"Run - Jul 10, 2026 at 22:18:59"
Q3,5,0.998209902064253,degraded,2026-07-10T16:49:15.728219+00:00,"Run - Jul 10, 2026 at 22:18:59"
Q4,5,0.9981760920642528,degraded,2026-07-10T16:49:15.738845+00:00,"Run - Jul 10, 2026 at 22:18:59"
Q5,5,0.9981422820642528,degraded,2026-07-10T16:49:15.748455+00:00,"Run - Jul 10, 2026 at 22:18:59"
Q6,5,0.998108472064253,degraded,2026-07-10T16:49:15.760450+00:00,"Run - Jul 10, 2026 at 22:18:59"
Q7,5,0.9980746620642529,degraded,2026-07-10T16:49:15.770491+00:00,"Run - Jul 10, 2026 at 22:18:59"
Q8,5,0.998040852064253,degraded,2026-07-10T16:49:15.784199+00:00,"Run - Jul 10, 2026 at 22:18:59"
Q9,5,0.998007042064253,degraded,2026-07-10T16:49:16.016306+00:00,"Run - Jul 10, 2026 at 22:18:59"
Q10,5,0.9979732320642529,degraded,2026-07-10T16:49:16.032314+00:00,"Run - Jul 10, 2026 at 22:18:59"
Q11,5,0.9979394220642529,degraded,2026-07-10T16:49:16.046049+00:00,"Run - Jul 10, 2026 at 22:18:59"
Q12,5,0.9979056120642529,degraded,2026-07-10T16:49:16.056047+00:00,"Run - Jul 10, 2026 at 22:18:59"
Q13,5,0.9978718020642529,degraded,2026-07-10T16:49:16.067049+00:00,"Run - Jul 10, 2026 at 22:18:59"
Q14,5,0.9978379920642528,degraded,2026-07-10T16:49:16.077062+00:00,"Run - Jul 10, 2026 at 22:18:59"
Q15,5,0.9978041820642529,degraded,2026-07-10T16:49:16.087591+00:00,"Run - Jul 10, 2026 at 22:18:59"
Q16,5,0.9977703720642528,degraded,2026-07-10T16:49:16.100590+00:00,"Run - Jul 10, 2026 at 22:18:59"
Q17,5,0.9977365620642529,degraded,2026-07-10T16:49:16.114604+00:00,"Run - Jul 10, 2026 at 22:18:59"
Q18,5,0.997702752064253,degraded,2026-07-10T16:49:16.130727+00:00,"Run - Jul 10, 2026 at 22:18:59"
Q19,5,0.9976689420642528,degraded,2026-07-10T16:49:16.346973+00:00,"Run - Jul 10, 2026 at 22:18:59"
Q20,5,0.9976351320642529,degraded,2026-07-10T16:49:16.361898+00:00,"Run - Jul 10, 2026 at 22:18:59"
Q21,5,0.9976013220642529,degraded,2026-07-10T16:49:16.369895+00:00,"Run - Jul 10, 2026 at 22:18:59"
Q22,5,0.9975675120642529,degraded,2026-07-10T16:49:16.379895+00:00,"Run - Jul 10, 2026 at 22:18:59"
Q23,5,0.997533702064253,degraded,2026-07-10T16:49:16.388897+00:00,"Run - Jul 10, 2026 at 22:18:59"
Q24,5,0.9974998920642528,degraded,2026-07-10T16:49:16.396897+00:00,"Run - Jul 10, 2026 at 22:18:59"
Q0,6,0.9982982384816188,degraded,2026-07-10T16:49:18.080082+00:00,"Run - Jul 10, 2026 at 22:18:59"
Q1,6,0.9982642664816188,degraded,2026-07-10T16:49:18.087078+00:00,"Run - Jul 10, 2026 at 22:18:59"
Q2,6,0.9982302944816188,degraded,2026-07-10T16:49:18.092077+00:00,"Run - Jul 10, 2026 at 22:18:59"
Q3,6,0.9981963224816188,degraded,2026-07-10T16:49:18.098078+00:00,"Run - Jul 10, 2026 at 22:18:59"
Q4,6,0.9981623504816188,degraded,2026-07-10T16:49:18.105087+00:00,"Run - Jul 10, 2026 at 22:18:59"
Q5,6,0.9981283784816188,degraded,2026-07-10T16:49:18.112088+00:00,"Run - Jul 10, 2026 at 22:18:59"
Q6,6,0.9980944064816188,degraded,2026-07-10T16:49:18.119637+00:00,"Run - Jul 10, 2026 at 22:18:59"
Q7,6,0.9980604344816189,degraded,2026-07-10T16:49:18.125651+00:00,"Run - Jul 10, 2026 at 22:18:59"
Q8,6,0.9980264624816189,degraded,2026-07-10T16:49:18.133277+00:00,"Run - Jul 10, 2026 at 22:18:59"
Q9,6,0.9979924904816186,degraded,2026-07-10T16:49:18.139796+00:00,"Run - Jul 10, 2026 at 22:18:59"
Q10,6,0.9979585184816189,degraded,2026-07-10T16:49:18.147795+00:00,"Run - Jul 10, 2026 at 22:18:59"
Q11,6,0.9979245464816189,degraded,2026-07-10T16:49:18.154792+00:00,"Run - Jul 10, 2026 at 22:18:59"
Q12,6,0.9978905744816188,degraded,2026-07-10T16:49:18.161793+00:00,"Run - Jul 10, 2026 at 22:18:59"
Q13,6,0.9978566024816187,degraded,2026-07-10T16:49:18.168449+00:00,"Run - Jul 10, 2026 at 22:18:59"
Q14,6,0.9978226304816189,degraded,2026-07-10T16:49:18.174151+00:00,"Run - Jul 10, 2026 at 22:18:59"
Q15,6,0.9977886584816189,degraded,2026-07-10T16:49:18.181161+00:00,"Run - Jul 10, 2026 at 22:18:59"
Q16,6,0.9977546864816188,degraded,2026-07-10T16:49:18.188155+00:00,"Run - Jul 10, 2026 at 22:18:59"
Q17,6,0.9977207144816189,degraded,2026-07-10T16:49:18.195153+00:00,"Run - Jul 10, 2026 at 22:18:59"
Q18,6,0.9976867424816187,degraded,2026-07-10T16:49:18.201153+00:00,"Run - Jul 10, 2026 at 22:18:59"
Q19,6,0.9976527704816188,degraded,2026-07-10T16:49:18.209161+00:00,"Run - Jul 10, 2026 at 22:18:59"
Q20,6,0.9976187984816187,degraded,2026-07-10T16:49:18.216157+00:00,"Run - Jul 10, 2026 at 22:18:59"
Q21,6,0.9975848264816187,degraded,2026-07-10T16:49:18.222405+00:00,"Run - Jul 10, 2026 at 22:18:59"
Q22,6,0.9975508544816187,degraded,2026-07-10T16:49:18.230417+00:00,"Run - Jul 10, 2026 at 22:18:59"
Q23,6,0.9975168824816188,degraded,2026-07-10T16:49:18.237936+00:00,"Run - Jul 10, 2026 at 22:18:59"
Q24,6,0.9974829104816187,degraded,2026-07-10T16:49:18.244947+00:00,"Run - Jul 10, 2026 at 22:18:59"
Q0,7,0.9982854841293957,degraded,2026-07-10T16:49:20.042539+00:00,"Run - Jul 10, 2026 at 22:18:59"
Q1,7,0.9982513501293956,degraded,2026-07-10T16:49:20.051535+00:00,"Run - Jul 10, 2026 at 22:18:59"
Q2,7,0.9982172161293956,degraded,2026-07-10T16:49:20.058543+00:00,"Run - Jul 10, 2026 at 22:18:59"
Q3,7,0.9981830821293958,degraded,2026-07-10T16:49:20.067535+00:00,"Run - Jul 10, 2026 at 22:18:59"
Q4,7,0.9981489481293957,degraded,2026-07-10T16:49:20.074534+00:00,"Run - Jul 10, 2026 at 22:18:59"
Q5,7,0.9981148141293956,degraded,2026-07-10T16:49:20.084538+00:00,"Run - Jul 10, 2026 at 22:18:59"
Q6,7,0.9980806801293957,degraded,2026-07-10T16:49:20.093542+00:00,"Run - Jul 10, 2026 at 22:18:59"
Q7,7,0.9980465461293957,degraded,2026-07-10T16:49:20.102538+00:00,"Run - Jul 10, 2026 at 22:18:59"
Q8,7,0.9980124121293956,degraded,2026-07-10T16:49:20.111539+00:00,"Run - Jul 10, 2026 at 22:18:59"
Q9,7,0.9979782781293957,degraded,2026-07-10T16:49:20.120990+00:00,"Run - Jul 10, 2026 at 22:18:59"
Q10,7,0.9979441441293957,degraded,2026-07-10T16:49:20.131013+00:00,"Run - Jul 10, 2026 at 22:18:59"
Q11,7,0.9979100101293957,degraded,2026-07-10T16:49:20.138004+00:00,"Run - Jul 10, 2026 at 22:18:59"
Q12,7,0.9978758761293958,degraded,2026-07-10T16:49:20.147541+00:00,"Run - Jul 10, 2026 at 22:18:59"
Q13,7,0.9978417421293957,degraded,2026-07-10T16:49:20.154525+00:00,"Run - Jul 10, 2026 at 22:18:59"
Q14,7,0.9978076081293956,degraded,2026-07-10T16:49:20.163539+00:00,"Run - Jul 10, 2026 at 22:18:59"
Q15,7,0.9977734741293955,degraded,2026-07-10T16:49:20.171526+00:00,"Run - Jul 10, 2026 at 22:18:59"
Q16,7,0.9977393401293957,degraded,2026-07-10T16:49:20.181533+00:00,"Run - Jul 10, 2026 at 22:18:59"
Q17,7,0.9977052061293957,degraded,2026-07-10T16:49:20.188528+00:00,"Run - Jul 10, 2026 at 22:18:59"
Q18,7,0.9976710721293958,degraded,2026-07-10T16:49:20.197531+00:00,"Run - Jul 10, 2026 at 22:18:59"
Q19,7,0.9976369381293957,degraded,2026-07-10T16:49:20.204531+00:00,"Run - Jul 10, 2026 at 22:18:59"
Q20,7,0.9976028041293956,degraded,2026-07-10T16:49:20.213529+00:00,"Run - Jul 10, 2026 at 22:18:59"
Q21,7,0.9975686701293955,degraded,2026-07-10T16:49:20.221529+00:00,"Run - Jul 10, 2026 at 22:18:59"
Q22,7,0.9975345361293956,degraded,2026-07-10T16:49:20.231449+00:00,"Run - Jul 10, 2026 at 22:18:59"
Q23,7,0.9975004021293956,degraded,2026-07-10T16:49:20.239447+00:00,"Run - Jul 10, 2026 at 22:18:59"
Q24,7,0.9974662681293958,degraded,2026-07-10T16:49:20.249288+00:00,"Run - Jul 10, 2026 at 22:18:59"
Q0,8,0.9982731166736152,degraded,2026-07-10T16:49:22.275380+00:00,"Run - Jul 10, 2026 at 22:18:59"
Q1,8,0.9982388206736151,degraded,2026-07-10T16:49:22.284382+00:00,"Run - Jul 10, 2026 at 22:18:59"
Q2,8,0.9982045246736151,degraded,2026-07-10T16:49:22.291382+00:00,"Run - Jul 10, 2026 at 22:18:59"
Q3,8,0.9981702286736152,degraded,2026-07-10T16:49:22.300382+00:00,"Run - Jul 10, 2026 at 22:18:59"
Q4,8,0.9981359326736152,degraded,2026-07-10T16:49:22.308383+00:00,"Run - Jul 10, 2026 at 22:18:59"
Q5,8,0.9981016366736152,degraded,2026-07-10T16:49:22.317385+00:00,"Run - Jul 10, 2026 at 22:18:59"
Q6,8,0.9980673406736151,degraded,2026-07-10T16:49:22.325382+00:00,"Run - Jul 10, 2026 at 22:18:59"
Q7,8,0.9980330446736152,degraded,2026-07-10T16:49:22.334862+00:00,"Run - Jul 10, 2026 at 22:18:59"
Q8,8,0.9979987486736153,degraded,2026-07-10T16:49:22.342368+00:00,"Run - Jul 10, 2026 at 22:18:59"
Q9,8,0.9979644526736151,degraded,2026-07-10T16:49:22.350399+00:00,"Run - Jul 10, 2026 at 22:18:59"
Q10,8,0.9979301566736152,degraded,2026-07-10T16:49:22.358395+00:00,"Run - Jul 10, 2026 at 22:18:59"
Q11,8,0.9978958606736152,degraded,2026-07-10T16:49:22.367515+00:00,"Run - Jul 10, 2026 at 22:18:59"
Q12,8,0.9978615646736152,degraded,2026-07-10T16:49:22.374517+00:00,"Run - Jul 10, 2026 at 22:18:59"
Q13,8,0.9978272686736152,degraded,2026-07-10T16:49:22.383595+00:00,"Run - Jul 10, 2026 at 22:18:59"
Q14,8,0.9977929726736152,degraded,2026-07-10T16:49:22.390954+00:00,"Run - Jul 10, 2026 at 22:18:59"
Q15,8,0.9977586766736153,degraded,2026-07-10T16:49:22.399955+00:00,"Run - Jul 10, 2026 at 22:18:59"
Q16,8,0.9977243806736151,degraded,2026-07-10T16:49:22.406949+00:00,"Run - Jul 10, 2026 at 22:18:59"
Q17,8,0.9976900846736152,degraded,2026-07-10T16:49:22.415961+00:00,"Run - Jul 10, 2026 at 22:18:59"
Q18,8,0.9976557886736152,degraded,2026-07-10T16:49:22.422947+00:00,"Run - Jul 10, 2026 at 22:18:59"
Q19,8,0.9976214926736151,degraded,2026-07-10T16:49:22.431976+00:00,"Run - Jul 10, 2026 at 22:18:59"
Q20,8,0.9975871966736152,degraded,2026-07-10T16:49:22.439970+00:00,"Run - Jul 10, 2026 at 22:18:59"
Q21,8,0.9975529006736151,degraded,2026-07-10T16:49:22.449128+00:00,"Run - Jul 10, 2026 at 22:18:59"
Q22,8,0.9975186046736151,degraded,2026-07-10T16:49:22.457123+00:00,"Run - Jul 10, 2026 at 22:18:59"
Q23,8,0.9974843086736151,degraded,2026-07-10T16:49:22.466126+00:00,"Run - Jul 10, 2026 at 22:18:59"
Q24,8,0.9974500126736151,degraded,2026-07-10T16:49:22.474659+00:00,"Run - Jul 10, 2026 at 22:18:59"
Q0,9,0.998261179753035,degraded,2026-07-10T16:49:24.304737+00:00,"Run - Jul 10, 2026 at 22:18:59"
Q1,9,0.998226721753035,degraded,2026-07-10T16:49:24.311740+00:00,"Run - Jul 10, 2026 at 22:18:59"
Q2,9,0.9981922637530348,degraded,2026-07-10T16:49:24.317950+00:00,"Run - Jul 10, 2026 at 22:18:59"
Q3,9,0.9981578057530349,degraded,2026-07-10T16:49:24.324966+00:00,"Run - Jul 10, 2026 at 22:18:59"
Q4,9,0.9981233477530349,degraded,2026-07-10T16:49:24.330981+00:00,"Run - Jul 10, 2026 at 22:18:59"
Q5,9,0.9980888897530349,degraded,2026-07-10T16:49:24.336980+00:00,"Run - Jul 10, 2026 at 22:18:59"
Q6,9,0.9980544317530349,degraded,2026-07-10T16:49:24.343502+00:00,"Run - Jul 10, 2026 at 22:18:59"
Q7,9,0.9980199737530349,degraded,2026-07-10T16:49:24.349512+00:00,"Run - Jul 10, 2026 at 22:18:59"
Q8,9,0.997985515753035,degraded,2026-07-10T16:49:24.355531+00:00,"Run - Jul 10, 2026 at 22:18:59"
Q9,9,0.997951057753035,degraded,2026-07-10T16:49:24.362531+00:00,"Run - Jul 10, 2026 at 22:18:59"
Q10,9,0.997916599753035,degraded,2026-07-10T16:49:24.369045+00:00,"Run - Jul 10, 2026 at 22:18:59"
Q11,9,0.997882141753035,degraded,2026-07-10T16:49:24.374767+00:00,"Run - Jul 10, 2026 at 22:18:59"
Q12,9,0.997847683753035,degraded,2026-07-10T16:49:24.380772+00:00,"Run - Jul 10, 2026 at 22:18:59"
Q13,9,0.997813225753035,degraded,2026-07-10T16:49:24.386955+00:00,"Run - Jul 10, 2026 at 22:18:59"
Q14,9,0.997778767753035,degraded,2026-07-10T16:49:24.394952+00:00,"Run - Jul 10, 2026 at 22:18:59"
Q15,9,0.997744309753035,degraded,2026-07-10T16:49:24.399950+00:00,"Run - Jul 10, 2026 at 22:18:59"
Q16,9,0.997709851753035,degraded,2026-07-10T16:49:24.406958+00:00,"Run - Jul 10, 2026 at 22:18:59"
Q17,9,0.9976753937530349,degraded,2026-07-10T16:49:24.414468+00:00,"Run - Jul 10, 2026 at 22:18:59"
Q18,9,0.9976409357530349,degraded,2026-07-10T16:49:24.421466+00:00,"Run - Jul 10, 2026 at 22:18:59"
Q19,9,0.9976064777530349,degraded,2026-07-10T16:49:24.428471+00:00,"Run - Jul 10, 2026 at 22:18:59"
Q20,9,0.9975720197530349,degraded,2026-07-10T16:49:24.434490+00:00,"Run - Jul 10, 2026 at 22:18:59"
Q21,9,0.9975375617530349,degraded,2026-07-10T16:49:24.442486+00:00,"Run - Jul 10, 2026 at 22:18:59"
Q22,9,0.9975031037530349,degraded,2026-07-10T16:49:24.449037+00:00,"Run - Jul 10, 2026 at 22:18:59"
Q23,9,0.997468645753035,degraded,2026-07-10T16:49:24.456031+00:00,"Run - Jul 10, 2026 at 22:18:59"
Q24,9,0.9974341877530349,degraded,2026-07-10T16:49:24.463029+00:00,"Run - Jul 10, 2026 at 22:18:59"
Q0,10,0.9982497108899249,degraded,2026-07-10T16:49:26.260284+00:00,"Run - Jul 10, 2026 at 22:18:59"
Q1,10,0.998215090889925,degraded,2026-07-10T16:49:26.269298+00:00,"Run - Jul 10, 2026 at 22:18:59"
Q2,10,0.998180470889925,degraded,2026-07-10T16:49:26.279275+00:00,"Run - Jul 10, 2026 at 22:18:59"
Q3,10,0.998145850889925,degraded,2026-07-10T16:49:26.287277+00:00,"Run - Jul 10, 2026 at 22:18:59"
Q4,10,0.9981112308899249,degraded,2026-07-10T16:49:26.297275+00:00,"Run - Jul 10, 2026 at 22:18:59"
Q5,10,0.998076610889925,degraded,2026-07-10T16:49:26.306274+00:00,"Run - Jul 10, 2026 at 22:18:59"
Q6,10,0.998041990889925,degraded,2026-07-10T16:49:26.315274+00:00,"Run - Jul 10, 2026 at 22:18:59"
Q7,10,0.9980073708899249,degraded,2026-07-10T16:49:26.325286+00:00,"Run - Jul 10, 2026 at 22:18:59"
Q8,10,0.997972750889925,degraded,2026-07-10T16:49:26.333882+00:00,"Run - Jul 10, 2026 at 22:18:59"
Q9,10,0.9979381308899251,degraded,2026-07-10T16:49:26.344396+00:00,"Run - Jul 10, 2026 at 22:18:59"
Q10,10,0.997903510889925,degraded,2026-07-10T16:49:26.352417+00:00,"Run - Jul 10, 2026 at 22:18:59"
Q11,10,0.9978688908899249,degraded,2026-07-10T16:49:26.362428+00:00,"Run - Jul 10, 2026 at 22:18:59"
Q12,10,0.9978342708899249,degraded,2026-07-10T16:49:26.371434+00:00,"Run - Jul 10, 2026 at 22:18:59"
Q13,10,0.997799650889925,degraded,2026-07-10T16:49:26.379846+00:00,"Run - Jul 10, 2026 at 22:18:59"
Q14,10,0.997765030889925,degraded,2026-07-10T16:49:26.388846+00:00,"Run - Jul 10, 2026 at 22:18:59"
Q15,10,0.997730410889925,degraded,2026-07-10T16:49:26.397847+00:00,"Run - Jul 10, 2026 at 22:18:59"
Q16,10,0.997695790889925,degraded,2026-07-10T16:49:26.408078+00:00,"Run - Jul 10, 2026 at 22:18:59"
Q17,10,0.997661170889925,degraded,2026-07-10T16:49:26.417078+00:00,"Run - Jul 10, 2026 at 22:18:59"
Q18,10,0.9976265508899249,degraded,2026-07-10T16:49:26.427079+00:00,"Run - Jul 10, 2026 at 22:18:59"
Q19,10,0.997591930889925,degraded,2026-07-10T16:49:26.436959+00:00,"Run - Jul 10, 2026 at 22:18:59"
Q20,10,0.9975573108899249,degraded,2026-07-10T16:49:26.446489+00:00,"Run - Jul 10, 2026 at 22:18:59"
Q21,10,0.9975226908899251,degraded,2026-07-10T16:49:26.454491+00:00,"Run - Jul 10, 2026 at 22:18:59"
Q22,10,0.997488070889925,degraded,2026-07-10T16:49:26.463493+00:00,"Run - Jul 10, 2026 at 22:18:59"
Q23,10,0.997453450889925,degraded,2026-07-10T16:49:26.472494+00:00,"Run - Jul 10, 2026 at 22:18:59"
Q24,10,0.997418830889925,degraded,2026-07-10T16:49:26.482496+00:00,"Run - Jul 10, 2026 at 22:18:59"
Q0,11,0.998238745432387,degraded,2026-07-10T16:49:28.798849+00:00,"Run - Jul 10, 2026 at 22:18:59"
Q1,11,0.9982039634323869,degraded,2026-07-10T16:49:28.806848+00:00,"Run - Jul 10, 2026 at 22:18:59"
Q2,11,0.998169181432387,degraded,2026-07-10T16:49:28.817843+00:00,"Run - Jul 10, 2026 at 22:18:59"
Q3,11,0.998134399432387,degraded,2026-07-10T16:49:28.826848+00:00,"Run - Jul 10, 2026 at 22:18:59"
Q4,11,0.9980996174323871,degraded,2026-07-10T16:49:28.837422+00:00,"Run - Jul 10, 2026 at 22:18:59"
Q5,11,0.9980648354323869,degraded,2026-07-10T16:49:28.847697+00:00,"Run - Jul 10, 2026 at 22:18:59"
Q6,11,0.998030053432387,degraded,2026-07-10T16:49:28.857697+00:00,"Run - Jul 10, 2026 at 22:18:59"
Q7,11,0.997995271432387,degraded,2026-07-10T16:49:28.867710+00:00,"Run - Jul 10, 2026 at 22:18:59"
Q8,11,0.997960489432387,degraded,2026-07-10T16:49:28.875716+00:00,"Run - Jul 10, 2026 at 22:18:59"
Q9,11,0.9979257074323871,degraded,2026-07-10T16:49:28.885320+00:00,"Run - Jul 10, 2026 at 22:18:59"
Q10,11,0.9978909254323871,degraded,2026-07-10T16:49:28.895321+00:00,"Run - Jul 10, 2026 at 22:18:59"
Q11,11,0.9978561434323869,degraded,2026-07-10T16:49:28.903317+00:00,"Run - Jul 10, 2026 at 22:18:59"
Q12,11,0.997821361432387,degraded,2026-07-10T16:49:28.912317+00:00,"Run - Jul 10, 2026 at 22:18:59"
Q13,11,0.997786579432387,degraded,2026-07-10T16:49:28.921321+00:00,"Run - Jul 10, 2026 at 22:18:59"
Q14,11,0.9977517974323871,degraded,2026-07-10T16:49:28.931321+00:00,"Run - Jul 10, 2026 at 22:18:59"
Q15,11,0.997717015432387,degraded,2026-07-10T16:49:28.940335+00:00,"Run - Jul 10, 2026 at 22:18:59"
Q16,11,0.9976822334323869,degraded,2026-07-10T16:49:28.950733+00:00,"Run - Jul 10, 2026 at 22:18:59"
Q17,11,0.997647451432387,degraded,2026-07-10T16:49:28.960736+00:00,"Run - Jul 10, 2026 at 22:18:59"
Q18,11,0.997612669432387,degraded,2026-07-10T16:49:28.969725+00:00,"Run - Jul 10, 2026 at 22:18:59"
Q19,11,0.997577887432387,degraded,2026-07-10T16:49:28.978729+00:00,"Run - Jul 10, 2026 at 22:18:59"
Q20,11,0.997543105432387,degraded,2026-07-10T16:49:28.988723+00:00,"Run - Jul 10, 2026 at 22:18:59"
Q21,11,0.997508323432387,degraded,2026-07-10T16:49:28.999727+00:00,"Run - Jul 10, 2026 at 22:18:59"
Q22,11,0.997473541432387,degraded,2026-07-10T16:49:29.010734+00:00,"Run - Jul 10, 2026 at 22:18:59"
Q23,11,0.997438759432387,degraded,2026-07-10T16:49:29.021731+00:00,"Run - Jul 10, 2026 at 22:18:59"
Q24,11,0.9974039774323871,degraded,2026-07-10T16:49:29.032750+00:00,"Run - Jul 10, 2026 at 22:18:59"
Q0,12,0.9982283147743312,degraded,2026-07-10T16:49:31.361239+00:00,"Run - Jul 10, 2026 at 22:18:59"
Q1,12,0.998193370774331,degraded,2026-07-10T16:49:31.369747+00:00,"Run - Jul 10, 2026 at 22:18:59"
Q2,12,0.9981584267743311,degraded,2026-07-10T16:49:31.378753+00:00,"Run - Jul 10, 2026 at 22:18:59"
Q3,12,0.998123482774331,degraded,2026-07-10T16:49:31.385752+00:00,"Run - Jul 10, 2026 at 22:18:59"
Q4,12,0.998088538774331,degraded,2026-07-10T16:49:31.393853+00:00,"Run - Jul 10, 2026 at 22:18:59"
Q5,12,0.9980535947743312,degraded,2026-07-10T16:49:31.401853+00:00,"Run - Jul 10, 2026 at 22:18:59"
Q6,12,0.9980186507743312,degraded,2026-07-10T16:49:31.409855+00:00,"Run - Jul 10, 2026 at 22:18:59"
Q7,12,0.9979837067743311,degraded,2026-07-10T16:49:31.416854+00:00,"Run - Jul 10, 2026 at 22:18:59"
Q8,12,0.9979487627743311,degraded,2026-07-10T16:49:31.423858+00:00,"Run - Jul 10, 2026 at 22:18:59"
Q9,12,0.997913818774331,degraded,2026-07-10T16:49:31.432378+00:00,"Run - Jul 10, 2026 at 22:18:59"
Q10,12,0.9978788747743311,degraded,2026-07-10T16:49:31.439309+00:00,"Run - Jul 10, 2026 at 22:18:59"
Q11,12,0.9978439307743311,degraded,2026-07-10T16:49:31.447317+00:00,"Run - Jul 10, 2026 at 22:18:59"
Q12,12,0.997808986774331,degraded,2026-07-10T16:49:31.453829+00:00,"Run - Jul 10, 2026 at 22:18:59"
Q13,12,0.9977740427743311,degraded,2026-07-10T16:49:31.462832+00:00,"Run - Jul 10, 2026 at 22:18:59"
Q14,12,0.9977390987743311,degraded,2026-07-10T16:49:31.470164+00:00,"Run - Jul 10, 2026 at 22:18:59"
Q15,12,0.997704154774331,degraded,2026-07-10T16:49:31.477975+00:00,"Run - Jul 10, 2026 at 22:18:59"
Q16,12,0.997669210774331,degraded,2026-07-10T16:49:31.485072+00:00,"Run - Jul 10, 2026 at 22:18:59"
Q17,12,0.997634266774331,degraded,2026-07-10T16:49:31.491498+00:00,"Run - Jul 10, 2026 at 22:18:59"
Q18,12,0.9975993227743312,degraded,2026-07-10T16:49:31.498496+00:00,"Run - Jul 10, 2026 at 22:18:59"
Q19,12,0.9975643787743311,degraded,2026-07-10T16:49:31.505494+00:00,"Run - Jul 10, 2026 at 22:18:59"
Q20,12,0.9975294347743311,degraded,2026-07-10T16:49:31.513494+00:00,"Run - Jul 10, 2026 at 22:18:59"
Q21,12,0.9974944907743312,degraded,2026-07-10T16:49:31.519491+00:00,"Run - Jul 10, 2026 at 22:18:59"
Q22,12,0.997459546774331,degraded,2026-07-10T16:49:31.526494+00:00,"Run - Jul 10, 2026 at 22:18:59"
Q23,12,0.9974246027743311,degraded,2026-07-10T16:49:31.533496+00:00,"Run - Jul 10, 2026 at 22:18:59"
Q24,12,0.9973896587743311,degraded,2026-07-10T16:49:31.540501+00:00,"Run - Jul 10, 2026 at 22:18:59"
Q0,13,0.998218443579112,degraded,2026-07-10T16:49:33.746092+00:00,"Run - Jul 10, 2026 at 22:18:59"
Q1,13,0.9981833375791122,degraded,2026-07-10T16:49:33.755637+00:00,"Run - Jul 10, 2026 at 22:18:59"
Q2,13,0.998148231579112,degraded,2026-07-10T16:49:33.765631+00:00,"Run - Jul 10, 2026 at 22:18:59"
Q3,13,0.9981131255791121,degraded,2026-07-10T16:49:33.775839+00:00,"Run - Jul 10, 2026 at 22:18:59"
Q4,13,0.998078019579112,degraded,2026-07-10T16:49:33.785859+00:00,"Run - Jul 10, 2026 at 22:18:59"
Q5,13,0.9980429135791121,degraded,2026-07-10T16:49:33.795761+00:00,"Run - Jul 10, 2026 at 22:18:59"
Q6,13,0.998007807579112,degraded,2026-07-10T16:49:33.806241+00:00,"Run - Jul 10, 2026 at 22:18:59"
Q7,13,0.9979727015791122,degraded,2026-07-10T16:49:33.816244+00:00,"Run - Jul 10, 2026 at 22:18:59"
Q8,13,0.9979375955791121,degraded,2026-07-10T16:49:33.826237+00:00,"Run - Jul 10, 2026 at 22:18:59"
Q9,13,0.9979024895791122,degraded,2026-07-10T16:49:33.835239+00:00,"Run - Jul 10, 2026 at 22:18:59"
Q10,13,0.9978673835791121,degraded,2026-07-10T16:49:33.845254+00:00,"Run - Jul 10, 2026 at 22:18:59"
Q11,13,0.9978322775791122,degraded,2026-07-10T16:49:33.854794+00:00,"Run - Jul 10, 2026 at 22:18:59"
Q12,13,0.9977971715791121,degraded,2026-07-10T16:49:33.864796+00:00,"Run - Jul 10, 2026 at 22:18:59"
Q13,13,0.9977620655791122,degraded,2026-07-10T16:49:33.874795+00:00,"Run - Jul 10, 2026 at 22:18:59"
Q14,13,0.9977269595791121,degraded,2026-07-10T16:49:33.884817+00:00,"Run - Jul 10, 2026 at 22:18:59"
Q15,13,0.9976918535791122,degraded,2026-07-10T16:49:33.895456+00:00,"Run - Jul 10, 2026 at 22:18:59"
Q16,13,0.997656747579112,degraded,2026-07-10T16:49:33.903455+00:00,"Run - Jul 10, 2026 at 22:18:59"
Q17,13,0.9976216415791122,degraded,2026-07-10T16:49:33.913455+00:00,"Run - Jul 10, 2026 at 22:18:59"
Q18,13,0.997586535579112,degraded,2026-07-10T16:49:33.923458+00:00,"Run - Jul 10, 2026 at 22:18:59"
Q19,13,0.9975514295791121,degraded,2026-07-10T16:49:33.933458+00:00,"Run - Jul 10, 2026 at 22:18:59"
Q20,13,0.997516323579112,degraded,2026-07-10T16:49:33.944470+00:00,"Run - Jul 10, 2026 at 22:18:59"
Q21,13,0.9974812175791121,degraded,2026-07-10T16:49:33.952998+00:00,"Run - Jul 10, 2026 at 22:18:59"
Q22,13,0.997446111579112,degraded,2026-07-10T16:49:33.963015+00:00,"Run - Jul 10, 2026 at 22:18:59"
Q23,13,0.9974110055791121,degraded,2026-07-10T16:49:33.972017+00:00,"Run - Jul 10, 2026 at 22:18:59"
Q24,13,0.9973758995791121,degraded,2026-07-10T16:49:33.982035+00:00,"Run - Jul 10, 2026 at 22:18:59"
Q0,14,0.9982091507544939,degraded,2026-07-10T16:49:36.430839+00:00,"Run - Jul 10, 2026 at 22:18:59"
Q1,14,0.9981738827544939,degraded,2026-07-10T16:49:36.437828+00:00,"Run - Jul 10, 2026 at 22:18:59"
Q2,14,0.9981386147544938,degraded,2026-07-10T16:49:36.447851+00:00,"Run - Jul 10, 2026 at 22:18:59"
Q3,14,0.998103346754494,degraded,2026-07-10T16:49:36.457382+00:00,"Run - Jul 10, 2026 at 22:18:59"
Q4,14,0.9980680787544939,degraded,2026-07-10T16:49:36.466718+00:00,"Run - Jul 10, 2026 at 22:18:59"
Q5,14,0.9980328107544939,degraded,2026-07-10T16:49:36.475328+00:00,"Run - Jul 10, 2026 at 22:18:59"
Q6,14,0.9979975427544939,degraded,2026-07-10T16:49:36.483151+00:00,"Run - Jul 10, 2026 at 22:18:59"
Q7,14,0.9979622747544938,degraded,2026-07-10T16:49:36.491164+00:00,"Run - Jul 10, 2026 at 22:18:59"
Q8,14,0.997927006754494,degraded,2026-07-10T16:49:36.500152+00:00,"Run - Jul 10, 2026 at 22:18:59"
Q9,14,0.9978917387544939,degraded,2026-07-10T16:49:36.508163+00:00,"Run - Jul 10, 2026 at 22:18:59"
Q10,14,0.9978564707544939,degraded,2026-07-10T16:49:36.517152+00:00,"Run - Jul 10, 2026 at 22:18:59"
Q11,14,0.9978212027544939,degraded,2026-07-10T16:49:36.526156+00:00,"Run - Jul 10, 2026 at 22:18:59"
Q12,14,0.997785934754494,degraded,2026-07-10T16:49:36.535155+00:00,"Run - Jul 10, 2026 at 22:18:59"
Q13,14,0.997750666754494,degraded,2026-07-10T16:49:36.544181+00:00,"Run - Jul 10, 2026 at 22:18:59"
Q14,14,0.9977153987544939,degraded,2026-07-10T16:49:36.553170+00:00,"Run - Jul 10, 2026 at 22:18:59"
Q15,14,0.9976801307544939,degraded,2026-07-10T16:49:36.563705+00:00,"Run - Jul 10, 2026 at 22:18:59"
Q16,14,0.9976448627544939,degraded,2026-07-10T16:49:36.574859+00:00,"Run - Jul 10, 2026 at 22:18:59"
Q17,14,0.9976095947544938,degraded,2026-07-10T16:49:36.584837+00:00,"Run - Jul 10, 2026 at 22:18:59"
Q18,14,0.997574326754494,degraded,2026-07-10T16:49:36.595847+00:00,"Run - Jul 10, 2026 at 22:18:59"
Q19,14,0.9975390587544939,degraded,2026-07-10T16:49:36.605832+00:00,"Run - Jul 10, 2026 at 22:18:59"
Q20,14,0.997503790754494,degraded,2026-07-10T16:49:36.616833+00:00,"Run - Jul 10, 2026 at 22:18:59"
Q21,14,0.9974685227544939,degraded,2026-07-10T16:49:36.625841+00:00,"Run - Jul 10, 2026 at 22:18:59"
Q22,14,0.997433254754494,degraded,2026-07-10T16:49:36.634843+00:00,"Run - Jul 10, 2026 at 22:18:59"
Q23,14,0.997397986754494,degraded,2026-07-10T16:49:36.643847+00:00,"Run - Jul 10, 2026 at 22:18:59"
Q24,14,0.9973627187544939,degraded,2026-07-10T16:49:36.652385+00:00,"Run - Jul 10, 2026 at 22:18:59"
Q0,15,0.9982004492608978,degraded,2026-07-10T16:49:38.796373+00:00,"Run - Jul 10, 2026 at 22:18:59"
Q1,15,0.9981650192608977,degraded,2026-07-10T16:49:38.802371+00:00,"Run - Jul 10, 2026 at 22:18:59"
Q2,15,0.9981295892608979,degraded,2026-07-10T16:49:38.809965+00:00,"Run - Jul 10, 2026 at 22:18:59"
Q3,15,0.9980941592608978,degraded,2026-07-10T16:49:38.819963+00:00,"Run - Jul 10, 2026 at 22:18:59"
Q4,15,0.9980587292608978,degraded,2026-07-10T16:49:38.828124+00:00,"Run - Jul 10, 2026 at 22:18:59"
Q5,15,0.9980232992608977,degraded,2026-07-10T16:49:38.835447+00:00,"Run - Jul 10, 2026 at 22:18:59"
Q6,15,0.9979878692608979,degraded,2026-07-10T16:49:38.844096+00:00,"Run - Jul 10, 2026 at 22:18:59"
Q7,15,0.9979524392608978,degraded,2026-07-10T16:49:38.851097+00:00,"Run - Jul 10, 2026 at 22:18:59"
Q8,15,0.9979170092608978,degraded,2026-07-10T16:49:38.858431+00:00,"Run - Jul 10, 2026 at 22:18:59"
Q9,15,0.9978815792608979,degraded,2026-07-10T16:49:38.865435+00:00,"Run - Jul 10, 2026 at 22:18:59"
Q10,15,0.9978461492608979,degraded,2026-07-10T16:49:38.872432+00:00,"Run - Jul 10, 2026 at 22:18:59"
Q11,15,0.9978107192608978,degraded,2026-07-10T16:49:38.880433+00:00,"Run - Jul 10, 2026 at 22:18:59"
Q12,15,0.9977752892608978,degraded,2026-07-10T16:49:38.886430+00:00,"Run - Jul 10, 2026 at 22:18:59"
Q13,15,0.9977398592608979,degraded,2026-07-10T16:49:38.895442+00:00,"Run - Jul 10, 2026 at 22:18:59"
Q14,15,0.9977044292608978,degraded,2026-07-10T16:49:38.902441+00:00,"Run - Jul 10, 2026 at 22:18:59"
Q15,15,0.9976689992608978,degraded,2026-07-10T16:49:38.909074+00:00,"Run - Jul 10, 2026 at 22:18:59"
Q16,15,0.9976335692608979,degraded,2026-07-10T16:49:38.917074+00:00,"Run - Jul 10, 2026 at 22:18:59"
Q17,15,0.9975981392608978,degraded,2026-07-10T16:49:38.924074+00:00,"Run - Jul 10, 2026 at 22:18:59"
Q18,15,0.9975627092608977,degraded,2026-07-10T16:49:38.933075+00:00,"Run - Jul 10, 2026 at 22:18:59"
Q19,15,0.9975272792608978,degraded,2026-07-10T16:49:38.940074+00:00,"Run - Jul 10, 2026 at 22:18:59"
Q20,15,0.9974918492608978,degraded,2026-07-10T16:49:38.949473+00:00,"Run - Jul 10, 2026 at 22:18:59"
Q21,15,0.9974564192608978,degraded,2026-07-10T16:49:38.957022+00:00,"Run - Jul 10, 2026 at 22:18:59"
Q22,15,0.9974209892608978,degraded,2026-07-10T16:49:38.963552+00:00,"Run - Jul 10, 2026 at 22:18:59"
Q23,15,0.9973855592608978,degraded,2026-07-10T16:49:38.971549+00:00,"Run - Jul 10, 2026 at 22:18:59"
Q24,15,0.9973501292608977,degraded,2026-07-10T16:49:38.979553+00:00,"Run - Jul 10, 2026 at 22:18:59"
Q0,16,0.9981923451473174,degraded,2026-07-10T16:49:41.302337+00:00,"Run - Jul 10, 2026 at 22:18:59"
Q1,16,0.9981567531473174,degraded,2026-07-10T16:49:41.310340+00:00,"Run - Jul 10, 2026 at 22:18:59"
Q2,16,0.9981211611473173,degraded,2026-07-10T16:49:41.318336+00:00,"Run - Jul 10, 2026 at 22:18:59"
Q3,16,0.9980855691473174,degraded,2026-07-10T16:49:41.327342+00:00,"Run - Jul 10, 2026 at 22:18:59"
Q4,16,0.9980499771473175,degraded,2026-07-10T16:49:41.336230+00:00,"Run - Jul 10, 2026 at 22:18:59"
Q5,16,0.9980143851473174,degraded,2026-07-10T16:49:41.345356+00:00,"Run - Jul 10, 2026 at 22:18:59"
Q6,16,0.9979787931473174,degraded,2026-07-10T16:49:41.353353+00:00,"Run - Jul 10, 2026 at 22:18:59"
Q7,16,0.9979432011473174,degraded,2026-07-10T16:49:41.362840+00:00,"Run - Jul 10, 2026 at 22:18:59"
Q8,16,0.9979076091473175,degraded,2026-07-10T16:49:41.369837+00:00,"Run - Jul 10, 2026 at 22:18:59"
Q9,16,0.9978720171473174,degraded,2026-07-10T16:49:41.378842+00:00,"Run - Jul 10, 2026 at 22:18:59"
Q10,16,0.9978364251473175,degraded,2026-07-10T16:49:41.386839+00:00,"Run - Jul 10, 2026 at 22:18:59"
Q11,16,0.9978008331473174,degraded,2026-07-10T16:49:41.395855+00:00,"Run - Jul 10, 2026 at 22:18:59"
Q12,16,0.9977652411473173,degraded,2026-07-10T16:49:41.402854+00:00,"Run - Jul 10, 2026 at 22:18:59"
Q13,16,0.9977296491473173,degraded,2026-07-10T16:49:41.412558+00:00,"Run - Jul 10, 2026 at 22:18:59"
Q14,16,0.9976940571473174,degraded,2026-07-10T16:49:41.420553+00:00,"Run - Jul 10, 2026 at 22:18:59"
Q15,16,0.9976584651473175,degraded,2026-07-10T16:49:41.430560+00:00,"Run - Jul 10, 2026 at 22:18:59"
Q16,16,0.9976228731473173,degraded,2026-07-10T16:49:41.439555+00:00,"Run - Jul 10, 2026 at 22:18:59"
Q17,16,0.9975872811473174,degraded,2026-07-10T16:49:41.449578+00:00,"Run - Jul 10, 2026 at 22:18:59"
Q18,16,0.9975516891473173,degraded,2026-07-10T16:49:41.458570+00:00,"Run - Jul 10, 2026 at 22:18:59"
Q19,16,0.9975160971473174,degraded,2026-07-10T16:49:41.469035+00:00,"Run - Jul 10, 2026 at 22:18:59"
Q20,16,0.9974805051473175,degraded,2026-07-10T16:49:41.480041+00:00,"Run - Jul 10, 2026 at 22:18:59"
Q21,16,0.9974449131473174,degraded,2026-07-10T16:49:41.491033+00:00,"Run - Jul 10, 2026 at 22:18:59"
Q22,16,0.9974093211473174,degraded,2026-07-10T16:49:41.501036+00:00,"Run - Jul 10, 2026 at 22:18:59"
Q23,16,0.9973737291473173,degraded,2026-07-10T16:49:41.511332+00:00,"Run - Jul 10, 2026 at 22:18:59"
Q24,16,0.9973381371473173,degraded,2026-07-10T16:49:41.521330+00:00,"Run - Jul 10, 2026 at 22:18:59"
Q0,17,0.9981848383053371,degraded,2026-07-10T16:49:44.279786+00:00,"Run - Jul 10, 2026 at 22:18:59"
Q1,17,0.9981490843053371,degraded,2026-07-10T16:49:44.290784+00:00,"Run - Jul 10, 2026 at 22:18:59"
Q2,17,0.9981133303053371,degraded,2026-07-10T16:49:44.299785+00:00,"Run - Jul 10, 2026 at 22:18:59"
Q3,17,0.9980775763053371,degraded,2026-07-10T16:49:44.310787+00:00,"Run - Jul 10, 2026 at 22:18:59"
Q4,17,0.9980418223053371,degraded,2026-07-10T16:49:44.321795+00:00,"Run - Jul 10, 2026 at 22:18:59"
Q5,17,0.9980060683053371,degraded,2026-07-10T16:49:44.332327+00:00,"Run - Jul 10, 2026 at 22:18:59"
Q6,17,0.9979703143053371,degraded,2026-07-10T16:49:44.343348+00:00,"Run - Jul 10, 2026 at 22:18:59"
Q7,17,0.9979345603053371,degraded,2026-07-10T16:49:44.352354+00:00,"Run - Jul 10, 2026 at 22:18:59"
Q8,17,0.9978988063053372,degraded,2026-07-10T16:49:44.363868+00:00,"Run - Jul 10, 2026 at 22:18:59"
Q9,17,0.9978630523053371,degraded,2026-07-10T16:49:44.372881+00:00,"Run - Jul 10, 2026 at 22:18:59"
Q10,17,0.9978272983053371,degraded,2026-07-10T16:49:44.382878+00:00,"Run - Jul 10, 2026 at 22:18:59"
Q11,17,0.9977915443053371,degraded,2026-07-10T16:49:44.391882+00:00,"Run - Jul 10, 2026 at 22:18:59"
Q12,17,0.9977557903053371,degraded,2026-07-10T16:49:44.401890+00:00,"Run - Jul 10, 2026 at 22:18:59"
Q13,17,0.9977200363053371,degraded,2026-07-10T16:49:44.413889+00:00,"Run - Jul 10, 2026 at 22:18:59"
Q14,17,0.9976842823053371,degraded,2026-07-10T16:49:44.423868+00:00,"Run - Jul 10, 2026 at 22:18:59"
Q15,17,0.9976485283053371,degraded,2026-07-10T16:49:44.433549+00:00,"Run - Jul 10, 2026 at 22:18:59"
Q16,17,0.9976127743053371,degraded,2026-07-10T16:49:44.444564+00:00,"Run - Jul 10, 2026 at 22:18:59"
Q17,17,0.9975770203053371,degraded,2026-07-10T16:49:44.454568+00:00,"Run - Jul 10, 2026 at 22:18:59"
Q18,17,0.9975412663053371,degraded,2026-07-10T16:49:44.465093+00:00,"Run - Jul 10, 2026 at 22:18:59"
Q19,17,0.9975055123053372,degraded,2026-07-10T16:49:44.476577+00:00,"Run - Jul 10, 2026 at 22:18:59"
Q20,17,0.9974697583053371,degraded,2026-07-10T16:49:44.486574+00:00,"Run - Jul 10, 2026 at 22:18:59"
Q21,17,0.9974340043053371,degraded,2026-07-10T16:49:44.497575+00:00,"Run - Jul 10, 2026 at 22:18:59"
Q22,17,0.9973982503053371,degraded,2026-07-10T16:49:44.509575+00:00,"Run - Jul 10, 2026 at 22:18:59"
Q23,17,0.9973624963053371,degraded,2026-07-10T16:49:44.520719+00:00,"Run - Jul 10, 2026 at 22:18:59"
Q24,17,0.9973267423053371,degraded,2026-07-10T16:49:44.531720+00:00,"Run - Jul 10, 2026 at 22:18:59"
Q0,18,0.9981779264087565,degraded,2026-07-10T16:49:46.757168+00:00,"Run - Jul 10, 2026 at 22:18:59"
Q1,18,0.9981420104087565,degraded,2026-07-10T16:49:46.765165+00:00,"Run - Jul 10, 2026 at 22:18:59"
Q2,18,0.9981060944087565,degraded,2026-07-10T16:49:46.773216+00:00,"Run - Jul 10, 2026 at 22:18:59"
Q3,18,0.9980701784087564,degraded,2026-07-10T16:49:46.781349+00:00,"Run - Jul 10, 2026 at 22:18:59"
Q4,18,0.9980342624087566,degraded,2026-07-10T16:49:46.788353+00:00,"Run - Jul 10, 2026 at 22:18:59"
Q5,18,0.9979983464087565,degraded,2026-07-10T16:49:46.796349+00:00,"Run - Jul 10, 2026 at 22:18:59"
Q6,18,0.9979624304087564,degraded,2026-07-10T16:49:46.804338+00:00,"Run - Jul 10, 2026 at 22:18:59"
Q7,18,0.9979265144087566,degraded,2026-07-10T16:49:46.811341+00:00,"Run - Jul 10, 2026 at 22:18:59"
Q8,18,0.9978905984087565,degraded,2026-07-10T16:49:46.818658+00:00,"Run - Jul 10, 2026 at 22:18:59"
Q9,18,0.9978546824087565,degraded,2026-07-10T16:49:46.826679+00:00,"Run - Jul 10, 2026 at 22:18:59"
Q10,18,0.9978187664087566,degraded,2026-07-10T16:49:46.834676+00:00,"Run - Jul 10, 2026 at 22:18:59"
Q11,18,0.9977828504087565,degraded,2026-07-10T16:49:46.841677+00:00,"Run - Jul 10, 2026 at 22:18:59"
Q12,18,0.9977469344087565,degraded,2026-07-10T16:49:46.849678+00:00,"Run - Jul 10, 2026 at 22:18:59"
Q13,18,0.9977110184087565,degraded,2026-07-10T16:49:46.858143+00:00,"Run - Jul 10, 2026 at 22:18:59"
Q14,18,0.9976751024087565,degraded,2026-07-10T16:49:46.866151+00:00,"Run - Jul 10, 2026 at 22:18:59"
Q15,18,0.9976391864087566,degraded,2026-07-10T16:49:46.873667+00:00,"Run - Jul 10, 2026 at 22:18:59"
Q16,18,0.9976032704087565,degraded,2026-07-10T16:49:46.881670+00:00,"Run - Jul 10, 2026 at 22:18:59"
Q17,18,0.9975673544087565,degraded,2026-07-10T16:49:46.888667+00:00,"Run - Jul 10, 2026 at 22:18:59"
Q18,18,0.9975314384087566,degraded,2026-07-10T16:49:46.896667+00:00,"Run - Jul 10, 2026 at 22:18:59"
Q19,18,0.9974955224087565,degraded,2026-07-10T16:49:46.906230+00:00,"Run - Jul 10, 2026 at 22:18:59"
Q20,18,0.9974596064087565,degraded,2026-07-10T16:49:46.913955+00:00,"Run - Jul 10, 2026 at 22:18:59"
Q21,18,0.9974236904087566,degraded,2026-07-10T16:49:46.922640+00:00,"Run - Jul 10, 2026 at 22:18:59"
Q22,18,0.9973877744087566,degraded,2026-07-10T16:49:46.931648+00:00,"Run - Jul 10, 2026 at 22:18:59"
Q23,18,0.9973518584087566,degraded,2026-07-10T16:49:46.939650+00:00,"Run - Jul 10, 2026 at 22:18:59"
Q24,18,0.9973159424087565,degraded,2026-07-10T16:49:46.947649+00:00,"Run - Jul 10, 2026 at 22:18:59"
Q0,19,0.9981715990032223,degraded,2026-07-10T16:49:49.664186+00:00,"Run - Jul 10, 2026 at 22:18:59"
Q1,19,0.9981355210032223,degraded,2026-07-10T16:49:49.673708+00:00,"Run - Jul 10, 2026 at 22:18:59"
Q2,19,0.9980994430032222,degraded,2026-07-10T16:49:49.683819+00:00,"Run - Jul 10, 2026 at 22:18:59"
Q3,19,0.9980633650032222,degraded,2026-07-10T16:49:49.694829+00:00,"Run - Jul 10, 2026 at 22:18:59"
Q4,19,0.9980272870032223,degraded,2026-07-10T16:49:49.704830+00:00,"Run - Jul 10, 2026 at 22:18:59"
Q5,19,0.9979912090032222,degraded,2026-07-10T16:49:49.714827+00:00,"Run - Jul 10, 2026 at 22:18:59"
Q6,19,0.9979551310032222,degraded,2026-07-10T16:49:49.723531+00:00,"Run - Jul 10, 2026 at 22:18:59"
Q7,19,0.9979190530032223,degraded,2026-07-10T16:49:49.733696+00:00,"Run - Jul 10, 2026 at 22:18:59"
Q8,19,0.9978829750032223,degraded,2026-07-10T16:49:49.743378+00:00,"Run - Jul 10, 2026 at 22:18:59"
Q9,19,0.9978468970032224,degraded,2026-07-10T16:49:49.752488+00:00,"Run - Jul 10, 2026 at 22:18:59"
Q10,19,0.9978108190032224,degraded,2026-07-10T16:49:49.762400+00:00,"Run - Jul 10, 2026 at 22:18:59"
Q11,19,0.9977747410032223,degraded,2026-07-10T16:49:49.771921+00:00,"Run - Jul 10, 2026 at 22:18:59"
Q12,19,0.9977386630032223,degraded,2026-07-10T16:49:49.781523+00:00,"Run - Jul 10, 2026 at 22:18:59"
Q13,19,0.9977025850032222,degraded,2026-07-10T16:49:49.790522+00:00,"Run - Jul 10, 2026 at 22:18:59"
Q14,19,0.9976665070032222,degraded,2026-07-10T16:49:49.799525+00:00,"Run - Jul 10, 2026 at 22:18:59"
Q15,19,0.9976304290032223,degraded,2026-07-10T16:49:49.808532+00:00,"Run - Jul 10, 2026 at 22:18:59"
Q16,19,0.9975943510032224,degraded,2026-07-10T16:49:49.818601+00:00,"Run - Jul 10, 2026 at 22:18:59"
Q17,19,0.9975582730032223,degraded,2026-07-10T16:49:49.828603+00:00,"Run - Jul 10, 2026 at 22:18:59"
Q18,19,0.9975221950032224,degraded,2026-07-10T16:49:49.838602+00:00,"Run - Jul 10, 2026 at 22:18:59"
Q19,19,0.9974861170032223,degraded,2026-07-10T16:49:49.848602+00:00,"Run - Jul 10, 2026 at 22:18:59"
Q20,19,0.9974500390032222,degraded,2026-07-10T16:49:49.859988+00:00,"Run - Jul 10, 2026 at 22:18:59"
Q21,19,0.9974139610032222,degraded,2026-07-10T16:49:49.870639+00:00,"Run - Jul 10, 2026 at 22:18:59"
Q22,19,0.9973778830032223,degraded,2026-07-10T16:49:49.880641+00:00,"Run - Jul 10, 2026 at 22:18:59"
Q23,19,0.9973418050032223,degraded,2026-07-10T16:49:49.889637+00:00,"Run - Jul 10, 2026 at 22:18:59"
Q24,19,0.9973057270032223,degraded,2026-07-10T16:49:49.898641+00:00,"Run - Jul 10, 2026 at 22:18:59"
Q0,20,0.998165839637176,degraded,2026-07-10T16:49:52.523540+00:00,"Run - Jul 10, 2026 at 22:18:59"
Q1,20,0.998129599637176,degraded,2026-07-10T16:49:52.531540+00:00,"Run - Jul 10, 2026 at 22:18:59"
Q2,20,0.9980933596371758,degraded,2026-07-10T16:49:52.538546+00:00,"Run - Jul 10, 2026 at 22:18:59"
Q3,20,0.9980571196371759,degraded,2026-07-10T16:49:52.546540+00:00,"Run - Jul 10, 2026 at 22:18:59"
Q4,20,0.9980208796371759,degraded,2026-07-10T16:49:52.553540+00:00,"Run - Jul 10, 2026 at 22:18:59"
Q5,20,0.9979846396371759,degraded,2026-07-10T16:49:52.561546+00:00,"Run - Jul 10, 2026 at 22:18:59"
Q6,20,0.9979483996371759,degraded,2026-07-10T16:49:52.570548+00:00,"Run - Jul 10, 2026 at 22:18:59"
Q7,20,0.9979121596371758,degraded,2026-07-10T16:49:52.578605+00:00,"Run - Jul 10, 2026 at 22:18:59"
Q8,20,0.9978759196371759,degraded,2026-07-10T16:49:52.586091+00:00,"Run - Jul 10, 2026 at 22:18:59"
Q9,20,0.997839679637176,degraded,2026-07-10T16:49:52.594170+00:00,"Run - Jul 10, 2026 at 22:18:59"
Q10,20,0.9978034396371759,degraded,2026-07-10T16:49:52.600165+00:00,"Run - Jul 10, 2026 at 22:18:59"
Q11,20,0.9977671996371758,degraded,2026-07-10T16:49:52.607170+00:00,"Run - Jul 10, 2026 at 22:18:59"
Q12,20,0.997730959637176,degraded,2026-07-10T16:49:52.614167+00:00,"Run - Jul 10, 2026 at 22:18:59"
Q13,20,0.9976947196371759,degraded,2026-07-10T16:49:52.620169+00:00,"Run - Jul 10, 2026 at 22:18:59"
Q14,20,0.9976584796371759,degraded,2026-07-10T16:49:52.628167+00:00,"Run - Jul 10, 2026 at 22:18:59"
Q15,20,0.9976222396371758,degraded,2026-07-10T16:49:52.634168+00:00,"Run - Jul 10, 2026 at 22:18:59"
Q16,20,0.9975859996371759,degraded,2026-07-10T16:49:52.641174+00:00,"Run - Jul 10, 2026 at 22:18:59"
Q17,20,0.9975497596371758,degraded,2026-07-10T16:49:52.649204+00:00,"Run - Jul 10, 2026 at 22:18:59"
Q18,20,0.9975135196371758,degraded,2026-07-10T16:49:52.657362+00:00,"Run - Jul 10, 2026 at 22:18:59"
Q19,20,0.9974772796371758,degraded,2026-07-10T16:49:52.665368+00:00,"Run - Jul 10, 2026 at 22:18:59"
Q20,20,0.9974410396371758,degraded,2026-07-10T16:49:52.672375+00:00,"Run - Jul 10, 2026 at 22:18:59"
Q21,20,0.9974047996371759,degraded,2026-07-10T16:49:52.679892+00:00,"Run - Jul 10, 2026 at 22:18:59"
Q22,20,0.997368559637176,degraded,2026-07-10T16:49:52.688492+00:00,"Run - Jul 10, 2026 at 22:18:59"
Q23,20,0.997332319637176,degraded,2026-07-10T16:49:52.695493+00:00,"Run - Jul 10, 2026 at 22:18:59"
Q24,20,0.9972960796371758,degraded,2026-07-10T16:49:52.702489+00:00,"Run - Jul 10, 2026 at 22:18:59"
Q0,21,0.9981606260113904,degraded,2026-07-10T16:49:55.172396+00:00,"Run - Jul 10, 2026 at 22:18:59"
Q1,21,0.9981242240113901,degraded,2026-07-10T16:49:55.183342+00:00,"Run - Jul 10, 2026 at 22:18:59"
Q2,21,0.9980878220113902,degraded,2026-07-10T16:49:55.201074+00:00,"Run - Jul 10, 2026 at 22:18:59"
Q3,21,0.9980514200113904,degraded,2026-07-10T16:49:55.213078+00:00,"Run - Jul 10, 2026 at 22:18:59"
Q4,21,0.9980150180113903,degraded,2026-07-10T16:49:55.222084+00:00,"Run - Jul 10, 2026 at 22:18:59"
Q5,21,0.9979786160113903,degraded,2026-07-10T16:49:55.233081+00:00,"Run - Jul 10, 2026 at 22:18:59"
Q6,21,0.9979422140113903,degraded,2026-07-10T16:49:55.242081+00:00,"Run - Jul 10, 2026 at 22:18:59"
Q7,21,0.9979058120113904,degraded,2026-07-10T16:49:55.252077+00:00,"Run - Jul 10, 2026 at 22:18:59"
Q8,21,0.9978694100113903,degraded,2026-07-10T16:49:55.263091+00:00,"Run - Jul 10, 2026 at 22:18:59"
Q9,21,0.9978330080113904,degraded,2026-07-10T16:49:55.273092+00:00,"Run - Jul 10, 2026 at 22:18:59"
Q10,21,0.9977966060113902,degraded,2026-07-10T16:49:55.283629+00:00,"Run - Jul 10, 2026 at 22:18:59"
Q11,21,0.9977602040113902,degraded,2026-07-10T16:49:55.293630+00:00,"Run - Jul 10, 2026 at 22:18:59"
Q12,21,0.9977238020113903,degraded,2026-07-10T16:49:55.304632+00:00,"Run - Jul 10, 2026 at 22:18:59"
Q13,21,0.9976874000113903,degraded,2026-07-10T16:49:55.314629+00:00,"Run - Jul 10, 2026 at 22:18:59"
Q14,21,0.9976509980113903,degraded,2026-07-10T16:49:55.325630+00:00,"Run - Jul 10, 2026 at 22:18:59"
Q15,21,0.9976145960113904,degraded,2026-07-10T16:49:55.335628+00:00,"Run - Jul 10, 2026 at 22:18:59"
Q16,21,0.9975781940113904,degraded,2026-07-10T16:49:55.346632+00:00,"Run - Jul 10, 2026 at 22:18:59"
Q17,21,0.9975417920113903,degraded,2026-07-10T16:49:55.356633+00:00,"Run - Jul 10, 2026 at 22:18:59"
Q18,21,0.9975053900113904,degraded,2026-07-10T16:49:55.367642+00:00,"Run - Jul 10, 2026 at 22:18:59"
Q19,21,0.9974689880113902,degraded,2026-07-10T16:49:55.377738+00:00,"Run - Jul 10, 2026 at 22:18:59"
Q20,21,0.9974325860113903,degraded,2026-07-10T16:49:55.388858+00:00,"Run - Jul 10, 2026 at 22:18:59"
Q21,21,0.9973961840113903,degraded,2026-07-10T16:49:55.400045+00:00,"Run - Jul 10, 2026 at 22:18:59"
Q22,21,0.9973597820113903,degraded,2026-07-10T16:49:55.409764+00:00,"Run - Jul 10, 2026 at 22:18:59"
Q23,21,0.9973233800113903,degraded,2026-07-10T16:49:55.421071+00:00,"Run - Jul 10, 2026 at 22:18:59"
Q24,21,0.9972869780113903,degraded,2026-07-10T16:49:55.431078+00:00,"Run - Jul 10, 2026 at 22:18:59"
Q0,22,0.9981559302024937,degraded,2026-07-10T16:49:58.333775+00:00,"Run - Jul 10, 2026 at 22:18:59"
Q1,22,0.9981193662024936,degraded,2026-07-10T16:49:58.344045+00:00,"Run - Jul 10, 2026 at 22:18:59"
Q2,22,0.9980828022024937,degraded,2026-07-10T16:49:58.355038+00:00,"Run - Jul 10, 2026 at 22:18:59"
Q3,22,0.9980462382024938,degraded,2026-07-10T16:49:58.364047+00:00,"Run - Jul 10, 2026 at 22:18:59"
Q4,22,0.9980096742024936,degraded,2026-07-10T16:49:58.374048+00:00,"Run - Jul 10, 2026 at 22:18:59"
Q5,22,0.9979731102024938,degraded,2026-07-10T16:49:58.382567+00:00,"Run - Jul 10, 2026 at 22:18:59"
Q6,22,0.9979365462024938,degraded,2026-07-10T16:49:58.393733+00:00,"Run - Jul 10, 2026 at 22:18:59"
Q7,22,0.9978999822024937,degraded,2026-07-10T16:49:58.403733+00:00,"Run - Jul 10, 2026 at 22:18:59"
Q8,22,0.9978634182024937,degraded,2026-07-10T16:49:58.413732+00:00,"Run - Jul 10, 2026 at 22:18:59"
Q9,22,0.9978268542024937,degraded,2026-07-10T16:49:58.423746+00:00,"Run - Jul 10, 2026 at 22:18:59"
Q10,22,0.9977902902024938,degraded,2026-07-10T16:49:58.432742+00:00,"Run - Jul 10, 2026 at 22:18:59"
Q11,22,0.9977537262024937,degraded,2026-07-10T16:49:58.442262+00:00,"Run - Jul 10, 2026 at 22:18:59"
Q12,22,0.9977171622024938,degraded,2026-07-10T16:49:58.452669+00:00,"Run - Jul 10, 2026 at 22:18:59"
Q13,22,0.9976805982024937,degraded,2026-07-10T16:49:58.462673+00:00,"Run - Jul 10, 2026 at 22:18:59"
Q14,22,0.9976440342024937,degraded,2026-07-10T16:49:58.472676+00:00,"Run - Jul 10, 2026 at 22:18:59"
Q15,22,0.9976074702024937,degraded,2026-07-10T16:49:58.482766+00:00,"Run - Jul 10, 2026 at 22:18:59"
Q16,22,0.9975709062024938,degraded,2026-07-10T16:49:58.492769+00:00,"Run - Jul 10, 2026 at 22:18:59"
Q17,22,0.9975343422024937,degraded,2026-07-10T16:49:58.503792+00:00,"Run - Jul 10, 2026 at 22:18:59"
Q18,22,0.9974977782024936,degraded,2026-07-10T16:49:58.513787+00:00,"Run - Jul 10, 2026 at 22:18:59"
Q19,22,0.9974612142024938,degraded,2026-07-10T16:49:58.523789+00:00,"Run - Jul 10, 2026 at 22:18:59"
Q20,22,0.9974246502024937,degraded,2026-07-10T16:49:58.532786+00:00,"Run - Jul 10, 2026 at 22:18:59"
Q21,22,0.9973880862024938,degraded,2026-07-10T16:49:58.542793+00:00,"Run - Jul 10, 2026 at 22:18:59"
Q22,22,0.9973515222024938,degraded,2026-07-10T16:49:58.552788+00:00,"Run - Jul 10, 2026 at 22:18:59"
Q23,22,0.9973149582024937,degraded,2026-07-10T16:49:58.562791+00:00,"Run - Jul 10, 2026 at 22:18:59"
Q24,22,0.9972783942024936,degraded,2026-07-10T16:49:58.572796+00:00,"Run - Jul 10, 2026 at 22:18:59"
Q0,23,0.9981517162373552,degraded,2026-07-10T16:50:01.100476+00:00,"Run - Jul 10, 2026 at 22:18:59"
Q1,23,0.9981149902373551,degraded,2026-07-10T16:50:01.107479+00:00,"Run - Jul 10, 2026 at 22:18:59"
Q2,23,0.9980782642373551,degraded,2026-07-10T16:50:01.114480+00:00,"Run - Jul 10, 2026 at 22:18:59"
Q3,23,0.9980415382373551,degraded,2026-07-10T16:50:01.122476+00:00,"Run - Jul 10, 2026 at 22:18:59"
Q4,23,0.9980048122373552,degraded,2026-07-10T16:50:01.129476+00:00,"Run - Jul 10, 2026 at 22:18:59"
Q5,23,0.9979680862373551,degraded,2026-07-10T16:50:01.137480+00:00,"Run - Jul 10, 2026 at 22:18:59"
Q6,23,0.9979313602373552,degraded,2026-07-10T16:50:01.144368+00:00,"Run - Jul 10, 2026 at 22:18:59"
Q7,23,0.9978946342373551,degraded,2026-07-10T16:50:01.152369+00:00,"Run - Jul 10, 2026 at 22:18:59"
Q8,23,0.9978579082373551,degraded,2026-07-10T16:50:01.159367+00:00,"Run - Jul 10, 2026 at 22:18:59"
Q9,23,0.9978211822373552,degraded,2026-07-10T16:50:01.166367+00:00,"Run - Jul 10, 2026 at 22:18:59"
Q10,23,0.9977844562373551,degraded,2026-07-10T16:50:01.173378+00:00,"Run - Jul 10, 2026 at 22:18:59"
Q11,23,0.9977477302373552,degraded,2026-07-10T16:50:01.180378+00:00,"Run - Jul 10, 2026 at 22:18:59"
Q12,23,0.9977110042373551,degraded,2026-07-10T16:50:01.189512+00:00,"Run - Jul 10, 2026 at 22:18:59"
Q13,23,0.9976742782373551,degraded,2026-07-10T16:50:01.196512+00:00,"Run - Jul 10, 2026 at 22:18:59"
Q14,23,0.9976375522373551,degraded,2026-07-10T16:50:01.205514+00:00,"Run - Jul 10, 2026 at 22:18:59"
Q15,23,0.9976008262373552,degraded,2026-07-10T16:50:01.212516+00:00,"Run - Jul 10, 2026 at 22:18:59"
Q16,23,0.9975641002373551,degraded,2026-07-10T16:50:01.219523+00:00,"Run - Jul 10, 2026 at 22:18:59"
Q17,23,0.9975273742373552,degraded,2026-07-10T16:50:01.226515+00:00,"Run - Jul 10, 2026 at 22:18:59"
Q18,23,0.9974906482373551,degraded,2026-07-10T16:50:01.232512+00:00,"Run - Jul 10, 2026 at 22:18:59"
Q19,23,0.9974539222373551,degraded,2026-07-10T16:50:01.240514+00:00,"Run - Jul 10, 2026 at 22:18:59"
Q20,23,0.9974171962373551,degraded,2026-07-10T16:50:01.247519+00:00,"Run - Jul 10, 2026 at 22:18:59"
Q21,23,0.9973804702373551,degraded,2026-07-10T16:50:01.255486+00:00,"Run - Jul 10, 2026 at 22:18:59"
Q22,23,0.9973437442373552,degraded,2026-07-10T16:50:01.262557+00:00,"Run - Jul 10, 2026 at 22:18:59"
Q23,23,0.9973070182373551,degraded,2026-07-10T16:50:01.271561+00:00,"Run - Jul 10, 2026 at 22:18:59"
Q24,23,0.9972702922373551,degraded,2026-07-10T16:50:01.279564+00:00,"Run - Jul 10, 2026 at 22:18:59"
Q0,24,0.9981479496776051,degraded,2026-07-10T16:50:04.063272+00:00,"Run - Jul 10, 2026 at 22:18:59"
Q1,24,0.998111061677605,degraded,2026-07-10T16:50:04.074281+00:00,"Run - Jul 10, 2026 at 22:18:59"
Q2,24,0.9980741736776051,degraded,2026-07-10T16:50:04.085810+00:00,"Run - Jul 10, 2026 at 22:18:59"
Q3,24,0.9980372856776051,degraded,2026-07-10T16:50:04.096805+00:00,"Run - Jul 10, 2026 at 22:18:59"
Q4,24,0.9980003976776051,degraded,2026-07-10T16:50:04.107806+00:00,"Run - Jul 10, 2026 at 22:18:59"
Q5,24,0.9979635096776049,degraded,2026-07-10T16:50:04.119810+00:00,"Run - Jul 10, 2026 at 22:18:59"
Q6,24,0.997926621677605,degraded,2026-07-10T16:50:04.130805+00:00,"Run - Jul 10, 2026 at 22:18:59"
Q7,24,0.9978897336776049,degraded,2026-07-10T16:50:04.141807+00:00,"Run - Jul 10, 2026 at 22:18:59"
Q8,24,0.997852845677605,degraded,2026-07-10T16:50:04.153541+00:00,"Run - Jul 10, 2026 at 22:18:59"
Q9,24,0.9978159576776051,degraded,2026-07-10T16:50:04.164559+00:00,"Run - Jul 10, 2026 at 22:18:59"
Q10,24,0.997779069677605,degraded,2026-07-10T16:50:04.175646+00:00,"Run - Jul 10, 2026 at 22:18:59"
Q11,24,0.9977421816776051,degraded,2026-07-10T16:50:04.187767+00:00,"Run - Jul 10, 2026 at 22:18:59"
Q12,24,0.9977052936776051,degraded,2026-07-10T16:50:04.197753+00:00,"Run - Jul 10, 2026 at 22:18:59"
Q13,24,0.997668405677605,degraded,2026-07-10T16:50:04.209197+00:00,"Run - Jul 10, 2026 at 22:18:59"
Q14,24,0.9976315176776052,degraded,2026-07-10T16:50:04.220482+00:00,"Run - Jul 10, 2026 at 22:18:59"
Q15,24,0.997594629677605,degraded,2026-07-10T16:50:04.231482+00:00,"Run - Jul 10, 2026 at 22:18:59"
Q16,24,0.9975577416776051,degraded,2026-07-10T16:50:04.241479+00:00,"Run - Jul 10, 2026 at 22:18:59"
Q17,24,0.9975208536776051,degraded,2026-07-10T16:50:04.253483+00:00,"Run - Jul 10, 2026 at 22:18:59"
Q18,24,0.997483965677605,degraded,2026-07-10T16:50:04.263477+00:00,"Run - Jul 10, 2026 at 22:18:59"
Q19,24,0.997447077677605,degraded,2026-07-10T16:50:04.273489+00:00,"Run - Jul 10, 2026 at 22:18:59"
Q20,24,0.9974101896776051,degraded,2026-07-10T16:50:04.285013+00:00,"Run - Jul 10, 2026 at 22:18:59"
Q21,24,0.997373301677605,degraded,2026-07-10T16:50:04.295058+00:00,"Run - Jul 10, 2026 at 22:18:59"
Q22,24,0.9973364136776052,degraded,2026-07-10T16:50:04.307056+00:00,"Run - Jul 10, 2026 at 22:18:59"
Q23,24,0.997299525677605,degraded,2026-07-10T16:50:04.318057+00:00,"Run - Jul 10, 2026 at 22:18:59"
Q24,24,0.997262637677605,degraded,2026-07-10T16:50:04.328059+00:00,"Run - Jul 10, 2026 at 22:18:59"
Q0,25,0.998144588677959,degraded,2026-07-10T16:50:07.130659+00:00,"Run - Jul 10, 2026 at 22:18:59"
Q1,25,0.998107538677959,degraded,2026-07-10T16:50:07.138660+00:00,"Run - Jul 10, 2026 at 22:18:59"
Q2,25,0.9980704886779588,degraded,2026-07-10T16:50:07.145970+00:00,"Run - Jul 10, 2026 at 22:18:59"
Q3,25,0.998033438677959,degraded,2026-07-10T16:50:07.151974+00:00,"Run - Jul 10, 2026 at 22:18:59"
Q4,25,0.997996388677959,degraded,2026-07-10T16:50:07.159973+00:00,"Run - Jul 10, 2026 at 22:18:59"
Q5,25,0.9979593386779588,degraded,2026-07-10T16:50:07.164970+00:00,"Run - Jul 10, 2026 at 22:18:59"
Q6,25,0.9979222886779588,degraded,2026-07-10T16:50:07.172981+00:00,"Run - Jul 10, 2026 at 22:18:59"
Q7,25,0.9978852386779589,degraded,2026-07-10T16:50:07.179979+00:00,"Run - Jul 10, 2026 at 22:18:59"
Q8,25,0.997848188677959,degraded,2026-07-10T16:50:07.185984+00:00,"Run - Jul 10, 2026 at 22:18:59"
Q9,25,0.9978111386779589,degraded,2026-07-10T16:50:07.193320+00:00,"Run - Jul 10, 2026 at 22:18:59"
Q10,25,0.9977740886779589,degraded,2026-07-10T16:50:07.199318+00:00,"Run - Jul 10, 2026 at 22:18:59"
Q11,25,0.9977370386779589,degraded,2026-07-10T16:50:07.207321+00:00,"Run - Jul 10, 2026 at 22:18:59"
Q12,25,0.997699988677959,degraded,2026-07-10T16:50:07.214323+00:00,"Run - Jul 10, 2026 at 22:18:59"
Q13,25,0.997662938677959,degraded,2026-07-10T16:50:07.221851+00:00,"Run - Jul 10, 2026 at 22:18:59"
Q14,25,0.9976258886779589,degraded,2026-07-10T16:50:07.229013+00:00,"Run - Jul 10, 2026 at 22:18:59"
Q15,25,0.997588838677959,degraded,2026-07-10T16:50:07.237011+00:00,"Run - Jul 10, 2026 at 22:18:59"
Q16,25,0.997551788677959,degraded,2026-07-10T16:50:07.243954+00:00,"Run - Jul 10, 2026 at 22:18:59"
Q17,25,0.9975147386779589,degraded,2026-07-10T16:50:07.251954+00:00,"Run - Jul 10, 2026 at 22:18:59"
Q18,25,0.9974776886779588,degraded,2026-07-10T16:50:07.258951+00:00,"Run - Jul 10, 2026 at 22:18:59"
Q19,25,0.9974406386779588,degraded,2026-07-10T16:50:07.267953+00:00,"Run - Jul 10, 2026 at 22:18:59"
Q20,25,0.997403588677959,degraded,2026-07-10T16:50:07.275964+00:00,"Run - Jul 10, 2026 at 22:18:59"
Q21,25,0.9973665386779589,degraded,2026-07-10T16:50:07.281962+00:00,"Run - Jul 10, 2026 at 22:18:59"
Q22,25,0.9973294886779589,degraded,2026-07-10T16:50:07.289483+00:00,"Run - Jul 10, 2026 at 22:18:59"
Q23,25,0.9972924386779589,degraded,2026-07-10T16:50:07.297481+00:00,"Run - Jul 10, 2026 at 22:18:59"
Q24,25,0.9972553886779589,degraded,2026-07-10T16:50:07.304485+00:00,"Run - Jul 10, 2026 at 22:18:59"
Q0,26,0.9981415871953505,degraded,2026-07-10T16:50:10.074565+00:00,"Run - Jul 10, 2026 at 22:18:59"
Q1,26,0.9981043751953504,degraded,2026-07-10T16:50:10.084564+00:00,"Run - Jul 10, 2026 at 22:18:59"
Q2,26,0.9980671631953504,degraded,2026-07-10T16:50:10.094990+00:00,"Run - Jul 10, 2026 at 22:18:59"
Q3,26,0.9980299511953503,degraded,2026-07-10T16:50:10.104140+00:00,"Run - Jul 10, 2026 at 22:18:59"
Q4,26,0.9979927391953503,degraded,2026-07-10T16:50:10.114842+00:00,"Run - Jul 10, 2026 at 22:18:59"
Q5,26,0.9979555271953503,degraded,2026-07-10T16:50:10.124847+00:00,"Run - Jul 10, 2026 at 22:18:59"
Q6,26,0.9979183151953503,degraded,2026-07-10T16:50:10.134844+00:00,"Run - Jul 10, 2026 at 22:18:59"
Q7,26,0.9978811031953505,degraded,2026-07-10T16:50:10.144843+00:00,"Run - Jul 10, 2026 at 22:18:59"
Q8,26,0.9978438911953504,degraded,2026-07-10T16:50:10.154842+00:00,"Run - Jul 10, 2026 at 22:18:59"
Q9,26,0.9978066791953504,degraded,2026-07-10T16:50:10.164841+00:00,"Run - Jul 10, 2026 at 22:18:59"
Q10,26,0.9977694671953503,degraded,2026-07-10T16:50:10.174857+00:00,"Run - Jul 10, 2026 at 22:18:59"
Q11,26,0.9977322551953504,degraded,2026-07-10T16:50:10.185859+00:00,"Run - Jul 10, 2026 at 22:18:59"
Q12,26,0.9976950431953503,degraded,2026-07-10T16:50:10.196374+00:00,"Run - Jul 10, 2026 at 22:18:59"
Q13,26,0.9976578311953503,degraded,2026-07-10T16:50:10.206056+00:00,"Run - Jul 10, 2026 at 22:18:59"
Q14,26,0.9976206191953505,degraded,2026-07-10T16:50:10.215052+00:00,"Run - Jul 10, 2026 at 22:18:59"
Q15,26,0.9975834071953504,degraded,2026-07-10T16:50:10.225051+00:00,"Run - Jul 10, 2026 at 22:18:59"
Q16,26,0.9975461951953504,degraded,2026-07-10T16:50:10.235051+00:00,"Run - Jul 10, 2026 at 22:18:59"
Q17,26,0.9975089831953503,degraded,2026-07-10T16:50:10.245053+00:00,"Run - Jul 10, 2026 at 22:18:59"
Q18,26,0.9974717711953504,degraded,2026-07-10T16:50:10.254055+00:00,"Run - Jul 10, 2026 at 22:18:59"
Q19,26,0.9974345591953503,degraded,2026-07-10T16:50:10.264051+00:00,"Run - Jul 10, 2026 at 22:18:59"
Q20,26,0.9973973471953503,degraded,2026-07-10T16:50:10.274266+00:00,"Run - Jul 10, 2026 at 22:18:59"
Q21,26,0.9973601351953503,degraded,2026-07-10T16:50:10.284831+00:00,"Run - Jul 10, 2026 at 22:18:59"
Q22,26,0.9973229231953504,degraded,2026-07-10T16:50:10.295281+00:00,"Run - Jul 10, 2026 at 22:18:59"
Q23,26,0.9972857111953504,degraded,2026-07-10T16:50:10.304876+00:00,"Run - Jul 10, 2026 at 22:18:59"
Q24,26,0.9972484991953503,degraded,2026-07-10T16:50:10.313876+00:00,"Run - Jul 10, 2026 at 22:18:59"
Q0,27,0.998138895422424,degraded,2026-07-10T16:50:13.536450+00:00,"Run - Jul 10, 2026 at 22:18:59"
Q1,27,0.998101521422424,degraded,2026-07-10T16:50:13.543445+00:00,"Run - Jul 10, 2026 at 22:18:59"
Q2,27,0.9980641474224239,degraded,2026-07-10T16:50:13.550448+00:00,"Run - Jul 10, 2026 at 22:18:59"
Q3,27,0.998026773422424,degraded,2026-07-10T16:50:13.558446+00:00,"Run - Jul 10, 2026 at 22:18:59"
Q4,27,0.9979893994224239,degraded,2026-07-10T16:50:13.566449+00:00,"Run - Jul 10, 2026 at 22:18:59"
Q5,27,0.9979520254224239,degraded,2026-07-10T16:50:13.574446+00:00,"Run - Jul 10, 2026 at 22:18:59"
Q6,27,0.997914651422424,degraded,2026-07-10T16:50:13.581452+00:00,"Run - Jul 10, 2026 at 22:18:59"
Q7,27,0.9978772774224239,degraded,2026-07-10T16:50:13.589454+00:00,"Run - Jul 10, 2026 at 22:18:59"
Q8,27,0.9978399034224239,degraded,2026-07-10T16:50:13.596506+00:00,"Run - Jul 10, 2026 at 22:18:59"
Q9,27,0.997802529422424,degraded,2026-07-10T16:50:13.604513+00:00,"Run - Jul 10, 2026 at 22:18:59"
Q10,27,0.9977651554224238,degraded,2026-07-10T16:50:13.613563+00:00,"Run - Jul 10, 2026 at 22:18:59"
Q11,27,0.9977277814224239,degraded,2026-07-10T16:50:13.622015+00:00,"Run - Jul 10, 2026 at 22:18:59"
Q12,27,0.997690407422424,degraded,2026-07-10T16:50:13.630325+00:00,"Run - Jul 10, 2026 at 22:18:59"
Q13,27,0.9976530334224241,degraded,2026-07-10T16:50:13.639336+00:00,"Run - Jul 10, 2026 at 22:18:59"
Q14,27,0.9976156594224239,degraded,2026-07-10T16:50:13.646337+00:00,"Run - Jul 10, 2026 at 22:18:59"
Q15,27,0.997578285422424,degraded,2026-07-10T16:50:13.654847+00:00,"Run - Jul 10, 2026 at 22:18:59"
Q16,27,0.997540911422424,degraded,2026-07-10T16:50:13.661448+00:00,"Run - Jul 10, 2026 at 22:18:59"
Q17,27,0.9975035374224239,degraded,2026-07-10T16:50:13.670448+00:00,"Run - Jul 10, 2026 at 22:18:59"
Q18,27,0.997466163422424,degraded,2026-07-10T16:50:13.677457+00:00,"Run - Jul 10, 2026 at 22:18:59"
Q19,27,0.997428789422424,degraded,2026-07-10T16:50:13.685459+00:00,"Run - Jul 10, 2026 at 22:18:59"
Q20,27,0.997391415422424,degraded,2026-07-10T16:50:13.692652+00:00,"Run - Jul 10, 2026 at 22:18:59"
Q21,27,0.997354041422424,degraded,2026-07-10T16:50:13.699653+00:00,"Run - Jul 10, 2026 at 22:18:59"
Q22,27,0.9973166674224241,degraded,2026-07-10T16:50:13.707650+00:00,"Run - Jul 10, 2026 at 22:18:59"
Q23,27,0.997279293422424,degraded,2026-07-10T16:50:13.713648+00:00,"Run - Jul 10, 2026 at 22:18:59"
Q24,27,0.997241919422424,degraded,2026-07-10T16:50:13.721649+00:00,"Run - Jul 10, 2026 at 22:18:59"
Q0,28,0.9981364603007791,degraded,2026-07-10T16:50:16.170229+00:00,"Run - Jul 10, 2026 at 22:18:59"
Q1,28,0.9980989243007791,degraded,2026-07-10T16:50:16.178236+00:00,"Run - Jul 10, 2026 at 22:18:59"
Q2,28,0.998061388300779,degraded,2026-07-10T16:50:16.185243+00:00,"Run - Jul 10, 2026 at 22:18:59"
Q3,28,0.998023852300779,degraded,2026-07-10T16:50:16.191745+00:00,"Run - Jul 10, 2026 at 22:18:59"
Q4,28,0.9979863163007789,degraded,2026-07-10T16:50:16.198753+00:00,"Run - Jul 10, 2026 at 22:18:59"
Q5,28,0.9979487803007789,degraded,2026-07-10T16:50:16.206755+00:00,"Run - Jul 10, 2026 at 22:18:59"
Q6,28,0.9979112443007789,degraded,2026-07-10T16:50:16.212751+00:00,"Run - Jul 10, 2026 at 22:18:59"
Q7,28,0.9978737083007789,degraded,2026-07-10T16:50:16.220755+00:00,"Run - Jul 10, 2026 at 22:18:59"
Q8,28,0.9978361723007789,degraded,2026-07-10T16:50:16.227752+00:00,"Run - Jul 10, 2026 at 22:18:59"
Q9,28,0.9977986363007789,degraded,2026-07-10T16:50:16.235841+00:00,"Run - Jul 10, 2026 at 22:18:59"
Q10,28,0.9977611003007789,degraded,2026-07-10T16:50:16.249136+00:00,"Run - Jul 10, 2026 at 22:18:59"
Q11,28,0.997723564300779,degraded,2026-07-10T16:50:16.257611+00:00,"Run - Jul 10, 2026 at 22:18:59"
Q12,28,0.997686028300779,degraded,2026-07-10T16:50:16.266611+00:00,"Run - Jul 10, 2026 at 22:18:59"
Q13,28,0.997648492300779,degraded,2026-07-10T16:50:16.275611+00:00,"Run - Jul 10, 2026 at 22:18:59"
Q14,28,0.997610956300779,degraded,2026-07-10T16:50:16.283621+00:00,"Run - Jul 10, 2026 at 22:18:59"
Q15,28,0.9975734203007791,degraded,2026-07-10T16:50:16.291622+00:00,"Run - Jul 10, 2026 at 22:18:59"
Q16,28,0.9975358843007789,degraded,2026-07-10T16:50:16.299745+00:00,"Run - Jul 10, 2026 at 22:18:59"
Q17,28,0.997498348300779,degraded,2026-07-10T16:50:16.308744+00:00,"Run - Jul 10, 2026 at 22:18:59"
Q18,28,0.997460812300779,degraded,2026-07-10T16:50:16.315745+00:00,"Run - Jul 10, 2026 at 22:18:59"
Q19,28,0.9974232763007791,degraded,2026-07-10T16:50:16.324745+00:00,"Run - Jul 10, 2026 at 22:18:59"
Q20,28,0.9973857403007791,degraded,2026-07-10T16:50:16.331746+00:00,"Run - Jul 10, 2026 at 22:18:59"
Q21,28,0.9973482043007789,degraded,2026-07-10T16:50:16.340747+00:00,"Run - Jul 10, 2026 at 22:18:59"
Q22,28,0.997310668300779,degraded,2026-07-10T16:50:16.352214+00:00,"Run - Jul 10, 2026 at 22:18:59"
Q23,28,0.997273132300779,degraded,2026-07-10T16:50:16.361209+00:00,"Run - Jul 10, 2026 at 22:18:59"
Q24,28,0.997235596300779,degraded,2026-07-10T16:50:16.369211+00:00,"Run - Jul 10, 2026 at 22:18:59"
Q0,29,0.9981342239754744,degraded,2026-07-10T16:50:19.771937+00:00,"Run - Jul 10, 2026 at 22:18:59"
Q1,29,0.9980965259754744,degraded,2026-07-10T16:50:19.782124+00:00,"Run - Jul 10, 2026 at 22:18:59"
Q2,29,0.9980588279754743,degraded,2026-07-10T16:50:19.793125+00:00,"Run - Jul 10, 2026 at 22:18:59"
Q3,29,0.9980211299754743,degraded,2026-07-10T16:50:19.805648+00:00,"Run - Jul 10, 2026 at 22:18:59"
Q4,29,0.9979834319754743,degraded,2026-07-10T16:50:19.816651+00:00,"Run - Jul 10, 2026 at 22:18:59"
Q5,29,0.9979457339754745,degraded,2026-07-10T16:50:19.827647+00:00,"Run - Jul 10, 2026 at 22:18:59"
Q6,29,0.9979080359754744,degraded,2026-07-10T16:50:19.839031+00:00,"Run - Jul 10, 2026 at 22:18:59"
Q7,29,0.9978703379754743,degraded,2026-07-10T16:50:19.848688+00:00,"Run - Jul 10, 2026 at 22:18:59"
Q8,29,0.9978326399754742,degraded,2026-07-10T16:50:19.860688+00:00,"Run - Jul 10, 2026 at 22:18:59"
Q9,29,0.9977949419754744,degraded,2026-07-10T16:50:19.870682+00:00,"Run - Jul 10, 2026 at 22:18:59"
Q10,29,0.9977572439754744,degraded,2026-07-10T16:50:19.880688+00:00,"Run - Jul 10, 2026 at 22:18:59"
Q11,29,0.9977195459754744,degraded,2026-07-10T16:50:19.892695+00:00,"Run - Jul 10, 2026 at 22:18:59"
Q12,29,0.9976818479754743,degraded,2026-07-10T16:50:19.902776+00:00,"Run - Jul 10, 2026 at 22:18:59"
Q13,29,0.9976441499754742,degraded,2026-07-10T16:50:19.912778+00:00,"Run - Jul 10, 2026 at 22:18:59"
Q14,29,0.9976064519754744,degraded,2026-07-10T16:50:19.923778+00:00,"Run - Jul 10, 2026 at 22:18:59"
Q15,29,0.9975687539754743,degraded,2026-07-10T16:50:19.934785+00:00,"Run - Jul 10, 2026 at 22:18:59"
Q16,29,0.9975310559754744,degraded,2026-07-10T16:50:19.945775+00:00,"Run - Jul 10, 2026 at 22:18:59"
Q17,29,0.9974933579754744,degraded,2026-07-10T16:50:19.956637+00:00,"Run - Jul 10, 2026 at 22:18:59"
Q18,29,0.9974556599754744,degraded,2026-07-10T16:50:19.967641+00:00,"Run - Jul 10, 2026 at 22:18:59"
Q19,29,0.9974179619754743,degraded,2026-07-10T16:50:19.977636+00:00,"Run - Jul 10, 2026 at 22:18:59"
Q20,29,0.9973802639754743,degraded,2026-07-10T16:50:19.987642+00:00,"Run - Jul 10, 2026 at 22:18:59"
Q21,29,0.9973425659754744,degraded,2026-07-10T16:50:19.998068+00:00,"Run - Jul 10, 2026 at 22:18:59"
Q22,29,0.9973048679754744,degraded,2026-07-10T16:50:20.010073+00:00,"Run - Jul 10, 2026 at 22:18:59"
Q23,29,0.9972671699754744,degraded,2026-07-10T16:50:20.020072+00:00,"Run - Jul 10, 2026 at 22:18:59"
Q24,29,0.9972294719754744,degraded,2026-07-10T16:50:20.029992+00:00,"Run - Jul 10, 2026 at 22:18:59"
Q0,30,0.9981321305204526,degraded,2026-07-10T16:50:22.792170+00:00,"Run - Jul 10, 2026 at 22:18:59"
Q1,30,0.9980942705204526,degraded,2026-07-10T16:50:22.803912+00:00,"Run - Jul 10, 2026 at 22:18:59"
Q2,30,0.9980564105204528,degraded,2026-07-10T16:50:22.815426+00:00,"Run - Jul 10, 2026 at 22:18:59"
Q3,30,0.9980185505204526,degraded,2026-07-10T16:50:22.826196+00:00,"Run - Jul 10, 2026 at 22:18:59"
Q4,30,0.9979806905204527,degraded,2026-07-10T16:50:22.837352+00:00,"Run - Jul 10, 2026 at 22:18:59"
Q5,30,0.9979428305204527,degraded,2026-07-10T16:50:22.848839+00:00,"Run - Jul 10, 2026 at 22:18:59"
Q6,30,0.9979049705204528,degraded,2026-07-10T16:50:22.860075+00:00,"Run - Jul 10, 2026 at 22:18:59"
Q7,30,0.9978671105204526,degraded,2026-07-10T16:50:22.870182+00:00,"Run - Jul 10, 2026 at 22:18:59"
Q8,30,0.9978292505204527,degraded,2026-07-10T16:50:22.882192+00:00,"Run - Jul 10, 2026 at 22:18:59"
Q9,30,0.9977913905204527,degraded,2026-07-10T16:50:22.893252+00:00,"Run - Jul 10, 2026 at 22:18:59"
Q10,30,0.9977535305204527,degraded,2026-07-10T16:50:22.903768+00:00,"Run - Jul 10, 2026 at 22:18:59"
Q11,30,0.9977156705204526,degraded,2026-07-10T16:50:22.915036+00:00,"Run - Jul 10, 2026 at 22:18:59"
Q12,30,0.9976778105204527,degraded,2026-07-10T16:50:22.926733+00:00,"Run - Jul 10, 2026 at 22:18:59"
Q13,30,0.9976399505204527,degraded,2026-07-10T16:50:22.936727+00:00,"Run - Jul 10, 2026 at 22:18:59"
Q14,30,0.9976020905204527,degraded,2026-07-10T16:50:22.946726+00:00,"Run - Jul 10, 2026 at 22:18:59"
Q15,30,0.9975642305204526,degraded,2026-07-10T16:50:22.957744+00:00,"Run - Jul 10, 2026 at 22:18:59"
Q16,30,0.9975263705204527,degraded,2026-07-10T16:50:22.968261+00:00,"Run - Jul 10, 2026 at 22:18:59"
Q17,30,0.9974885105204526,degraded,2026-07-10T16:50:22.978256+00:00,"Run - Jul 10, 2026 at 22:18:59"
Q18,30,0.9974506505204526,degraded,2026-07-10T16:50:22.990196+00:00,"Run - Jul 10, 2026 at 22:18:59"
Q19,30,0.9974127905204526,degraded,2026-07-10T16:50:23.000719+00:00,"Run - Jul 10, 2026 at 22:18:59"
Q20,30,0.9973749305204527,degraded,2026-07-10T16:50:23.011640+00:00,"Run - Jul 10, 2026 at 22:18:59"
Q21,30,0.9973370705204527,degraded,2026-07-10T16:50:23.039646+00:00,"Run - Jul 10, 2026 at 22:18:59"
Q22,30,0.9972992105204526,degraded,2026-07-10T16:50:23.058643+00:00,"Run - Jul 10, 2026 at 22:18:59"
Q23,30,0.9972613505204527,degraded,2026-07-10T16:50:23.069640+00:00,"Run - Jul 10, 2026 at 22:18:59"
Q24,30,0.9972234905204527,degraded,2026-07-10T16:50:23.081644+00:00,"Run - Jul 10, 2026 at 22:18:59"
Q0,31,0.9981301222248936,degraded,2026-07-10T16:50:26.576140+00:00,"Run - Jul 10, 2026 at 22:18:59"
Q1,31,0.9980921002248936,degraded,2026-07-10T16:50:26.586144+00:00,"Run - Jul 10, 2026 at 22:18:59"
Q2,31,0.9980540782248936,degraded,2026-07-10T16:50:26.596149+00:00,"Run - Jul 10, 2026 at 22:18:59"
Q3,31,0.9980160562248936,degraded,2026-07-10T16:50:26.606672+00:00,"Run - Jul 10, 2026 at 22:18:59"
Q4,31,0.9979780342248936,degraded,2026-07-10T16:50:26.616677+00:00,"Run - Jul 10, 2026 at 22:18:59"
Q5,31,0.9979400122248936,degraded,2026-07-10T16:50:26.625678+00:00,"Run - Jul 10, 2026 at 22:18:59"
Q6,31,0.9979019902248936,degraded,2026-07-10T16:50:26.636681+00:00,"Run - Jul 10, 2026 at 22:18:59"
Q7,31,0.9978639682248936,degraded,2026-07-10T16:50:26.646681+00:00,"Run - Jul 10, 2026 at 22:18:59"
Q8,31,0.9978259462248935,degraded,2026-07-10T16:50:26.658211+00:00,"Run - Jul 10, 2026 at 22:18:59"
Q9,31,0.9977879242248937,degraded,2026-07-10T16:50:26.669973+00:00,"Run - Jul 10, 2026 at 22:18:59"
Q10,31,0.9977499022248937,degraded,2026-07-10T16:50:26.680983+00:00,"Run - Jul 10, 2026 at 22:18:59"
Q11,31,0.9977118802248935,degraded,2026-07-10T16:50:26.691028+00:00,"Run - Jul 10, 2026 at 22:18:59"
Q12,31,0.9976738582248936,degraded,2026-07-10T16:50:26.701990+00:00,"Run - Jul 10, 2026 at 22:18:59"
Q13,31,0.9976358362248936,degraded,2026-07-10T16:50:26.713325+00:00,"Run - Jul 10, 2026 at 22:18:59"
Q14,31,0.9975978142248936,degraded,2026-07-10T16:50:26.723953+00:00,"Run - Jul 10, 2026 at 22:18:59"
Q15,31,0.9975597922248938,degraded,2026-07-10T16:50:26.734955+00:00,"Run - Jul 10, 2026 at 22:18:59"
Q16,31,0.9975217702248935,degraded,2026-07-10T16:50:26.745071+00:00,"Run - Jul 10, 2026 at 22:18:59"
Q17,31,0.9974837482248937,degraded,2026-07-10T16:50:26.755071+00:00,"Run - Jul 10, 2026 at 22:18:59"
Q18,31,0.9974457262248937,degraded,2026-07-10T16:50:26.767076+00:00,"Run - Jul 10, 2026 at 22:18:59"
Q19,31,0.9974077042248937,degraded,2026-07-10T16:50:26.776576+00:00,"Run - Jul 10, 2026 at 22:18:59"
Q20,31,0.9973696822248936,degraded,2026-07-10T16:50:26.787128+00:00,"Run - Jul 10, 2026 at 22:18:59"
Q21,31,0.9973316602248936,degraded,2026-07-10T16:50:26.797140+00:00,"Run - Jul 10, 2026 at 22:18:59"
Q22,31,0.9972936382248936,degraded,2026-07-10T16:50:26.807656+00:00,"Run - Jul 10, 2026 at 22:18:59"
Q23,31,0.9972556162248936,degraded,2026-07-10T16:50:26.818796+00:00,"Run - Jul 10, 2026 at 22:18:59"
Q24,31,0.9972175942248935,degraded,2026-07-10T16:50:26.828168+00:00,"Run - Jul 10, 2026 at 22:18:59"
Q0,32,0.9981211346784158,degraded,2026-07-10T16:50:29.691808+00:00,"Run - Jul 10, 2026 at 22:18:59"
Q1,32,0.9980829506784159,degraded,2026-07-10T16:50:29.699810+00:00,"Run - Jul 10, 2026 at 22:18:59"
Q2,32,0.9980447666784158,degraded,2026-07-10T16:50:29.707327+00:00,"Run - Jul 10, 2026 at 22:18:59"
Q3,32,0.9980065826784159,degraded,2026-07-10T16:50:29.716788+00:00,"Run - Jul 10, 2026 at 22:18:59"
Q4,32,0.9979683986784158,degraded,2026-07-10T16:50:29.723922+00:00,"Run - Jul 10, 2026 at 22:18:59"
Q5,32,0.9979302146784159,degraded,2026-07-10T16:50:29.731922+00:00,"Run - Jul 10, 2026 at 22:18:59"
Q6,32,0.9978920306784158,degraded,2026-07-10T16:50:29.739990+00:00,"Run - Jul 10, 2026 at 22:18:59"
Q7,32,0.9978538466784159,degraded,2026-07-10T16:50:29.748138+00:00,"Run - Jul 10, 2026 at 22:18:59"
Q8,32,0.9978156626784158,degraded,2026-07-10T16:50:29.755643+00:00,"Run - Jul 10, 2026 at 22:18:59"
Q9,32,0.9977774786784159,degraded,2026-07-10T16:50:29.763646+00:00,"Run - Jul 10, 2026 at 22:18:59"
Q10,32,0.9977392946784158,degraded,2026-07-10T16:50:29.770649+00:00,"Run - Jul 10, 2026 at 22:18:59"
Q11,32,0.9977011106784159,degraded,2026-07-10T16:50:29.777647+00:00,"Run - Jul 10, 2026 at 22:18:59"
Q12,32,0.9976629266784158,degraded,2026-07-10T16:50:29.786645+00:00,"Run - Jul 10, 2026 at 22:18:59"
Q13,32,0.9976247426784159,degraded,2026-07-10T16:50:29.794652+00:00,"Run - Jul 10, 2026 at 22:18:59"
Q14,32,0.9975865586784158,degraded,2026-07-10T16:50:29.802654+00:00,"Run - Jul 10, 2026 at 22:18:59"
Q15,32,0.997548374678416,degraded,2026-07-10T16:50:29.811171+00:00,"Run - Jul 10, 2026 at 22:18:59"
Q16,32,0.997510190678416,degraded,2026-07-10T16:50:29.819170+00:00,"Run - Jul 10, 2026 at 22:18:59"
Q17,32,0.997472006678416,degraded,2026-07-10T16:50:29.826484+00:00,"Run - Jul 10, 2026 at 22:18:59"
Q18,32,0.997433822678416,degraded,2026-07-10T16:50:29.834492+00:00,"Run - Jul 10, 2026 at 22:18:59"
Q19,32,0.997395638678416,degraded,2026-07-10T16:50:29.842502+00:00,"Run - Jul 10, 2026 at 22:18:59"
Q20,32,0.9973574546784159,degraded,2026-07-10T16:50:29.850502+00:00,"Run - Jul 10, 2026 at 22:18:59"
Q21,32,0.997319270678416,degraded,2026-07-10T16:50:29.857565+00:00,"Run - Jul 10, 2026 at 22:18:59"
Q22,32,0.9972810866784159,degraded,2026-07-10T16:50:29.865698+00:00,"Run - Jul 10, 2026 at 22:18:59"
Q23,32,0.997242902678416,degraded,2026-07-10T16:50:29.871698+00:00,"Run - Jul 10, 2026 at 22:18:59"
Q24,32,0.9972047186784159,degraded,2026-07-10T16:50:29.880697+00:00,"Run - Jul 10, 2026 at 22:18:59"
Q0,33,0.9981071931511603,degraded,2026-07-10T16:50:33.188432+00:00,"Run - Jul 10, 2026 at 22:18:59"
Q1,33,0.9980688471511603,degraded,2026-07-10T16:50:33.199960+00:00,"Run - Jul 10, 2026 at 22:18:59"
Q2,33,0.9980305011511601,degraded,2026-07-10T16:50:33.210548+00:00,"Run - Jul 10, 2026 at 22:18:59"
Q3,33,0.9979921551511604,degraded,2026-07-10T16:50:33.220548+00:00,"Run - Jul 10, 2026 at 22:18:59"
Q4,33,0.9979538091511602,degraded,2026-07-10T16:50:33.233549+00:00,"Run - Jul 10, 2026 at 22:18:59"
Q5,33,0.9979154631511602,degraded,2026-07-10T16:50:33.243548+00:00,"Run - Jul 10, 2026 at 22:18:59"
Q6,33,0.9978771171511602,degraded,2026-07-10T16:50:33.254549+00:00,"Run - Jul 10, 2026 at 22:18:59"
Q7,33,0.9978387711511602,degraded,2026-07-10T16:50:33.266548+00:00,"Run - Jul 10, 2026 at 22:18:59"
Q8,33,0.9978004251511603,degraded,2026-07-10T16:50:33.276549+00:00,"Run - Jul 10, 2026 at 22:18:59"
Q9,33,0.9977620791511602,degraded,2026-07-10T16:50:33.287551+00:00,"Run - Jul 10, 2026 at 22:18:59"
Q10,33,0.9977237331511601,degraded,2026-07-10T16:50:33.299143+00:00,"Run - Jul 10, 2026 at 22:18:59"
Q11,33,0.9976853871511602,degraded,2026-07-10T16:50:33.309000+00:00,"Run - Jul 10, 2026 at 22:18:59"
Q12,33,0.9976470411511602,degraded,2026-07-10T16:50:33.320173+00:00,"Run - Jul 10, 2026 at 22:18:59"
Q13,33,0.9976086951511602,degraded,2026-07-10T16:50:33.332243+00:00,"Run - Jul 10, 2026 at 22:18:59"
Q14,33,0.9975703491511602,degraded,2026-07-10T16:50:33.342237+00:00,"Run - Jul 10, 2026 at 22:18:59"
Q15,33,0.9975320031511603,degraded,2026-07-10T16:50:33.353236+00:00,"Run - Jul 10, 2026 at 22:18:59"
Q16,33,0.9974936571511602,degraded,2026-07-10T16:50:33.365239+00:00,"Run - Jul 10, 2026 at 22:18:59"
Q17,33,0.9974553111511602,degraded,2026-07-10T16:50:33.375242+00:00,"Run - Jul 10, 2026 at 22:18:59"
Q18,33,0.9974169651511603,degraded,2026-07-10T16:50:33.385239+00:00,"Run - Jul 10, 2026 at 22:18:59"
Q19,33,0.9973786191511602,degraded,2026-07-10T16:50:33.395245+00:00,"Run - Jul 10, 2026 at 22:18:59"
Q20,33,0.9973402731511603,degraded,2026-07-10T16:50:33.405246+00:00,"Run - Jul 10, 2026 at 22:18:59"
Q21,33,0.9973019271511603,degraded,2026-07-10T16:50:33.417001+00:00,"Run - Jul 10, 2026 at 22:18:59"
Q22,33,0.9972635811511601,degraded,2026-07-10T16:50:33.427002+00:00,"Run - Jul 10, 2026 at 22:18:59"
Q23,33,0.9972252351511603,degraded,2026-07-10T16:50:33.439002+00:00,"Run - Jul 10, 2026 at 22:18:59"
Q24,33,0.9971868891511602,degraded,2026-07-10T16:50:33.450003+00:00,"Run - Jul 10, 2026 at 22:18:59"
Q0,34,0.9980933467083883,degraded,2026-07-10T16:50:36.601828+00:00,"Run - Jul 10, 2026 at 22:18:59"
Q1,34,0.9980548387083883,degraded,2026-07-10T16:50:36.612879+00:00,"Run - Jul 10, 2026 at 22:18:59"
Q2,34,0.9980163307083884,degraded,2026-07-10T16:50:36.623880+00:00,"Run - Jul 10, 2026 at 22:18:59"
Q3,34,0.9979778227083884,degraded,2026-07-10T16:50:36.633881+00:00,"Run - Jul 10, 2026 at 22:18:59"
Q4,34,0.9979393147083884,degraded,2026-07-10T16:50:36.644139+00:00,"Run - Jul 10, 2026 at 22:18:59"
Q5,34,0.9979008067083883,degraded,2026-07-10T16:50:36.655249+00:00,"Run - Jul 10, 2026 at 22:18:59"
Q6,34,0.9978622987083884,degraded,2026-07-10T16:50:36.667249+00:00,"Run - Jul 10, 2026 at 22:18:59"
Q7,34,0.9978237907083883,degraded,2026-07-10T16:50:36.677248+00:00,"Run - Jul 10, 2026 at 22:18:59"
Q8,34,0.9977852827083884,degraded,2026-07-10T16:50:36.689251+00:00,"Run - Jul 10, 2026 at 22:18:59"
Q9,34,0.9977467747083885,degraded,2026-07-10T16:50:36.700261+00:00,"Run - Jul 10, 2026 at 22:18:59"
Q10,34,0.9977082667083883,degraded,2026-07-10T16:50:36.709769+00:00,"Run - Jul 10, 2026 at 22:18:59"
Q11,34,0.9976697587083883,degraded,2026-07-10T16:50:36.720781+00:00,"Run - Jul 10, 2026 at 22:18:59"
Q12,34,0.9976312507083883,degraded,2026-07-10T16:50:36.730789+00:00,"Run - Jul 10, 2026 at 22:18:59"
Q13,34,0.9975927427083884,degraded,2026-07-10T16:50:36.740919+00:00,"Run - Jul 10, 2026 at 22:18:59"
Q14,34,0.9975542347083883,degraded,2026-07-10T16:50:36.751748+00:00,"Run - Jul 10, 2026 at 22:18:59"
Q15,34,0.9975157267083884,degraded,2026-07-10T16:50:36.761402+00:00,"Run - Jul 10, 2026 at 22:18:59"
Q16,34,0.9974772187083885,degraded,2026-07-10T16:50:36.772401+00:00,"Run - Jul 10, 2026 at 22:18:59"
Q17,34,0.9974387107083884,degraded,2026-07-10T16:50:36.783750+00:00,"Run - Jul 10, 2026 at 22:18:59"
Q18,34,0.9974002027083884,degraded,2026-07-10T16:50:36.793911+00:00,"Run - Jul 10, 2026 at 22:18:59"
Q19,34,0.9973616947083884,degraded,2026-07-10T16:50:36.803918+00:00,"Run - Jul 10, 2026 at 22:18:59"
Q20,34,0.9973231867083884,degraded,2026-07-10T16:50:36.814441+00:00,"Run - Jul 10, 2026 at 22:18:59"
Q21,34,0.9972846787083883,degraded,2026-07-10T16:50:36.824439+00:00,"Run - Jul 10, 2026 at 22:18:59"
Q22,34,0.9972461707083885,degraded,2026-07-10T16:50:36.835441+00:00,"Run - Jul 10, 2026 at 22:18:59"
Q23,34,0.9972076627083883,degraded,2026-07-10T16:50:36.845441+00:00,"Run - Jul 10, 2026 at 22:18:59"
Q24,34,0.9971691547083883,degraded,2026-07-10T16:50:36.855446+00:00,"Run - Jul 10, 2026 at 22:18:59"
Q0,35,0.9980796523480187,degraded,2026-07-10T16:50:40.566337+00:00,"Run - Jul 10, 2026 at 22:18:59"
Q1,35,0.9980409823480186,degraded,2026-07-10T16:50:40.575343+00:00,"Run - Jul 10, 2026 at 22:18:59"
Q2,35,0.9980023123480187,degraded,2026-07-10T16:50:40.586335+00:00,"Run - Jul 10, 2026 at 22:18:59"
Q3,35,0.9979636423480188,degraded,2026-07-10T16:50:40.596830+00:00,"Run - Jul 10, 2026 at 22:18:59"
Q4,35,0.9979249723480188,degraded,2026-07-10T16:50:40.606840+00:00,"Run - Jul 10, 2026 at 22:18:59"
Q5,35,0.9978863023480187,degraded,2026-07-10T16:50:40.617358+00:00,"Run - Jul 10, 2026 at 22:18:59"
Q6,35,0.9978476323480187,degraded,2026-07-10T16:50:40.627356+00:00,"Run - Jul 10, 2026 at 22:18:59"
Q7,35,0.9978089623480187,degraded,2026-07-10T16:50:40.638362+00:00,"Run - Jul 10, 2026 at 22:18:59"
Q8,35,0.9977702923480188,degraded,2026-07-10T16:50:40.649869+00:00,"Run - Jul 10, 2026 at 22:18:59"
Q9,35,0.9977316223480188,degraded,2026-07-10T16:50:40.658881+00:00,"Run - Jul 10, 2026 at 22:18:59"
Q10,35,0.9976929523480187,degraded,2026-07-10T16:50:40.669881+00:00,"Run - Jul 10, 2026 at 22:18:59"
Q11,35,0.9976542823480187,degraded,2026-07-10T16:50:40.680882+00:00,"Run - Jul 10, 2026 at 22:18:59"
Q12,35,0.9976156123480188,degraded,2026-07-10T16:50:40.690879+00:00,"Run - Jul 10, 2026 at 22:18:59"
Q13,35,0.9975769423480187,degraded,2026-07-10T16:50:40.700890+00:00,"Run - Jul 10, 2026 at 22:18:59"
Q14,35,0.9975382723480188,degraded,2026-07-10T16:50:40.711106+00:00,"Run - Jul 10, 2026 at 22:18:59"
Q15,35,0.9974996023480187,degraded,2026-07-10T16:50:40.722626+00:00,"Run - Jul 10, 2026 at 22:18:59"
Q16,35,0.9974609323480187,degraded,2026-07-10T16:50:40.734634+00:00,"Run - Jul 10, 2026 at 22:18:59"
Q17,35,0.9974222623480187,degraded,2026-07-10T16:50:40.743722+00:00,"Run - Jul 10, 2026 at 22:18:59"
Q18,35,0.9973835923480188,degraded,2026-07-10T16:50:40.754827+00:00,"Run - Jul 10, 2026 at 22:18:59"
Q19,35,0.9973449223480189,degraded,2026-07-10T16:50:40.766829+00:00,"Run - Jul 10, 2026 at 22:18:59"
Q20,35,0.9973062523480187,degraded,2026-07-10T16:50:40.776831+00:00,"Run - Jul 10, 2026 at 22:18:59"
Q21,35,0.9972675823480187,degraded,2026-07-10T16:50:40.787829+00:00,"Run - Jul 10, 2026 at 22:18:59"
Q22,35,0.9972289123480187,degraded,2026-07-10T16:50:40.798837+00:00,"Run - Jul 10, 2026 at 22:18:59"
Q23,35,0.9971902423480188,degraded,2026-07-10T16:50:40.809059+00:00,"Run - Jul 10, 2026 at 22:18:59"
Q24,35,0.9971515723480189,degraded,2026-07-10T16:50:40.820581+00:00,"Run - Jul 10, 2026 at 22:18:59"
Q0,36,0.9980661667924522,degraded,2026-07-10T16:50:43.932686+00:00,"Run - Jul 10, 2026 at 22:18:59"
Q1,36,0.9980273347924522,degraded,2026-07-10T16:50:43.940686+00:00,"Run - Jul 10, 2026 at 22:18:59"
Q2,36,0.9979885027924522,degraded,2026-07-10T16:50:43.948688+00:00,"Run - Jul 10, 2026 at 22:18:59"
Q3,36,0.9979496707924522,degraded,2026-07-10T16:50:43.956898+00:00,"Run - Jul 10, 2026 at 22:18:59"
Q4,36,0.9979108387924521,degraded,2026-07-10T16:50:43.966256+00:00,"Run - Jul 10, 2026 at 22:18:59"
Q5,36,0.9978720067924521,degraded,2026-07-10T16:50:43.974689+00:00,"Run - Jul 10, 2026 at 22:18:59"
Q6,36,0.9978331747924523,degraded,2026-07-10T16:50:43.983280+00:00,"Run - Jul 10, 2026 at 22:18:59"
Q7,36,0.9977943427924522,degraded,2026-07-10T16:50:43.991280+00:00,"Run - Jul 10, 2026 at 22:18:59"
Q8,36,0.9977555107924522,degraded,2026-07-10T16:50:43.999805+00:00,"Run - Jul 10, 2026 at 22:18:59"
Q9,36,0.9977166787924523,degraded,2026-07-10T16:50:44.007376+00:00,"Run - Jul 10, 2026 at 22:18:59"
Q10,36,0.9976778467924523,degraded,2026-07-10T16:50:44.015886+00:00,"Run - Jul 10, 2026 at 22:18:59"
Q11,36,0.9976390147924522,degraded,2026-07-10T16:50:44.023896+00:00,"Run - Jul 10, 2026 at 22:18:59"
Q12,36,0.9976001827924522,degraded,2026-07-10T16:50:44.031898+00:00,"Run - Jul 10, 2026 at 22:18:59"
Q13,36,0.9975613507924521,degraded,2026-07-10T16:50:44.039903+00:00,"Run - Jul 10, 2026 at 22:18:59"
Q14,36,0.9975225187924521,degraded,2026-07-10T16:50:44.048904+00:00,"Run - Jul 10, 2026 at 22:18:59"
Q15,36,0.9974836867924521,degraded,2026-07-10T16:50:44.056551+00:00,"Run - Jul 10, 2026 at 22:18:59"
Q16,36,0.9974448547924522,degraded,2026-07-10T16:50:44.065553+00:00,"Run - Jul 10, 2026 at 22:18:59"
Q17,36,0.9974060227924522,degraded,2026-07-10T16:50:44.073551+00:00,"Run - Jul 10, 2026 at 22:18:59"
Q18,36,0.9973671907924522,degraded,2026-07-10T16:50:44.082943+00:00,"Run - Jul 10, 2026 at 22:18:59"
Q19,36,0.9973283587924522,degraded,2026-07-10T16:50:44.089941+00:00,"Run - Jul 10, 2026 at 22:18:59"
Q20,36,0.9972895267924522,degraded,2026-07-10T16:50:44.098941+00:00,"Run - Jul 10, 2026 at 22:18:59"
Q21,36,0.9972506947924522,degraded,2026-07-10T16:50:44.107951+00:00,"Run - Jul 10, 2026 at 22:18:59"
Q22,36,0.9972118627924522,degraded,2026-07-10T16:50:44.116458+00:00,"Run - Jul 10, 2026 at 22:18:59"
Q23,36,0.9971730307924522,degraded,2026-07-10T16:50:44.124469+00:00,"Run - Jul 10, 2026 at 22:18:59"
Q24,36,0.9971341987924522,degraded,2026-07-10T16:50:44.133468+00:00,"Run - Jul 10, 2026 at 22:18:59"
Q0,37,0.9980529470129706,degraded,2026-07-10T16:50:47.740909+00:00,"Run - Jul 10, 2026 at 22:18:59"
Q1,37,0.9980139530129708,degraded,2026-07-10T16:50:47.749885+00:00,"Run - Jul 10, 2026 at 22:18:59"
Q2,37,0.9979749590129708,degraded,2026-07-10T16:50:47.759892+00:00,"Run - Jul 10, 2026 at 22:18:59"
Q3,37,0.9979359650129707,degraded,2026-07-10T16:50:47.772120+00:00,"Run - Jul 10, 2026 at 22:18:59"
Q4,37,0.9978969710129708,degraded,2026-07-10T16:50:47.784361+00:00,"Run - Jul 10, 2026 at 22:18:59"
Q5,37,0.9978579770129707,degraded,2026-07-10T16:50:47.797360+00:00,"Run - Jul 10, 2026 at 22:18:59"
Q6,37,0.9978189830129707,degraded,2026-07-10T16:50:47.808211+00:00,"Run - Jul 10, 2026 at 22:18:59"
Q7,37,0.9977799890129708,degraded,2026-07-10T16:50:47.818725+00:00,"Run - Jul 10, 2026 at 22:18:59"
Q8,37,0.9977409950129708,degraded,2026-07-10T16:50:47.829737+00:00,"Run - Jul 10, 2026 at 22:18:59"
Q9,37,0.9977020010129707,degraded,2026-07-10T16:50:47.839733+00:00,"Run - Jul 10, 2026 at 22:18:59"
Q10,37,0.9976630070129707,degraded,2026-07-10T16:50:47.849908+00:00,"Run - Jul 10, 2026 at 22:18:59"
Q11,37,0.9976240130129708,degraded,2026-07-10T16:50:47.860916+00:00,"Run - Jul 10, 2026 at 22:18:59"
Q12,37,0.9975850190129708,degraded,2026-07-10T16:50:47.873001+00:00,"Run - Jul 10, 2026 at 22:18:59"
Q13,37,0.9975460250129708,degraded,2026-07-10T16:50:47.883014+00:00,"Run - Jul 10, 2026 at 22:18:59"
Q14,37,0.9975070310129708,degraded,2026-07-10T16:50:47.894248+00:00,"Run - Jul 10, 2026 at 22:18:59"
Q15,37,0.9974680370129707,degraded,2026-07-10T16:50:47.905257+00:00,"Run - Jul 10, 2026 at 22:18:59"
Q16,37,0.9974290430129709,degraded,2026-07-10T16:50:47.915259+00:00,"Run - Jul 10, 2026 at 22:18:59"
Q17,37,0.9973900490129708,degraded,2026-07-10T16:50:47.925786+00:00,"Run - Jul 10, 2026 at 22:18:59"
Q18,37,0.9973510550129707,degraded,2026-07-10T16:50:47.936787+00:00,"Run - Jul 10, 2026 at 22:18:59"
Q19,37,0.9973120610129709,degraded,2026-07-10T16:50:47.946791+00:00,"Run - Jul 10, 2026 at 22:18:59"
Q20,37,0.9972730670129708,degraded,2026-07-10T16:50:47.956789+00:00,"Run - Jul 10, 2026 at 22:18:59"
Q21,37,0.9972340730129708,degraded,2026-07-10T16:50:47.966788+00:00,"Run - Jul 10, 2026 at 22:18:59"
Q22,37,0.9971950790129709,degraded,2026-07-10T16:50:47.975786+00:00,"Run - Jul 10, 2026 at 22:18:59"
Q23,37,0.9971560850129708,degraded,2026-07-10T16:50:47.986788+00:00,"Run - Jul 10, 2026 at 22:18:59"
Q24,37,0.9971170910129707,degraded,2026-07-10T16:50:47.997788+00:00,"Run - Jul 10, 2026 at 22:18:59"
Q0,38,0.9980400455604297,degraded,2026-07-10T16:50:51.292882+00:00,"Run - Jul 10, 2026 at 22:18:59"
Q1,38,0.9980008895604298,degraded,2026-07-10T16:50:51.303883+00:00,"Run - Jul 10, 2026 at 22:18:59"
Q2,38,0.9979617335604296,degraded,2026-07-10T16:50:51.313893+00:00,"Run - Jul 10, 2026 at 22:18:59"
Q3,38,0.9979225775604295,degraded,2026-07-10T16:50:51.325643+00:00,"Run - Jul 10, 2026 at 22:18:59"
Q4,38,0.9978834215604295,degraded,2026-07-10T16:50:51.336644+00:00,"Run - Jul 10, 2026 at 22:18:59"
Q5,38,0.9978442655604296,degraded,2026-07-10T16:50:51.346644+00:00,"Run - Jul 10, 2026 at 22:18:59"
Q6,38,0.9978051095604297,degraded,2026-07-10T16:50:51.356644+00:00,"Run - Jul 10, 2026 at 22:18:59"
Q7,38,0.9977659535604296,degraded,2026-07-10T16:50:51.367650+00:00,"Run - Jul 10, 2026 at 22:18:59"
Q8,38,0.9977267975604296,degraded,2026-07-10T16:50:51.378646+00:00,"Run - Jul 10, 2026 at 22:18:59"
Q9,38,0.9976876415604296,degraded,2026-07-10T16:50:51.389380+00:00,"Run - Jul 10, 2026 at 22:18:59"
Q10,38,0.9976484855604295,degraded,2026-07-10T16:50:51.399385+00:00,"Run - Jul 10, 2026 at 22:18:59"
Q11,38,0.9976093295604296,degraded,2026-07-10T16:50:51.408389+00:00,"Run - Jul 10, 2026 at 22:18:59"
Q12,38,0.9975701735604295,degraded,2026-07-10T16:50:51.419388+00:00,"Run - Jul 10, 2026 at 22:18:59"
Q13,38,0.9975310175604295,degraded,2026-07-10T16:50:51.430909+00:00,"Run - Jul 10, 2026 at 22:18:59"
Q14,38,0.9974918615604296,degraded,2026-07-10T16:50:51.439910+00:00,"Run - Jul 10, 2026 at 22:18:59"
Q15,38,0.9974527055604296,degraded,2026-07-10T16:50:51.449909+00:00,"Run - Jul 10, 2026 at 22:18:59"
Q16,38,0.9974135495604297,degraded,2026-07-10T16:50:51.459909+00:00,"Run - Jul 10, 2026 at 22:18:59"
Q17,38,0.9973743935604296,degraded,2026-07-10T16:50:51.470908+00:00,"Run - Jul 10, 2026 at 22:18:59"
Q18,38,0.9973352375604296,degraded,2026-07-10T16:50:51.481907+00:00,"Run - Jul 10, 2026 at 22:18:59"
Q19,38,0.9972960815604295,degraded,2026-07-10T16:50:51.492467+00:00,"Run - Jul 10, 2026 at 22:18:59"
Q20,38,0.9972569255604296,degraded,2026-07-10T16:50:51.503472+00:00,"Run - Jul 10, 2026 at 22:18:59"
Q21,38,0.9972177695604296,degraded,2026-07-10T16:50:51.513478+00:00,"Run - Jul 10, 2026 at 22:18:59"
Q22,38,0.9971786135604296,degraded,2026-07-10T16:50:51.523992+00:00,"Run - Jul 10, 2026 at 22:18:59"
Q23,38,0.9971394575604295,degraded,2026-07-10T16:50:51.534000+00:00,"Run - Jul 10, 2026 at 22:18:59"
Q24,38,0.9971003015604296,degraded,2026-07-10T16:50:51.544993+00:00,"Run - Jul 10, 2026 at 22:18:59"
Q0,39,0.9980275116430041,degraded,2026-07-10T16:50:55.580169+00:00,"Run - Jul 10, 2026 at 22:18:59"
Q1,39,0.997988193643004,degraded,2026-07-10T16:50:55.593168+00:00,"Run - Jul 10, 2026 at 22:18:59"
Q2,39,0.997948875643004,degraded,2026-07-10T16:50:55.605167+00:00,"Run - Jul 10, 2026 at 22:18:59"
Q3,39,0.9979095576430042,degraded,2026-07-10T16:50:55.617185+00:00,"Run - Jul 10, 2026 at 22:18:59"
Q4,39,0.997870239643004,degraded,2026-07-10T16:50:55.628700+00:00,"Run - Jul 10, 2026 at 22:18:59"
Q5,39,0.9978309216430039,degraded,2026-07-10T16:50:55.640712+00:00,"Run - Jul 10, 2026 at 22:18:59"
Q6,39,0.997791603643004,degraded,2026-07-10T16:50:55.653231+00:00,"Run - Jul 10, 2026 at 22:18:59"
Q7,39,0.9977522856430041,degraded,2026-07-10T16:50:55.664808+00:00,"Run - Jul 10, 2026 at 22:18:59"
Q8,39,0.9977129676430041,degraded,2026-07-10T16:50:55.676807+00:00,"Run - Jul 10, 2026 at 22:18:59"
Q9,39,0.9976736496430041,degraded,2026-07-10T16:50:55.687809+00:00,"Run - Jul 10, 2026 at 22:18:59"
Q10,39,0.9976343316430041,degraded,2026-07-10T16:50:55.699809+00:00,"Run - Jul 10, 2026 at 22:18:59"
Q11,39,0.9975950136430041,degraded,2026-07-10T16:50:55.711820+00:00,"Run - Jul 10, 2026 at 22:18:59"
Q12,39,0.9975556956430041,degraded,2026-07-10T16:50:55.723816+00:00,"Run - Jul 10, 2026 at 22:18:59"
Q13,39,0.997516377643004,degraded,2026-07-10T16:50:55.736107+00:00,"Run - Jul 10, 2026 at 22:18:59"
Q14,39,0.997477059643004,degraded,2026-07-10T16:50:55.748631+00:00,"Run - Jul 10, 2026 at 22:18:59"
Q15,39,0.997437741643004,degraded,2026-07-10T16:50:55.760664+00:00,"Run - Jul 10, 2026 at 22:18:59"
Q16,39,0.9973984236430041,degraded,2026-07-10T16:50:55.769737+00:00,"Run - Jul 10, 2026 at 22:18:59"
Q17,39,0.997359105643004,degraded,2026-07-10T16:50:55.779256+00:00,"Run - Jul 10, 2026 at 22:18:59"
Q18,39,0.997319787643004,degraded,2026-07-10T16:50:55.788249+00:00,"Run - Jul 10, 2026 at 22:18:59"
Q19,39,0.997280469643004,degraded,2026-07-10T16:50:55.797096+00:00,"Run - Jul 10, 2026 at 22:18:59"
Q20,39,0.9972411516430041,degraded,2026-07-10T16:50:55.806091+00:00,"Run - Jul 10, 2026 at 22:18:59"
Q21,39,0.997201833643004,degraded,2026-07-10T16:50:55.815107+00:00,"Run - Jul 10, 2026 at 22:18:59"
Q22,39,0.9971625156430041,degraded,2026-07-10T16:50:55.823101+00:00,"Run - Jul 10, 2026 at 22:18:59"
Q23,39,0.997123197643004,degraded,2026-07-10T16:50:55.831248+00:00,"Run - Jul 10, 2026 at 22:18:59"
Q24,39,0.997083879643004,degraded,2026-07-10T16:50:55.839246+00:00,"Run - Jul 10, 2026 at 22:18:59"
Q0,40,0.9980153906260354,degraded,2026-07-10T16:50:58.869337+00:00,"Run - Jul 10, 2026 at 22:18:59"
Q1,40,0.9979759106260353,degraded,2026-07-10T16:50:58.880347+00:00,"Run - Jul 10, 2026 at 22:18:59"
Q2,40,0.9979364306260354,degraded,2026-07-10T16:50:58.891446+00:00,"Run - Jul 10, 2026 at 22:18:59"
Q3,40,0.9978969506260355,degraded,2026-07-10T16:50:58.902446+00:00,"Run - Jul 10, 2026 at 22:18:59"
Q4,40,0.9978574706260352,degraded,2026-07-10T16:50:58.913009+00:00,"Run - Jul 10, 2026 at 22:18:59"
Q5,40,0.9978179906260354,degraded,2026-07-10T16:50:58.924010+00:00,"Run - Jul 10, 2026 at 22:18:59"
Q6,40,0.9977785106260355,degraded,2026-07-10T16:50:58.935531+00:00,"Run - Jul 10, 2026 at 22:18:59"
Q7,40,0.9977390306260353,degraded,2026-07-10T16:50:58.946531+00:00,"Run - Jul 10, 2026 at 22:18:59"
Q8,40,0.9976995506260353,degraded,2026-07-10T16:50:58.957529+00:00,"Run - Jul 10, 2026 at 22:18:59"
Q9,40,0.9976600706260353,degraded,2026-07-10T16:50:58.968534+00:00,"Run - Jul 10, 2026 at 22:18:59"
Q10,40,0.9976205906260354,degraded,2026-07-10T16:50:58.979532+00:00,"Run - Jul 10, 2026 at 22:18:59"
Q11,40,0.9975811106260354,degraded,2026-07-10T16:50:58.990529+00:00,"Run - Jul 10, 2026 at 22:18:59"
Q12,40,0.9975416306260354,degraded,2026-07-10T16:50:59.002532+00:00,"Run - Jul 10, 2026 at 22:18:59"
Q13,40,0.9975021506260353,degraded,2026-07-10T16:50:59.015543+00:00,"Run - Jul 10, 2026 at 22:18:59"
Q14,40,0.9974626706260354,degraded,2026-07-10T16:50:59.026610+00:00,"Run - Jul 10, 2026 at 22:18:59"
Q15,40,0.9974231906260355,degraded,2026-07-10T16:50:59.055253+00:00,"Run - Jul 10, 2026 at 22:18:59"
Q16,40,0.9973837106260353,degraded,2026-07-10T16:50:59.074891+00:00,"Run - Jul 10, 2026 at 22:18:59"
Q17,40,0.9973442306260354,degraded,2026-07-10T16:50:59.087614+00:00,"Run - Jul 10, 2026 at 22:18:59"
Q18,40,0.9973047506260353,degraded,2026-07-10T16:50:59.101614+00:00,"Run - Jul 10, 2026 at 22:18:59"
Q19,40,0.9972652706260353,degraded,2026-07-10T16:50:59.114624+00:00,"Run - Jul 10, 2026 at 22:18:59"
Q20,40,0.9972257906260353,degraded,2026-07-10T16:50:59.126629+00:00,"Run - Jul 10, 2026 at 22:18:59"
Q21,40,0.9971863106260354,degraded,2026-07-10T16:50:59.138548+00:00,"Run - Jul 10, 2026 at 22:18:59"
Q22,40,0.9971468306260354,degraded,2026-07-10T16:50:59.150552+00:00,"Run - Jul 10, 2026 at 22:18:59"
Q23,40,0.9971073506260354,degraded,2026-07-10T16:50:59.162551+00:00,"Run - Jul 10, 2026 at 22:18:59"
Q24,40,0.9970678706260354,degraded,2026-07-10T16:50:59.174547+00:00,"Run - Jul 10, 2026 at 22:18:59"
Q0,41,0.9980037231346455,degraded,2026-07-10T16:51:03.178189+00:00,"Run - Jul 10, 2026 at 22:18:59"
Q1,41,0.9979640811346454,degraded,2026-07-10T16:51:03.187185+00:00,"Run - Jul 10, 2026 at 22:18:59"
Q2,41,0.9979244391346456,degraded,2026-07-10T16:51:03.196190+00:00,"Run - Jul 10, 2026 at 22:18:59"
Q3,41,0.9978847971346454,degraded,2026-07-10T16:51:03.206186+00:00,"Run - Jul 10, 2026 at 22:18:59"
Q4,41,0.9978451551346454,degraded,2026-07-10T16:51:03.214187+00:00,"Run - Jul 10, 2026 at 22:18:59"
Q5,41,0.9978055131346454,degraded,2026-07-10T16:51:03.223195+00:00,"Run - Jul 10, 2026 at 22:18:59"
Q6,41,0.9977658711346454,degraded,2026-07-10T16:51:03.232720+00:00,"Run - Jul 10, 2026 at 22:18:59"
Q7,41,0.9977262291346454,degraded,2026-07-10T16:51:03.251669+00:00,"Run - Jul 10, 2026 at 22:18:59"
Q8,41,0.9976865871346454,degraded,2026-07-10T16:51:03.259670+00:00,"Run - Jul 10, 2026 at 22:18:59"
Q9,41,0.9976469451346455,degraded,2026-07-10T16:51:03.268668+00:00,"Run - Jul 10, 2026 at 22:18:59"
Q10,41,0.9976073031346454,degraded,2026-07-10T16:51:03.277670+00:00,"Run - Jul 10, 2026 at 22:18:59"
Q11,41,0.9975676611346456,degraded,2026-07-10T16:51:03.285670+00:00,"Run - Jul 10, 2026 at 22:18:59"
Q12,41,0.9975280191346454,degraded,2026-07-10T16:51:03.294673+00:00,"Run - Jul 10, 2026 at 22:18:59"
Q13,41,0.9974883771346454,degraded,2026-07-10T16:51:03.302667+00:00,"Run - Jul 10, 2026 at 22:18:59"
Q14,41,0.9974487351346454,degraded,2026-07-10T16:51:03.311669+00:00,"Run - Jul 10, 2026 at 22:18:59"
Q15,41,0.9974090931346455,degraded,2026-07-10T16:51:03.319674+00:00,"Run - Jul 10, 2026 at 22:18:59"
Q16,41,0.9973694511346455,degraded,2026-07-10T16:51:03.329672+00:00,"Run - Jul 10, 2026 at 22:18:59"
Q17,41,0.9973298091346454,degraded,2026-07-10T16:51:03.338713+00:00,"Run - Jul 10, 2026 at 22:18:59"
Q18,41,0.9972901671346455,degraded,2026-07-10T16:51:03.348285+00:00,"Run - Jul 10, 2026 at 22:18:59"
Q19,41,0.9972505251346454,degraded,2026-07-10T16:51:03.356534+00:00,"Run - Jul 10, 2026 at 22:18:59"
Q20,41,0.9972108831346456,degraded,2026-07-10T16:51:03.365537+00:00,"Run - Jul 10, 2026 at 22:18:59"
Q21,41,0.9971712411346454,degraded,2026-07-10T16:51:03.373535+00:00,"Run - Jul 10, 2026 at 22:18:59"
Q22,41,0.9971315991346454,degraded,2026-07-10T16:51:03.382538+00:00,"Run - Jul 10, 2026 at 22:18:59"
Q23,41,0.9970919571346455,degraded,2026-07-10T16:51:03.389535+00:00,"Run - Jul 10, 2026 at 22:18:59"
Q24,41,0.9970523151346454,degraded,2026-07-10T16:51:03.398540+00:00,"Run - Jul 10, 2026 at 22:18:59"
Q0,42,0.9979925438104674,degraded,2026-07-10T16:51:07.002519+00:00,"Run - Jul 10, 2026 at 22:18:59"
Q1,42,0.9979527398104673,degraded,2026-07-10T16:51:07.015812+00:00,"Run - Jul 10, 2026 at 22:18:59"
Q2,42,0.9979129358104675,degraded,2026-07-10T16:51:07.043350+00:00,"Run - Jul 10, 2026 at 22:18:59"
Q3,42,0.9978731318104674,degraded,2026-07-10T16:51:07.065348+00:00,"Run - Jul 10, 2026 at 22:18:59"
Q4,42,0.9978333278104675,degraded,2026-07-10T16:51:07.079348+00:00,"Run - Jul 10, 2026 at 22:18:59"
Q5,42,0.9977935238104674,degraded,2026-07-10T16:51:07.091367+00:00,"Run - Jul 10, 2026 at 22:18:59"
Q6,42,0.9977537198104673,degraded,2026-07-10T16:51:07.115424+00:00,"Run - Jul 10, 2026 at 22:18:59"
Q7,42,0.9977139158104674,degraded,2026-07-10T16:51:07.128434+00:00,"Run - Jul 10, 2026 at 22:18:59"
Q8,42,0.9976741118104675,degraded,2026-07-10T16:51:07.162951+00:00,"Run - Jul 10, 2026 at 22:18:59"
Q9,42,0.9976343078104675,degraded,2026-07-10T16:51:07.173852+00:00,"Run - Jul 10, 2026 at 22:18:59"
Q10,42,0.9975945038104673,degraded,2026-07-10T16:51:07.185628+00:00,"Run - Jul 10, 2026 at 22:18:59"
Q11,42,0.9975546998104674,degraded,2026-07-10T16:51:07.222649+00:00,"Run - Jul 10, 2026 at 22:18:59"
Q12,42,0.9975148958104674,degraded,2026-07-10T16:51:07.254705+00:00,"Run - Jul 10, 2026 at 22:18:59"
Q13,42,0.9974750918104675,degraded,2026-07-10T16:51:07.276964+00:00,"Run - Jul 10, 2026 at 22:18:59"
Q14,42,0.9974352878104673,degraded,2026-07-10T16:51:07.301960+00:00,"Run - Jul 10, 2026 at 22:18:59"
Q15,42,0.9973954838104674,degraded,2026-07-10T16:51:07.334483+00:00,"Run - Jul 10, 2026 at 22:18:59"
Q16,42,0.9973556798104675,degraded,2026-07-10T16:51:07.346496+00:00,"Run - Jul 10, 2026 at 22:18:59"
Q17,42,0.9973158758104674,degraded,2026-07-10T16:51:07.359499+00:00,"Run - Jul 10, 2026 at 22:18:59"
Q18,42,0.9972760718104674,degraded,2026-07-10T16:51:07.381447+00:00,"Run - Jul 10, 2026 at 22:18:59"
Q19,42,0.9972362678104674,degraded,2026-07-10T16:51:07.392112+00:00,"Run - Jul 10, 2026 at 22:18:59"
Q20,42,0.9971964638104674,degraded,2026-07-10T16:51:07.412111+00:00,"Run - Jul 10, 2026 at 22:18:59"
Q21,42,0.9971566598104673,degraded,2026-07-10T16:51:07.423115+00:00,"Run - Jul 10, 2026 at 22:18:59"
Q22,42,0.9971168558104675,degraded,2026-07-10T16:51:07.460654+00:00,"Run - Jul 10, 2026 at 22:18:59"
Q23,42,0.9970770518104675,degraded,2026-07-10T16:51:07.492657+00:00,"Run - Jul 10, 2026 at 22:18:59"
Q24,42,0.9970372478104674,degraded,2026-07-10T16:51:07.502857+00:00,"Run - Jul 10, 2026 at 22:18:59"
Q0,43,0.9979818873984199,degraded,2026-07-10T16:51:11.141483+00:00,"Run - Jul 10, 2026 at 22:18:59"
Q1,43,0.99794192139842,degraded,2026-07-10T16:51:11.149482+00:00,"Run - Jul 10, 2026 at 22:18:59"
Q2,43,0.9979019553984199,degraded,2026-07-10T16:51:11.159484+00:00,"Run - Jul 10, 2026 at 22:18:59"
Q3,43,0.9978619893984197,degraded,2026-07-10T16:51:11.167484+00:00,"Run - Jul 10, 2026 at 22:18:59"
Q4,43,0.9978220233984199,degraded,2026-07-10T16:51:11.177481+00:00,"Run - Jul 10, 2026 at 22:18:59"
Q5,43,0.9977820573984199,degraded,2026-07-10T16:51:11.184481+00:00,"Run - Jul 10, 2026 at 22:18:59"
Q6,43,0.9977420913984199,degraded,2026-07-10T16:51:11.193483+00:00,"Run - Jul 10, 2026 at 22:18:59"
Q7,43,0.9977021253984198,degraded,2026-07-10T16:51:11.200481+00:00,"Run - Jul 10, 2026 at 22:18:59"
Q8,43,0.9976621593984198,degraded,2026-07-10T16:51:11.224490+00:00,"Run - Jul 10, 2026 at 22:18:59"
Q9,43,0.9976221933984197,degraded,2026-07-10T16:51:11.233488+00:00,"Run - Jul 10, 2026 at 22:18:59"
Q10,43,0.9975822273984198,degraded,2026-07-10T16:51:11.242321+00:00,"Run - Jul 10, 2026 at 22:18:59"
Q11,43,0.9975422613984198,degraded,2026-07-10T16:51:11.250324+00:00,"Run - Jul 10, 2026 at 22:18:59"
Q12,43,0.9975022953984198,degraded,2026-07-10T16:51:11.259918+00:00,"Run - Jul 10, 2026 at 22:18:59"
Q13,43,0.99746232939842,degraded,2026-07-10T16:51:11.267916+00:00,"Run - Jul 10, 2026 at 22:18:59"
Q14,43,0.9974223633984198,degraded,2026-07-10T16:51:11.276916+00:00,"Run - Jul 10, 2026 at 22:18:59"
Q15,43,0.9973823973984199,degraded,2026-07-10T16:51:11.285919+00:00,"Run - Jul 10, 2026 at 22:18:59"
Q16,43,0.9973424313984198,degraded,2026-07-10T16:51:11.293920+00:00,"Run - Jul 10, 2026 at 22:18:59"
Q17,43,0.9973024653984198,degraded,2026-07-10T16:51:11.316922+00:00,"Run - Jul 10, 2026 at 22:18:59"
Q18,43,0.9972624993984198,degraded,2026-07-10T16:51:11.324934+00:00,"Run - Jul 10, 2026 at 22:18:59"
Q19,43,0.9972225333984199,degraded,2026-07-10T16:51:11.332929+00:00,"Run - Jul 10, 2026 at 22:18:59"
Q20,43,0.9971825673984198,degraded,2026-07-10T16:51:11.342450+00:00,"Run - Jul 10, 2026 at 22:18:59"
Q21,43,0.9971426013984199,degraded,2026-07-10T16:51:11.350993+00:00,"Run - Jul 10, 2026 at 22:18:59"
Q22,43,0.9971026353984198,degraded,2026-07-10T16:51:11.361993+00:00,"Run - Jul 10, 2026 at 22:18:59"
Q23,43,0.9970626693984198,degraded,2026-07-10T16:51:11.371993+00:00,"Run - Jul 10, 2026 at 22:18:59"
Q24,43,0.9970227033984198,degraded,2026-07-10T16:51:11.380996+00:00,"Run - Jul 10, 2026 at 22:18:59"
Q0,44,0.9979717808756843,degraded,2026-07-10T16:51:15.912556+00:00,"Run - Jul 10, 2026 at 22:18:59"
Q1,44,0.9979316528756841,degraded,2026-07-10T16:51:15.944131+00:00,"Run - Jul 10, 2026 at 22:18:59"
Q2,44,0.9978915248756841,degraded,2026-07-10T16:51:15.966050+00:00,"Run - Jul 10, 2026 at 22:18:59"
Q3,44,0.9978513968756841,degraded,2026-07-10T16:51:15.977511+00:00,"Run - Jul 10, 2026 at 22:18:59"
Q4,44,0.9978112688756842,degraded,2026-07-10T16:51:15.989396+00:00,"Run - Jul 10, 2026 at 22:18:59"
Q5,44,0.9977711408756842,degraded,2026-07-10T16:51:16.002476+00:00,"Run - Jul 10, 2026 at 22:18:59"
Q6,44,0.9977310128756841,degraded,2026-07-10T16:51:16.014308+00:00,"Run - Jul 10, 2026 at 22:18:59"
Q7,44,0.9976908848756841,degraded,2026-07-10T16:51:16.027213+00:00,"Run - Jul 10, 2026 at 22:18:59"
Q8,44,0.9976507568756843,degraded,2026-07-10T16:51:16.038216+00:00,"Run - Jul 10, 2026 at 22:18:59"
Q9,44,0.9976106288756841,degraded,2026-07-10T16:51:16.069470+00:00,"Run - Jul 10, 2026 at 22:18:59"
Q10,44,0.9975705008756841,degraded,2026-07-10T16:51:16.100277+00:00,"Run - Jul 10, 2026 at 22:18:59"
Q11,44,0.9975303728756841,degraded,2026-07-10T16:51:16.112288+00:00,"Run - Jul 10, 2026 at 22:18:59"
Q12,44,0.9974902448756842,degraded,2026-07-10T16:51:16.126145+00:00,"Run - Jul 10, 2026 at 22:18:59"
Q13,44,0.9974501168756842,degraded,2026-07-10T16:51:16.140966+00:00,"Run - Jul 10, 2026 at 22:18:59"
Q14,44,0.9974099888756841,degraded,2026-07-10T16:51:16.153493+00:00,"Run - Jul 10, 2026 at 22:18:59"
Q15,44,0.997369860875684,degraded,2026-07-10T16:51:16.165592+00:00,"Run - Jul 10, 2026 at 22:18:59"
Q16,44,0.9973297328756843,degraded,2026-07-10T16:51:16.177705+00:00,"Run - Jul 10, 2026 at 22:18:59"
Q17,44,0.9972896048756842,degraded,2026-07-10T16:51:16.208870+00:00,"Run - Jul 10, 2026 at 22:18:59"
Q18,44,0.9972494768756841,degraded,2026-07-10T16:51:16.220863+00:00,"Run - Jul 10, 2026 at 22:18:59"
Q19,44,0.9972093488756841,degraded,2026-07-10T16:51:16.232879+00:00,"Run - Jul 10, 2026 at 22:18:59"
Q20,44,0.9971692208756842,degraded,2026-07-10T16:51:16.245421+00:00,"Run - Jul 10, 2026 at 22:18:59"
Q21,44,0.9971290928756842,degraded,2026-07-10T16:51:16.264425+00:00,"Run - Jul 10, 2026 at 22:18:59"
Q22,44,0.9970889648756841,degraded,2026-07-10T16:51:16.287389+00:00,"Run - Jul 10, 2026 at 22:18:59"
Q23,44,0.997048836875684,degraded,2026-07-10T16:51:16.317297+00:00,"Run - Jul 10, 2026 at 22:18:59"
Q24,44,0.9970087088756842,degraded,2026-07-10T16:51:16.330321+00:00,"Run - Jul 10, 2026 at 22:18:59"
Q0,45,0.9979622455730262,degraded,2026-07-10T16:51:20.093418+00:00,"Run - Jul 10, 2026 at 22:18:59"
Q1,45,0.9979219555730261,degraded,2026-07-10T16:51:20.105418+00:00,"Run - Jul 10, 2026 at 22:18:59"
Q2,45,0.9978816655730263,degraded,2026-07-10T16:51:20.117429+00:00,"Run - Jul 10, 2026 at 22:18:59"
Q3,45,0.9978413755730262,degraded,2026-07-10T16:51:20.128429+00:00,"Run - Jul 10, 2026 at 22:18:59"
Q4,45,0.9978010855730262,degraded,2026-07-10T16:51:20.141133+00:00,"Run - Jul 10, 2026 at 22:18:59"
Q5,45,0.9977607955730261,degraded,2026-07-10T16:51:20.152655+00:00,"Run - Jul 10, 2026 at 22:18:59"
Q6,45,0.9977205055730262,degraded,2026-07-10T16:51:20.168655+00:00,"Run - Jul 10, 2026 at 22:18:59"
Q7,45,0.9976802155730261,degraded,2026-07-10T16:51:20.184397+00:00,"Run - Jul 10, 2026 at 22:18:59"
Q8,45,0.9976399255730262,degraded,2026-07-10T16:51:20.197394+00:00,"Run - Jul 10, 2026 at 22:18:59"
Q9,45,0.9975996355730261,degraded,2026-07-10T16:51:20.209394+00:00,"Run - Jul 10, 2026 at 22:18:59"
Q10,45,0.9975593455730263,degraded,2026-07-10T16:51:20.241410+00:00,"Run - Jul 10, 2026 at 22:18:59"
Q11,45,0.9975190555730262,degraded,2026-07-10T16:51:20.253928+00:00,"Run - Jul 10, 2026 at 22:18:59"
Q12,45,0.9974787655730262,degraded,2026-07-10T16:51:20.266936+00:00,"Run - Jul 10, 2026 at 22:18:59"
Q13,45,0.9974384755730261,degraded,2026-07-10T16:51:20.279112+00:00,"Run - Jul 10, 2026 at 22:18:59"
Q14,45,0.9973981855730261,degraded,2026-07-10T16:51:20.292115+00:00,"Run - Jul 10, 2026 at 22:18:59"
Q15,45,0.9973578955730262,degraded,2026-07-10T16:51:20.304112+00:00,"Run - Jul 10, 2026 at 22:18:59"
Q16,45,0.9973176055730262,degraded,2026-07-10T16:51:20.316118+00:00,"Run - Jul 10, 2026 at 22:18:59"
Q17,45,0.9972773155730261,degraded,2026-07-10T16:51:20.353837+00:00,"Run - Jul 10, 2026 at 22:18:59"
Q18,45,0.9972370255730263,degraded,2026-07-10T16:51:20.366462+00:00,"Run - Jul 10, 2026 at 22:18:59"
Q19,45,0.9971967355730262,degraded,2026-07-10T16:51:20.378968+00:00,"Run - Jul 10, 2026 at 22:18:59"
Q20,45,0.9971564455730262,degraded,2026-07-10T16:51:20.389975+00:00,"Run - Jul 10, 2026 at 22:18:59"
Q21,45,0.9971161555730261,degraded,2026-07-10T16:51:20.401964+00:00,"Run - Jul 10, 2026 at 22:18:59"
Q22,45,0.9970758655730261,degraded,2026-07-10T16:51:20.414964+00:00,"Run - Jul 10, 2026 at 22:18:59"
Q23,45,0.9970355755730262,degraded,2026-07-10T16:51:20.426965+00:00,"Run - Jul 10, 2026 at 22:18:59"
Q24,45,0.9969952855730262,degraded,2026-07-10T16:51:20.461508+00:00,"Run - Jul 10, 2026 at 22:18:59"
Q0,46,0.997953296941283,degraded,2026-07-10T16:51:24.967531+00:00,"Run - Jul 10, 2026 at 22:18:59"
Q1,46,0.9979128449412831,degraded,2026-07-10T16:51:24.977641+00:00,"Run - Jul 10, 2026 at 22:18:59"
Q2,46,0.997872392941283,degraded,2026-07-10T16:51:24.986642+00:00,"Run - Jul 10, 2026 at 22:18:59"
Q3,46,0.9978319409412828,degraded,2026-07-10T16:51:24.995654+00:00,"Run - Jul 10, 2026 at 22:18:59"
Q4,46,0.997791488941283,degraded,2026-07-10T16:51:25.005815+00:00,"Run - Jul 10, 2026 at 22:18:59"
Q5,46,0.997751036941283,degraded,2026-07-10T16:51:25.014415+00:00,"Run - Jul 10, 2026 at 22:18:59"
Q6,46,0.9977105849412831,degraded,2026-07-10T16:51:25.032408+00:00,"Run - Jul 10, 2026 at 22:18:59"
Q7,46,0.9976701329412829,degraded,2026-07-10T16:51:25.047418+00:00,"Run - Jul 10, 2026 at 22:18:59"
Q8,46,0.997629680941283,degraded,2026-07-10T16:51:25.067944+00:00,"Run - Jul 10, 2026 at 22:18:59"
Q9,46,0.997589228941283,degraded,2026-07-10T16:51:25.076946+00:00,"Run - Jul 10, 2026 at 22:18:59"
Q10,46,0.997548776941283,degraded,2026-07-10T16:51:25.085941+00:00,"Run - Jul 10, 2026 at 22:18:59"
Q11,46,0.9975083249412829,degraded,2026-07-10T16:51:25.094950+00:00,"Run - Jul 10, 2026 at 22:18:59"
Q12,46,0.9974678729412829,degraded,2026-07-10T16:51:25.102941+00:00,"Run - Jul 10, 2026 at 22:18:59"
Q13,46,0.997427420941283,degraded,2026-07-10T16:51:25.111947+00:00,"Run - Jul 10, 2026 at 22:18:59"
Q14,46,0.9973869689412829,degraded,2026-07-10T16:51:25.120949+00:00,"Run - Jul 10, 2026 at 22:18:59"
Q15,46,0.997346516941283,degraded,2026-07-10T16:51:25.129955+00:00,"Run - Jul 10, 2026 at 22:18:59"
Q16,46,0.9973060649412829,degraded,2026-07-10T16:51:25.138959+00:00,"Run - Jul 10, 2026 at 22:18:59"
Q17,46,0.9972656129412829,degraded,2026-07-10T16:51:25.148030+00:00,"Run - Jul 10, 2026 at 22:18:59"
Q18,46,0.9972251609412829,degraded,2026-07-10T16:51:25.156554+00:00,"Run - Jul 10, 2026 at 22:18:59"
Q19,46,0.9971847089412829,degraded,2026-07-10T16:51:25.165552+00:00,"Run - Jul 10, 2026 at 22:18:59"
Q20,46,0.997144256941283,degraded,2026-07-10T16:51:25.174552+00:00,"Run - Jul 10, 2026 at 22:18:59"
Q21,46,0.9971038049412828,degraded,2026-07-10T16:51:25.196551+00:00,"Run - Jul 10, 2026 at 22:18:59"
Q22,46,0.9970633529412829,degraded,2026-07-10T16:51:25.204549+00:00,"Run - Jul 10, 2026 at 22:18:59"
Q23,46,0.9970229009412829,degraded,2026-07-10T16:51:25.213550+00:00,"Run - Jul 10, 2026 at 22:18:59"
Q24,46,0.9969824489412829,degraded,2026-07-10T16:51:25.222554+00:00,"Run - Jul 10, 2026 at 22:18:59"
Q0,47,0.9979449444188302,degraded,2026-07-10T16:51:28.752306+00:00,"Run - Jul 10, 2026 at 22:18:59"
Q1,47,0.9979043304188303,degraded,2026-07-10T16:51:28.763844+00:00,"Run - Jul 10, 2026 at 22:18:59"
Q2,47,0.9978637164188302,degraded,2026-07-10T16:51:28.776840+00:00,"Run - Jul 10, 2026 at 22:18:59"
Q3,47,0.9978231024188302,degraded,2026-07-10T16:51:28.789387+00:00,"Run - Jul 10, 2026 at 22:18:59"
Q4,47,0.9977824884188302,degraded,2026-07-10T16:51:28.801378+00:00,"Run - Jul 10, 2026 at 22:18:59"
Q5,47,0.9977418744188302,degraded,2026-07-10T16:51:28.814385+00:00,"Run - Jul 10, 2026 at 22:18:59"
Q6,47,0.9977012604188302,degraded,2026-07-10T16:51:28.825381+00:00,"Run - Jul 10, 2026 at 22:18:59"
Q7,47,0.9976606464188302,degraded,2026-07-10T16:51:28.837384+00:00,"Run - Jul 10, 2026 at 22:18:59"
Q8,47,0.9976200324188302,degraded,2026-07-10T16:51:28.849397+00:00,"Run - Jul 10, 2026 at 22:18:59"
Q9,47,0.9975794184188302,degraded,2026-07-10T16:51:28.860936+00:00,"Run - Jul 10, 2026 at 22:18:59"
Q10,47,0.9975388044188304,degraded,2026-07-10T16:51:28.872936+00:00,"Run - Jul 10, 2026 at 22:18:59"
Q11,47,0.9974981904188303,degraded,2026-07-10T16:51:28.884931+00:00,"Run - Jul 10, 2026 at 22:18:59"
Q12,47,0.9974575764188303,degraded,2026-07-10T16:51:28.899086+00:00,"Run - Jul 10, 2026 at 22:18:59"
Q13,47,0.9974169624188303,degraded,2026-07-10T16:51:28.910086+00:00,"Run - Jul 10, 2026 at 22:18:59"
Q14,47,0.9973763484188303,degraded,2026-07-10T16:51:28.922175+00:00,"Run - Jul 10, 2026 at 22:18:59"
Q15,47,0.9973357344188303,degraded,2026-07-10T16:51:28.934176+00:00,"Run - Jul 10, 2026 at 22:18:59"
Q16,47,0.9972951204188303,degraded,2026-07-10T16:51:28.945206+00:00,"Run - Jul 10, 2026 at 22:18:59"
Q17,47,0.9972545064188303,degraded,2026-07-10T16:51:28.957736+00:00,"Run - Jul 10, 2026 at 22:18:59"
Q18,47,0.9972138924188303,degraded,2026-07-10T16:51:28.968736+00:00,"Run - Jul 10, 2026 at 22:18:59"
Q19,47,0.9971732784188303,degraded,2026-07-10T16:51:28.980739+00:00,"Run - Jul 10, 2026 at 22:18:59"
Q20,47,0.9971326644188303,degraded,2026-07-10T16:51:28.993739+00:00,"Run - Jul 10, 2026 at 22:18:59"
Q21,47,0.9970920504188303,degraded,2026-07-10T16:51:29.005810+00:00,"Run - Jul 10, 2026 at 22:18:59"
Q22,47,0.9970514364188303,degraded,2026-07-10T16:51:29.019604+00:00,"Run - Jul 10, 2026 at 22:18:59"
Q23,47,0.9970108224188303,degraded,2026-07-10T16:51:29.058187+00:00,"Run - Jul 10, 2026 at 22:18:59"
Q24,47,0.9969702084188303,degraded,2026-07-10T16:51:29.074195+00:00,"Run - Jul 10, 2026 at 22:18:59"
Q0,48,0.9979371888509329,degraded,2026-07-10T16:51:33.423285+00:00,"Run - Jul 10, 2026 at 22:18:59"
Q1,48,0.9978964128509329,degraded,2026-07-10T16:51:33.432282+00:00,"Run - Jul 10, 2026 at 22:18:59"
Q2,48,0.9978556368509328,degraded,2026-07-10T16:51:33.441281+00:00,"Run - Jul 10, 2026 at 22:18:59"
Q3,48,0.9978148608509328,degraded,2026-07-10T16:51:33.449291+00:00,"Run - Jul 10, 2026 at 22:18:59"
Q4,48,0.9977740848509328,degraded,2026-07-10T16:51:33.458293+00:00,"Run - Jul 10, 2026 at 22:18:59"
Q5,48,0.9977333088509328,degraded,2026-07-10T16:51:33.466816+00:00,"Run - Jul 10, 2026 at 22:18:59"
Q6,48,0.9976925328509328,degraded,2026-07-10T16:51:33.475829+00:00,"Run - Jul 10, 2026 at 22:18:59"
Q7,48,0.9976517568509329,degraded,2026-07-10T16:51:33.485083+00:00,"Run - Jul 10, 2026 at 22:18:59"
Q8,48,0.9976109808509328,degraded,2026-07-10T16:51:33.494090+00:00,"Run - Jul 10, 2026 at 22:18:59"
Q9,48,0.9975702048509327,degraded,2026-07-10T16:51:33.503087+00:00,"Run - Jul 10, 2026 at 22:18:59"
Q10,48,0.9975294288509329,degraded,2026-07-10T16:51:33.512082+00:00,"Run - Jul 10, 2026 at 22:18:59"
Q11,48,0.9974886528509328,degraded,2026-07-10T16:51:33.521090+00:00,"Run - Jul 10, 2026 at 22:18:59"
Q12,48,0.997447876850933,degraded,2026-07-10T16:51:33.531091+00:00,"Run - Jul 10, 2026 at 22:18:59"
Q13,48,0.9974071008509329,degraded,2026-07-10T16:51:33.541087+00:00,"Run - Jul 10, 2026 at 22:18:59"
Q14,48,0.9973663248509328,degraded,2026-07-10T16:51:33.549095+00:00,"Run - Jul 10, 2026 at 22:18:59"
Q15,48,0.9973255488509327,degraded,2026-07-10T16:51:33.558100+00:00,"Run - Jul 10, 2026 at 22:18:59"
Q16,48,0.9972847728509329,degraded,2026-07-10T16:51:33.566632+00:00,"Run - Jul 10, 2026 at 22:18:59"
Q17,48,0.9972439968509328,degraded,2026-07-10T16:51:33.575635+00:00,"Run - Jul 10, 2026 at 22:18:59"
Q18,48,0.9972032208509329,degraded,2026-07-10T16:51:33.584628+00:00,"Run - Jul 10, 2026 at 22:18:59"
Q19,48,0.9971624448509329,degraded,2026-07-10T16:51:33.594947+00:00,"Run - Jul 10, 2026 at 22:18:59"
Q20,48,0.9971216688509328,degraded,2026-07-10T16:51:33.603946+00:00,"Run - Jul 10, 2026 at 22:18:59"
Q21,48,0.9970808928509327,degraded,2026-07-10T16:51:33.612965+00:00,"Run - Jul 10, 2026 at 22:18:59"
Q22,48,0.9970401168509329,degraded,2026-07-10T16:51:33.623480+00:00,"Run - Jul 10, 2026 at 22:18:59"
Q23,48,0.9969993408509329,degraded,2026-07-10T16:51:33.633081+00:00,"Run - Jul 10, 2026 at 22:18:59"
Q24,48,0.9969585648509329,degraded,2026-07-10T16:51:33.642091+00:00,"Run - Jul 10, 2026 at 22:18:59"
Q0,49,0.9979300304240141,degraded,2026-07-10T16:51:37.652332+00:00,"Run - Jul 10, 2026 at 22:18:59"
Q1,49,0.997889092424014,degraded,2026-07-10T16:51:37.663958+00:00,"Run - Jul 10, 2026 at 22:18:59"
Q2,49,0.9978481544240141,degraded,2026-07-10T16:51:37.674880+00:00,"Run - Jul 10, 2026 at 22:18:59"
Q3,49,0.997807216424014,degraded,2026-07-10T16:51:37.685878+00:00,"Run - Jul 10, 2026 at 22:18:59"
Q4,49,0.997766278424014,degraded,2026-07-10T16:51:37.697876+00:00,"Run - Jul 10, 2026 at 22:18:59"
Q5,49,0.9977253404240141,degraded,2026-07-10T16:51:37.708561+00:00,"Run - Jul 10, 2026 at 22:18:59"
Q6,49,0.9976844024240141,degraded,2026-07-10T16:51:37.720561+00:00,"Run - Jul 10, 2026 at 22:18:59"
Q7,49,0.9976434644240141,degraded,2026-07-10T16:51:37.732810+00:00,"Run - Jul 10, 2026 at 22:18:59"
Q8,49,0.997602526424014,degraded,2026-07-10T16:51:37.745336+00:00,"Run - Jul 10, 2026 at 22:18:59"
Q9,49,0.9975615884240141,degraded,2026-07-10T16:51:37.757223+00:00,"Run - Jul 10, 2026 at 22:18:59"
Q10,49,0.997520650424014,degraded,2026-07-10T16:51:37.769743+00:00,"Run - Jul 10, 2026 at 22:18:59"
Q11,49,0.997479712424014,degraded,2026-07-10T16:51:37.781741+00:00,"Run - Jul 10, 2026 at 22:18:59"
Q12,49,0.9974387744240141,degraded,2026-07-10T16:51:37.793747+00:00,"Run - Jul 10, 2026 at 22:18:59"
Q13,49,0.997397836424014,degraded,2026-07-10T16:51:37.805743+00:00,"Run - Jul 10, 2026 at 22:18:59"
Q14,49,0.997356898424014,degraded,2026-07-10T16:51:37.821103+00:00,"Run - Jul 10, 2026 at 22:18:59"
Q15,49,0.997315960424014,degraded,2026-07-10T16:51:37.833081+00:00,"Run - Jul 10, 2026 at 22:18:59"
Q16,49,0.9972750224240141,degraded,2026-07-10T16:51:37.846092+00:00,"Run - Jul 10, 2026 at 22:18:59"
Q17,49,0.9972340844240141,degraded,2026-07-10T16:51:37.859100+00:00,"Run - Jul 10, 2026 at 22:18:59"
Q18,49,0.997193146424014,degraded,2026-07-10T16:51:37.870617+00:00,"Run - Jul 10, 2026 at 22:18:59"
Q19,49,0.9971522084240141,degraded,2026-07-10T16:51:37.882615+00:00,"Run - Jul 10, 2026 at 22:18:59"
Q20,49,0.9971112704240142,degraded,2026-07-10T16:51:37.895622+00:00,"Run - Jul 10, 2026 at 22:18:59"
Q21,49,0.997070332424014,degraded,2026-07-10T16:51:37.908625+00:00,"Run - Jul 10, 2026 at 22:18:59"
Q22,49,0.9970293944240141,degraded,2026-07-10T16:51:37.921138+00:00,"Run - Jul 10, 2026 at 22:18:59"
Q23,49,0.9969884564240141,degraded,2026-07-10T16:51:37.932400+00:00,"Run - Jul 10, 2026 at 22:18:59"
Q24,49,0.9969475184240141,degraded,2026-07-10T16:51:37.945920+00:00,"Run - Jul 10, 2026 at 22:18:59"
Q0,50,0.9979234615699117,degraded,2026-07-10T16:51:41.998780+00:00,"Run - Jul 10, 2026 at 22:18:59"
Q1,50,0.9978823615699117,degraded,2026-07-10T16:51:42.010614+00:00,"Run - Jul 10, 2026 at 22:18:59"
Q2,50,0.9978412615699118,degraded,2026-07-10T16:51:42.020618+00:00,"Run - Jul 10, 2026 at 22:18:59"
Q3,50,0.9978001615699118,degraded,2026-07-10T16:51:42.029615+00:00,"Run - Jul 10, 2026 at 22:18:59"
Q4,50,0.9977590615699117,degraded,2026-07-10T16:51:42.039616+00:00,"Run - Jul 10, 2026 at 22:18:59"
Q5,50,0.9977179615699119,degraded,2026-07-10T16:51:42.049612+00:00,"Run - Jul 10, 2026 at 22:18:59"
Q6,50,0.9976768615699118,degraded,2026-07-10T16:51:42.059625+00:00,"Run - Jul 10, 2026 at 22:18:59"
Q7,50,0.9976357615699118,degraded,2026-07-10T16:51:42.069627+00:00,"Run - Jul 10, 2026 at 22:18:59"
Q8,50,0.9975946615699118,degraded,2026-07-10T16:51:42.079742+00:00,"Run - Jul 10, 2026 at 22:18:59"
Q9,50,0.9975535615699118,degraded,2026-07-10T16:51:42.089736+00:00,"Run - Jul 10, 2026 at 22:18:59"
Q10,50,0.9975124615699118,degraded,2026-07-10T16:51:42.098734+00:00,"Run - Jul 10, 2026 at 22:18:59"
Q11,50,0.9974713615699118,degraded,2026-07-10T16:51:42.107736+00:00,"Run - Jul 10, 2026 at 22:18:59"
Q12,50,0.9974302615699118,degraded,2026-07-10T16:51:42.117224+00:00,"Run - Jul 10, 2026 at 22:18:59"
Q13,50,0.9973891615699118,degraded,2026-07-10T16:51:42.128220+00:00,"Run - Jul 10, 2026 at 22:18:59"
Q14,50,0.9973480615699117,degraded,2026-07-10T16:51:42.137224+00:00,"Run - Jul 10, 2026 at 22:18:59"
Q15,50,0.9973069615699118,degraded,2026-07-10T16:51:42.148220+00:00,"Run - Jul 10, 2026 at 22:18:59"
Q16,50,0.9972658615699117,degraded,2026-07-10T16:51:42.179737+00:00,"Run - Jul 10, 2026 at 22:18:59"
Q17,50,0.9972247615699118,degraded,2026-07-10T16:51:42.188789+00:00,"Run - Jul 10, 2026 at 22:18:59"
Q18,50,0.9971836615699118,degraded,2026-07-10T16:51:42.197786+00:00,"Run - Jul 10, 2026 at 22:18:59"
Q19,50,0.9971425615699118,degraded,2026-07-10T16:51:42.207786+00:00,"Run - Jul 10, 2026 at 22:18:59"
Q20,50,0.9971014615699119,degraded,2026-07-10T16:51:42.216787+00:00,"Run - Jul 10, 2026 at 22:18:59"
Q21,50,0.9970603615699116,degraded,2026-07-10T16:51:42.226958+00:00,"Run - Jul 10, 2026 at 22:18:59"
Q22,50,0.9970192615699118,degraded,2026-07-10T16:51:42.235959+00:00,"Run - Jul 10, 2026 at 22:18:59"
Q23,50,0.9969781615699118,degraded,2026-07-10T16:51:42.244956+00:00,"Run - Jul 10, 2026 at 22:18:59"
Q24,50,0.9969370615699118,degraded,2026-07-10T16:51:42.254956+00:00,"Run - Jul 10, 2026 at 22:18:59"
Q0,51,0.997917468319115,degraded,2026-07-10T16:51:46.605084+00:00,"Run - Jul 10, 2026 at 22:18:59"
Q1,51,0.997876206319115,degraded,2026-07-10T16:51:46.617603+00:00,"Run - Jul 10, 2026 at 22:18:59"
Q2,51,0.997834944319115,degraded,2026-07-10T16:51:46.630148+00:00,"Run - Jul 10, 2026 at 22:18:59"
Q3,51,0.9977936823191149,degraded,2026-07-10T16:51:46.642126+00:00,"Run - Jul 10, 2026 at 22:18:59"
Q4,51,0.997752420319115,degraded,2026-07-10T16:51:46.655167+00:00,"Run - Jul 10, 2026 at 22:18:59"
Q5,51,0.9977111583191149,degraded,2026-07-10T16:51:46.665810+00:00,"Run - Jul 10, 2026 at 22:18:59"
Q6,51,0.997669896319115,degraded,2026-07-10T16:51:46.679329+00:00,"Run - Jul 10, 2026 at 22:18:59"
Q7,51,0.997628634319115,degraded,2026-07-10T16:51:46.692666+00:00,"Run - Jul 10, 2026 at 22:18:59"
Q8,51,0.997587372319115,degraded,2026-07-10T16:51:46.703663+00:00,"Run - Jul 10, 2026 at 22:18:59"
Q9,51,0.997546110319115,degraded,2026-07-10T16:51:46.714661+00:00,"Run - Jul 10, 2026 at 22:18:59"
Q10,51,0.9975048483191149,degraded,2026-07-10T16:51:46.726673+00:00,"Run - Jul 10, 2026 at 22:18:59"
Q11,51,0.997463586319115,degraded,2026-07-10T16:51:46.738787+00:00,"Run - Jul 10, 2026 at 22:18:59"
Q12,51,0.9974223243191149,degraded,2026-07-10T16:51:46.752182+00:00,"Run - Jul 10, 2026 at 22:18:59"
Q13,51,0.997381062319115,degraded,2026-07-10T16:51:46.765187+00:00,"Run - Jul 10, 2026 at 22:18:59"
Q14,51,0.997339800319115,degraded,2026-07-10T16:51:46.777703+00:00,"Run - Jul 10, 2026 at 22:18:59"
Q15,51,0.997298538319115,degraded,2026-07-10T16:51:46.789712+00:00,"Run - Jul 10, 2026 at 22:18:59"
Q16,51,0.997257276319115,degraded,2026-07-10T16:51:46.800712+00:00,"Run - Jul 10, 2026 at 22:18:59"
Q17,51,0.997216014319115,degraded,2026-07-10T16:51:46.812714+00:00,"Run - Jul 10, 2026 at 22:18:59"
Q18,51,0.997174752319115,degraded,2026-07-10T16:51:46.824713+00:00,"Run - Jul 10, 2026 at 22:18:59"
Q19,51,0.9971334903191149,degraded,2026-07-10T16:51:46.837713+00:00,"Run - Jul 10, 2026 at 22:18:59"
Q20,51,0.997092228319115,degraded,2026-07-10T16:51:46.851315+00:00,"Run - Jul 10, 2026 at 22:18:59"
Q21,51,0.9970509663191149,degraded,2026-07-10T16:51:46.864926+00:00,"Run - Jul 10, 2026 at 22:18:59"
Q22,51,0.997009704319115,degraded,2026-07-10T16:51:46.876936+00:00,"Run - Jul 10, 2026 at 22:18:59"
Q23,51,0.996968442319115,degraded,2026-07-10T16:51:46.889268+00:00,"Run - Jul 10, 2026 at 22:18:59"
Q24,51,0.996927180319115,degraded,2026-07-10T16:51:46.902273+00:00,"Run - Jul 10, 2026 at 22:18:59"
Q0,52,0.9979120307798988,degraded,2026-07-10T16:51:50.912192+00:00,"Run - Jul 10, 2026 at 22:18:59"
Q1,52,0.9978706067798988,degraded,2026-07-10T16:51:50.925205+00:00,"Run - Jul 10, 2026 at 22:18:59"
Q2,52,0.9978291827798988,degraded,2026-07-10T16:51:50.938525+00:00,"Run - Jul 10, 2026 at 22:18:59"
Q3,52,0.9977877587798988,degraded,2026-07-10T16:51:50.966378+00:00,"Run - Jul 10, 2026 at 22:18:59"
Q4,52,0.9977463347798988,degraded,2026-07-10T16:51:50.980706+00:00,"Run - Jul 10, 2026 at 22:18:59"
Q5,52,0.9977049107798988,degraded,2026-07-10T16:51:50.994231+00:00,"Run - Jul 10, 2026 at 22:18:59"
Q6,52,0.9976634867798988,degraded,2026-07-10T16:51:51.038059+00:00,"Run - Jul 10, 2026 at 22:18:59"
Q7,52,0.9976220627798988,degraded,2026-07-10T16:51:51.064191+00:00,"Run - Jul 10, 2026 at 22:18:59"
Q8,52,0.9975806387798988,degraded,2026-07-10T16:51:51.079206+00:00,"Run - Jul 10, 2026 at 22:18:59"
Q9,52,0.9975392147798988,degraded,2026-07-10T16:51:51.092625+00:00,"Run - Jul 10, 2026 at 22:18:59"
Q10,52,0.9974977907798988,degraded,2026-07-10T16:51:51.106166+00:00,"Run - Jul 10, 2026 at 22:18:59"
Q11,52,0.9974563667798988,degraded,2026-07-10T16:51:51.119246+00:00,"Run - Jul 10, 2026 at 22:18:59"
Q12,52,0.9974149427798988,degraded,2026-07-10T16:51:51.133243+00:00,"Run - Jul 10, 2026 at 22:18:59"
Q13,52,0.9973735187798988,degraded,2026-07-10T16:51:51.146244+00:00,"Run - Jul 10, 2026 at 22:18:59"
Q14,52,0.9973320947798988,degraded,2026-07-10T16:51:51.160157+00:00,"Run - Jul 10, 2026 at 22:18:59"
Q15,52,0.9972906707798989,degraded,2026-07-10T16:51:51.173581+00:00,"Run - Jul 10, 2026 at 22:18:59"
Q16,52,0.9972492467798988,degraded,2026-07-10T16:51:51.187164+00:00,"Run - Jul 10, 2026 at 22:18:59"
Q17,52,0.9972078227798988,degraded,2026-07-10T16:51:51.201137+00:00,"Run - Jul 10, 2026 at 22:18:59"
Q18,52,0.9971663987798989,degraded,2026-07-10T16:51:51.213788+00:00,"Run - Jul 10, 2026 at 22:18:59"
Q19,52,0.9971249747798988,degraded,2026-07-10T16:51:51.227725+00:00,"Run - Jul 10, 2026 at 22:18:59"
Q20,52,0.9970835507798989,degraded,2026-07-10T16:51:51.240727+00:00,"Run - Jul 10, 2026 at 22:18:59"
Q21,52,0.9970421267798988,degraded,2026-07-10T16:51:51.253742+00:00,"Run - Jul 10, 2026 at 22:18:59"
Q22,52,0.9970007027798988,degraded,2026-07-10T16:51:51.265870+00:00,"Run - Jul 10, 2026 at 22:18:59"
Q23,52,0.9969592787798989,degraded,2026-07-10T16:51:51.279882+00:00,"Run - Jul 10, 2026 at 22:18:59"
Q24,52,0.9969178547798988,degraded,2026-07-10T16:51:51.292413+00:00,"Run - Jul 10, 2026 at 22:18:59"
Q0,53,0.9979071233470611,degraded,2026-07-10T16:51:55.562317+00:00,"Run - Jul 10, 2026 at 22:18:59"
Q1,53,0.9978655373470613,degraded,2026-07-10T16:51:55.572328+00:00,"Run - Jul 10, 2026 at 22:18:59"
Q2,53,0.9978239513470613,degraded,2026-07-10T16:51:55.581418+00:00,"Run - Jul 10, 2026 at 22:18:59"
Q3,53,0.9977823653470612,degraded,2026-07-10T16:51:55.591935+00:00,"Run - Jul 10, 2026 at 22:18:59"
Q4,53,0.9977407793470612,degraded,2026-07-10T16:51:55.600939+00:00,"Run - Jul 10, 2026 at 22:18:59"
Q5,53,0.9976991933470613,degraded,2026-07-10T16:51:55.609941+00:00,"Run - Jul 10, 2026 at 22:18:59"
Q6,53,0.9976576073470611,degraded,2026-07-10T16:51:55.619935+00:00,"Run - Jul 10, 2026 at 22:18:59"
Q7,53,0.9976160213470613,degraded,2026-07-10T16:51:55.628936+00:00,"Run - Jul 10, 2026 at 22:18:59"
Q8,53,0.9975744353470613,degraded,2026-07-10T16:51:55.639161+00:00,"Run - Jul 10, 2026 at 22:18:59"
Q9,53,0.9975328493470612,degraded,2026-07-10T16:51:55.648166+00:00,"Run - Jul 10, 2026 at 22:18:59"
Q10,53,0.9974912633470612,degraded,2026-07-10T16:51:55.658252+00:00,"Run - Jul 10, 2026 at 22:18:59"
Q11,53,0.9974496773470611,degraded,2026-07-10T16:51:55.668409+00:00,"Run - Jul 10, 2026 at 22:18:59"
Q12,53,0.9974080913470612,degraded,2026-07-10T16:51:55.677985+00:00,"Run - Jul 10, 2026 at 22:18:59"
Q13,53,0.9973665053470612,degraded,2026-07-10T16:51:55.688517+00:00,"Run - Jul 10, 2026 at 22:18:59"
Q14,53,0.9973249193470612,degraded,2026-07-10T16:51:55.698821+00:00,"Run - Jul 10, 2026 at 22:18:59"
Q15,53,0.9972833333470612,degraded,2026-07-10T16:51:55.709975+00:00,"Run - Jul 10, 2026 at 22:18:59"
Q16,53,0.9972417473470612,degraded,2026-07-10T16:51:55.719975+00:00,"Run - Jul 10, 2026 at 22:18:59"
Q17,53,0.9972001613470611,degraded,2026-07-10T16:51:55.730989+00:00,"Run - Jul 10, 2026 at 22:18:59"
Q18,53,0.9971585753470611,degraded,2026-07-10T16:51:55.742505+00:00,"Run - Jul 10, 2026 at 22:18:59"
Q19,53,0.9971169893470613,degraded,2026-07-10T16:51:55.752126+00:00,"Run - Jul 10, 2026 at 22:18:59"
Q20,53,0.9970754033470611,degraded,2026-07-10T16:51:55.761121+00:00,"Run - Jul 10, 2026 at 22:18:59"
Q21,53,0.9970338173470612,degraded,2026-07-10T16:51:55.770735+00:00,"Run - Jul 10, 2026 at 22:18:59"
Q22,53,0.9969922313470612,degraded,2026-07-10T16:51:55.780742+00:00,"Run - Jul 10, 2026 at 22:18:59"
Q23,53,0.9969506453470611,degraded,2026-07-10T16:51:55.791010+00:00,"Run - Jul 10, 2026 at 22:18:59"
Q24,53,0.9969090593470612,degraded,2026-07-10T16:51:55.801010+00:00,"Run - Jul 10, 2026 at 22:18:59"
Q0,54,0.9979027132543301,degraded,2026-07-10T16:52:00.043933+00:00,"Run - Jul 10, 2026 at 22:18:59"
Q1,54,0.9978609652543302,degraded,2026-07-10T16:52:00.053938+00:00,"Run - Jul 10, 2026 at 22:18:59"
Q2,54,0.9978192172543303,degraded,2026-07-10T16:52:00.062937+00:00,"Run - Jul 10, 2026 at 22:18:59"
Q3,54,0.9977774692543302,degraded,2026-07-10T16:52:00.071937+00:00,"Run - Jul 10, 2026 at 22:18:59"
Q4,54,0.9977357212543302,degraded,2026-07-10T16:52:00.079941+00:00,"Run - Jul 10, 2026 at 22:18:59"
Q5,54,0.9976939732543302,degraded,2026-07-10T16:52:00.089944+00:00,"Run - Jul 10, 2026 at 22:18:59"
Q6,54,0.9976522252543303,degraded,2026-07-10T16:52:00.099451+00:00,"Run - Jul 10, 2026 at 22:18:59"
Q7,54,0.9976104772543302,degraded,2026-07-10T16:52:00.109450+00:00,"Run - Jul 10, 2026 at 22:18:59"
Q8,54,0.9975687292543303,degraded,2026-07-10T16:52:00.119450+00:00,"Run - Jul 10, 2026 at 22:18:59"
Q9,54,0.9975269812543303,degraded,2026-07-10T16:52:00.131454+00:00,"Run - Jul 10, 2026 at 22:18:59"
Q10,54,0.9974852332543303,degraded,2026-07-10T16:52:00.144449+00:00,"Run - Jul 10, 2026 at 22:18:59"
Q11,54,0.9974434852543302,degraded,2026-07-10T16:52:00.157123+00:00,"Run - Jul 10, 2026 at 22:18:59"
Q12,54,0.9974017372543302,degraded,2026-07-10T16:52:00.171132+00:00,"Run - Jul 10, 2026 at 22:18:59"
Q13,54,0.9973599892543303,degraded,2026-07-10T16:52:00.184146+00:00,"Run - Jul 10, 2026 at 22:18:59"
Q14,54,0.9973182412543302,degraded,2026-07-10T16:52:00.196034+00:00,"Run - Jul 10, 2026 at 22:18:59"
Q15,54,0.9972764932543302,degraded,2026-07-10T16:52:00.209041+00:00,"Run - Jul 10, 2026 at 22:18:59"
Q16,54,0.9972347452543302,degraded,2026-07-10T16:52:00.221348+00:00,"Run - Jul 10, 2026 at 22:18:59"
Q17,54,0.9971929972543302,degraded,2026-07-10T16:52:00.232349+00:00,"Run - Jul 10, 2026 at 22:18:59"
Q18,54,0.9971512492543303,degraded,2026-07-10T16:52:00.244350+00:00,"Run - Jul 10, 2026 at 22:18:59"
Q19,54,0.9971095012543303,degraded,2026-07-10T16:52:00.256354+00:00,"Run - Jul 10, 2026 at 22:18:59"
Q20,54,0.9970677532543302,degraded,2026-07-10T16:52:00.267802+00:00,"Run - Jul 10, 2026 at 22:18:59"
Q21,54,0.9970260052543302,degraded,2026-07-10T16:52:00.279820+00:00,"Run - Jul 10, 2026 at 22:18:59"
Q22,54,0.9969842572543302,degraded,2026-07-10T16:52:00.290825+00:00,"Run - Jul 10, 2026 at 22:18:59"
Q23,54,0.9969425092543303,degraded,2026-07-10T16:52:00.303307+00:00,"Run - Jul 10, 2026 at 22:18:59"
Q24,54,0.9969007612543304,degraded,2026-07-10T16:52:00.315308+00:00,"Run - Jul 10, 2026 at 22:18:59"
Q0,55,0.9978987654358049,degraded,2026-07-10T16:52:04.892950+00:00,"Run - Jul 10, 2026 at 22:18:59"
Q1,55,0.9978568554358048,degraded,2026-07-10T16:52:04.904466+00:00,"Run - Jul 10, 2026 at 22:18:59"
Q2,55,0.9978149454358047,degraded,2026-07-10T16:52:04.916498+00:00,"Run - Jul 10, 2026 at 22:18:59"
Q3,55,0.9977730354358048,degraded,2026-07-10T16:52:04.927507+00:00,"Run - Jul 10, 2026 at 22:18:59"
Q4,55,0.9977311254358049,degraded,2026-07-10T16:52:04.939041+00:00,"Run - Jul 10, 2026 at 22:18:59"
Q5,55,0.9976892154358048,degraded,2026-07-10T16:52:04.949562+00:00,"Run - Jul 10, 2026 at 22:18:59"
Q6,55,0.997647305435805,degraded,2026-07-10T16:52:04.961604+00:00,"Run - Jul 10, 2026 at 22:18:59"
Q7,55,0.997605395435805,degraded,2026-07-10T16:52:04.972929+00:00,"Run - Jul 10, 2026 at 22:18:59"
Q8,55,0.9975634854358049,degraded,2026-07-10T16:52:04.984581+00:00,"Run - Jul 10, 2026 at 22:18:59"
Q9,55,0.9975215754358049,degraded,2026-07-10T16:52:04.995708+00:00,"Run - Jul 10, 2026 at 22:18:59"
Q10,55,0.9974796654358049,degraded,2026-07-10T16:52:05.007849+00:00,"Run - Jul 10, 2026 at 22:18:59"
Q11,55,0.9974377554358049,degraded,2026-07-10T16:52:05.032298+00:00,"Run - Jul 10, 2026 at 22:18:59"
Q12,55,0.9973958454358048,degraded,2026-07-10T16:52:05.063275+00:00,"Run - Jul 10, 2026 at 22:18:59"
Q13,55,0.9973539354358049,degraded,2026-07-10T16:52:05.078357+00:00,"Run - Jul 10, 2026 at 22:18:59"
Q14,55,0.9973120254358048,degraded,2026-07-10T16:52:05.118728+00:00,"Run - Jul 10, 2026 at 22:18:59"
Q15,55,0.9972701154358049,degraded,2026-07-10T16:52:05.131807+00:00,"Run - Jul 10, 2026 at 22:18:59"
Q16,55,0.9972282054358048,degraded,2026-07-10T16:52:05.145823+00:00,"Run - Jul 10, 2026 at 22:18:59"
Q17,55,0.9971862954358048,degraded,2026-07-10T16:52:05.160343+00:00,"Run - Jul 10, 2026 at 22:18:59"
Q18,55,0.9971443854358049,degraded,2026-07-10T16:52:05.173999+00:00,"Run - Jul 10, 2026 at 22:18:59"
Q19,55,0.9971024754358049,degraded,2026-07-10T16:52:05.187526+00:00,"Run - Jul 10, 2026 at 22:18:59"
Q20,55,0.9970605654358049,degraded,2026-07-10T16:52:05.201424+00:00,"Run - Jul 10, 2026 at 22:18:59"
Q21,55,0.9970186554358049,degraded,2026-07-10T16:52:05.215002+00:00,"Run - Jul 10, 2026 at 22:18:59"
Q22,55,0.996976745435805,degraded,2026-07-10T16:52:05.228326+00:00,"Run - Jul 10, 2026 at 22:18:59"
Q23,55,0.9969348354358049,degraded,2026-07-10T16:52:05.240508+00:00,"Run - Jul 10, 2026 at 22:18:59"
Q24,55,0.9968929254358049,degraded,2026-07-10T16:52:05.253532+00:00,"Run - Jul 10, 2026 at 22:18:59"
Q0,56,0.9978952411139099,degraded,2026-07-10T16:52:09.601254+00:00,"Run - Jul 10, 2026 at 22:18:59"
Q1,56,0.99785316911391,degraded,2026-07-10T16:52:09.610252+00:00,"Run - Jul 10, 2026 at 22:18:59"
Q2,56,0.99781109711391,degraded,2026-07-10T16:52:09.619255+00:00,"Run - Jul 10, 2026 at 22:18:59"
Q3,56,0.99776902511391,degraded,2026-07-10T16:52:09.628252+00:00,"Run - Jul 10, 2026 at 22:18:59"
Q4,56,0.99772695311391,degraded,2026-07-10T16:52:09.637262+00:00,"Run - Jul 10, 2026 at 22:18:59"
Q5,56,0.9976848811139101,degraded,2026-07-10T16:52:09.646257+00:00,"Run - Jul 10, 2026 at 22:18:59"
Q6,56,0.99764280911391,degraded,2026-07-10T16:52:09.655782+00:00,"Run - Jul 10, 2026 at 22:18:59"
Q7,56,0.99760073711391,degraded,2026-07-10T16:52:09.665782+00:00,"Run - Jul 10, 2026 at 22:18:59"
Q8,56,0.9975586651139101,degraded,2026-07-10T16:52:09.675349+00:00,"Run - Jul 10, 2026 at 22:18:59"
Q9,56,0.99751659311391,degraded,2026-07-10T16:52:09.684320+00:00,"Run - Jul 10, 2026 at 22:18:59"
Q10,56,0.99747452111391,degraded,2026-07-10T16:52:09.693318+00:00,"Run - Jul 10, 2026 at 22:18:59"
Q11,56,0.99743244911391,degraded,2026-07-10T16:52:09.703312+00:00,"Run - Jul 10, 2026 at 22:18:59"
Q12,56,0.9973903771139101,degraded,2026-07-10T16:52:09.712319+00:00,"Run - Jul 10, 2026 at 22:18:59"
Q13,56,0.99734830511391,degraded,2026-07-10T16:52:09.721320+00:00,"Run - Jul 10, 2026 at 22:18:59"
Q14,56,0.9973062331139101,degraded,2026-07-10T16:52:09.730332+00:00,"Run - Jul 10, 2026 at 22:18:59"
Q15,56,0.9972641611139101,degraded,2026-07-10T16:52:09.739859+00:00,"Run - Jul 10, 2026 at 22:18:59"
Q16,56,0.9972220891139101,degraded,2026-07-10T16:52:09.750548+00:00,"Run - Jul 10, 2026 at 22:18:59"
Q17,56,0.99718001711391,degraded,2026-07-10T16:52:09.759542+00:00,"Run - Jul 10, 2026 at 22:18:59"
Q18,56,0.9971379451139102,degraded,2026-07-10T16:52:09.768058+00:00,"Run - Jul 10, 2026 at 22:18:59"
Q19,56,0.9970958731139101,degraded,2026-07-10T16:52:09.776056+00:00,"Run - Jul 10, 2026 at 22:18:59"
Q20,56,0.9970538011139101,degraded,2026-07-10T16:52:09.786063+00:00,"Run - Jul 10, 2026 at 22:18:59"
Q21,56,0.9970117291139101,degraded,2026-07-10T16:52:09.795063+00:00,"Run - Jul 10, 2026 at 22:18:59"
Q22,56,0.9969696571139102,degraded,2026-07-10T16:52:09.804624+00:00,"Run - Jul 10, 2026 at 22:18:59"
Q23,56,0.9969275851139101,degraded,2026-07-10T16:52:09.814028+00:00,"Run - Jul 10, 2026 at 22:18:59"
Q24,56,0.9968855131139102,degraded,2026-07-10T16:52:09.824029+00:00,"Run - Jul 10, 2026 at 22:18:59"
Q0,57,0.9978920959435083,degraded,2026-07-10T16:52:14.266961+00:00,"Run - Jul 10, 2026 at 22:18:59"
Q1,57,0.9978498619435083,degraded,2026-07-10T16:52:14.277410+00:00,"Run - Jul 10, 2026 at 22:18:59"
Q2,57,0.9978076279435084,degraded,2026-07-10T16:52:14.287611+00:00,"Run - Jul 10, 2026 at 22:18:59"
Q3,57,0.9977653939435084,degraded,2026-07-10T16:52:14.299609+00:00,"Run - Jul 10, 2026 at 22:18:59"
Q4,57,0.9977231599435084,degraded,2026-07-10T16:52:14.309396+00:00,"Run - Jul 10, 2026 at 22:18:59"
Q5,57,0.9976809259435083,degraded,2026-07-10T16:52:14.320693+00:00,"Run - Jul 10, 2026 at 22:18:59"
Q6,57,0.9976386919435083,degraded,2026-07-10T16:52:14.330691+00:00,"Run - Jul 10, 2026 at 22:18:59"
Q7,57,0.9975964579435083,degraded,2026-07-10T16:52:14.340694+00:00,"Run - Jul 10, 2026 at 22:18:59"
Q8,57,0.9975542239435082,degraded,2026-07-10T16:52:14.351692+00:00,"Run - Jul 10, 2026 at 22:18:59"
Q9,57,0.9975119899435083,degraded,2026-07-10T16:52:14.360890+00:00,"Run - Jul 10, 2026 at 22:18:59"
Q10,57,0.9974697559435084,degraded,2026-07-10T16:52:14.370892+00:00,"Run - Jul 10, 2026 at 22:18:59"
Q11,57,0.9974275219435084,degraded,2026-07-10T16:52:14.379890+00:00,"Run - Jul 10, 2026 at 22:18:59"
Q12,57,0.9973852879435083,degraded,2026-07-10T16:52:14.389900+00:00,"Run - Jul 10, 2026 at 22:18:59"
Q13,57,0.9973430539435083,degraded,2026-07-10T16:52:14.398902+00:00,"Run - Jul 10, 2026 at 22:18:59"
Q14,57,0.9973008199435083,degraded,2026-07-10T16:52:14.410027+00:00,"Run - Jul 10, 2026 at 22:18:59"
Q15,57,0.9972585859435084,degraded,2026-07-10T16:52:14.420206+00:00,"Run - Jul 10, 2026 at 22:18:59"
Q16,57,0.9972163519435083,degraded,2026-07-10T16:52:14.429204+00:00,"Run - Jul 10, 2026 at 22:18:59"
Q17,57,0.9971741179435083,degraded,2026-07-10T16:52:14.439205+00:00,"Run - Jul 10, 2026 at 22:18:59"
Q18,57,0.9971318839435084,degraded,2026-07-10T16:52:14.448205+00:00,"Run - Jul 10, 2026 at 22:18:59"
Q19,57,0.9970896499435085,degraded,2026-07-10T16:52:14.458206+00:00,"Run - Jul 10, 2026 at 22:18:59"
Q20,57,0.9970474159435083,degraded,2026-07-10T16:52:14.468205+00:00,"Run - Jul 10, 2026 at 22:18:59"
Q21,57,0.9970051819435082,degraded,2026-07-10T16:52:14.477203+00:00,"Run - Jul 10, 2026 at 22:18:59"
Q22,57,0.9969629479435083,degraded,2026-07-10T16:52:14.488210+00:00,"Run - Jul 10, 2026 at 22:18:59"
Q23,57,0.9969207139435083,degraded,2026-07-10T16:52:14.497213+00:00,"Run - Jul 10, 2026 at 22:18:59"
Q24,57,0.9968784799435083,degraded,2026-07-10T16:52:14.507370+00:00,"Run - Jul 10, 2026 at 22:18:59"
Q0,58,0.9978892816250625,degraded,2026-07-10T16:52:18.909345+00:00,"Run - Jul 10, 2026 at 22:18:59"
Q1,58,0.9978468856250626,degraded,2026-07-10T16:52:18.922349+00:00,"Run - Jul 10, 2026 at 22:18:59"
Q2,58,0.9978044896250626,degraded,2026-07-10T16:52:18.935349+00:00,"Run - Jul 10, 2026 at 22:18:59"
Q3,58,0.9977620936250626,degraded,2026-07-10T16:52:18.948347+00:00,"Run - Jul 10, 2026 at 22:18:59"
Q4,58,0.9977196976250626,degraded,2026-07-10T16:52:18.961365+00:00,"Run - Jul 10, 2026 at 22:18:59"
Q5,58,0.9976773016250625,degraded,2026-07-10T16:52:18.975365+00:00,"Run - Jul 10, 2026 at 22:18:59"
Q6,58,0.9976349056250626,degraded,2026-07-10T16:52:18.988005+00:00,"Run - Jul 10, 2026 at 22:18:59"
Q7,58,0.9975925096250626,degraded,2026-07-10T16:52:19.001001+00:00,"Run - Jul 10, 2026 at 22:18:59"
Q8,58,0.9975501136250626,degraded,2026-07-10T16:52:19.016341+00:00,"Run - Jul 10, 2026 at 22:18:59"
Q9,58,0.9975077176250626,degraded,2026-07-10T16:52:19.069371+00:00,"Run - Jul 10, 2026 at 22:18:59"
Q10,58,0.9974653216250626,degraded,2026-07-10T16:52:19.085013+00:00,"Run - Jul 10, 2026 at 22:18:59"
Q11,58,0.9974229256250626,degraded,2026-07-10T16:52:19.100035+00:00,"Run - Jul 10, 2026 at 22:18:59"
Q12,58,0.9973805296250626,degraded,2026-07-10T16:52:19.114555+00:00,"Run - Jul 10, 2026 at 22:18:59"
Q13,58,0.9973381336250625,degraded,2026-07-10T16:52:19.127081+00:00,"Run - Jul 10, 2026 at 22:18:59"
Q14,58,0.9972957376250626,degraded,2026-07-10T16:52:19.140075+00:00,"Run - Jul 10, 2026 at 22:18:59"
Q15,58,0.9972533416250626,degraded,2026-07-10T16:52:19.153083+00:00,"Run - Jul 10, 2026 at 22:18:59"
Q16,58,0.9972109456250626,degraded,2026-07-10T16:52:19.165691+00:00,"Run - Jul 10, 2026 at 22:18:59"
Q17,58,0.9971685496250625,degraded,2026-07-10T16:52:19.178299+00:00,"Run - Jul 10, 2026 at 22:18:59"
Q18,58,0.9971261536250626,degraded,2026-07-10T16:52:19.191317+00:00,"Run - Jul 10, 2026 at 22:18:59"
Q19,58,0.9970837576250626,degraded,2026-07-10T16:52:19.205317+00:00,"Run - Jul 10, 2026 at 22:18:59"
Q20,58,0.9970413616250626,degraded,2026-07-10T16:52:19.218839+00:00,"Run - Jul 10, 2026 at 22:18:59"
Q21,58,0.9969989656250625,degraded,2026-07-10T16:52:19.231839+00:00,"Run - Jul 10, 2026 at 22:18:59"
Q22,58,0.9969565696250626,degraded,2026-07-10T16:52:19.244838+00:00,"Run - Jul 10, 2026 at 22:18:59"
Q23,58,0.9969141736250626,degraded,2026-07-10T16:52:19.258850+00:00,"Run - Jul 10, 2026 at 22:18:59"
Q24,58,0.9968717776250626,degraded,2026-07-10T16:52:19.273317+00:00,"Run - Jul 10, 2026 at 22:18:59"
Q0,59,0.9978867463851525,degraded,2026-07-10T16:52:23.778473+00:00,"Run - Jul 10, 2026 at 22:18:59"
Q1,59,0.9978441883851525,degraded,2026-07-10T16:52:23.789408+00:00,"Run - Jul 10, 2026 at 22:18:59"
Q2,59,0.9978016303851525,degraded,2026-07-10T16:52:23.798627+00:00,"Run - Jul 10, 2026 at 22:18:59"
Q3,59,0.9977590723851525,degraded,2026-07-10T16:52:23.807627+00:00,"Run - Jul 10, 2026 at 22:18:59"
Q4,59,0.9977165143851525,degraded,2026-07-10T16:52:23.817144+00:00,"Run - Jul 10, 2026 at 22:18:59"
Q5,59,0.9976739563851525,degraded,2026-07-10T16:52:23.826139+00:00,"Run - Jul 10, 2026 at 22:18:59"
Q6,59,0.9976313983851525,degraded,2026-07-10T16:52:23.836143+00:00,"Run - Jul 10, 2026 at 22:18:59"
Q7,59,0.9975888403851525,degraded,2026-07-10T16:52:23.846143+00:00,"Run - Jul 10, 2026 at 22:18:59"
Q8,59,0.9975462823851526,degraded,2026-07-10T16:52:23.856144+00:00,"Run - Jul 10, 2026 at 22:18:59"
Q9,59,0.9975037243851526,degraded,2026-07-10T16:52:23.866143+00:00,"Run - Jul 10, 2026 at 22:18:59"
Q10,59,0.9974611663851526,degraded,2026-07-10T16:52:23.875142+00:00,"Run - Jul 10, 2026 at 22:18:59"
Q11,59,0.9974186083851526,degraded,2026-07-10T16:52:23.885142+00:00,"Run - Jul 10, 2026 at 22:18:59"
Q12,59,0.9973760503851525,degraded,2026-07-10T16:52:23.894139+00:00,"Run - Jul 10, 2026 at 22:18:59"
Q13,59,0.9973334923851526,degraded,2026-07-10T16:52:23.903472+00:00,"Run - Jul 10, 2026 at 22:18:59"
Q14,59,0.9972909343851526,degraded,2026-07-10T16:52:23.912984+00:00,"Run - Jul 10, 2026 at 22:18:59"
Q15,59,0.9972483763851525,degraded,2026-07-10T16:52:23.921983+00:00,"Run - Jul 10, 2026 at 22:18:59"
Q16,59,0.9972058183851527,degraded,2026-07-10T16:52:23.931979+00:00,"Run - Jul 10, 2026 at 22:18:59"
Q17,59,0.9971632603851526,degraded,2026-07-10T16:52:23.940980+00:00,"Run - Jul 10, 2026 at 22:18:59"
Q18,59,0.9971207023851525,degraded,2026-07-10T16:52:23.949981+00:00,"Run - Jul 10, 2026 at 22:18:59"
Q19,59,0.9970781443851526,degraded,2026-07-10T16:52:23.959980+00:00,"Run - Jul 10, 2026 at 22:18:59"
Q20,59,0.9970355863851526,degraded,2026-07-10T16:52:23.969990+00:00,"Run - Jul 10, 2026 at 22:18:59"
Q21,59,0.9969930283851525,degraded,2026-07-10T16:52:23.979107+00:00,"Run - Jul 10, 2026 at 22:18:59"
Q22,59,0.9969504703851526,degraded,2026-07-10T16:52:23.989164+00:00,"Run - Jul 10, 2026 at 22:18:59"
Q23,59,0.9969079123851525,degraded,2026-07-10T16:52:23.998683+00:00,"Run - Jul 10, 2026 at 22:18:59"
Q24,59,0.9968653543851524,degraded,2026-07-10T16:52:24.008607+00:00,"Run - Jul 10, 2026 at 22:18:59"
Q0,60,0.9978844346073537,degraded,2026-07-10T16:52:28.545371+00:00,"Run - Jul 10, 2026 at 22:18:59"
Q1,60,0.9978417146073537,degraded,2026-07-10T16:52:28.557368+00:00,"Run - Jul 10, 2026 at 22:18:59"
Q2,60,0.9977989946073538,degraded,2026-07-10T16:52:28.570371+00:00,"Run - Jul 10, 2026 at 22:18:59"
Q3,60,0.9977562746073536,degraded,2026-07-10T16:52:28.582367+00:00,"Run - Jul 10, 2026 at 22:18:59"
Q4,60,0.9977135546073538,degraded,2026-07-10T16:52:28.595372+00:00,"Run - Jul 10, 2026 at 22:18:59"
Q5,60,0.9976708346073536,degraded,2026-07-10T16:52:28.608377+00:00,"Run - Jul 10, 2026 at 22:18:59"
Q6,60,0.9976281146073538,degraded,2026-07-10T16:52:28.619901+00:00,"Run - Jul 10, 2026 at 22:18:59"
Q7,60,0.9975853946073537,degraded,2026-07-10T16:52:28.633457+00:00,"Run - Jul 10, 2026 at 22:18:59"
Q8,60,0.9975426746073537,degraded,2026-07-10T16:52:28.647010+00:00,"Run - Jul 10, 2026 at 22:18:59"
Q9,60,0.9974999546073537,degraded,2026-07-10T16:52:28.659163+00:00,"Run - Jul 10, 2026 at 22:18:59"
Q10,60,0.9974572346073537,degraded,2026-07-10T16:52:28.673166+00:00,"Run - Jul 10, 2026 at 22:18:59"
Q11,60,0.9974145146073539,degraded,2026-07-10T16:52:28.685165+00:00,"Run - Jul 10, 2026 at 22:18:59"
Q12,60,0.9973717946073537,degraded,2026-07-10T16:52:28.698165+00:00,"Run - Jul 10, 2026 at 22:18:59"
Q13,60,0.9973290746073538,degraded,2026-07-10T16:52:28.711177+00:00,"Run - Jul 10, 2026 at 22:18:59"
Q14,60,0.9972863546073536,degraded,2026-07-10T16:52:28.724716+00:00,"Run - Jul 10, 2026 at 22:18:59"
Q15,60,0.9972436346073538,degraded,2026-07-10T16:52:28.737717+00:00,"Run - Jul 10, 2026 at 22:18:59"
Q16,60,0.9972009146073536,degraded,2026-07-10T16:52:28.750801+00:00,"Run - Jul 10, 2026 at 22:18:59"
Q17,60,0.9971581946073538,degraded,2026-07-10T16:52:28.762805+00:00,"Run - Jul 10, 2026 at 22:18:59"
Q18,60,0.9971154746073537,degraded,2026-07-10T16:52:28.777556+00:00,"Run - Jul 10, 2026 at 22:18:59"
Q19,60,0.9970727546073537,degraded,2026-07-10T16:52:28.790491+00:00,"Run - Jul 10, 2026 at 22:18:59"
Q20,60,0.9970300346073537,degraded,2026-07-10T16:52:28.803507+00:00,"Run - Jul 10, 2026 at 22:18:59"
Q21,60,0.9969873146073537,degraded,2026-07-10T16:52:28.817023+00:00,"Run - Jul 10, 2026 at 22:18:59"
Q22,60,0.9969445946073539,degraded,2026-07-10T16:52:28.831031+00:00,"Run - Jul 10, 2026 at 22:18:59"
Q23,60,0.9969018746073537,degraded,2026-07-10T16:52:28.844719+00:00,"Run - Jul 10, 2026 at 22:18:59"
Q24,60,0.9968591546073537,degraded,2026-07-10T16:52:28.856942+00:00,"Run - Jul 10, 2026 at 22:18:59"
Q0,61,0.9978822884225758,degraded,2026-07-10T16:52:33.385045+00:00,"Run - Jul 10, 2026 at 22:18:59"
Q1,61,0.9978394064225757,degraded,2026-07-10T16:52:33.397853+00:00,"Run - Jul 10, 2026 at 22:18:59"
Q2,61,0.9977965244225758,degraded,2026-07-10T16:52:33.409861+00:00,"Run - Jul 10, 2026 at 22:18:59"
Q3,61,0.9977536424225757,degraded,2026-07-10T16:52:33.422998+00:00,"Run - Jul 10, 2026 at 22:18:59"
Q4,61,0.9977107604225759,degraded,2026-07-10T16:52:33.435006+00:00,"Run - Jul 10, 2026 at 22:18:59"
Q5,61,0.9976678784225758,degraded,2026-07-10T16:52:33.448002+00:00,"Run - Jul 10, 2026 at 22:18:59"
Q6,61,0.9976249964225757,degraded,2026-07-10T16:52:33.460745+00:00,"Run - Jul 10, 2026 at 22:18:59"
Q7,61,0.9975821144225758,degraded,2026-07-10T16:52:33.472745+00:00,"Run - Jul 10, 2026 at 22:18:59"
Q8,61,0.9975392324225758,degraded,2026-07-10T16:52:33.486746+00:00,"Run - Jul 10, 2026 at 22:18:59"
Q9,61,0.9974963504225758,degraded,2026-07-10T16:52:33.499744+00:00,"Run - Jul 10, 2026 at 22:18:59"
Q10,61,0.9974534684225758,degraded,2026-07-10T16:52:33.512758+00:00,"Run - Jul 10, 2026 at 22:18:59"
Q11,61,0.9974105864225757,degraded,2026-07-10T16:52:33.525871+00:00,"Run - Jul 10, 2026 at 22:18:59"
Q12,61,0.9973677044225757,degraded,2026-07-10T16:52:33.538872+00:00,"Run - Jul 10, 2026 at 22:18:59"
Q13,61,0.9973248224225758,degraded,2026-07-10T16:52:33.551927+00:00,"Run - Jul 10, 2026 at 22:18:59"
Q14,61,0.9972819404225757,degraded,2026-07-10T16:52:33.564935+00:00,"Run - Jul 10, 2026 at 22:18:59"
Q15,61,0.9972390584225758,degraded,2026-07-10T16:52:33.579457+00:00,"Run - Jul 10, 2026 at 22:18:59"
Q16,61,0.9971961764225757,degraded,2026-07-10T16:52:33.591454+00:00,"Run - Jul 10, 2026 at 22:18:59"
Q17,61,0.9971532944225758,degraded,2026-07-10T16:52:33.604463+00:00,"Run - Jul 10, 2026 at 22:18:59"
Q18,61,0.9971104124225758,degraded,2026-07-10T16:52:33.617469+00:00,"Run - Jul 10, 2026 at 22:18:59"
Q19,61,0.9970675304225757,degraded,2026-07-10T16:52:33.630074+00:00,"Run - Jul 10, 2026 at 22:18:59"
Q20,61,0.9970246484225758,degraded,2026-07-10T16:52:33.643681+00:00,"Run - Jul 10, 2026 at 22:18:59"
Q21,61,0.9969817664225757,degraded,2026-07-10T16:52:33.657202+00:00,"Run - Jul 10, 2026 at 22:18:59"
Q22,61,0.9969388844225757,degraded,2026-07-10T16:52:33.670400+00:00,"Run - Jul 10, 2026 at 22:18:59"
Q23,61,0.9968960024225757,degraded,2026-07-10T16:52:33.684541+00:00,"Run - Jul 10, 2026 at 22:18:59"
Q24,61,0.9968531204225757,degraded,2026-07-10T16:52:33.697542+00:00,"Run - Jul 10, 2026 at 22:18:59"
Q0,62,0.9978802518916039,degraded,2026-07-10T16:52:38.382188+00:00,"Run - Jul 10, 2026 at 22:18:59"
Q1,62,0.9978372078916038,degraded,2026-07-10T16:52:38.392481+00:00,"Run - Jul 10, 2026 at 22:18:59"
Q2,62,0.9977941638916039,degraded,2026-07-10T16:52:38.402487+00:00,"Run - Jul 10, 2026 at 22:18:59"
Q3,62,0.9977511198916038,degraded,2026-07-10T16:52:38.413490+00:00,"Run - Jul 10, 2026 at 22:18:59"
Q4,62,0.9977080758916039,degraded,2026-07-10T16:52:38.422993+00:00,"Run - Jul 10, 2026 at 22:18:59"
Q5,62,0.9976650318916039,degraded,2026-07-10T16:52:38.433001+00:00,"Run - Jul 10, 2026 at 22:18:59"
Q6,62,0.9976219878916038,degraded,2026-07-10T16:52:38.446001+00:00,"Run - Jul 10, 2026 at 22:18:59"
Q7,62,0.9975789438916038,degraded,2026-07-10T16:52:38.458999+00:00,"Run - Jul 10, 2026 at 22:18:59"
Q8,62,0.997535899891604,degraded,2026-07-10T16:52:38.472002+00:00,"Run - Jul 10, 2026 at 22:18:59"
Q9,62,0.9974928558916039,degraded,2026-07-10T16:52:38.485003+00:00,"Run - Jul 10, 2026 at 22:18:59"
Q10,62,0.9974498118916039,degraded,2026-07-10T16:52:38.498003+00:00,"Run - Jul 10, 2026 at 22:18:59"
Q11,62,0.9974067678916039,degraded,2026-07-10T16:52:38.511495+00:00,"Run - Jul 10, 2026 at 22:18:59"
Q12,62,0.9973637238916038,degraded,2026-07-10T16:52:38.524010+00:00,"Run - Jul 10, 2026 at 22:18:59"
Q13,62,0.9973206798916039,degraded,2026-07-10T16:52:38.537011+00:00,"Run - Jul 10, 2026 at 22:18:59"
Q14,62,0.9972776358916039,degraded,2026-07-10T16:52:38.550017+00:00,"Run - Jul 10, 2026 at 22:18:59"
Q15,62,0.9972345918916038,degraded,2026-07-10T16:52:38.562011+00:00,"Run - Jul 10, 2026 at 22:18:59"
Q16,62,0.9971915478916038,degraded,2026-07-10T16:52:38.575010+00:00,"Run - Jul 10, 2026 at 22:18:59"
Q17,62,0.9971485038916039,degraded,2026-07-10T16:52:38.588215+00:00,"Run - Jul 10, 2026 at 22:18:59"
Q18,62,0.9971054598916038,degraded,2026-07-10T16:52:38.601296+00:00,"Run - Jul 10, 2026 at 22:18:59"
Q19,62,0.9970624158916038,degraded,2026-07-10T16:52:38.614789+00:00,"Run - Jul 10, 2026 at 22:18:59"
Q20,62,0.9970193718916038,degraded,2026-07-10T16:52:38.629119+00:00,"Run - Jul 10, 2026 at 22:18:59"
Q21,62,0.9969763278916037,degraded,2026-07-10T16:52:38.642738+00:00,"Run - Jul 10, 2026 at 22:18:59"
Q22,62,0.996933283891604,degraded,2026-07-10T16:52:38.656843+00:00,"Run - Jul 10, 2026 at 22:18:59"
Q23,62,0.996890239891604,degraded,2026-07-10T16:52:38.670851+00:00,"Run - Jul 10, 2026 at 22:18:59"
Q24,62,0.9968471958916039,degraded,2026-07-10T16:52:38.683857+00:00,"Run - Jul 10, 2026 at 22:18:59"
Q0,63,0.9978762481765673,degraded,2026-07-10T16:52:43.533611+00:00,"Run - Jul 10, 2026 at 22:18:59"
Q1,63,0.9978330421765673,degraded,2026-07-10T16:52:43.548611+00:00,"Run - Jul 10, 2026 at 22:18:59"
Q2,63,0.9977898361765671,degraded,2026-07-10T16:52:43.563612+00:00,"Run - Jul 10, 2026 at 22:18:59"
Q3,63,0.9977466301765672,degraded,2026-07-10T16:52:43.577619+00:00,"Run - Jul 10, 2026 at 22:18:59"
Q4,63,0.9977034241765672,degraded,2026-07-10T16:52:43.591424+00:00,"Run - Jul 10, 2026 at 22:18:59"
Q5,63,0.9976602181765672,degraded,2026-07-10T16:52:43.605433+00:00,"Run - Jul 10, 2026 at 22:18:59"
Q6,63,0.9976170121765673,degraded,2026-07-10T16:52:43.618448+00:00,"Run - Jul 10, 2026 at 22:18:59"
Q7,63,0.9975738061765671,degraded,2026-07-10T16:52:43.631502+00:00,"Run - Jul 10, 2026 at 22:18:59"
Q8,63,0.9975306001765673,degraded,2026-07-10T16:52:43.646215+00:00,"Run - Jul 10, 2026 at 22:18:59"
Q9,63,0.9974873941765673,degraded,2026-07-10T16:52:43.660383+00:00,"Run - Jul 10, 2026 at 22:18:59"
Q10,63,0.9974441881765672,degraded,2026-07-10T16:52:43.674384+00:00,"Run - Jul 10, 2026 at 22:18:59"
Q11,63,0.9974009821765673,degraded,2026-07-10T16:52:43.688383+00:00,"Run - Jul 10, 2026 at 22:18:59"
Q12,63,0.9973577761765671,degraded,2026-07-10T16:52:43.702041+00:00,"Run - Jul 10, 2026 at 22:18:59"
Q13,63,0.9973145701765673,degraded,2026-07-10T16:52:43.716054+00:00,"Run - Jul 10, 2026 at 22:18:59"
Q14,63,0.9972713641765673,degraded,2026-07-10T16:52:43.729944+00:00,"Run - Jul 10, 2026 at 22:18:59"
Q15,63,0.9972281581765672,degraded,2026-07-10T16:52:43.744466+00:00,"Run - Jul 10, 2026 at 22:18:59"
Q16,63,0.9971849521765672,degraded,2026-07-10T16:52:43.756351+00:00,"Run - Jul 10, 2026 at 22:18:59"
Q17,63,0.9971417461765673,degraded,2026-07-10T16:52:43.770351+00:00,"Run - Jul 10, 2026 at 22:18:59"
Q18,63,0.9970985401765673,degraded,2026-07-10T16:52:43.785353+00:00,"Run - Jul 10, 2026 at 22:18:59"
Q19,63,0.9970553341765672,degraded,2026-07-10T16:52:43.798351+00:00,"Run - Jul 10, 2026 at 22:18:59"
Q20,63,0.9970121281765671,degraded,2026-07-10T16:52:43.813228+00:00,"Run - Jul 10, 2026 at 22:18:59"
Q21,63,0.9969689221765672,degraded,2026-07-10T16:52:43.826593+00:00,"Run - Jul 10, 2026 at 22:18:59"
Q22,63,0.9969257161765672,degraded,2026-07-10T16:52:43.839605+00:00,"Run - Jul 10, 2026 at 22:18:59"
Q23,63,0.9968825101765673,degraded,2026-07-10T16:52:43.853604+00:00,"Run - Jul 10, 2026 at 22:18:59"
Q24,63,0.9968393041765672,degraded,2026-07-10T16:52:43.866605+00:00,"Run - Jul 10, 2026 at 22:18:59"
Q0,64,0.9978622845450389,degraded,2026-07-10T16:52:48.821265+00:00,"Run - Jul 10, 2026 at 22:18:59"
Q1,64,0.997818916545039,degraded,2026-07-10T16:52:48.833892+00:00,"Run - Jul 10, 2026 at 22:18:59"
Q2,64,0.9977755485450389,degraded,2026-07-10T16:52:48.847890+00:00,"Run - Jul 10, 2026 at 22:18:59"
Q3,64,0.9977321805450389,degraded,2026-07-10T16:52:48.859891+00:00,"Run - Jul 10, 2026 at 22:18:59"
Q4,64,0.9976888125450389,degraded,2026-07-10T16:52:48.871890+00:00,"Run - Jul 10, 2026 at 22:18:59"
Q5,64,0.9976454445450389,degraded,2026-07-10T16:52:48.884888+00:00,"Run - Jul 10, 2026 at 22:18:59"
Q6,64,0.997602076545039,degraded,2026-07-10T16:52:48.897889+00:00,"Run - Jul 10, 2026 at 22:18:59"
Q7,64,0.9975587085450389,degraded,2026-07-10T16:52:48.912890+00:00,"Run - Jul 10, 2026 at 22:18:59"
Q8,64,0.9975153405450389,degraded,2026-07-10T16:52:48.925904+00:00,"Run - Jul 10, 2026 at 22:18:59"
Q9,64,0.9974719725450389,degraded,2026-07-10T16:52:48.938696+00:00,"Run - Jul 10, 2026 at 22:18:59"
Q10,64,0.9974286045450389,degraded,2026-07-10T16:52:48.951695+00:00,"Run - Jul 10, 2026 at 22:18:59"
Q11,64,0.9973852365450389,degraded,2026-07-10T16:52:48.965873+00:00,"Run - Jul 10, 2026 at 22:18:59"
Q12,64,0.9973418685450388,degraded,2026-07-10T16:52:48.979352+00:00,"Run - Jul 10, 2026 at 22:18:59"
Q13,64,0.9972985005450388,degraded,2026-07-10T16:52:48.992362+00:00,"Run - Jul 10, 2026 at 22:18:59"
Q14,64,0.9972551325450387,degraded,2026-07-10T16:52:49.004362+00:00,"Run - Jul 10, 2026 at 22:18:59"
Q15,64,0.9972117645450389,degraded,2026-07-10T16:52:49.018678+00:00,"Run - Jul 10, 2026 at 22:18:59"
Q16,64,0.9971683965450389,degraded,2026-07-10T16:52:49.045201+00:00,"Run - Jul 10, 2026 at 22:18:59"
Q17,64,0.997125028545039,degraded,2026-07-10T16:52:49.075289+00:00,"Run - Jul 10, 2026 at 22:18:59"
Q18,64,0.997081660545039,degraded,2026-07-10T16:52:49.088290+00:00,"Run - Jul 10, 2026 at 22:18:59"
Q19,64,0.997038292545039,degraded,2026-07-10T16:52:49.103291+00:00,"Run - Jul 10, 2026 at 22:18:59"
Q20,64,0.9969949245450389,degraded,2026-07-10T16:52:49.116301+00:00,"Run - Jul 10, 2026 at 22:18:59"
Q21,64,0.9969515565450389,degraded,2026-07-10T16:52:49.129300+00:00,"Run - Jul 10, 2026 at 22:18:59"
Q22,64,0.9969081885450389,degraded,2026-07-10T16:52:49.142821+00:00,"Run - Jul 10, 2026 at 22:18:59"
Q23,64,0.9968648205450389,degraded,2026-07-10T16:52:49.155216+00:00,"Run - Jul 10, 2026 at 22:18:59"
Q24,64,0.996821452545039,degraded,2026-07-10T16:52:49.167900+00:00,"Run - Jul 10, 2026 at 22:18:59"
Q0,65,0.9978483913975192,degraded,2026-07-10T16:52:53.994941+00:00,"Run - Jul 10, 2026 at 22:18:59"
Q1,65,0.9978048613975192,degraded,2026-07-10T16:52:54.008517+00:00,"Run - Jul 10, 2026 at 22:18:59"
Q2,65,0.9977613313975192,degraded,2026-07-10T16:52:54.021819+00:00,"Run - Jul 10, 2026 at 22:18:59"
Q3,65,0.9977178013975192,degraded,2026-07-10T16:52:54.036335+00:00,"Run - Jul 10, 2026 at 22:18:59"
Q4,65,0.9976742713975193,degraded,2026-07-10T16:52:54.049451+00:00,"Run - Jul 10, 2026 at 22:18:59"
Q5,65,0.9976307413975192,degraded,2026-07-10T16:52:54.064451+00:00,"Run - Jul 10, 2026 at 22:18:59"
Q6,65,0.9975872113975193,degraded,2026-07-10T16:52:54.077450+00:00,"Run - Jul 10, 2026 at 22:18:59"
Q7,65,0.9975436813975191,degraded,2026-07-10T16:52:54.090453+00:00,"Run - Jul 10, 2026 at 22:18:59"
Q8,65,0.9975001513975192,degraded,2026-07-10T16:52:54.103453+00:00,"Run - Jul 10, 2026 at 22:18:59"
Q9,65,0.9974566213975191,degraded,2026-07-10T16:52:54.116450+00:00,"Run - Jul 10, 2026 at 22:18:59"
Q10,65,0.9974130913975192,degraded,2026-07-10T16:52:54.130460+00:00,"Run - Jul 10, 2026 at 22:18:59"
Q11,65,0.9973695613975192,degraded,2026-07-10T16:52:54.143802+00:00,"Run - Jul 10, 2026 at 22:18:59"
Q12,65,0.9973260313975192,degraded,2026-07-10T16:52:54.155804+00:00,"Run - Jul 10, 2026 at 22:18:59"
Q13,65,0.9972825013975192,degraded,2026-07-10T16:52:54.168647+00:00,"Run - Jul 10, 2026 at 22:18:59"
Q14,65,0.9972389713975192,degraded,2026-07-10T16:52:54.181647+00:00,"Run - Jul 10, 2026 at 22:18:59"
Q15,65,0.9971954413975193,degraded,2026-07-10T16:52:54.194649+00:00,"Run - Jul 10, 2026 at 22:18:59"
Q16,65,0.9971519113975191,degraded,2026-07-10T16:52:54.207648+00:00,"Run - Jul 10, 2026 at 22:18:59"
Q17,65,0.9971083813975192,degraded,2026-07-10T16:52:54.220648+00:00,"Run - Jul 10, 2026 at 22:18:59"
Q18,65,0.9970648513975191,degraded,2026-07-10T16:52:54.232657+00:00,"Run - Jul 10, 2026 at 22:18:59"
Q19,65,0.9970213213975192,degraded,2026-07-10T16:52:54.245756+00:00,"Run - Jul 10, 2026 at 22:18:59"
Q20,65,0.9969777913975191,degraded,2026-07-10T16:52:54.259759+00:00,"Run - Jul 10, 2026 at 22:18:59"
Q21,65,0.9969342613975192,degraded,2026-07-10T16:52:54.272469+00:00,"Run - Jul 10, 2026 at 22:18:59"
Q22,65,0.9968907313975192,degraded,2026-07-10T16:52:54.285469+00:00,"Run - Jul 10, 2026 at 22:18:59"
Q23,65,0.9968472013975193,degraded,2026-07-10T16:52:54.298472+00:00,"Run - Jul 10, 2026 at 22:18:59"
Q24,65,0.9968036713975192,degraded,2026-07-10T16:52:54.311990+00:00,"Run - Jul 10, 2026 at 22:18:59"
Q0,66,0.9978346274783589,degraded,2026-07-10T16:52:59.232372+00:00,"Run - Jul 10, 2026 at 22:18:59"
Q1,66,0.997790935478359,degraded,2026-07-10T16:52:59.243885+00:00,"Run - Jul 10, 2026 at 22:18:59"
Q2,66,0.997747243478359,degraded,2026-07-10T16:52:59.253884+00:00,"Run - Jul 10, 2026 at 22:18:59"
Q3,66,0.997703551478359,degraded,2026-07-10T16:52:59.263888+00:00,"Run - Jul 10, 2026 at 22:18:59"
Q4,66,0.997659859478359,degraded,2026-07-10T16:52:59.274030+00:00,"Run - Jul 10, 2026 at 22:18:59"
Q5,66,0.997616167478359,degraded,2026-07-10T16:52:59.284028+00:00,"Run - Jul 10, 2026 at 22:18:59"
Q6,66,0.997572475478359,degraded,2026-07-10T16:52:59.293032+00:00,"Run - Jul 10, 2026 at 22:18:59"
Q7,66,0.997528783478359,degraded,2026-07-10T16:52:59.303027+00:00,"Run - Jul 10, 2026 at 22:18:59"
Q8,66,0.9974850914783591,degraded,2026-07-10T16:52:59.312029+00:00,"Run - Jul 10, 2026 at 22:18:59"
Q9,66,0.9974413994783591,degraded,2026-07-10T16:52:59.322027+00:00,"Run - Jul 10, 2026 at 22:18:59"
Q10,66,0.997397707478359,degraded,2026-07-10T16:52:59.333045+00:00,"Run - Jul 10, 2026 at 22:18:59"
Q11,66,0.997354015478359,degraded,2026-07-10T16:52:59.342565+00:00,"Run - Jul 10, 2026 at 22:18:59"
Q12,66,0.9973103234783589,degraded,2026-07-10T16:52:59.351560+00:00,"Run - Jul 10, 2026 at 22:18:59"
Q13,66,0.9972666314783589,degraded,2026-07-10T16:52:59.361698+00:00,"Run - Jul 10, 2026 at 22:18:59"
Q14,66,0.9972229394783589,degraded,2026-07-10T16:52:59.371584+00:00,"Run - Jul 10, 2026 at 22:18:59"
Q15,66,0.997179247478359,degraded,2026-07-10T16:52:59.382584+00:00,"Run - Jul 10, 2026 at 22:18:59"
Q16,66,0.997135555478359,degraded,2026-07-10T16:52:59.394874+00:00,"Run - Jul 10, 2026 at 22:18:59"
Q17,66,0.997091863478359,degraded,2026-07-10T16:52:59.405484+00:00,"Run - Jul 10, 2026 at 22:18:59"
Q18,66,0.997048171478359,degraded,2026-07-10T16:52:59.416485+00:00,"Run - Jul 10, 2026 at 22:18:59"
Q19,66,0.997004479478359,degraded,2026-07-10T16:52:59.427492+00:00,"Run - Jul 10, 2026 at 22:18:59"
Q20,66,0.996960787478359,degraded,2026-07-10T16:52:59.437492+00:00,"Run - Jul 10, 2026 at 22:18:59"
Q21,66,0.9969170954783589,degraded,2026-07-10T16:52:59.448014+00:00,"Run - Jul 10, 2026 at 22:18:59"
Q22,66,0.996873403478359,degraded,2026-07-10T16:52:59.459012+00:00,"Run - Jul 10, 2026 at 22:18:59"
Q23,66,0.996829711478359,degraded,2026-07-10T16:52:59.470014+00:00,"Run - Jul 10, 2026 at 22:18:59"
Q24,66,0.9967860194783589,degraded,2026-07-10T16:52:59.481011+00:00,"Run - Jul 10, 2026 at 22:18:59"
Q0,67,0.9978210475316588,degraded,2026-07-10T16:53:04.841249+00:00,"Run - Jul 10, 2026 at 22:18:59"
Q1,67,0.9977771935316588,degraded,2026-07-10T16:53:04.851339+00:00,"Run - Jul 10, 2026 at 22:18:59"
Q2,67,0.9977333395316589,degraded,2026-07-10T16:53:04.860342+00:00,"Run - Jul 10, 2026 at 22:18:59"
Q3,67,0.9976894855316588,degraded,2026-07-10T16:53:04.869026+00:00,"Run - Jul 10, 2026 at 22:18:59"
Q4,67,0.9976456315316587,degraded,2026-07-10T16:53:04.880024+00:00,"Run - Jul 10, 2026 at 22:18:59"
Q5,67,0.9976017775316588,degraded,2026-07-10T16:53:04.890136+00:00,"Run - Jul 10, 2026 at 22:18:59"
Q6,67,0.9975579235316588,degraded,2026-07-10T16:53:04.900131+00:00,"Run - Jul 10, 2026 at 22:18:59"
Q7,67,0.9975140695316589,degraded,2026-07-10T16:53:04.909135+00:00,"Run - Jul 10, 2026 at 22:18:59"
Q8,67,0.9974702155316588,degraded,2026-07-10T16:53:04.918130+00:00,"Run - Jul 10, 2026 at 22:18:59"
Q9,67,0.9974263615316589,degraded,2026-07-10T16:53:04.928131+00:00,"Run - Jul 10, 2026 at 22:18:59"
Q10,67,0.9973825075316588,degraded,2026-07-10T16:53:04.938140+00:00,"Run - Jul 10, 2026 at 22:18:59"
Q11,67,0.9973386535316588,degraded,2026-07-10T16:53:04.948177+00:00,"Run - Jul 10, 2026 at 22:18:59"
Q12,67,0.9972947995316589,degraded,2026-07-10T16:53:04.958182+00:00,"Run - Jul 10, 2026 at 22:18:59"
Q13,67,0.9972509455316588,degraded,2026-07-10T16:53:04.966777+00:00,"Run - Jul 10, 2026 at 22:18:59"
Q14,67,0.9972070915316589,degraded,2026-07-10T16:53:04.976785+00:00,"Run - Jul 10, 2026 at 22:18:59"
Q15,67,0.9971632375316588,degraded,2026-07-10T16:53:04.985786+00:00,"Run - Jul 10, 2026 at 22:18:59"
Q16,67,0.9971193835316589,degraded,2026-07-10T16:53:04.995786+00:00,"Run - Jul 10, 2026 at 22:18:59"
Q17,67,0.9970755295316589,degraded,2026-07-10T16:53:05.005787+00:00,"Run - Jul 10, 2026 at 22:18:59"
Q18,67,0.9970316755316588,degraded,2026-07-10T16:53:05.024719+00:00,"Run - Jul 10, 2026 at 22:18:59"
Q19,67,0.9969878215316588,degraded,2026-07-10T16:53:05.044226+00:00,"Run - Jul 10, 2026 at 22:18:59"
Q20,67,0.9969439675316587,degraded,2026-07-10T16:53:05.055634+00:00,"Run - Jul 10, 2026 at 22:18:59"
Q21,67,0.9969001135316589,degraded,2026-07-10T16:53:05.103632+00:00,"Run - Jul 10, 2026 at 22:18:59"
Q22,67,0.9968562595316588,degraded,2026-07-10T16:53:05.114632+00:00,"Run - Jul 10, 2026 at 22:18:59"
Q23,67,0.996812405531659,degraded,2026-07-10T16:53:05.124631+00:00,"Run - Jul 10, 2026 at 22:18:59"
Q24,67,0.9967685515316589,degraded,2026-07-10T16:53:05.134638+00:00,"Run - Jul 10, 2026 at 22:18:59"
Q0,68,0.9978077106532208,degraded,2026-07-10T16:53:10.316669+00:00,"Run - Jul 10, 2026 at 22:18:59"
Q1,68,0.9977636946532208,degraded,2026-07-10T16:53:10.326668+00:00,"Run - Jul 10, 2026 at 22:18:59"
Q2,68,0.9977196786532209,degraded,2026-07-10T16:53:10.335681+00:00,"Run - Jul 10, 2026 at 22:18:59"
Q3,68,0.9976756626532209,degraded,2026-07-10T16:53:10.345694+00:00,"Run - Jul 10, 2026 at 22:18:59"
Q4,68,0.9976316466532209,degraded,2026-07-10T16:53:10.355221+00:00,"Run - Jul 10, 2026 at 22:18:59"
Q5,68,0.9975876306532209,degraded,2026-07-10T16:53:10.364239+00:00,"Run - Jul 10, 2026 at 22:18:59"
Q6,68,0.9975436146532208,degraded,2026-07-10T16:53:10.375231+00:00,"Run - Jul 10, 2026 at 22:18:59"
Q7,68,0.9974995986532209,degraded,2026-07-10T16:53:10.383416+00:00,"Run - Jul 10, 2026 at 22:18:59"
Q8,68,0.9974555826532208,degraded,2026-07-10T16:53:10.392418+00:00,"Run - Jul 10, 2026 at 22:18:59"
Q9,68,0.9974115666532208,degraded,2026-07-10T16:53:10.401415+00:00,"Run - Jul 10, 2026 at 22:18:59"
Q10,68,0.9973675506532209,degraded,2026-07-10T16:53:10.412417+00:00,"Run - Jul 10, 2026 at 22:18:59"
Q11,68,0.9973235346532208,degraded,2026-07-10T16:53:10.423429+00:00,"Run - Jul 10, 2026 at 22:18:59"
Q12,68,0.9972795186532208,degraded,2026-07-10T16:53:10.432416+00:00,"Run - Jul 10, 2026 at 22:18:59"
Q13,68,0.9972355026532209,degraded,2026-07-10T16:53:10.441890+00:00,"Run - Jul 10, 2026 at 22:18:59"
Q14,68,0.9971914866532209,degraded,2026-07-10T16:53:10.451402+00:00,"Run - Jul 10, 2026 at 22:18:59"
Q15,68,0.9971474706532208,degraded,2026-07-10T16:53:10.462414+00:00,"Run - Jul 10, 2026 at 22:18:59"
Q16,68,0.9971034546532209,degraded,2026-07-10T16:53:10.473421+00:00,"Run - Jul 10, 2026 at 22:18:59"
Q17,68,0.9970594386532208,degraded,2026-07-10T16:53:10.482413+00:00,"Run - Jul 10, 2026 at 22:18:59"
Q18,68,0.9970154226532209,degraded,2026-07-10T16:53:10.493416+00:00,"Run - Jul 10, 2026 at 22:18:59"
Q19,68,0.9969714066532209,degraded,2026-07-10T16:53:10.504430+00:00,"Run - Jul 10, 2026 at 22:18:59"
Q20,68,0.996927390653221,degraded,2026-07-10T16:53:10.515427+00:00,"Run - Jul 10, 2026 at 22:18:59"
Q21,68,0.9968833746532209,degraded,2026-07-10T16:53:10.526416+00:00,"Run - Jul 10, 2026 at 22:18:59"
Q22,68,0.9968393586532209,degraded,2026-07-10T16:53:10.537436+00:00,"Run - Jul 10, 2026 at 22:18:59"
Q23,68,0.9967953426532209,degraded,2026-07-10T16:53:10.548027+00:00,"Run - Jul 10, 2026 at 22:18:59"
Q24,68,0.9967513266532209,degraded,2026-07-10T16:53:10.560104+00:00,"Run - Jul 10, 2026 at 22:18:59"
Q0,69,0.9977946706190981,degraded,2026-07-10T16:53:15.705782+00:00,"Run - Jul 10, 2026 at 22:18:59"
Q1,69,0.9977504926190981,degraded,2026-07-10T16:53:15.718777+00:00,"Run - Jul 10, 2026 at 22:18:59"
Q2,69,0.997706314619098,degraded,2026-07-10T16:53:15.732794+00:00,"Run - Jul 10, 2026 at 22:18:59"
Q3,69,0.9976621366190981,degraded,2026-07-10T16:53:15.745491+00:00,"Run - Jul 10, 2026 at 22:18:59"
Q4,69,0.9976179586190979,degraded,2026-07-10T16:53:15.759009+00:00,"Run - Jul 10, 2026 at 22:18:59"
Q5,69,0.9975737806190981,degraded,2026-07-10T16:53:15.773014+00:00,"Run - Jul 10, 2026 at 22:18:59"
Q6,69,0.9975296026190981,degraded,2026-07-10T16:53:15.785004+00:00,"Run - Jul 10, 2026 at 22:18:59"
Q7,69,0.9974854246190981,degraded,2026-07-10T16:53:15.796006+00:00,"Run - Jul 10, 2026 at 22:18:59"
Q8,69,0.997441246619098,degraded,2026-07-10T16:53:15.807008+00:00,"Run - Jul 10, 2026 at 22:18:59"
Q9,69,0.997397068619098,degraded,2026-07-10T16:53:15.817471+00:00,"Run - Jul 10, 2026 at 22:18:59"
Q10,69,0.997352890619098,degraded,2026-07-10T16:53:15.828935+00:00,"Run - Jul 10, 2026 at 22:18:59"
Q11,69,0.9973087126190981,degraded,2026-07-10T16:53:15.838378+00:00,"Run - Jul 10, 2026 at 22:18:59"
Q12,69,0.997264534619098,degraded,2026-07-10T16:53:15.848371+00:00,"Run - Jul 10, 2026 at 22:18:59"
Q13,69,0.997220356619098,degraded,2026-07-10T16:53:15.857818+00:00,"Run - Jul 10, 2026 at 22:18:59"
Q14,69,0.997176178619098,degraded,2026-07-10T16:53:15.867825+00:00,"Run - Jul 10, 2026 at 22:18:59"
Q15,69,0.997132000619098,degraded,2026-07-10T16:53:15.878230+00:00,"Run - Jul 10, 2026 at 22:18:59"
Q16,69,0.997087822619098,degraded,2026-07-10T16:53:15.888233+00:00,"Run - Jul 10, 2026 at 22:18:59"
Q17,69,0.997043644619098,degraded,2026-07-10T16:53:15.898385+00:00,"Run - Jul 10, 2026 at 22:18:59"
Q18,69,0.996999466619098,degraded,2026-07-10T16:53:15.907389+00:00,"Run - Jul 10, 2026 at 22:18:59"
Q19,69,0.996955288619098,degraded,2026-07-10T16:53:15.917385+00:00,"Run - Jul 10, 2026 at 22:18:59"
Q20,69,0.996911110619098,degraded,2026-07-10T16:53:15.927393+00:00,"Run - Jul 10, 2026 at 22:18:59"
Q21,69,0.996866932619098,degraded,2026-07-10T16:53:15.937391+00:00,"Run - Jul 10, 2026 at 22:18:59"
Q22,69,0.996822754619098,degraded,2026-07-10T16:53:15.949103+00:00,"Run - Jul 10, 2026 at 22:18:59"
Q23,69,0.9967785766190981,degraded,2026-07-10T16:53:15.959384+00:00,"Run - Jul 10, 2026 at 22:18:59"
Q24,69,0.996734398619098,degraded,2026-07-10T16:53:15.969486+00:00,"Run - Jul 10, 2026 at 22:18:59"
Q0,70,0.9977819780930002,degraded,2026-07-10T16:53:20.908353+00:00,"Run - Jul 10, 2026 at 22:18:59"
Q1,70,0.9977376380930003,degraded,2026-07-10T16:53:20.921352+00:00,"Run - Jul 10, 2026 at 22:18:59"
Q2,70,0.9976932980930002,degraded,2026-07-10T16:53:20.933347+00:00,"Run - Jul 10, 2026 at 22:18:59"
Q3,70,0.9976489580930004,degraded,2026-07-10T16:53:20.947369+00:00,"Run - Jul 10, 2026 at 22:18:59"
Q4,70,0.9976046180930002,degraded,2026-07-10T16:53:20.962703+00:00,"Run - Jul 10, 2026 at 22:18:59"
Q5,70,0.9975602780930003,degraded,2026-07-10T16:53:20.975706+00:00,"Run - Jul 10, 2026 at 22:18:59"
Q6,70,0.9975159380930002,degraded,2026-07-10T16:53:20.990750+00:00,"Run - Jul 10, 2026 at 22:18:59"
Q7,70,0.9974715980930002,degraded,2026-07-10T16:53:21.003757+00:00,"Run - Jul 10, 2026 at 22:18:59"
Q8,70,0.9974272580930001,degraded,2026-07-10T16:53:21.016752+00:00,"Run - Jul 10, 2026 at 22:18:59"
Q9,70,0.9973829180930003,degraded,2026-07-10T16:53:21.046738+00:00,"Run - Jul 10, 2026 at 22:18:59"
Q10,70,0.9973385780930002,degraded,2026-07-10T16:53:21.071303+00:00,"Run - Jul 10, 2026 at 22:18:59"
Q11,70,0.9972942380930003,degraded,2026-07-10T16:53:21.086287+00:00,"Run - Jul 10, 2026 at 22:18:59"
Q12,70,0.9972498980930002,degraded,2026-07-10T16:53:21.099503+00:00,"Run - Jul 10, 2026 at 22:18:59"
Q13,70,0.9972055580930004,degraded,2026-07-10T16:53:21.112508+00:00,"Run - Jul 10, 2026 at 22:18:59"
Q14,70,0.9971612180930002,degraded,2026-07-10T16:53:21.125503+00:00,"Run - Jul 10, 2026 at 22:18:59"
Q15,70,0.9971168780930003,degraded,2026-07-10T16:53:21.139507+00:00,"Run - Jul 10, 2026 at 22:18:59"
Q16,70,0.9970725380930001,degraded,2026-07-10T16:53:21.150513+00:00,"Run - Jul 10, 2026 at 22:18:59"
Q17,70,0.9970281980930003,degraded,2026-07-10T16:53:21.164042+00:00,"Run - Jul 10, 2026 at 22:18:59"
Q18,70,0.9969838580930002,degraded,2026-07-10T16:53:21.176051+00:00,"Run - Jul 10, 2026 at 22:18:59"
Q19,70,0.9969395180930003,degraded,2026-07-10T16:53:21.190045+00:00,"Run - Jul 10, 2026 at 22:18:59"
Q20,70,0.9968951780930002,degraded,2026-07-10T16:53:21.203565+00:00,"Run - Jul 10, 2026 at 22:18:59"
Q21,70,0.9968508380930003,degraded,2026-07-10T16:53:21.215558+00:00,"Run - Jul 10, 2026 at 22:18:59"
Q22,70,0.9968064980930003,degraded,2026-07-10T16:53:21.229558+00:00,"Run - Jul 10, 2026 at 22:18:59"
Q23,70,0.9967621580930003,degraded,2026-07-10T16:53:21.243560+00:00,"Run - Jul 10, 2026 at 22:18:59"
Q24,70,0.9967178180930002,degraded,2026-07-10T16:53:21.257570+00:00,"Run - Jul 10, 2026 at 22:18:59"
Q0,71,0.9977696800942439,degraded,2026-07-10T16:53:26.238636+00:00,"Run - Jul 10, 2026 at 22:18:59"
Q1,71,0.997725178094244,degraded,2026-07-10T16:53:26.253648+00:00,"Run - Jul 10, 2026 at 22:18:59"
Q2,71,0.997680676094244,degraded,2026-07-10T16:53:26.267719+00:00,"Run - Jul 10, 2026 at 22:18:59"
Q3,71,0.9976361740942439,degraded,2026-07-10T16:53:26.282721+00:00,"Run - Jul 10, 2026 at 22:18:59"
Q4,71,0.997591672094244,degraded,2026-07-10T16:53:26.297725+00:00,"Run - Jul 10, 2026 at 22:18:59"
Q5,71,0.997547170094244,degraded,2026-07-10T16:53:26.312720+00:00,"Run - Jul 10, 2026 at 22:18:59"
Q6,71,0.997502668094244,degraded,2026-07-10T16:53:26.327721+00:00,"Run - Jul 10, 2026 at 22:18:59"
Q7,71,0.9974581660942441,degraded,2026-07-10T16:53:26.344721+00:00,"Run - Jul 10, 2026 at 22:18:59"
Q8,71,0.9974136640942439,degraded,2026-07-10T16:53:26.361739+00:00,"Run - Jul 10, 2026 at 22:18:59"
Q9,71,0.9973691620942441,degraded,2026-07-10T16:53:26.377873+00:00,"Run - Jul 10, 2026 at 22:18:59"
Q10,71,0.997324660094244,degraded,2026-07-10T16:53:26.390872+00:00,"Run - Jul 10, 2026 at 22:18:59"
Q11,71,0.9972801580942441,degraded,2026-07-10T16:53:26.407892+00:00,"Run - Jul 10, 2026 at 22:18:59"
Q12,71,0.997235656094244,degraded,2026-07-10T16:53:26.423454+00:00,"Run - Jul 10, 2026 at 22:18:59"
Q13,71,0.997191154094244,degraded,2026-07-10T16:53:26.437455+00:00,"Run - Jul 10, 2026 at 22:18:59"
Q14,71,0.997146652094244,degraded,2026-07-10T16:53:26.453484+00:00,"Run - Jul 10, 2026 at 22:18:59"
Q15,71,0.9971021500942441,degraded,2026-07-10T16:53:26.468797+00:00,"Run - Jul 10, 2026 at 22:18:59"
Q16,71,0.997057648094244,degraded,2026-07-10T16:53:26.485513+00:00,"Run - Jul 10, 2026 at 22:18:59"
Q17,71,0.9970131460942441,degraded,2026-07-10T16:53:26.502512+00:00,"Run - Jul 10, 2026 at 22:18:59"
Q18,71,0.996968644094244,degraded,2026-07-10T16:53:26.516518+00:00,"Run - Jul 10, 2026 at 22:18:59"
Q19,71,0.996924142094244,degraded,2026-07-10T16:53:26.532513+00:00,"Run - Jul 10, 2026 at 22:18:59"
Q20,71,0.996879640094244,degraded,2026-07-10T16:53:26.548512+00:00,"Run - Jul 10, 2026 at 22:18:59"
Q21,71,0.996835138094244,degraded,2026-07-10T16:53:26.564532+00:00,"Run - Jul 10, 2026 at 22:18:59"
Q22,71,0.996790636094244,degraded,2026-07-10T16:53:26.581063+00:00,"Run - Jul 10, 2026 at 22:18:59"
Q23,71,0.9967461340942441,degraded,2026-07-10T16:53:26.592056+00:00,"Run - Jul 10, 2026 at 22:18:59"
Q24,71,0.996701632094244,degraded,2026-07-10T16:53:26.605057+00:00,"Run - Jul 10, 2026 at 22:18:59"
Q0,72,0.997757819544278,degraded,2026-07-10T16:53:30.806346+00:00,"Run - Jul 10, 2026 at 22:18:59"
Q1,72,0.997713155544278,degraded,2026-07-10T16:53:30.818349+00:00,"Run - Jul 10, 2026 at 22:18:59"
Q2,72,0.9976684915442781,degraded,2026-07-10T16:53:30.829448+00:00,"Run - Jul 10, 2026 at 22:18:59"
Q3,72,0.9976238275442779,degraded,2026-07-10T16:53:30.841087+00:00,"Run - Jul 10, 2026 at 22:18:59"
Q4,72,0.9975791635442779,degraded,2026-07-10T16:53:30.853089+00:00,"Run - Jul 10, 2026 at 22:18:59"
Q5,72,0.9975344995442781,degraded,2026-07-10T16:53:30.864105+00:00,"Run - Jul 10, 2026 at 22:18:59"
Q6,72,0.9974898355442781,degraded,2026-07-10T16:53:30.876883+00:00,"Run - Jul 10, 2026 at 22:18:59"
Q7,72,0.9974451715442779,degraded,2026-07-10T16:53:30.887828+00:00,"Run - Jul 10, 2026 at 22:18:59"
Q8,72,0.997400507544278,degraded,2026-07-10T16:53:30.898783+00:00,"Run - Jul 10, 2026 at 22:18:59"
Q9,72,0.997355843544278,degraded,2026-07-10T16:53:30.910712+00:00,"Run - Jul 10, 2026 at 22:18:59"
Q10,72,0.997311179544278,degraded,2026-07-10T16:53:30.922122+00:00,"Run - Jul 10, 2026 at 22:18:59"
Q11,72,0.9972665155442779,degraded,2026-07-10T16:53:30.933763+00:00,"Run - Jul 10, 2026 at 22:18:59"
Q12,72,0.9972218515442779,degraded,2026-07-10T16:53:30.945872+00:00,"Run - Jul 10, 2026 at 22:18:59"
Q13,72,0.997177187544278,degraded,2026-07-10T16:53:30.956877+00:00,"Run - Jul 10, 2026 at 22:18:59"
Q14,72,0.997132523544278,degraded,2026-07-10T16:53:30.968928+00:00,"Run - Jul 10, 2026 at 22:18:59"
Q15,72,0.997087859544278,degraded,2026-07-10T16:53:30.979714+00:00,"Run - Jul 10, 2026 at 22:18:59"
Q16,72,0.997043195544278,degraded,2026-07-10T16:53:30.990659+00:00,"Run - Jul 10, 2026 at 22:18:59"
Q17,72,0.996998531544278,degraded,2026-07-10T16:53:31.001612+00:00,"Run - Jul 10, 2026 at 22:18:59"
Q18,72,0.996953867544278,degraded,2026-07-10T16:53:31.012617+00:00,"Run - Jul 10, 2026 at 22:18:59"
Q19,72,0.9969092035442781,degraded,2026-07-10T16:53:31.025646+00:00,"Run - Jul 10, 2026 at 22:18:59"
Q20,72,0.996864539544278,degraded,2026-07-10T16:53:31.037203+00:00,"Run - Jul 10, 2026 at 22:18:59"
Q21,72,0.996819875544278,degraded,2026-07-10T16:53:31.049121+00:00,"Run - Jul 10, 2026 at 22:18:59"
Q22,72,0.9967752115442781,degraded,2026-07-10T16:53:31.061029+00:00,"Run - Jul 10, 2026 at 22:18:59"
Q23,72,0.996730547544278,degraded,2026-07-10T16:53:31.072158+00:00,"Run - Jul 10, 2026 at 22:18:59"
Q24,72,0.996685883544278,degraded,2026-07-10T16:53:31.085180+00:00,"Run - Jul 10, 2026 at 22:18:59"
Q0,73,0.997746432713206,degraded,2026-07-10T16:53:39.813602+00:00,"Run - Jul 10, 2026 at 22:18:59"
Q1,73,0.9977016067132061,degraded,2026-07-10T16:53:39.819593+00:00,"Run - Jul 10, 2026 at 22:18:59"
Q2,73,0.997656780713206,degraded,2026-07-10T16:53:39.824574+00:00,"Run - Jul 10, 2026 at 22:18:59"
Q3,73,0.9976119547132061,degraded,2026-07-10T16:53:39.832574+00:00,"Run - Jul 10, 2026 at 22:18:59"
Q4,73,0.9975671287132061,degraded,2026-07-10T16:53:39.837602+00:00,"Run - Jul 10, 2026 at 22:18:59"
Q5,73,0.9975223027132061,degraded,2026-07-10T16:53:39.845574+00:00,"Run - Jul 10, 2026 at 22:18:59"
Q6,73,0.997477476713206,degraded,2026-07-10T16:53:39.852601+00:00,"Run - Jul 10, 2026 at 22:18:59"
Q7,73,0.9974326507132061,degraded,2026-07-10T16:53:39.858601+00:00,"Run - Jul 10, 2026 at 22:18:59"
Q8,73,0.9973878247132062,degraded,2026-07-10T16:53:39.867576+00:00,"Run - Jul 10, 2026 at 22:18:59"
Q9,73,0.9973429987132061,degraded,2026-07-10T16:53:39.874583+00:00,"Run - Jul 10, 2026 at 22:18:59"
Q10,73,0.997298172713206,degraded,2026-07-10T16:53:39.880947+00:00,"Run - Jul 10, 2026 at 22:18:59"
Q11,73,0.9972533467132061,degraded,2026-07-10T16:53:39.888456+00:00,"Run - Jul 10, 2026 at 22:18:59"
Q12,73,0.9972085207132061,degraded,2026-07-10T16:53:39.895474+00:00,"Run - Jul 10, 2026 at 22:18:59"
Q13,73,0.9971636947132061,degraded,2026-07-10T16:53:39.903461+00:00,"Run - Jul 10, 2026 at 22:18:59"
Q14,73,0.9971188687132061,degraded,2026-07-10T16:53:39.909459+00:00,"Run - Jul 10, 2026 at 22:18:59"
Q15,73,0.9970740427132061,degraded,2026-07-10T16:53:39.917457+00:00,"Run - Jul 10, 2026 at 22:18:59"
Q16,73,0.997029216713206,degraded,2026-07-10T16:53:39.923456+00:00,"Run - Jul 10, 2026 at 22:18:59"
Q17,73,0.996984390713206,degraded,2026-07-10T16:53:39.928456+00:00,"Run - Jul 10, 2026 at 22:18:59"
Q18,73,0.996939564713206,degraded,2026-07-10T16:53:39.935456+00:00,"Run - Jul 10, 2026 at 22:18:59"
Q19,73,0.9968947387132061,degraded,2026-07-10T16:53:39.942456+00:00,"Run - Jul 10, 2026 at 22:18:59"
Q20,73,0.9968499127132061,degraded,2026-07-10T16:53:39.948456+00:00,"Run - Jul 10, 2026 at 22:18:59"
Q21,73,0.9968050867132061,degraded,2026-07-10T16:53:39.953456+00:00,"Run - Jul 10, 2026 at 22:18:59"
Q22,73,0.996760260713206,degraded,2026-07-10T16:53:39.960456+00:00,"Run - Jul 10, 2026 at 22:18:59"
Q23,73,0.996715434713206,degraded,2026-07-10T16:53:39.967456+00:00,"Run - Jul 10, 2026 at 22:18:59"
Q24,73,0.996670608713206,degraded,2026-07-10T16:53:39.973460+00:00,"Run - Jul 10, 2026 at 22:18:59"
Q0,74,0.9977355552180092,degraded,2026-07-10T16:53:46.155026+00:00,"Run - Jul 10, 2026 at 22:18:59"
Q1,74,0.9976905672180091,degraded,2026-07-10T16:53:46.174027+00:00,"Run - Jul 10, 2026 at 22:18:59"
Q2,74,0.9976455792180091,degraded,2026-07-10T16:53:46.188033+00:00,"Run - Jul 10, 2026 at 22:18:59"
Q3,74,0.9976005912180091,degraded,2026-07-10T16:53:46.199596+00:00,"Run - Jul 10, 2026 at 22:18:59"
Q4,74,0.9975556032180092,degraded,2026-07-10T16:53:46.211594+00:00,"Run - Jul 10, 2026 at 22:18:59"
Q5,74,0.9975106152180091,degraded,2026-07-10T16:53:46.225593+00:00,"Run - Jul 10, 2026 at 22:18:59"
Q6,74,0.9974656272180091,degraded,2026-07-10T16:53:46.398886+00:00,"Run - Jul 10, 2026 at 22:18:59"
Q7,74,0.9974206392180092,degraded,2026-07-10T16:53:46.412883+00:00,"Run - Jul 10, 2026 at 22:18:59"
Q8,74,0.9973756512180092,degraded,2026-07-10T16:53:46.436887+00:00,"Run - Jul 10, 2026 at 22:18:59"
Q9,74,0.9973306632180092,degraded,2026-07-10T16:53:46.448782+00:00,"Run - Jul 10, 2026 at 22:18:59"
Q10,74,0.9972856752180091,degraded,2026-07-10T16:53:46.459932+00:00,"Run - Jul 10, 2026 at 22:18:59"
Q11,74,0.9972406872180092,degraded,2026-07-10T16:53:46.472933+00:00,"Run - Jul 10, 2026 at 22:18:59"
Q12,74,0.9971956992180091,degraded,2026-07-10T16:53:46.486936+00:00,"Run - Jul 10, 2026 at 22:18:59"
Q13,74,0.9971507112180091,degraded,2026-07-10T16:53:46.501167+00:00,"Run - Jul 10, 2026 at 22:18:59"
Q14,74,0.9971057232180092,degraded,2026-07-10T16:53:46.511162+00:00,"Run - Jul 10, 2026 at 22:18:59"
Q15,74,0.9970607352180091,degraded,2026-07-10T16:53:46.520162+00:00,"Run - Jul 10, 2026 at 22:18:59"
Q16,74,0.997015747218009,degraded,2026-07-10T16:53:46.532177+00:00,"Run - Jul 10, 2026 at 22:18:59"
Q17,74,0.9969707592180092,degraded,2026-07-10T16:53:46.549176+00:00,"Run - Jul 10, 2026 at 22:18:59"
Q18,74,0.9969257712180092,degraded,2026-07-10T16:53:46.707078+00:00,"Run - Jul 10, 2026 at 22:18:59"
Q19,74,0.9968807832180091,degraded,2026-07-10T16:53:46.723090+00:00,"Run - Jul 10, 2026 at 22:18:59"
Q20,74,0.9968357952180091,degraded,2026-07-10T16:53:46.736092+00:00,"Run - Jul 10, 2026 at 22:18:59"
Q21,74,0.9967908072180092,degraded,2026-07-10T16:53:46.746615+00:00,"Run - Jul 10, 2026 at 22:18:59"
Q22,74,0.9967458192180092,degraded,2026-07-10T16:53:46.760495+00:00,"Run - Jul 10, 2026 at 22:18:59"
Q23,74,0.9967008312180092,degraded,2026-07-10T16:53:46.771495+00:00,"Run - Jul 10, 2026 at 22:18:59"
Q24,74,0.9966558432180092,degraded,2026-07-10T16:53:46.784889+00:00,"Run - Jul 10, 2026 at 22:18:59"
Q0,75,0.9977252170606656,degraded,2026-07-10T16:53:52.888407+00:00,"Run - Jul 10, 2026 at 22:18:59"
Q1,75,0.9976800670606656,degraded,2026-07-10T16:53:52.902929+00:00,"Run - Jul 10, 2026 at 22:18:59"
Q2,75,0.9976349170606655,degraded,2026-07-10T16:53:52.918936+00:00,"Run - Jul 10, 2026 at 22:18:59"
Q3,75,0.9975897670606656,degraded,2026-07-10T16:53:52.932934+00:00,"Run - Jul 10, 2026 at 22:18:59"
Q4,75,0.9975446170606657,degraded,2026-07-10T16:53:52.948060+00:00,"Run - Jul 10, 2026 at 22:18:59"
Q5,75,0.9974994670606656,degraded,2026-07-10T16:53:52.962446+00:00,"Run - Jul 10, 2026 at 22:18:59"
Q6,75,0.9974543170606656,degraded,2026-07-10T16:53:52.977453+00:00,"Run - Jul 10, 2026 at 22:18:59"
Q7,75,0.9974091670606656,degraded,2026-07-10T16:53:52.992469+00:00,"Run - Jul 10, 2026 at 22:18:59"
Q8,75,0.9973640170606657,degraded,2026-07-10T16:53:53.007996+00:00,"Run - Jul 10, 2026 at 22:18:59"
Q9,75,0.9973188670606656,degraded,2026-07-10T16:53:53.022700+00:00,"Run - Jul 10, 2026 at 22:18:59"
Q10,75,0.9972737170606657,degraded,2026-07-10T16:53:53.037784+00:00,"Run - Jul 10, 2026 at 22:18:59"
Q11,75,0.9972285670606655,degraded,2026-07-10T16:53:53.052788+00:00,"Run - Jul 10, 2026 at 22:18:59"
Q12,75,0.9971834170606657,degraded,2026-07-10T16:53:53.067783+00:00,"Run - Jul 10, 2026 at 22:18:59"
Q13,75,0.9971382670606657,degraded,2026-07-10T16:53:53.082644+00:00,"Run - Jul 10, 2026 at 22:18:59"
Q14,75,0.9970931170606656,degraded,2026-07-10T16:53:53.098173+00:00,"Run - Jul 10, 2026 at 22:18:59"
Q15,75,0.9970479670606656,degraded,2026-07-10T16:53:53.112182+00:00,"Run - Jul 10, 2026 at 22:18:59"
Q16,75,0.9970028170606656,degraded,2026-07-10T16:53:53.126268+00:00,"Run - Jul 10, 2026 at 22:18:59"
Q17,75,0.9969576670606656,degraded,2026-07-10T16:53:53.139796+00:00,"Run - Jul 10, 2026 at 22:18:59"
Q18,75,0.9969125170606656,degraded,2026-07-10T16:53:53.151552+00:00,"Run - Jul 10, 2026 at 22:18:59"
Q19,75,0.9968673670606656,degraded,2026-07-10T16:53:53.162554+00:00,"Run - Jul 10, 2026 at 22:18:59"
Q20,75,0.9968222170606655,degraded,2026-07-10T16:53:53.174553+00:00,"Run - Jul 10, 2026 at 22:18:59"
Q21,75,0.9967770670606657,degraded,2026-07-10T16:53:53.185784+00:00,"Run - Jul 10, 2026 at 22:18:59"
Q22,75,0.9967319170606656,degraded,2026-07-10T16:53:53.195768+00:00,"Run - Jul 10, 2026 at 22:18:59"
Q23,75,0.9966867670606655,degraded,2026-07-10T16:53:53.208299+00:00,"Run - Jul 10, 2026 at 22:18:59"
Q24,75,0.9966416170606656,degraded,2026-07-10T16:53:53.220297+00:00,"Run - Jul 10, 2026 at 22:18:59"
Q0,76,0.9977154419544572,degraded,2026-07-10T16:53:58.532448+00:00,"Run - Jul 10, 2026 at 22:18:59"
Q1,76,0.9976701299544571,degraded,2026-07-10T16:53:58.544440+00:00,"Run - Jul 10, 2026 at 22:18:59"
Q2,76,0.9976248179544571,degraded,2026-07-10T16:53:58.559143+00:00,"Run - Jul 10, 2026 at 22:18:59"
Q3,76,0.9975795059544572,degraded,2026-07-10T16:53:58.572145+00:00,"Run - Jul 10, 2026 at 22:18:59"
Q4,76,0.9975341939544573,degraded,2026-07-10T16:53:58.585154+00:00,"Run - Jul 10, 2026 at 22:18:59"
Q5,76,0.9974888819544572,degraded,2026-07-10T16:53:58.598674+00:00,"Run - Jul 10, 2026 at 22:18:59"
Q6,76,0.997443569954457,degraded,2026-07-10T16:53:58.613193+00:00,"Run - Jul 10, 2026 at 22:18:59"
Q7,76,0.9973982579544571,degraded,2026-07-10T16:53:58.626351+00:00,"Run - Jul 10, 2026 at 22:18:59"
Q8,76,0.9973529459544572,degraded,2026-07-10T16:53:58.641288+00:00,"Run - Jul 10, 2026 at 22:18:59"
Q9,76,0.9973076339544572,degraded,2026-07-10T16:53:58.653889+00:00,"Run - Jul 10, 2026 at 22:18:59"
Q10,76,0.9972623219544572,degraded,2026-07-10T16:53:58.667478+00:00,"Run - Jul 10, 2026 at 22:18:59"
Q11,76,0.9972170099544573,degraded,2026-07-10T16:53:58.680480+00:00,"Run - Jul 10, 2026 at 22:18:59"
Q12,76,0.9971716979544571,degraded,2026-07-10T16:53:58.693486+00:00,"Run - Jul 10, 2026 at 22:18:59"
Q13,76,0.9971263859544572,degraded,2026-07-10T16:53:58.706832+00:00,"Run - Jul 10, 2026 at 22:18:59"
Q14,76,0.9970810739544571,degraded,2026-07-10T16:53:58.720995+00:00,"Run - Jul 10, 2026 at 22:18:59"
Q15,76,0.9970357619544572,degraded,2026-07-10T16:53:58.734118+00:00,"Run - Jul 10, 2026 at 22:18:59"
Q16,76,0.9969904499544572,degraded,2026-07-10T16:53:58.751441+00:00,"Run - Jul 10, 2026 at 22:18:59"
Q17,76,0.9969451379544572,degraded,2026-07-10T16:53:58.764445+00:00,"Run - Jul 10, 2026 at 22:18:59"
Q18,76,0.9968998259544573,degraded,2026-07-10T16:53:58.777442+00:00,"Run - Jul 10, 2026 at 22:18:59"
Q19,76,0.9968545139544571,degraded,2026-07-10T16:53:58.791454+00:00,"Run - Jul 10, 2026 at 22:18:59"
Q20,76,0.9968092019544572,degraded,2026-07-10T16:53:58.803459+00:00,"Run - Jul 10, 2026 at 22:18:59"
Q21,76,0.9967638899544571,degraded,2026-07-10T16:53:58.817768+00:00,"Run - Jul 10, 2026 at 22:18:59"
Q22,76,0.9967185779544572,degraded,2026-07-10T16:53:58.831572+00:00,"Run - Jul 10, 2026 at 22:18:59"
Q23,76,0.9966732659544572,degraded,2026-07-10T16:53:58.844566+00:00,"Run - Jul 10, 2026 at 22:18:59"
Q24,76,0.9966279539544571,degraded,2026-07-10T16:53:58.858573+00:00,"Run - Jul 10, 2026 at 22:18:59"
Q0,77,0.9977062478177594,degraded,2026-07-10T16:54:04.087572+00:00,"Run - Jul 10, 2026 at 22:18:59"
Q1,77,0.9976607738177595,degraded,2026-07-10T16:54:04.100574+00:00,"Run - Jul 10, 2026 at 22:18:59"
Q2,77,0.9976152998177594,degraded,2026-07-10T16:54:04.116162+00:00,"Run - Jul 10, 2026 at 22:18:59"
Q3,77,0.9975698258177594,degraded,2026-07-10T16:54:04.130169+00:00,"Run - Jul 10, 2026 at 22:18:59"
Q4,77,0.9975243518177594,degraded,2026-07-10T16:54:04.143234+00:00,"Run - Jul 10, 2026 at 22:18:59"
Q5,77,0.9974788778177595,degraded,2026-07-10T16:54:04.156241+00:00,"Run - Jul 10, 2026 at 22:18:59"
Q6,77,0.9974334038177595,degraded,2026-07-10T16:54:04.168829+00:00,"Run - Jul 10, 2026 at 22:18:59"
Q7,77,0.9973879298177595,degraded,2026-07-10T16:54:04.206701+00:00,"Run - Jul 10, 2026 at 22:18:59"
Q8,77,0.9973424558177595,degraded,2026-07-10T16:54:04.221070+00:00,"Run - Jul 10, 2026 at 22:18:59"
Q9,77,0.9972969818177595,degraded,2026-07-10T16:54:04.234068+00:00,"Run - Jul 10, 2026 at 22:18:59"
Q10,77,0.9972515078177595,degraded,2026-07-10T16:54:04.248069+00:00,"Run - Jul 10, 2026 at 22:18:59"
Q11,77,0.9972060338177594,degraded,2026-07-10T16:54:04.261067+00:00,"Run - Jul 10, 2026 at 22:18:59"
Q12,77,0.9971605598177595,degraded,2026-07-10T16:54:04.278087+00:00,"Run - Jul 10, 2026 at 22:18:59"
Q13,77,0.9971150858177595,degraded,2026-07-10T16:54:04.293738+00:00,"Run - Jul 10, 2026 at 22:18:59"
Q14,77,0.9970696118177594,degraded,2026-07-10T16:54:04.307746+00:00,"Run - Jul 10, 2026 at 22:18:59"
Q15,77,0.9970241378177593,degraded,2026-07-10T16:54:04.319945+00:00,"Run - Jul 10, 2026 at 22:18:59"
Q16,77,0.9969786638177595,degraded,2026-07-10T16:54:04.332949+00:00,"Run - Jul 10, 2026 at 22:18:59"
Q17,77,0.9969331898177596,degraded,2026-07-10T16:54:04.346949+00:00,"Run - Jul 10, 2026 at 22:18:59"
Q18,77,0.9968877158177594,degraded,2026-07-10T16:54:04.358947+00:00,"Run - Jul 10, 2026 at 22:18:59"
Q19,77,0.9968422418177595,degraded,2026-07-10T16:54:04.372944+00:00,"Run - Jul 10, 2026 at 22:18:59"
Q20,77,0.9967967678177594,degraded,2026-07-10T16:54:04.386946+00:00,"Run - Jul 10, 2026 at 22:18:59"
Q21,77,0.9967512938177595,degraded,2026-07-10T16:54:04.401683+00:00,"Run - Jul 10, 2026 at 22:18:59"
Q22,77,0.9967058198177596,degraded,2026-07-10T16:54:04.415734+00:00,"Run - Jul 10, 2026 at 22:18:59"
Q23,77,0.9966603458177594,degraded,2026-07-10T16:54:04.429733+00:00,"Run - Jul 10, 2026 at 22:18:59"
Q24,77,0.9966148718177594,degraded,2026-07-10T16:54:04.442730+00:00,"Run - Jul 10, 2026 at 22:18:59"
Q0,78,0.9976976465993487,degraded,2026-07-10T16:54:10.004312+00:00,"Run - Jul 10, 2026 at 22:18:59"
Q1,78,0.9976520105993487,degraded,2026-07-10T16:54:10.019469+00:00,"Run - Jul 10, 2026 at 22:18:59"
Q2,78,0.9976063745993486,degraded,2026-07-10T16:54:10.033973+00:00,"Run - Jul 10, 2026 at 22:18:59"
Q3,78,0.9975607385993487,degraded,2026-07-10T16:54:10.047974+00:00,"Run - Jul 10, 2026 at 22:18:59"
Q4,78,0.9975151025993487,degraded,2026-07-10T16:54:10.060972+00:00,"Run - Jul 10, 2026 at 22:18:59"
Q5,78,0.9974694665993488,degraded,2026-07-10T16:54:10.073969+00:00,"Run - Jul 10, 2026 at 22:18:59"
Q6,78,0.9974238305993487,degraded,2026-07-10T16:54:10.099332+00:00,"Run - Jul 10, 2026 at 22:18:59"
Q7,78,0.9973781945993487,degraded,2026-07-10T16:54:10.113049+00:00,"Run - Jul 10, 2026 at 22:18:59"
Q8,78,0.9973325585993487,degraded,2026-07-10T16:54:10.126788+00:00,"Run - Jul 10, 2026 at 22:18:59"
Q9,78,0.9972869225993487,degraded,2026-07-10T16:54:10.140513+00:00,"Run - Jul 10, 2026 at 22:18:59"
Q10,78,0.9972412865993487,degraded,2026-07-10T16:54:10.153514+00:00,"Run - Jul 10, 2026 at 22:18:59"
Q11,78,0.9971956505993487,degraded,2026-07-10T16:54:10.166525+00:00,"Run - Jul 10, 2026 at 22:18:59"
Q12,78,0.9971500145993487,degraded,2026-07-10T16:54:10.192997+00:00,"Run - Jul 10, 2026 at 22:18:59"
Q13,78,0.9971043785993488,degraded,2026-07-10T16:54:10.206011+00:00,"Run - Jul 10, 2026 at 22:18:59"
Q14,78,0.9970587425993487,degraded,2026-07-10T16:54:10.218532+00:00,"Run - Jul 10, 2026 at 22:18:59"
Q15,78,0.9970131065993487,degraded,2026-07-10T16:54:10.232838+00:00,"Run - Jul 10, 2026 at 22:18:59"
Q16,78,0.9969674705993488,degraded,2026-07-10T16:54:10.246838+00:00,"Run - Jul 10, 2026 at 22:18:59"
Q17,78,0.9969218345993487,degraded,2026-07-10T16:54:10.259837+00:00,"Run - Jul 10, 2026 at 22:18:59"
Q18,78,0.9968761985993487,degraded,2026-07-10T16:54:10.274838+00:00,"Run - Jul 10, 2026 at 22:18:59"
Q19,78,0.9968305625993488,degraded,2026-07-10T16:54:10.287838+00:00,"Run - Jul 10, 2026 at 22:18:59"
Q20,78,0.9967849265993487,degraded,2026-07-10T16:54:10.301847+00:00,"Run - Jul 10, 2026 at 22:18:59"
Q21,78,0.9967392905993487,degraded,2026-07-10T16:54:10.336733+00:00,"Run - Jul 10, 2026 at 22:18:59"
Q22,78,0.9966936545993488,degraded,2026-07-10T16:54:10.366455+00:00,"Run - Jul 10, 2026 at 22:18:59"
Q23,78,0.9966480185993487,degraded,2026-07-10T16:54:10.379457+00:00,"Run - Jul 10, 2026 at 22:18:59"
Q24,78,0.9966023825993487,degraded,2026-07-10T16:54:10.392452+00:00,"Run - Jul 10, 2026 at 22:18:59"
Q0,79,0.9976896428352888,degraded,2026-07-10T16:54:15.813674+00:00,"Run - Jul 10, 2026 at 22:18:59"
Q1,79,0.9976438448352888,degraded,2026-07-10T16:54:15.823184+00:00,"Run - Jul 10, 2026 at 22:18:59"
Q2,79,0.9975980468352887,degraded,2026-07-10T16:54:15.834187+00:00,"Run - Jul 10, 2026 at 22:18:59"
Q3,79,0.9975522488352888,degraded,2026-07-10T16:54:15.844187+00:00,"Run - Jul 10, 2026 at 22:18:59"
Q4,79,0.9975064508352888,degraded,2026-07-10T16:54:15.855106+00:00,"Run - Jul 10, 2026 at 22:18:59"
Q5,79,0.9974606528352888,degraded,2026-07-10T16:54:15.866183+00:00,"Run - Jul 10, 2026 at 22:18:59"
Q6,79,0.9974148548352888,degraded,2026-07-10T16:54:15.876178+00:00,"Run - Jul 10, 2026 at 22:18:59"
Q7,79,0.9973690568352889,degraded,2026-07-10T16:54:15.887425+00:00,"Run - Jul 10, 2026 at 22:18:59"
Q8,79,0.9973232588352888,degraded,2026-07-10T16:54:15.897429+00:00,"Run - Jul 10, 2026 at 22:18:59"
Q9,79,0.9972774608352888,degraded,2026-07-10T16:54:15.907828+00:00,"Run - Jul 10, 2026 at 22:18:59"
Q10,79,0.9972316628352889,degraded,2026-07-10T16:54:15.918875+00:00,"Run - Jul 10, 2026 at 22:18:59"
Q11,79,0.9971858648352888,degraded,2026-07-10T16:54:15.930053+00:00,"Run - Jul 10, 2026 at 22:18:59"
Q12,79,0.9971400668352888,degraded,2026-07-10T16:54:15.940273+00:00,"Run - Jul 10, 2026 at 22:18:59"
Q13,79,0.9970942688352888,degraded,2026-07-10T16:54:15.950083+00:00,"Run - Jul 10, 2026 at 22:18:59"
Q14,79,0.9970484708352889,degraded,2026-07-10T16:54:15.960085+00:00,"Run - Jul 10, 2026 at 22:18:59"
Q15,79,0.9970026728352888,degraded,2026-07-10T16:54:15.971271+00:00,"Run - Jul 10, 2026 at 22:18:59"
Q16,79,0.9969568748352888,degraded,2026-07-10T16:54:15.981279+00:00,"Run - Jul 10, 2026 at 22:18:59"
Q17,79,0.9969110768352887,degraded,2026-07-10T16:54:15.990782+00:00,"Run - Jul 10, 2026 at 22:18:59"
Q18,79,0.9968652788352889,degraded,2026-07-10T16:54:16.000419+00:00,"Run - Jul 10, 2026 at 22:18:59"
Q19,79,0.9968194808352888,degraded,2026-07-10T16:54:16.011421+00:00,"Run - Jul 10, 2026 at 22:18:59"
Q20,79,0.9967736828352889,degraded,2026-07-10T16:54:16.021465+00:00,"Run - Jul 10, 2026 at 22:18:59"
Q21,79,0.9967278848352888,degraded,2026-07-10T16:54:16.031469+00:00,"Run - Jul 10, 2026 at 22:18:59"
Q22,79,0.9966820868352888,degraded,2026-07-10T16:54:16.040975+00:00,"Run - Jul 10, 2026 at 22:18:59"
Q23,79,0.9966362888352889,degraded,2026-07-10T16:54:16.051985+00:00,"Run - Jul 10, 2026 at 22:18:59"
Q24,79,0.9965904908352887,degraded,2026-07-10T16:54:16.062987+00:00,"Run - Jul 10, 2026 at 22:18:59"
Q0,80,0.9976822365043885,degraded,2026-07-10T16:54:21.896067+00:00,"Run - Jul 10, 2026 at 22:18:59"
Q1,80,0.9976362765043885,degraded,2026-07-10T16:54:21.906065+00:00,"Run - Jul 10, 2026 at 22:18:59"
Q2,80,0.9975903165043883,degraded,2026-07-10T16:54:21.917073+00:00,"Run - Jul 10, 2026 at 22:18:59"
Q3,80,0.9975443565043884,degraded,2026-07-10T16:54:21.928915+00:00,"Run - Jul 10, 2026 at 22:18:59"
Q4,80,0.9974983965043884,degraded,2026-07-10T16:54:21.938923+00:00,"Run - Jul 10, 2026 at 22:18:59"
Q5,80,0.9974524365043884,degraded,2026-07-10T16:54:21.950922+00:00,"Run - Jul 10, 2026 at 22:18:59"
Q6,80,0.9974064765043884,degraded,2026-07-10T16:54:21.962922+00:00,"Run - Jul 10, 2026 at 22:18:59"
Q7,80,0.9973605165043884,degraded,2026-07-10T16:54:21.975898+00:00,"Run - Jul 10, 2026 at 22:18:59"
Q8,80,0.9973145565043884,degraded,2026-07-10T16:54:21.987896+00:00,"Run - Jul 10, 2026 at 22:18:59"
Q9,80,0.9972685965043884,degraded,2026-07-10T16:54:21.998902+00:00,"Run - Jul 10, 2026 at 22:18:59"
Q10,80,0.9972226365043885,degraded,2026-07-10T16:54:22.021950+00:00,"Run - Jul 10, 2026 at 22:18:59"
Q11,80,0.9971766765043883,degraded,2026-07-10T16:54:22.034465+00:00,"Run - Jul 10, 2026 at 22:18:59"
Q12,80,0.9971307165043886,degraded,2026-07-10T16:54:22.046468+00:00,"Run - Jul 10, 2026 at 22:18:59"
Q13,80,0.9970847565043883,degraded,2026-07-10T16:54:22.069464+00:00,"Run - Jul 10, 2026 at 22:18:59"
Q14,80,0.9970387965043884,degraded,2026-07-10T16:54:22.079466+00:00,"Run - Jul 10, 2026 at 22:18:59"
Q15,80,0.9969928365043884,degraded,2026-07-10T16:54:22.089393+00:00,"Run - Jul 10, 2026 at 22:18:59"
Q16,80,0.9969468765043884,degraded,2026-07-10T16:54:22.099395+00:00,"Run - Jul 10, 2026 at 22:18:59"
Q17,80,0.9969009165043885,degraded,2026-07-10T16:54:22.133469+00:00,"Run - Jul 10, 2026 at 22:18:59"
Q18,80,0.9968549565043883,degraded,2026-07-10T16:54:22.143480+00:00,"Run - Jul 10, 2026 at 22:18:59"
Q19,80,0.9968089965043885,degraded,2026-07-10T16:54:22.171653+00:00,"Run - Jul 10, 2026 at 22:18:59"
Q20,80,0.9967630365043884,degraded,2026-07-10T16:54:22.182660+00:00,"Run - Jul 10, 2026 at 22:18:59"
Q21,80,0.9967170765043885,degraded,2026-07-10T16:54:22.193554+00:00,"Run - Jul 10, 2026 at 22:18:59"
Q22,80,0.9966711165043884,degraded,2026-07-10T16:54:22.203559+00:00,"Run - Jul 10, 2026 at 22:18:59"
Q23,80,0.9966251565043884,degraded,2026-07-10T16:54:22.214348+00:00,"Run - Jul 10, 2026 at 22:18:59"
Q24,80,0.9965791965043884,degraded,2026-07-10T16:54:22.226435+00:00,"Run - Jul 10, 2026 at 22:18:59"
Q0,81,0.9976754237837908,degraded,2026-07-10T16:54:27.655204+00:00,"Run - Jul 10, 2026 at 22:18:59"
Q1,81,0.9976293017837908,degraded,2026-07-10T16:54:27.670134+00:00,"Run - Jul 10, 2026 at 22:18:59"
Q2,81,0.9975831797837909,degraded,2026-07-10T16:54:27.684505+00:00,"Run - Jul 10, 2026 at 22:18:59"
Q3,81,0.9975370577837908,degraded,2026-07-10T16:54:27.698507+00:00,"Run - Jul 10, 2026 at 22:18:59"
Q4,81,0.9974909357837909,degraded,2026-07-10T16:54:27.712508+00:00,"Run - Jul 10, 2026 at 22:18:59"
Q5,81,0.9974448137837908,degraded,2026-07-10T16:54:27.726215+00:00,"Run - Jul 10, 2026 at 22:18:59"
Q6,81,0.9973986917837907,degraded,2026-07-10T16:54:27.739792+00:00,"Run - Jul 10, 2026 at 22:18:59"
Q7,81,0.9973525697837908,degraded,2026-07-10T16:54:27.754798+00:00,"Run - Jul 10, 2026 at 22:18:59"
Q8,81,0.9973064477837909,degraded,2026-07-10T16:54:27.770051+00:00,"Run - Jul 10, 2026 at 22:18:59"
Q9,81,0.9972603257837909,degraded,2026-07-10T16:54:27.784237+00:00,"Run - Jul 10, 2026 at 22:18:59"
Q10,81,0.9972142037837908,degraded,2026-07-10T16:54:27.798238+00:00,"Run - Jul 10, 2026 at 22:18:59"
Q11,81,0.9971680817837909,degraded,2026-07-10T16:54:27.811242+00:00,"Run - Jul 10, 2026 at 22:18:59"
Q12,81,0.9971219597837908,degraded,2026-07-10T16:54:27.824053+00:00,"Run - Jul 10, 2026 at 22:18:59"
Q13,81,0.9970758377837908,degraded,2026-07-10T16:54:27.838058+00:00,"Run - Jul 10, 2026 at 22:18:59"
Q14,81,0.9970297157837908,degraded,2026-07-10T16:54:27.851061+00:00,"Run - Jul 10, 2026 at 22:18:59"
Q15,81,0.9969835937837908,degraded,2026-07-10T16:54:27.864058+00:00,"Run - Jul 10, 2026 at 22:18:59"
Q16,81,0.9969374717837909,degraded,2026-07-10T16:54:27.878059+00:00,"Run - Jul 10, 2026 at 22:18:59"
Q17,81,0.9968913497837908,degraded,2026-07-10T16:54:27.890470+00:00,"Run - Jul 10, 2026 at 22:18:59"
Q18,81,0.9968452277837908,degraded,2026-07-10T16:54:27.903475+00:00,"Run - Jul 10, 2026 at 22:18:59"
Q19,81,0.9967991057837908,degraded,2026-07-10T16:54:27.916481+00:00,"Run - Jul 10, 2026 at 22:18:59"
Q20,81,0.9967529837837908,degraded,2026-07-10T16:54:27.930004+00:00,"Run - Jul 10, 2026 at 22:18:59"
Q21,81,0.9967068617837908,degraded,2026-07-10T16:54:27.944005+00:00,"Run - Jul 10, 2026 at 22:18:59"
Q22,81,0.9966607397837908,degraded,2026-07-10T16:54:27.957001+00:00,"Run - Jul 10, 2026 at 22:18:59"
Q23,81,0.9966146177837909,degraded,2026-07-10T16:54:27.971002+00:00,"Run - Jul 10, 2026 at 22:18:59"
Q24,81,0.9965684957837908,degraded,2026-07-10T16:54:27.985002+00:00,"Run - Jul 10, 2026 at 22:18:59"
Q0,82,0.9976691932045814,degraded,2026-07-10T16:54:33.864524+00:00,"Run - Jul 10, 2026 at 22:18:59"
Q1,82,0.9976229092045814,degraded,2026-07-10T16:54:33.879519+00:00,"Run - Jul 10, 2026 at 22:18:59"
Q2,82,0.9975766252045815,degraded,2026-07-10T16:54:33.900160+00:00,"Run - Jul 10, 2026 at 22:18:59"
Q3,82,0.9975303412045813,degraded,2026-07-10T16:54:33.915161+00:00,"Run - Jul 10, 2026 at 22:18:59"
Q4,82,0.9974840572045813,degraded,2026-07-10T16:54:33.930170+00:00,"Run - Jul 10, 2026 at 22:18:59"
Q5,82,0.9974377732045815,degraded,2026-07-10T16:54:33.944701+00:00,"Run - Jul 10, 2026 at 22:18:59"
Q6,82,0.9973914892045814,degraded,2026-07-10T16:54:33.958701+00:00,"Run - Jul 10, 2026 at 22:18:59"
Q7,82,0.9973452052045814,degraded,2026-07-10T16:54:33.988706+00:00,"Run - Jul 10, 2026 at 22:18:59"
Q8,82,0.9972989212045814,degraded,2026-07-10T16:54:34.003889+00:00,"Run - Jul 10, 2026 at 22:18:59"
Q9,82,0.9972526372045813,degraded,2026-07-10T16:54:34.035684+00:00,"Run - Jul 10, 2026 at 22:18:59"
Q10,82,0.9972063532045814,degraded,2026-07-10T16:54:34.049757+00:00,"Run - Jul 10, 2026 at 22:18:59"
Q11,82,0.9971600692045814,degraded,2026-07-10T16:54:34.063757+00:00,"Run - Jul 10, 2026 at 22:18:59"
Q12,82,0.9971137852045813,degraded,2026-07-10T16:54:34.104756+00:00,"Run - Jul 10, 2026 at 22:18:59"
Q13,82,0.9970675012045813,degraded,2026-07-10T16:54:34.119282+00:00,"Run - Jul 10, 2026 at 22:18:59"
Q14,82,0.9970212172045814,degraded,2026-07-10T16:54:34.134292+00:00,"Run - Jul 10, 2026 at 22:18:59"
Q15,82,0.9969749332045814,degraded,2026-07-10T16:54:34.147826+00:00,"Run - Jul 10, 2026 at 22:18:59"
Q16,82,0.9969286492045814,degraded,2026-07-10T16:54:34.161991+00:00,"Run - Jul 10, 2026 at 22:18:59"
Q17,82,0.9968823652045813,degraded,2026-07-10T16:54:34.177003+00:00,"Run - Jul 10, 2026 at 22:18:59"
Q18,82,0.9968360812045814,degraded,2026-07-10T16:54:34.192008+00:00,"Run - Jul 10, 2026 at 22:18:59"
Q19,82,0.9967897972045814,degraded,2026-07-10T16:54:34.205999+00:00,"Run - Jul 10, 2026 at 22:18:59"
Q20,82,0.9967435132045814,degraded,2026-07-10T16:54:34.221533+00:00,"Run - Jul 10, 2026 at 22:18:59"
Q21,82,0.9966972292045813,degraded,2026-07-10T16:54:34.236126+00:00,"Run - Jul 10, 2026 at 22:18:59"
Q22,82,0.9966509452045813,degraded,2026-07-10T16:54:34.252671+00:00,"Run - Jul 10, 2026 at 22:18:59"
Q23,82,0.9966046612045814,degraded,2026-07-10T16:54:34.270671+00:00,"Run - Jul 10, 2026 at 22:18:59"
Q24,82,0.9965583772045814,degraded,2026-07-10T16:54:34.285673+00:00,"Run - Jul 10, 2026 at 22:18:59"
Q0,83,0.9976635273187028,degraded,2026-07-10T16:54:40.664949+00:00,"Run - Jul 10, 2026 at 22:18:59"
Q1,83,0.9976170813187027,degraded,2026-07-10T16:54:40.678950+00:00,"Run - Jul 10, 2026 at 22:18:59"
Q2,83,0.9975706353187027,degraded,2026-07-10T16:54:40.694956+00:00,"Run - Jul 10, 2026 at 22:18:59"
Q3,83,0.9975241893187027,degraded,2026-07-10T16:54:40.713325+00:00,"Run - Jul 10, 2026 at 22:18:59"
Q4,83,0.9974777433187026,degraded,2026-07-10T16:54:40.728511+00:00,"Run - Jul 10, 2026 at 22:18:59"
Q5,83,0.9974312973187027,degraded,2026-07-10T16:54:40.743393+00:00,"Run - Jul 10, 2026 at 22:18:59"
Q6,83,0.9973848513187027,degraded,2026-07-10T16:54:40.759880+00:00,"Run - Jul 10, 2026 at 22:18:59"
Q7,83,0.9973384053187027,degraded,2026-07-10T16:54:40.774882+00:00,"Run - Jul 10, 2026 at 22:18:59"
Q8,83,0.9972919593187026,degraded,2026-07-10T16:54:40.787880+00:00,"Run - Jul 10, 2026 at 22:18:59"
Q9,83,0.9972455133187028,degraded,2026-07-10T16:54:40.803880+00:00,"Run - Jul 10, 2026 at 22:18:59"
Q10,83,0.9971990673187028,degraded,2026-07-10T16:54:40.820489+00:00,"Run - Jul 10, 2026 at 22:18:59"
Q11,83,0.9971526213187027,degraded,2026-07-10T16:54:40.835502+00:00,"Run - Jul 10, 2026 at 22:18:59"
Q12,83,0.9971061753187027,degraded,2026-07-10T16:54:40.870022+00:00,"Run - Jul 10, 2026 at 22:18:59"
Q13,83,0.9970597293187027,degraded,2026-07-10T16:54:40.887020+00:00,"Run - Jul 10, 2026 at 22:18:59"
Q14,83,0.9970132833187026,degraded,2026-07-10T16:54:40.903017+00:00,"Run - Jul 10, 2026 at 22:18:59"
Q15,83,0.9969668373187026,degraded,2026-07-10T16:54:40.919233+00:00,"Run - Jul 10, 2026 at 22:18:59"
Q16,83,0.9969203913187027,degraded,2026-07-10T16:54:40.934240+00:00,"Run - Jul 10, 2026 at 22:18:59"
Q17,83,0.9968739453187028,degraded,2026-07-10T16:54:40.948769+00:00,"Run - Jul 10, 2026 at 22:18:59"
Q18,83,0.9968274993187027,degraded,2026-07-10T16:54:40.962770+00:00,"Run - Jul 10, 2026 at 22:18:59"
Q19,83,0.9967810533187027,degraded,2026-07-10T16:54:40.977773+00:00,"Run - Jul 10, 2026 at 22:18:59"
Q20,83,0.9967346073187027,degraded,2026-07-10T16:54:40.992771+00:00,"Run - Jul 10, 2026 at 22:18:59"
Q21,83,0.9966881613187026,degraded,2026-07-10T16:54:41.007772+00:00,"Run - Jul 10, 2026 at 22:18:59"
Q22,83,0.9966417153187026,degraded,2026-07-10T16:54:41.022769+00:00,"Run - Jul 10, 2026 at 22:18:59"
Q23,83,0.9965952693187027,degraded,2026-07-10T16:54:41.036903+00:00,"Run - Jul 10, 2026 at 22:18:59"
Q24,83,0.9965488233187028,degraded,2026-07-10T16:54:41.050430+00:00,"Run - Jul 10, 2026 at 22:18:59"
Q0,84,0.9976584028655587,degraded,2026-07-10T16:54:46.986544+00:00,"Run - Jul 10, 2026 at 22:18:59"
Q1,84,0.9976117948655587,degraded,2026-07-10T16:54:47.003543+00:00,"Run - Jul 10, 2026 at 22:18:59"
Q2,84,0.9975651868655587,degraded,2026-07-10T16:54:47.018549+00:00,"Run - Jul 10, 2026 at 22:18:59"
Q3,84,0.9975185788655587,degraded,2026-07-10T16:54:47.034549+00:00,"Run - Jul 10, 2026 at 22:18:59"
Q4,84,0.9974719708655587,degraded,2026-07-10T16:54:47.050278+00:00,"Run - Jul 10, 2026 at 22:18:59"
Q5,84,0.9974253628655587,degraded,2026-07-10T16:54:47.064279+00:00,"Run - Jul 10, 2026 at 22:18:59"
Q6,84,0.9973787548655587,degraded,2026-07-10T16:54:47.078278+00:00,"Run - Jul 10, 2026 at 22:18:59"
Q7,84,0.9973321468655587,degraded,2026-07-10T16:54:47.092278+00:00,"Run - Jul 10, 2026 at 22:18:59"
Q8,84,0.9972855388655587,degraded,2026-07-10T16:54:47.104277+00:00,"Run - Jul 10, 2026 at 22:18:59"
Q9,84,0.9972389308655587,degraded,2026-07-10T16:54:47.119279+00:00,"Run - Jul 10, 2026 at 22:18:59"
Q10,84,0.9971923228655587,degraded,2026-07-10T16:54:47.134278+00:00,"Run - Jul 10, 2026 at 22:18:59"
Q11,84,0.9971457148655587,degraded,2026-07-10T16:54:47.149594+00:00,"Run - Jul 10, 2026 at 22:18:59"
Q12,84,0.9970991068655587,degraded,2026-07-10T16:54:47.164617+00:00,"Run - Jul 10, 2026 at 22:18:59"
Q13,84,0.9970524988655587,degraded,2026-07-10T16:54:47.178960+00:00,"Run - Jul 10, 2026 at 22:18:59"
Q14,84,0.9970058908655587,degraded,2026-07-10T16:54:47.194958+00:00,"Run - Jul 10, 2026 at 22:18:59"
Q15,84,0.9969592828655587,degraded,2026-07-10T16:54:47.209962+00:00,"Run - Jul 10, 2026 at 22:18:59"
Q16,84,0.9969126748655587,degraded,2026-07-10T16:54:47.225961+00:00,"Run - Jul 10, 2026 at 22:18:59"
Q17,84,0.9968660668655587,degraded,2026-07-10T16:54:47.240971+00:00,"Run - Jul 10, 2026 at 22:18:59"
Q18,84,0.9968194588655587,degraded,2026-07-10T16:54:47.256025+00:00,"Run - Jul 10, 2026 at 22:18:59"
Q19,84,0.9967728508655588,degraded,2026-07-10T16:54:47.273342+00:00,"Run - Jul 10, 2026 at 22:18:59"
Q20,84,0.9967262428655588,degraded,2026-07-10T16:54:47.288340+00:00,"Run - Jul 10, 2026 at 22:18:59"
Q21,84,0.9966796348655587,degraded,2026-07-10T16:54:47.302339+00:00,"Run - Jul 10, 2026 at 22:18:59"
Q22,84,0.9966330268655588,degraded,2026-07-10T16:54:47.318337+00:00,"Run - Jul 10, 2026 at 22:18:59"
Q23,84,0.9965864188655588,degraded,2026-07-10T16:54:47.334338+00:00,"Run - Jul 10, 2026 at 22:18:59"
Q24,84,0.9965398108655588,degraded,2026-07-10T16:54:47.349347+00:00,"Run - Jul 10, 2026 at 22:18:59"
Q0,85,0.9976537905080916,degraded,2026-07-10T16:54:58.843547+00:00,"Run - Jul 10, 2026 at 22:18:59"
Q1,85,0.9976070205080915,degraded,2026-07-10T16:54:58.872858+00:00,"Run - Jul 10, 2026 at 22:18:59"
Q2,85,0.9975602505080916,degraded,2026-07-10T16:54:58.899327+00:00,"Run - Jul 10, 2026 at 22:18:59"
Q3,85,0.9975134805080914,degraded,2026-07-10T16:54:58.916320+00:00,"Run - Jul 10, 2026 at 22:18:59"
Q4,85,0.9974667105080914,degraded,2026-07-10T16:54:58.931332+00:00,"Run - Jul 10, 2026 at 22:18:59"
Q5,85,0.9974199405080915,degraded,2026-07-10T16:54:58.947331+00:00,"Run - Jul 10, 2026 at 22:18:59"
Q6,85,0.9973731705080915,degraded,2026-07-10T16:54:59.005040+00:00,"Run - Jul 10, 2026 at 22:18:59"
Q7,85,0.9973264005080915,degraded,2026-07-10T16:54:59.128012+00:00,"Run - Jul 10, 2026 at 22:18:59"
Q8,85,0.9972796305080915,degraded,2026-07-10T16:54:59.233896+00:00,"Run - Jul 10, 2026 at 22:18:59"
Q9,85,0.9972328605080916,degraded,2026-07-10T16:54:59.406668+00:00,"Run - Jul 10, 2026 at 22:18:59"
Q10,85,0.9971860905080916,degraded,2026-07-10T16:54:59.892441+00:00,"Run - Jul 10, 2026 at 22:18:59"
Q11,85,0.9971393205080914,degraded,2026-07-10T16:54:59.934154+00:00,"Run - Jul 10, 2026 at 22:18:59"
Q12,85,0.9970925505080915,degraded,2026-07-10T16:55:00.043146+00:00,"Run - Jul 10, 2026 at 22:18:59"
Q13,85,0.9970457805080915,degraded,2026-07-10T16:55:00.119536+00:00,"Run - Jul 10, 2026 at 22:18:59"
Q14,85,0.9969990105080915,degraded,2026-07-10T16:55:00.181663+00:00,"Run - Jul 10, 2026 at 22:18:59"
Q15,85,0.9969522405080915,degraded,2026-07-10T16:55:00.203501+00:00,"Run - Jul 10, 2026 at 22:18:59"
Q16,85,0.9969054705080915,degraded,2026-07-10T16:55:00.221912+00:00,"Run - Jul 10, 2026 at 22:18:59"
Q17,85,0.9968587005080916,degraded,2026-07-10T16:55:00.253730+00:00,"Run - Jul 10, 2026 at 22:18:59"
Q18,85,0.9968119305080915,degraded,2026-07-10T16:55:00.290427+00:00,"Run - Jul 10, 2026 at 22:18:59"
Q19,85,0.9967651605080916,degraded,2026-07-10T16:55:00.317084+00:00,"Run - Jul 10, 2026 at 22:18:59"
Q20,85,0.9967183905080915,degraded,2026-07-10T16:55:00.344226+00:00,"Run - Jul 10, 2026 at 22:18:59"
Q21,85,0.9966716205080914,degraded,2026-07-10T16:55:00.374540+00:00,"Run - Jul 10, 2026 at 22:18:59"
Q22,85,0.9966248505080915,degraded,2026-07-10T16:55:00.441804+00:00,"Run - Jul 10, 2026 at 22:18:59"
Q23,85,0.9965780805080915,degraded,2026-07-10T16:55:00.477775+00:00,"Run - Jul 10, 2026 at 22:18:59"
Q24,85,0.9965313105080915,degraded,2026-07-10T16:55:00.498342+00:00,"Run - Jul 10, 2026 at 22:18:59"
Q0,86,0.9976496545087876,degraded,2026-07-10T16:55:19.652811+00:00,"Run - Jul 10, 2026 at 22:18:59"
Q1,86,0.9976027225087878,degraded,2026-07-10T16:55:19.662228+00:00,"Run - Jul 10, 2026 at 22:18:59"
Q2,86,0.9975557905087877,degraded,2026-07-10T16:55:19.670814+00:00,"Run - Jul 10, 2026 at 22:18:59"
Q3,86,0.9975088585087876,degraded,2026-07-10T16:55:19.680916+00:00,"Run - Jul 10, 2026 at 22:18:59"
Q4,86,0.9974619265087876,degraded,2026-07-10T16:55:19.688454+00:00,"Run - Jul 10, 2026 at 22:18:59"
Q5,86,0.9974149945087877,degraded,2026-07-10T16:55:19.711684+00:00,"Run - Jul 10, 2026 at 22:18:59"
Q6,86,0.9973680625087877,degraded,2026-07-10T16:55:19.760442+00:00,"Run - Jul 10, 2026 at 22:18:59"
Q7,86,0.9973211305087877,degraded,2026-07-10T16:55:19.787893+00:00,"Run - Jul 10, 2026 at 22:18:59"
Q8,86,0.9972741985087876,degraded,2026-07-10T16:55:19.830639+00:00,"Run - Jul 10, 2026 at 22:18:59"
Q9,86,0.9972272665087876,degraded,2026-07-10T16:55:19.876977+00:00,"Run - Jul 10, 2026 at 22:18:59"
Q10,86,0.9971803345087877,degraded,2026-07-10T16:55:19.907530+00:00,"Run - Jul 10, 2026 at 22:18:59"
Q11,86,0.9971334025087877,degraded,2026-07-10T16:55:19.941441+00:00,"Run - Jul 10, 2026 at 22:18:59"
Q12,86,0.9970864705087876,degraded,2026-07-10T16:55:19.963540+00:00,"Run - Jul 10, 2026 at 22:18:59"
Q13,86,0.9970395385087876,degraded,2026-07-10T16:55:19.986399+00:00,"Run - Jul 10, 2026 at 22:18:59"
Q14,86,0.9969926065087876,degraded,2026-07-10T16:55:20.007233+00:00,"Run - Jul 10, 2026 at 22:18:59"
Q15,86,0.9969456745087877,degraded,2026-07-10T16:55:20.042228+00:00,"Run - Jul 10, 2026 at 22:18:59"
Q16,86,0.9968987425087877,degraded,2026-07-10T16:55:20.062141+00:00,"Run - Jul 10, 2026 at 22:18:59"
Q17,86,0.9968518105087876,degraded,2026-07-10T16:55:20.091879+00:00,"Run - Jul 10, 2026 at 22:18:59"
Q18,86,0.9968048785087875,degraded,2026-07-10T16:55:20.117620+00:00,"Run - Jul 10, 2026 at 22:18:59"
Q19,86,0.9967579465087876,degraded,2026-07-10T16:55:20.132528+00:00,"Run - Jul 10, 2026 at 22:18:59"
Q20,86,0.9967110145087876,degraded,2026-07-10T16:55:20.169483+00:00,"Run - Jul 10, 2026 at 22:18:59"
Q21,86,0.9966640825087877,degraded,2026-07-10T16:55:20.184483+00:00,"Run - Jul 10, 2026 at 22:18:59"
Q22,86,0.9966171505087877,degraded,2026-07-10T16:55:20.197549+00:00,"Run - Jul 10, 2026 at 22:18:59"
Q23,86,0.9965702185087877,degraded,2026-07-10T16:55:20.212334+00:00,"Run - Jul 10, 2026 at 22:18:59"
Q24,86,0.9965232865087876,degraded,2026-07-10T16:55:20.224332+00:00,"Run - Jul 10, 2026 at 22:18:59"
Q0,87,0.9976459591883997,degraded,2026-07-10T16:55:34.970972+00:00,"Run - Jul 10, 2026 at 22:18:59"
Q1,87,0.9975988651883998,degraded,2026-07-10T16:55:34.985324+00:00,"Run - Jul 10, 2026 at 22:18:59"
Q2,87,0.9975517711883997,degraded,2026-07-10T16:55:35.000395+00:00,"Run - Jul 10, 2026 at 22:18:59"
Q3,87,0.9975046771883996,degraded,2026-07-10T16:55:35.012477+00:00,"Run - Jul 10, 2026 at 22:18:59"
Q4,87,0.9974575831883997,degraded,2026-07-10T16:55:35.029675+00:00,"Run - Jul 10, 2026 at 22:18:59"
Q5,87,0.9974104891883996,degraded,2026-07-10T16:55:35.041205+00:00,"Run - Jul 10, 2026 at 22:18:59"
Q6,87,0.9973633951883996,degraded,2026-07-10T16:55:35.055264+00:00,"Run - Jul 10, 2026 at 22:18:59"
Q7,87,0.9973163011883996,degraded,2026-07-10T16:55:35.068818+00:00,"Run - Jul 10, 2026 at 22:18:59"
Q8,87,0.9972692071883996,degraded,2026-07-10T16:55:35.082061+00:00,"Run - Jul 10, 2026 at 22:18:59"
Q9,87,0.9972221131883996,degraded,2026-07-10T16:55:35.094256+00:00,"Run - Jul 10, 2026 at 22:18:59"
Q10,87,0.9971750191883997,degraded,2026-07-10T16:55:35.106253+00:00,"Run - Jul 10, 2026 at 22:18:59"
Q11,87,0.9971279251883997,degraded,2026-07-10T16:55:35.116270+00:00,"Run - Jul 10, 2026 at 22:18:59"
Q12,87,0.9970808311883996,degraded,2026-07-10T16:55:35.128294+00:00,"Run - Jul 10, 2026 at 22:18:59"
Q13,87,0.9970337371883997,degraded,2026-07-10T16:55:35.139850+00:00,"Run - Jul 10, 2026 at 22:18:59"
Q14,87,0.9969866431883998,degraded,2026-07-10T16:55:35.151837+00:00,"Run - Jul 10, 2026 at 22:18:59"
Q15,87,0.9969395491883997,degraded,2026-07-10T16:55:35.161815+00:00,"Run - Jul 10, 2026 at 22:18:59"
Q16,87,0.9968924551883996,degraded,2026-07-10T16:55:35.174828+00:00,"Run - Jul 10, 2026 at 22:18:59"
Q17,87,0.9968453611883996,degraded,2026-07-10T16:55:35.184844+00:00,"Run - Jul 10, 2026 at 22:18:59"
Q18,87,0.9967982671883997,degraded,2026-07-10T16:55:35.196194+00:00,"Run - Jul 10, 2026 at 22:18:59"
Q19,87,0.9967511731883996,degraded,2026-07-10T16:55:35.208204+00:00,"Run - Jul 10, 2026 at 22:18:59"
Q20,87,0.9967040791883996,degraded,2026-07-10T16:55:35.219600+00:00,"Run - Jul 10, 2026 at 22:18:59"
Q21,87,0.9966569851883996,degraded,2026-07-10T16:55:35.229572+00:00,"Run - Jul 10, 2026 at 22:18:59"
Q22,87,0.9966098911883996,degraded,2026-07-10T16:55:35.242117+00:00,"Run - Jul 10, 2026 at 22:18:59"
Q23,87,0.9965627971883997,degraded,2026-07-10T16:55:35.254094+00:00,"Run - Jul 10, 2026 at 22:18:59"
Q24,87,0.9965157031883998,degraded,2026-07-10T16:55:35.265099+00:00,"Run - Jul 10, 2026 at 22:18:59"
Q0,88,0.9976426619688965,degraded,2026-07-10T16:55:41.610229+00:00,"Run - Jul 10, 2026 at 22:18:59"
Q1,88,0.9975954059688965,degraded,2026-07-10T16:55:41.622238+00:00,"Run - Jul 10, 2026 at 22:18:59"
Q2,88,0.9975481499688965,degraded,2026-07-10T16:55:41.634245+00:00,"Run - Jul 10, 2026 at 22:18:59"
Q3,88,0.9975008939688966,degraded,2026-07-10T16:55:41.648305+00:00,"Run - Jul 10, 2026 at 22:18:59"
Q4,88,0.9974536379688965,degraded,2026-07-10T16:55:41.673324+00:00,"Run - Jul 10, 2026 at 22:18:59"
Q5,88,0.9974063819688965,degraded,2026-07-10T16:55:41.705321+00:00,"Run - Jul 10, 2026 at 22:18:59"
Q6,88,0.9973591259688965,degraded,2026-07-10T16:55:41.737836+00:00,"Run - Jul 10, 2026 at 22:18:59"
Q7,88,0.9973118699688965,degraded,2026-07-10T16:55:41.750376+00:00,"Run - Jul 10, 2026 at 22:18:59"
Q8,88,0.9972646139688965,degraded,2026-07-10T16:55:41.762413+00:00,"Run - Jul 10, 2026 at 22:18:59"
Q9,88,0.9972173579688965,degraded,2026-07-10T16:55:41.774373+00:00,"Run - Jul 10, 2026 at 22:18:59"
Q10,88,0.9971701019688965,degraded,2026-07-10T16:55:41.801371+00:00,"Run - Jul 10, 2026 at 22:18:59"
Q11,88,0.9971228459688966,degraded,2026-07-10T16:55:41.814374+00:00,"Run - Jul 10, 2026 at 22:18:59"
Q12,88,0.9970755899688966,degraded,2026-07-10T16:55:41.826381+00:00,"Run - Jul 10, 2026 at 22:18:59"
Q13,88,0.9970283339688966,degraded,2026-07-10T16:55:41.838383+00:00,"Run - Jul 10, 2026 at 22:18:59"
Q14,88,0.9969810779688966,degraded,2026-07-10T16:55:41.850472+00:00,"Run - Jul 10, 2026 at 22:18:59"
Q15,88,0.9969338219688966,degraded,2026-07-10T16:55:41.861481+00:00,"Run - Jul 10, 2026 at 22:18:59"
Q16,88,0.9968865659688966,degraded,2026-07-10T16:55:41.874549+00:00,"Run - Jul 10, 2026 at 22:18:59"
Q17,88,0.9968393099688966,degraded,2026-07-10T16:55:41.887116+00:00,"Run - Jul 10, 2026 at 22:18:59"
Q18,88,0.9967920539688966,degraded,2026-07-10T16:55:41.900115+00:00,"Run - Jul 10, 2026 at 22:18:59"
Q19,88,0.9967447979688965,degraded,2026-07-10T16:55:41.927296+00:00,"Run - Jul 10, 2026 at 22:18:59"
Q20,88,0.9966975419688966,degraded,2026-07-10T16:55:41.941464+00:00,"Run - Jul 10, 2026 at 22:18:59"
Q21,88,0.9966502859688966,degraded,2026-07-10T16:55:41.956460+00:00,"Run - Jul 10, 2026 at 22:18:59"
Q22,88,0.9966030299688966,degraded,2026-07-10T16:55:41.968460+00:00,"Run - Jul 10, 2026 at 22:18:59"
Q23,88,0.9965557739688966,degraded,2026-07-10T16:55:41.981463+00:00,"Run - Jul 10, 2026 at 22:18:59"
Q24,88,0.9965085179688965,degraded,2026-07-10T16:55:41.995732+00:00,"Run - Jul 10, 2026 at 22:18:59"
Q0,89,0.9976397161417376,degraded,2026-07-10T16:55:47.862128+00:00,"Run - Jul 10, 2026 at 22:18:59"
Q1,89,0.9975922981417376,degraded,2026-07-10T16:55:47.873140+00:00,"Run - Jul 10, 2026 at 22:18:59"
Q2,89,0.9975448801417377,degraded,2026-07-10T16:55:47.885409+00:00,"Run - Jul 10, 2026 at 22:18:59"
Q3,89,0.9974974621417376,degraded,2026-07-10T16:55:47.897417+00:00,"Run - Jul 10, 2026 at 22:18:59"
Q4,89,0.9974500441417378,degraded,2026-07-10T16:55:47.909416+00:00,"Run - Jul 10, 2026 at 22:18:59"
Q5,89,0.9974026261417376,degraded,2026-07-10T16:55:47.920117+00:00,"Run - Jul 10, 2026 at 22:18:59"
Q6,89,0.9973552081417376,degraded,2026-07-10T16:55:47.932124+00:00,"Run - Jul 10, 2026 at 22:18:59"
Q7,89,0.9973077901417375,degraded,2026-07-10T16:55:47.942126+00:00,"Run - Jul 10, 2026 at 22:18:59"
Q8,89,0.9972603721417377,degraded,2026-07-10T16:55:47.954636+00:00,"Run - Jul 10, 2026 at 22:18:59"
Q9,89,0.9972129541417376,degraded,2026-07-10T16:55:47.965635+00:00,"Run - Jul 10, 2026 at 22:18:59"
Q10,89,0.9971655361417378,degraded,2026-07-10T16:55:47.977723+00:00,"Run - Jul 10, 2026 at 22:18:59"
Q11,89,0.9971181181417377,degraded,2026-07-10T16:55:47.989721+00:00,"Run - Jul 10, 2026 at 22:18:59"
Q12,89,0.9970707001417377,degraded,2026-07-10T16:55:48.001934+00:00,"Run - Jul 10, 2026 at 22:18:59"
Q13,89,0.9970232821417375,degraded,2026-07-10T16:55:48.014935+00:00,"Run - Jul 10, 2026 at 22:18:59"
Q14,89,0.9969758641417377,degraded,2026-07-10T16:55:48.026791+00:00,"Run - Jul 10, 2026 at 22:18:59"
Q15,89,0.9969284461417376,degraded,2026-07-10T16:55:48.038664+00:00,"Run - Jul 10, 2026 at 22:18:59"
Q16,89,0.9968810281417377,degraded,2026-07-10T16:55:48.051179+00:00,"Run - Jul 10, 2026 at 22:18:59"
Q17,89,0.9968336101417377,degraded,2026-07-10T16:55:48.062544+00:00,"Run - Jul 10, 2026 at 22:18:59"
Q18,89,0.9967861921417378,degraded,2026-07-10T16:55:48.074545+00:00,"Run - Jul 10, 2026 at 22:18:59"
Q19,89,0.9967387741417376,degraded,2026-07-10T16:55:48.086546+00:00,"Run - Jul 10, 2026 at 22:18:59"
Q20,89,0.9966913561417376,degraded,2026-07-10T16:55:48.098545+00:00,"Run - Jul 10, 2026 at 22:18:59"
Q21,89,0.9966439381417376,degraded,2026-07-10T16:55:48.109544+00:00,"Run - Jul 10, 2026 at 22:18:59"
Q22,89,0.9965965201417376,degraded,2026-07-10T16:55:48.120578+00:00,"Run - Jul 10, 2026 at 22:18:59"
Q23,89,0.9965491021417376,degraded,2026-07-10T16:55:48.131589+00:00,"Run - Jul 10, 2026 at 22:18:59"
Q24,89,0.9965016841417376,degraded,2026-07-10T16:55:48.142586+00:00,"Run - Jul 10, 2026 at 22:18:59"
Q0,90,0.9976370713149196,degraded,2026-07-10T16:55:54.807016+00:00,"Run - Jul 10, 2026 at 22:18:59"
Q1,90,0.9975894913149196,degraded,2026-07-10T16:55:54.823016+00:00,"Run - Jul 10, 2026 at 22:18:59"
Q2,90,0.9975419113149195,degraded,2026-07-10T16:55:54.839032+00:00,"Run - Jul 10, 2026 at 22:18:59"
Q3,90,0.9974943313149195,degraded,2026-07-10T16:55:54.873873+00:00,"Run - Jul 10, 2026 at 22:18:59"
Q4,90,0.9974467513149196,degraded,2026-07-10T16:55:54.922972+00:00,"Run - Jul 10, 2026 at 22:18:59"
Q5,90,0.9973991713149195,degraded,2026-07-10T16:55:54.937808+00:00,"Run - Jul 10, 2026 at 22:18:59"
Q6,90,0.9973515913149196,degraded,2026-07-10T16:55:54.953320+00:00,"Run - Jul 10, 2026 at 22:18:59"
Q7,90,0.9973040113149195,degraded,2026-07-10T16:55:54.967596+00:00,"Run - Jul 10, 2026 at 22:18:59"
Q8,90,0.9972564313149195,degraded,2026-07-10T16:55:54.981607+00:00,"Run - Jul 10, 2026 at 22:18:59"
Q9,90,0.9972088513149195,degraded,2026-07-10T16:55:54.993608+00:00,"Run - Jul 10, 2026 at 22:18:59"
Q10,90,0.9971612713149195,degraded,2026-07-10T16:55:55.004602+00:00,"Run - Jul 10, 2026 at 22:18:59"
Q11,90,0.9971136913149194,degraded,2026-07-10T16:55:55.031607+00:00,"Run - Jul 10, 2026 at 22:18:59"
Q12,90,0.9970661113149195,degraded,2026-07-10T16:55:55.041611+00:00,"Run - Jul 10, 2026 at 22:18:59"
Q13,90,0.9970185313149194,degraded,2026-07-10T16:55:55.052127+00:00,"Run - Jul 10, 2026 at 22:18:59"
Q14,90,0.9969709513149196,degraded,2026-07-10T16:55:55.064251+00:00,"Run - Jul 10, 2026 at 22:18:59"
Q15,90,0.9969233713149195,degraded,2026-07-10T16:55:55.074691+00:00,"Run - Jul 10, 2026 at 22:18:59"
Q16,90,0.9968757913149195,degraded,2026-07-10T16:55:55.106769+00:00,"Run - Jul 10, 2026 at 22:18:59"
Q17,90,0.9968282113149196,degraded,2026-07-10T16:55:55.118770+00:00,"Run - Jul 10, 2026 at 22:18:59"
Q18,90,0.9967806313149195,degraded,2026-07-10T16:55:55.129772+00:00,"Run - Jul 10, 2026 at 22:18:59"
Q19,90,0.9967330513149195,degraded,2026-07-10T16:55:55.140671+00:00,"Run - Jul 10, 2026 at 22:18:59"
Q20,90,0.9966854713149196,degraded,2026-07-10T16:55:55.150673+00:00,"Run - Jul 10, 2026 at 22:18:59"
Q21,90,0.9966378913149195,degraded,2026-07-10T16:55:55.173068+00:00,"Run - Jul 10, 2026 at 22:18:59"
Q22,90,0.9965903113149195,degraded,2026-07-10T16:55:55.185011+00:00,"Run - Jul 10, 2026 at 22:18:59"
Q23,90,0.9965427313149195,degraded,2026-07-10T16:55:55.197982+00:00,"Run - Jul 10, 2026 at 22:18:59"
Q24,90,0.9964951513149195,degraded,2026-07-10T16:55:55.208296+00:00,"Run - Jul 10, 2026 at 22:18:59"
Q0,91,0.9976346739390535,degraded,2026-07-10T16:56:01.202436+00:00,"Run - Jul 10, 2026 at 22:18:59"
Q1,91,0.9975869319390533,degraded,2026-07-10T16:56:01.213434+00:00,"Run - Jul 10, 2026 at 22:18:59"
Q2,91,0.9975391899390534,degraded,2026-07-10T16:56:01.224432+00:00,"Run - Jul 10, 2026 at 22:18:59"
Q3,91,0.9974914479390535,degraded,2026-07-10T16:56:01.234893+00:00,"Run - Jul 10, 2026 at 22:18:59"
Q4,91,0.9974437059390535,degraded,2026-07-10T16:56:01.245904+00:00,"Run - Jul 10, 2026 at 22:18:59"
Q5,91,0.9973959639390534,degraded,2026-07-10T16:56:01.256941+00:00,"Run - Jul 10, 2026 at 22:18:59"
Q6,91,0.9973482219390535,degraded,2026-07-10T16:56:01.267066+00:00,"Run - Jul 10, 2026 at 22:18:59"
Q7,91,0.9973004799390535,degraded,2026-07-10T16:56:01.278078+00:00,"Run - Jul 10, 2026 at 22:18:59"
Q8,91,0.9972527379390534,degraded,2026-07-10T16:56:01.287075+00:00,"Run - Jul 10, 2026 at 22:18:59"
Q9,91,0.9972049959390534,degraded,2026-07-10T16:56:01.297852+00:00,"Run - Jul 10, 2026 at 22:18:59"
Q10,91,0.9971572539390535,degraded,2026-07-10T16:56:01.307849+00:00,"Run - Jul 10, 2026 at 22:18:59"
Q11,91,0.9971095119390534,degraded,2026-07-10T16:56:01.317850+00:00,"Run - Jul 10, 2026 at 22:18:59"
Q12,91,0.9970617699390534,degraded,2026-07-10T16:56:01.329098+00:00,"Run - Jul 10, 2026 at 22:18:59"
Q13,91,0.9970140279390534,degraded,2026-07-10T16:56:01.339858+00:00,"Run - Jul 10, 2026 at 22:18:59"
Q14,91,0.9969662859390535,degraded,2026-07-10T16:56:01.349944+00:00,"Run - Jul 10, 2026 at 22:18:59"
Q15,91,0.9969185439390534,degraded,2026-07-10T16:56:01.362011+00:00,"Run - Jul 10, 2026 at 22:18:59"
Q16,91,0.9968708019390533,degraded,2026-07-10T16:56:01.371007+00:00,"Run - Jul 10, 2026 at 22:18:59"
Q17,91,0.9968230599390534,degraded,2026-07-10T16:56:01.383007+00:00,"Run - Jul 10, 2026 at 22:18:59"
Q18,91,0.9967753179390535,degraded,2026-07-10T16:56:01.394207+00:00,"Run - Jul 10, 2026 at 22:18:59"
Q19,91,0.9967275759390535,degraded,2026-07-10T16:56:01.404216+00:00,"Run - Jul 10, 2026 at 22:18:59"
Q20,91,0.9966798339390535,degraded,2026-07-10T16:56:01.415215+00:00,"Run - Jul 10, 2026 at 22:18:59"
Q21,91,0.9966320919390534,degraded,2026-07-10T16:56:01.424215+00:00,"Run - Jul 10, 2026 at 22:18:59"
Q22,91,0.9965843499390534,degraded,2026-07-10T16:56:01.434226+00:00,"Run - Jul 10, 2026 at 22:18:59"
Q23,91,0.9965366079390534,degraded,2026-07-10T16:56:01.446282+00:00,"Run - Jul 10, 2026 at 22:18:59"
Q24,91,0.9964888659390534,degraded,2026-07-10T16:56:01.455931+00:00,"Run - Jul 10, 2026 at 22:18:59"
Q0,92,0.9976324653086202,degraded,2026-07-10T16:56:07.586212+00:00,"Run - Jul 10, 2026 at 22:18:59"
Q1,92,0.9975845613086202,degraded,2026-07-10T16:56:07.600211+00:00,"Run - Jul 10, 2026 at 22:18:59"
Q2,92,0.9975366573086202,degraded,2026-07-10T16:56:07.615209+00:00,"Run - Jul 10, 2026 at 22:18:59"
Q3,92,0.9974887533086201,degraded,2026-07-10T16:56:07.629262+00:00,"Run - Jul 10, 2026 at 22:18:59"
Q4,92,0.9974408493086201,degraded,2026-07-10T16:56:07.644276+00:00,"Run - Jul 10, 2026 at 22:18:59"
Q5,92,0.9973929453086201,degraded,2026-07-10T16:56:07.659384+00:00,"Run - Jul 10, 2026 at 22:18:59"
Q6,92,0.9973450413086202,degraded,2026-07-10T16:56:07.673944+00:00,"Run - Jul 10, 2026 at 22:18:59"
Q7,92,0.9972971373086201,degraded,2026-07-10T16:56:07.688945+00:00,"Run - Jul 10, 2026 at 22:18:59"
Q8,92,0.9972492333086201,degraded,2026-07-10T16:56:07.729955+00:00,"Run - Jul 10, 2026 at 22:18:59"
Q9,92,0.9972013293086202,degraded,2026-07-10T16:56:07.744199+00:00,"Run - Jul 10, 2026 at 22:18:59"
Q10,92,0.9971534253086201,degraded,2026-07-10T16:56:07.757942+00:00,"Run - Jul 10, 2026 at 22:18:59"
Q11,92,0.9971055213086202,degraded,2026-07-10T16:56:07.772475+00:00,"Run - Jul 10, 2026 at 22:18:59"
Q12,92,0.9970576173086202,degraded,2026-07-10T16:56:07.786496+00:00,"Run - Jul 10, 2026 at 22:18:59"
Q13,92,0.9970097133086202,degraded,2026-07-10T16:56:07.802469+00:00,"Run - Jul 10, 2026 at 22:18:59"
Q14,92,0.9969618093086201,degraded,2026-07-10T16:56:07.816471+00:00,"Run - Jul 10, 2026 at 22:18:59"
Q15,92,0.99691390530862,degraded,2026-07-10T16:56:07.831473+00:00,"Run - Jul 10, 2026 at 22:18:59"
Q16,92,0.9968660013086201,degraded,2026-07-10T16:56:07.846527+00:00,"Run - Jul 10, 2026 at 22:18:59"
Q17,92,0.9968180973086201,degraded,2026-07-10T16:56:07.860532+00:00,"Run - Jul 10, 2026 at 22:18:59"
Q18,92,0.9967701933086202,degraded,2026-07-10T16:56:07.873051+00:00,"Run - Jul 10, 2026 at 22:18:59"
Q19,92,0.9967222893086202,degraded,2026-07-10T16:56:07.887064+00:00,"Run - Jul 10, 2026 at 22:18:59"
Q20,92,0.9966743853086202,degraded,2026-07-10T16:56:07.903071+00:00,"Run - Jul 10, 2026 at 22:18:59"
Q21,92,0.9966264813086201,degraded,2026-07-10T16:56:07.918069+00:00,"Run - Jul 10, 2026 at 22:18:59"
Q22,92,0.9965785773086202,degraded,2026-07-10T16:56:07.932169+00:00,"Run - Jul 10, 2026 at 22:18:59"
Q23,92,0.9965306733086202,degraded,2026-07-10T16:56:07.946969+00:00,"Run - Jul 10, 2026 at 22:18:59"
Q24,92,0.9964827693086202,degraded,2026-07-10T16:56:07.962375+00:00,"Run - Jul 10, 2026 at 22:18:59"
Q0,93,0.9976303902997531,degraded,2026-07-10T16:56:14.527679+00:00,"Run - Jul 10, 2026 at 22:18:59"
Q1,93,0.997582324299753,degraded,2026-07-10T16:56:14.541680+00:00,"Run - Jul 10, 2026 at 22:18:59"
Q2,93,0.9975342582997531,degraded,2026-07-10T16:56:14.557690+00:00,"Run - Jul 10, 2026 at 22:18:59"
Q3,93,0.9974861922997531,degraded,2026-07-10T16:56:14.573215+00:00,"Run - Jul 10, 2026 at 22:18:59"
Q4,93,0.997438126299753,degraded,2026-07-10T16:56:14.589183+00:00,"Run - Jul 10, 2026 at 22:18:59"
Q5,93,0.997390060299753,degraded,2026-07-10T16:56:14.605023+00:00,"Run - Jul 10, 2026 at 22:18:59"
Q6,93,0.997341994299753,degraded,2026-07-10T16:56:14.619827+00:00,"Run - Jul 10, 2026 at 22:18:59"
Q7,93,0.9972939282997529,degraded,2026-07-10T16:56:14.634662+00:00,"Run - Jul 10, 2026 at 22:18:59"
Q8,93,0.9972458622997529,degraded,2026-07-10T16:56:14.652023+00:00,"Run - Jul 10, 2026 at 22:18:59"
Q9,93,0.9971977962997529,degraded,2026-07-10T16:56:14.668286+00:00,"Run - Jul 10, 2026 at 22:18:59"
Q10,93,0.997149730299753,degraded,2026-07-10T16:56:14.683801+00:00,"Run - Jul 10, 2026 at 22:18:59"
Q11,93,0.997101664299753,degraded,2026-07-10T16:56:14.700334+00:00,"Run - Jul 10, 2026 at 22:18:59"
Q12,93,0.997053598299753,degraded,2026-07-10T16:56:14.715793+00:00,"Run - Jul 10, 2026 at 22:18:59"
Q13,93,0.9970055322997531,degraded,2026-07-10T16:56:14.731811+00:00,"Run - Jul 10, 2026 at 22:18:59"
Q14,93,0.9969574662997531,degraded,2026-07-10T16:56:14.746328+00:00,"Run - Jul 10, 2026 at 22:18:59"
Q15,93,0.9969094002997531,degraded,2026-07-10T16:56:14.763861+00:00,"Run - Jul 10, 2026 at 22:18:59"
Q16,93,0.996861334299753,degraded,2026-07-10T16:56:14.779373+00:00,"Run - Jul 10, 2026 at 22:18:59"
Q17,93,0.996813268299753,degraded,2026-07-10T16:56:14.794372+00:00,"Run - Jul 10, 2026 at 22:18:59"
Q18,93,0.9967652022997531,degraded,2026-07-10T16:56:14.809375+00:00,"Run - Jul 10, 2026 at 22:18:59"
Q19,93,0.996717136299753,degraded,2026-07-10T16:56:14.824574+00:00,"Run - Jul 10, 2026 at 22:18:59"
Q20,93,0.9966690702997529,degraded,2026-07-10T16:56:14.839572+00:00,"Run - Jul 10, 2026 at 22:18:59"
Q21,93,0.996621004299753,degraded,2026-07-10T16:56:14.870586+00:00,"Run - Jul 10, 2026 at 22:18:59"
Q22,93,0.996572938299753,degraded,2026-07-10T16:56:14.912405+00:00,"Run - Jul 10, 2026 at 22:18:59"
Q23,93,0.996524872299753,degraded,2026-07-10T16:56:14.928408+00:00,"Run - Jul 10, 2026 at 22:18:59"
Q24,93,0.9964768062997529,degraded,2026-07-10T16:56:14.943233+00:00,"Run - Jul 10, 2026 at 22:18:59"
Q0,94,0.9976283904974664,degraded,2026-07-10T16:56:21.253679+00:00,"Run - Jul 10, 2026 at 22:18:59"
Q1,94,0.9975801624974664,degraded,2026-07-10T16:56:21.272997+00:00,"Run - Jul 10, 2026 at 22:18:59"
Q2,94,0.9975319344974665,degraded,2026-07-10T16:56:21.288876+00:00,"Run - Jul 10, 2026 at 22:18:59"
Q3,94,0.9974837064974664,degraded,2026-07-10T16:56:21.302879+00:00,"Run - Jul 10, 2026 at 22:18:59"
Q4,94,0.9974354784974664,degraded,2026-07-10T16:56:21.318878+00:00,"Run - Jul 10, 2026 at 22:18:59"
Q5,94,0.9973872504974665,degraded,2026-07-10T16:56:21.331877+00:00,"Run - Jul 10, 2026 at 22:18:59"
Q6,94,0.9973390224974665,degraded,2026-07-10T16:56:21.347879+00:00,"Run - Jul 10, 2026 at 22:18:59"
Q7,94,0.9972907944974664,degraded,2026-07-10T16:56:21.361892+00:00,"Run - Jul 10, 2026 at 22:18:59"
Q8,94,0.9972425664974665,degraded,2026-07-10T16:56:21.376434+00:00,"Run - Jul 10, 2026 at 22:18:59"
Q9,94,0.9971943384974664,degraded,2026-07-10T16:56:21.391432+00:00,"Run - Jul 10, 2026 at 22:18:59"
Q10,94,0.9971461104974664,degraded,2026-07-10T16:56:21.408051+00:00,"Run - Jul 10, 2026 at 22:18:59"
Q11,94,0.9970978824974663,degraded,2026-07-10T16:56:21.422048+00:00,"Run - Jul 10, 2026 at 22:18:59"
Q12,94,0.9970496544974664,degraded,2026-07-10T16:56:21.436048+00:00,"Run - Jul 10, 2026 at 22:18:59"
Q13,94,0.9970014264974665,degraded,2026-07-10T16:56:21.449050+00:00,"Run - Jul 10, 2026 at 22:18:59"
Q14,94,0.9969531984974664,degraded,2026-07-10T16:56:21.463056+00:00,"Run - Jul 10, 2026 at 22:18:59"
Q15,94,0.9969049704974663,degraded,2026-07-10T16:56:21.477584+00:00,"Run - Jul 10, 2026 at 22:18:59"
Q16,94,0.9968567424974664,degraded,2026-07-10T16:56:21.501007+00:00,"Run - Jul 10, 2026 at 22:18:59"
Q17,94,0.9968085144974663,degraded,2026-07-10T16:56:21.514342+00:00,"Run - Jul 10, 2026 at 22:18:59"
Q18,94,0.9967602864974663,degraded,2026-07-10T16:56:21.528341+00:00,"Run - Jul 10, 2026 at 22:18:59"
Q19,94,0.9967120584974664,degraded,2026-07-10T16:56:21.541339+00:00,"Run - Jul 10, 2026 at 22:18:59"
Q20,94,0.9966638304974664,degraded,2026-07-10T16:56:21.554339+00:00,"Run - Jul 10, 2026 at 22:18:59"
Q21,94,0.9966156024974664,degraded,2026-07-10T16:56:21.569349+00:00,"Run - Jul 10, 2026 at 22:18:59"
Q22,94,0.9965673744974664,degraded,2026-07-10T16:56:21.584109+00:00,"Run - Jul 10, 2026 at 22:18:59"
Q23,94,0.9965191464974663,degraded,2026-07-10T16:56:21.597668+00:00,"Run - Jul 10, 2026 at 22:18:59"
Q24,94,0.9964709184974664,degraded,2026-07-10T16:56:21.612297+00:00,"Run - Jul 10, 2026 at 22:18:59"
Q0,95,0.997617388142471,degraded,2026-07-10T16:56:27.727967+00:00,"Run - Jul 10, 2026 at 22:18:59"
Q1,95,0.9975689981424711,degraded,2026-07-10T16:56:27.742480+00:00,"Run - Jul 10, 2026 at 22:18:59"
Q2,95,0.997520608142471,degraded,2026-07-10T16:56:27.756830+00:00,"Run - Jul 10, 2026 at 22:18:59"
Q3,95,0.997472218142471,degraded,2026-07-10T16:56:27.770754+00:00,"Run - Jul 10, 2026 at 22:18:59"
Q4,95,0.997423828142471,degraded,2026-07-10T16:56:27.785393+00:00,"Run - Jul 10, 2026 at 22:18:59"
Q5,95,0.9973754381424711,degraded,2026-07-10T16:56:27.799394+00:00,"Run - Jul 10, 2026 at 22:18:59"
Q6,95,0.9973270481424712,degraded,2026-07-10T16:56:27.814398+00:00,"Run - Jul 10, 2026 at 22:18:59"
Q7,95,0.9972786581424711,degraded,2026-07-10T16:56:27.843395+00:00,"Run - Jul 10, 2026 at 22:18:59"
Q8,95,0.997230268142471,degraded,2026-07-10T16:56:27.857396+00:00,"Run - Jul 10, 2026 at 22:18:59"
Q9,95,0.9971818781424711,degraded,2026-07-10T16:56:27.873405+00:00,"Run - Jul 10, 2026 at 22:18:59"
Q10,95,0.997133488142471,degraded,2026-07-10T16:56:27.906939+00:00,"Run - Jul 10, 2026 at 22:18:59"
Q11,95,0.997085098142471,degraded,2026-07-10T16:56:27.921682+00:00,"Run - Jul 10, 2026 at 22:18:59"
Q12,95,0.9970367081424711,degraded,2026-07-10T16:56:27.935681+00:00,"Run - Jul 10, 2026 at 22:18:59"
Q13,95,0.9969883181424711,degraded,2026-07-10T16:56:27.949683+00:00,"Run - Jul 10, 2026 at 22:18:59"
Q14,95,0.996939928142471,degraded,2026-07-10T16:56:27.964684+00:00,"Run - Jul 10, 2026 at 22:18:59"
Q15,95,0.996891538142471,degraded,2026-07-10T16:56:27.979150+00:00,"Run - Jul 10, 2026 at 22:18:59"
Q16,95,0.996843148142471,degraded,2026-07-10T16:56:27.993364+00:00,"Run - Jul 10, 2026 at 22:18:59"
Q17,95,0.996794758142471,degraded,2026-07-10T16:56:28.008615+00:00,"Run - Jul 10, 2026 at 22:18:59"
Q18,95,0.9967463681424711,degraded,2026-07-10T16:56:28.024615+00:00,"Run - Jul 10, 2026 at 22:18:59"
Q19,95,0.9966979781424711,degraded,2026-07-10T16:56:28.039608+00:00,"Run - Jul 10, 2026 at 22:18:59"
Q20,95,0.9966495881424711,degraded,2026-07-10T16:56:28.054611+00:00,"Run - Jul 10, 2026 at 22:18:59"
Q21,95,0.9966011981424711,degraded,2026-07-10T16:56:28.068621+00:00,"Run - Jul 10, 2026 at 22:18:59"
Q22,95,0.996552808142471,degraded,2026-07-10T16:56:28.084133+00:00,"Run - Jul 10, 2026 at 22:18:59"
Q23,95,0.996504418142471,degraded,2026-07-10T16:56:28.099135+00:00,"Run - Jul 10, 2026 at 22:18:59"
Q24,95,0.996456028142471,degraded,2026-07-10T16:56:28.114139+00:00,"Run - Jul 10, 2026 at 22:18:59"
Q0,96,0.9976034584726935,degraded,2026-07-10T16:56:33.633827+00:00,"Run - Jul 10, 2026 at 22:18:59"
Q1,96,0.9975549064726936,degraded,2026-07-10T16:56:33.649357+00:00,"Run - Jul 10, 2026 at 22:18:59"
Q2,96,0.9975063544726936,degraded,2026-07-10T16:56:33.663980+00:00,"Run - Jul 10, 2026 at 22:18:59"
Q3,96,0.9974578024726936,degraded,2026-07-10T16:56:33.678994+00:00,"Run - Jul 10, 2026 at 22:18:59"
Q4,96,0.9974092504726935,degraded,2026-07-10T16:56:33.693515+00:00,"Run - Jul 10, 2026 at 22:18:59"
Q5,96,0.9973606984726936,degraded,2026-07-10T16:56:33.707516+00:00,"Run - Jul 10, 2026 at 22:18:59"
Q6,96,0.9973121464726937,degraded,2026-07-10T16:56:33.721515+00:00,"Run - Jul 10, 2026 at 22:18:59"
Q7,96,0.9972635944726935,degraded,2026-07-10T16:56:33.735525+00:00,"Run - Jul 10, 2026 at 22:18:59"
Q8,96,0.9972150424726935,degraded,2026-07-10T16:56:33.751239+00:00,"Run - Jul 10, 2026 at 22:18:59"
Q9,96,0.9971664904726936,degraded,2026-07-10T16:56:33.766111+00:00,"Run - Jul 10, 2026 at 22:18:59"
Q10,96,0.9971179384726936,degraded,2026-07-10T16:56:33.781121+00:00,"Run - Jul 10, 2026 at 22:18:59"
Q11,96,0.9970693864726936,degraded,2026-07-10T16:56:33.795654+00:00,"Run - Jul 10, 2026 at 22:18:59"
Q12,96,0.9970208344726935,degraded,2026-07-10T16:56:33.809642+00:00,"Run - Jul 10, 2026 at 22:18:59"
Q13,96,0.9969722824726936,degraded,2026-07-10T16:56:33.824641+00:00,"Run - Jul 10, 2026 at 22:18:59"
Q14,96,0.9969237304726937,degraded,2026-07-10T16:56:33.840646+00:00,"Run - Jul 10, 2026 at 22:18:59"
Q15,96,0.9968751784726936,degraded,2026-07-10T16:56:33.855927+00:00,"Run - Jul 10, 2026 at 22:18:59"
Q16,96,0.9968266264726935,degraded,2026-07-10T16:56:33.870924+00:00,"Run - Jul 10, 2026 at 22:18:59"
Q17,96,0.9967780744726935,degraded,2026-07-10T16:56:33.884934+00:00,"Run - Jul 10, 2026 at 22:18:59"
Q18,96,0.9967295224726936,degraded,2026-07-10T16:56:33.902159+00:00,"Run - Jul 10, 2026 at 22:18:59"
Q19,96,0.9966809704726936,degraded,2026-07-10T16:56:33.917174+00:00,"Run - Jul 10, 2026 at 22:18:59"
Q20,96,0.9966324184726936,degraded,2026-07-10T16:56:33.931842+00:00,"Run - Jul 10, 2026 at 22:18:59"
Q21,96,0.9965838664726936,degraded,2026-07-10T16:56:33.946840+00:00,"Run - Jul 10, 2026 at 22:18:59"
Q22,96,0.9965353144726936,degraded,2026-07-10T16:56:33.963368+00:00,"Run - Jul 10, 2026 at 22:18:59"
Q23,96,0.9964867624726936,degraded,2026-07-10T16:56:33.978382+00:00,"Run - Jul 10, 2026 at 22:18:59"
Q24,96,0.9964382104726934,degraded,2026-07-10T16:56:33.994407+00:00,"Run - Jul 10, 2026 at 22:18:59"
Q0,97,0.9975896337820396,degraded,2026-07-10T16:56:41.193241+00:00,"Run - Jul 10, 2026 at 22:18:59"
Q1,97,0.9975409197820395,degraded,2026-07-10T16:56:41.209805+00:00,"Run - Jul 10, 2026 at 22:18:59"
Q2,97,0.9974922057820395,degraded,2026-07-10T16:56:41.224814+00:00,"Run - Jul 10, 2026 at 22:18:59"
Q3,97,0.9974434917820395,degraded,2026-07-10T16:56:41.239339+00:00,"Run - Jul 10, 2026 at 22:18:59"
Q4,97,0.9973947777820396,degraded,2026-07-10T16:56:41.278356+00:00,"Run - Jul 10, 2026 at 22:18:59"
Q5,97,0.9973460637820395,degraded,2026-07-10T16:56:41.292352+00:00,"Run - Jul 10, 2026 at 22:18:59"
Q6,97,0.9972973497820395,degraded,2026-07-10T16:56:41.305442+00:00,"Run - Jul 10, 2026 at 22:18:59"
Q7,97,0.9972486357820396,degraded,2026-07-10T16:56:41.317595+00:00,"Run - Jul 10, 2026 at 22:18:59"
Q8,97,0.9971999217820395,degraded,2026-07-10T16:56:41.330595+00:00,"Run - Jul 10, 2026 at 22:18:59"
Q9,97,0.9971512077820395,degraded,2026-07-10T16:56:41.343602+00:00,"Run - Jul 10, 2026 at 22:18:59"
Q10,97,0.9971024937820395,degraded,2026-07-10T16:56:41.358598+00:00,"Run - Jul 10, 2026 at 22:18:59"
Q11,97,0.9970537797820395,degraded,2026-07-10T16:56:41.373599+00:00,"Run - Jul 10, 2026 at 22:18:59"
Q12,97,0.9970050657820395,degraded,2026-07-10T16:56:41.388349+00:00,"Run - Jul 10, 2026 at 22:18:59"
Q13,97,0.9969563517820395,degraded,2026-07-10T16:56:41.400871+00:00,"Run - Jul 10, 2026 at 22:18:59"
Q14,97,0.9969076377820395,degraded,2026-07-10T16:56:41.417219+00:00,"Run - Jul 10, 2026 at 22:18:59"
Q15,97,0.9968589237820396,degraded,2026-07-10T16:56:41.431548+00:00,"Run - Jul 10, 2026 at 22:18:59"
Q16,97,0.9968102097820395,degraded,2026-07-10T16:56:41.446472+00:00,"Run - Jul 10, 2026 at 22:18:59"
Q17,97,0.9967614957820394,degraded,2026-07-10T16:56:41.460475+00:00,"Run - Jul 10, 2026 at 22:18:59"
Q18,97,0.9967127817820396,degraded,2026-07-10T16:56:41.473471+00:00,"Run - Jul 10, 2026 at 22:18:59"
Q19,97,0.9966640677820395,degraded,2026-07-10T16:56:41.489483+00:00,"Run - Jul 10, 2026 at 22:18:59"
Q20,97,0.9966153537820395,degraded,2026-07-10T16:56:41.504575+00:00,"Run - Jul 10, 2026 at 22:18:59"
Q21,97,0.9965666397820396,degraded,2026-07-10T16:56:41.518573+00:00,"Run - Jul 10, 2026 at 22:18:59"
Q22,97,0.9965179257820395,degraded,2026-07-10T16:56:41.533161+00:00,"Run - Jul 10, 2026 at 22:18:59"
Q23,97,0.9964692117820395,degraded,2026-07-10T16:56:41.548630+00:00,"Run - Jul 10, 2026 at 22:18:59"
Q24,97,0.9964204977820397,degraded,2026-07-10T16:56:41.588641+00:00,"Run - Jul 10, 2026 at 22:18:59"
Q0,98,0.9975759703504673,degraded,2026-07-10T16:56:48.070929+00:00,"Run - Jul 10, 2026 at 22:18:59"
Q1,98,0.9975270943504673,degraded,2026-07-10T16:56:48.087936+00:00,"Run - Jul 10, 2026 at 22:18:59"
Q2,98,0.9974782183504672,degraded,2026-07-10T16:56:48.104211+00:00,"Run - Jul 10, 2026 at 22:18:59"
Q3,98,0.9974293423504672,degraded,2026-07-10T16:56:48.121211+00:00,"Run - Jul 10, 2026 at 22:18:59"
Q4,98,0.9973804663504673,degraded,2026-07-10T16:56:48.138208+00:00,"Run - Jul 10, 2026 at 22:18:59"
Q5,98,0.9973315903504673,degraded,2026-07-10T16:56:48.155206+00:00,"Run - Jul 10, 2026 at 22:18:59"
Q6,98,0.9972827143504672,degraded,2026-07-10T16:56:48.171207+00:00,"Run - Jul 10, 2026 at 22:18:59"
Q7,98,0.9972338383504673,degraded,2026-07-10T16:56:48.188221+00:00,"Run - Jul 10, 2026 at 22:18:59"
Q8,98,0.9971849623504672,degraded,2026-07-10T16:56:48.204287+00:00,"Run - Jul 10, 2026 at 22:18:59"
Q9,98,0.9971360863504672,degraded,2026-07-10T16:56:48.220289+00:00,"Run - Jul 10, 2026 at 22:18:59"
Q10,98,0.9970872103504672,degraded,2026-07-10T16:56:48.239287+00:00,"Run - Jul 10, 2026 at 22:18:59"
Q11,98,0.9970383343504673,degraded,2026-07-10T16:56:48.280457+00:00,"Run - Jul 10, 2026 at 22:18:59"
Q12,98,0.9969894583504672,degraded,2026-07-10T16:56:48.299076+00:00,"Run - Jul 10, 2026 at 22:18:59"
Q13,98,0.9969405823504673,degraded,2026-07-10T16:56:48.315092+00:00,"Run - Jul 10, 2026 at 22:18:59"
Q14,98,0.9968917063504672,degraded,2026-07-10T16:56:48.332295+00:00,"Run - Jul 10, 2026 at 22:18:59"
Q15,98,0.9968428303504673,degraded,2026-07-10T16:56:48.348308+00:00,"Run - Jul 10, 2026 at 22:18:59"
Q16,98,0.9967939543504672,degraded,2026-07-10T16:56:48.363468+00:00,"Run - Jul 10, 2026 at 22:18:59"
Q17,98,0.9967450783504672,degraded,2026-07-10T16:56:48.380122+00:00,"Run - Jul 10, 2026 at 22:18:59"
Q18,98,0.9966962023504673,degraded,2026-07-10T16:56:48.396132+00:00,"Run - Jul 10, 2026 at 22:18:59"
Q19,98,0.9966473263504672,degraded,2026-07-10T16:56:48.412270+00:00,"Run - Jul 10, 2026 at 22:18:59"
Q20,98,0.9965984503504673,degraded,2026-07-10T16:56:48.452268+00:00,"Run - Jul 10, 2026 at 22:18:59"
Q21,98,0.9965495743504672,degraded,2026-07-10T16:56:48.484267+00:00,"Run - Jul 10, 2026 at 22:18:59"
Q22,98,0.9965006983504673,degraded,2026-07-10T16:56:48.501347+00:00,"Run - Jul 10, 2026 at 22:18:59"
Q23,98,0.9964518223504673,degraded,2026-07-10T16:56:48.517450+00:00,"Run - Jul 10, 2026 at 22:18:59"
Q24,98,0.9964029463504673,degraded,2026-07-10T16:56:48.533798+00:00,"Run - Jul 10, 2026 at 22:18:59"
Q0,99,0.997562525683229,degraded,2026-07-10T16:56:55.400503+00:00,"Run - Jul 10, 2026 at 22:18:59"
Q1,99,0.997513487683229,degraded,2026-07-10T16:56:55.416023+00:00,"Run - Jul 10, 2026 at 22:18:59"
Q2,99,0.997464449683229,degraded,2026-07-10T16:56:55.432800+00:00,"Run - Jul 10, 2026 at 22:18:59"
Q3,99,0.997415411683229,degraded,2026-07-10T16:56:55.448812+00:00,"Run - Jul 10, 2026 at 22:18:59"
Q4,99,0.997366373683229,degraded,2026-07-10T16:56:55.464805+00:00,"Run - Jul 10, 2026 at 22:18:59"
Q5,99,0.997317335683229,degraded,2026-07-10T16:56:55.482799+00:00,"Run - Jul 10, 2026 at 22:18:59"
Q6,99,0.997268297683229,degraded,2026-07-10T16:56:55.510648+00:00,"Run - Jul 10, 2026 at 22:18:59"
Q7,99,0.997219259683229,degraded,2026-07-10T16:56:55.527654+00:00,"Run - Jul 10, 2026 at 22:18:59"
Q8,99,0.997170221683229,degraded,2026-07-10T16:56:55.562660+00:00,"Run - Jul 10, 2026 at 22:18:59"
Q9,99,0.997121183683229,degraded,2026-07-10T16:56:55.594154+00:00,"Run - Jul 10, 2026 at 22:18:59"
Q10,99,0.997072145683229,degraded,2026-07-10T16:56:55.612053+00:00,"Run - Jul 10, 2026 at 22:18:59"
Q11,99,0.9970231076832291,degraded,2026-07-10T16:56:55.639053+00:00,"Run - Jul 10, 2026 at 22:18:59"
Q12,99,0.996974069683229,degraded,2026-07-10T16:56:55.671285+00:00,"Run - Jul 10, 2026 at 22:18:59"
Q13,99,0.9969250316832291,degraded,2026-07-10T16:56:55.687283+00:00,"Run - Jul 10, 2026 at 22:18:59"
Q14,99,0.996875993683229,degraded,2026-07-10T16:56:55.704297+00:00,"Run - Jul 10, 2026 at 22:18:59"
Q15,99,0.996826955683229,degraded,2026-07-10T16:56:55.722799+00:00,"Run - Jul 10, 2026 at 22:18:59"
Q16,99,0.996777917683229,degraded,2026-07-10T16:56:55.738951+00:00,"Run - Jul 10, 2026 at 22:18:59"
Q17,99,0.996728879683229,degraded,2026-07-10T16:56:55.755390+00:00,"Run - Jul 10, 2026 at 22:18:59"
Q18,99,0.996679841683229,degraded,2026-07-10T16:56:55.773165+00:00,"Run - Jul 10, 2026 at 22:18:59"
Q19,99,0.996630803683229,degraded,2026-07-10T16:56:55.790512+00:00,"Run - Jul 10, 2026 at 22:18:59"
Q20,99,0.996581765683229,degraded,2026-07-10T16:56:55.806439+00:00,"Run - Jul 10, 2026 at 22:18:59"
Q21,99,0.996532727683229,degraded,2026-07-10T16:56:55.822785+00:00,"Run - Jul 10, 2026 at 22:18:59"
Q22,99,0.996483689683229,degraded,2026-07-10T16:56:55.837471+00:00,"Run - Jul 10, 2026 at 22:18:59"
Q23,99,0.996434651683229,degraded,2026-07-10T16:56:55.852477+00:00,"Run - Jul 10, 2026 at 22:18:59"
Q24,99,0.996385613683229,degraded,2026-07-10T16:56:55.866476+00:00,"Run - Jul 10, 2026 at 22:18:59"
Q0,100,0.9975493558384485,degraded,2026-07-10T16:57:02.564954+00:00,"Run - Jul 10, 2026 at 22:18:59"
Q1,100,0.9975001558384486,degraded,2026-07-10T16:57:02.580966+00:00,"Run - Jul 10, 2026 at 22:18:59"
Q2,100,0.9974509558384484,degraded,2026-07-10T16:57:02.596907+00:00,"Run - Jul 10, 2026 at 22:18:59"
Q3,100,0.9974017558384487,degraded,2026-07-10T16:57:02.613426+00:00,"Run - Jul 10, 2026 at 22:18:59"
Q4,100,0.9973525558384486,degraded,2026-07-10T16:57:02.630436+00:00,"Run - Jul 10, 2026 at 22:18:59"
Q5,100,0.9973033558384485,degraded,2026-07-10T16:57:02.667349+00:00,"Run - Jul 10, 2026 at 22:18:59"
Q6,100,0.9972541558384485,degraded,2026-07-10T16:57:02.684360+00:00,"Run - Jul 10, 2026 at 22:18:59"
Q7,100,0.9972049558384486,degraded,2026-07-10T16:57:02.700359+00:00,"Run - Jul 10, 2026 at 22:18:59"
Q8,100,0.9971557558384485,degraded,2026-07-10T16:57:02.716875+00:00,"Run - Jul 10, 2026 at 22:18:59"
Q9,100,0.9971065558384485,degraded,2026-07-10T16:57:02.732890+00:00,"Run - Jul 10, 2026 at 22:18:59"
Q10,100,0.9970573558384486,degraded,2026-07-10T16:57:02.747713+00:00,"Run - Jul 10, 2026 at 22:18:59"
Q11,100,0.9970081558384485,degraded,2026-07-10T16:57:02.762333+00:00,"Run - Jul 10, 2026 at 22:18:59"
Q12,100,0.9969589558384486,degraded,2026-07-10T16:57:02.776792+00:00,"Run - Jul 10, 2026 at 22:18:59"
Q13,100,0.9969097558384485,degraded,2026-07-10T16:57:02.792791+00:00,"Run - Jul 10, 2026 at 22:18:59"
Q14,100,0.9968605558384485,degraded,2026-07-10T16:57:02.807801+00:00,"Run - Jul 10, 2026 at 22:18:59"
Q15,100,0.9968113558384486,degraded,2026-07-10T16:57:02.823322+00:00,"Run - Jul 10, 2026 at 22:18:59"
Q16,100,0.9967621558384485,degraded,2026-07-10T16:57:02.854322+00:00,"Run - Jul 10, 2026 at 22:18:59"
Q17,100,0.9967129558384484,degraded,2026-07-10T16:57:02.887934+00:00,"Run - Jul 10, 2026 at 22:18:59"
Q18,100,0.9966637558384486,degraded,2026-07-10T16:57:02.905941+00:00,"Run - Jul 10, 2026 at 22:18:59"
Q19,100,0.9966145558384486,degraded,2026-07-10T16:57:02.923843+00:00,"Run - Jul 10, 2026 at 22:18:59"
Q20,100,0.9965653558384485,degraded,2026-07-10T16:57:02.939867+00:00,"Run - Jul 10, 2026 at 22:18:59"
Q21,100,0.9965161558384485,degraded,2026-07-10T16:57:02.955767+00:00,"Run - Jul 10, 2026 at 22:18:59"
Q22,100,0.9964669558384486,degraded,2026-07-10T16:57:02.971278+00:00,"Run - Jul 10, 2026 at 22:18:59"
Q23,100,0.9964177558384486,degraded,2026-07-10T16:57:02.988279+00:00,"Run - Jul 10, 2026 at 22:18:59"
Q24,100,0.9963685558384485,degraded,2026-07-10T16:57:03.004322+00:00,"Run - Jul 10, 2026 at 22:18:59"
